2026-09-23T07:33:57+0900/hunyuan-rig/start 입력=/home/cbsim/ws/slime-workflow/.tmp/mannequin-reference-refinement/2026-09-23_07-33-20/sculpted-source.blend, /home/cbsim/ws/slime-workflow/.tmp/mannequin-reference-refinement/2026-09-23_07-33-20/inputs/mannequin-motion.npz 출력=/home/cbsim/ws/slime-workflow/.tmp/mannequin-reference-refinement/2026-09-23_07-33-20
2026-09-23T07:33:57+0900/hunyuan-rig/surface-partition head-shell-part
2026-09-23T07:33:57+0900/hunyuan-rig/preserved-surface head-shell-part: 5403
2026-09-23T07:33:57+0900/hunyuan-rig/surface-partition neck-shell-part
2026-09-23T07:33:57+0900/hunyuan-rig/preserved-surface neck-shell-part: 392
2026-09-23T07:33:57+0900/hunyuan-rig/surface-partition chest-shell-part
2026-09-23T07:33:57+0900/hunyuan-rig/preserved-surface chest-shell-part: 3075
2026-09-23T07:33:57+0900/hunyuan-rig/surface-partition abdomen-shell-part
2026-09-23T07:33:57+0900/hunyuan-rig/preserved-surface abdomen-shell-part: 1585
2026-09-23T07:33:57+0900/hunyuan-rig/surface-partition pelvis-shell-part
2026-09-23T07:33:57+0900/hunyuan-rig/preserved-surface pelvis-shell-part: 3048
2026-09-23T07:33:57+0900/hunyuan-rig/surface-partition left-upper-arm-shell
2026-09-23T07:33:57+0900/hunyuan-rig/preserved-surface left-upper-arm-shell: 783
2026-09-23T07:33:57+0900/hunyuan-rig/surface-partition left-forearm-shell
2026-09-23T07:33:57+0900/hunyuan-rig/preserved-surface left-forearm-shell: 1113
2026-09-23T07:33:57+0900/hunyuan-rig/surface-partition left-hand-shell
2026-09-23T07:33:57+0900/hunyuan-rig/preserved-surface left-hand-shell: 1246
2026-09-23T07:33:57+0900/hunyuan-rig/surface-partition left-thigh-shell
2026-09-23T07:33:57+0900/hunyuan-rig/preserved-surface left-thigh-shell: 4634
2026-09-23T07:33:58+0900/hunyuan-rig/surface-partition left-shin-shell
2026-09-23T07:33:58+0900/hunyuan-rig/preserved-surface left-shin-shell: 1620
2026-09-23T07:33:58+0900/hunyuan-rig/surface-partition left-foot-shell
2026-09-23T07:33:58+0900/hunyuan-rig/preserved-surface left-foot-shell: 1798
2026-09-23T07:33:58+0900/hunyuan-rig/surface-partition right-upper-arm-shell
2026-09-23T07:33:58+0900/hunyuan-rig/preserved-surface right-upper-arm-shell: 787
2026-09-23T07:33:58+0900/hunyuan-rig/surface-partition right-forearm-shell
2026-09-23T07:33:58+0900/hunyuan-rig/preserved-surface right-forearm-shell: 1123
2026-09-23T07:33:58+0900/hunyuan-rig/surface-partition right-hand-shell
2026-09-23T07:33:58+0900/hunyuan-rig/preserved-surface right-hand-shell: 1243
2026-09-23T07:33:58+0900/hunyuan-rig/surface-partition right-thigh-shell
2026-09-23T07:33:58+0900/hunyuan-rig/preserved-surface right-thigh-shell: 4634
2026-09-23T07:33:58+0900/hunyuan-rig/surface-partition right-shin-shell
2026-09-23T07:33:58+0900/hunyuan-rig/preserved-surface right-shin-shell: 1638
2026-09-23T07:33:58+0900/hunyuan-rig/surface-partition right-foot-shell
2026-09-23T07:33:59+0900/hunyuan-rig/preserved-surface right-foot-shell: 1775
2026-09-23T07:33:59+0900/hunyuan-rig/weights 구체는 단일 본, 외곽 연결부는 최대 두 본 혼합
2026-09-23T07:33:59+0900/hunyuan-rig/retarget-calibration {'joint-03': -13.383407631329897, 'joint-06': 21.32680780392674, 'joint-09': 34.31701910947553, 'joint-12': -47.75663822168655, 'joint-15': 5.472132353100661}
2026-09-23T07:34:00+0900/hunyuan-rig/rigid-socket-lock 고관절·쇄골 보조 본 고정 및 보행 골반 회전 적용
Info: Saved as "rigged-mannequin.blend"
INFO Draco mesh compression is available, use library at /home/cbsim/ws/slime-workflow/.local/blender-runtime/lib/python3.11/site-packages/bpy/4.5/scripts/addons_core/io_scene_gltf2/libextern_draco.so
07:34:00 | INFO: Starting glTF 2.0 export
07:34:00 | INFO: Extracting primitive: abdomen-shell-part-mesh
07:34:00 | INFO: Primitives created: 1
07:34:00 | INFO: Extracting primitive: chest-shell-part-mesh
07:34:00 | INFO: Primitives created: 1
07:34:00 | INFO: Extracting primitive: Sphere
07:34:00 | INFO: Primitives created: 1
07:34:00 | INFO: Extracting primitive: head-shell-part-mesh
07:34:00 | INFO: Primitives created: 5
07:34:00 | INFO: Extracting primitive: Sphere.006
07:34:00 | INFO: Primitives created: 1
07:34:00 | INFO: Extracting primitive: Sphere.002
07:34:00 | INFO: Primitives created: 1
07:34:00 | INFO: Extracting primitive: left-foot-shell-mesh
07:34:00 | INFO: Primitives created: 1
07:34:00 | INFO: Extracting primitive: left-forearm-shell-mesh
07:34:00 | INFO: Primitives created: 1
07:34:00 | INFO: Extracting primitive: left-hand-shell-mesh
07:34:00 | INFO: Primitives created: 1
07:34:00 | INFO: Extracting primitive: Sphere.004
07:34:00 | INFO: Primitives created: 1
07:34:00 | INFO: Extracting primitive: Sphere.005
07:34:00 | INFO: Primitives created: 1
07:34:00 | INFO: Extracting primitive: left-shin-shell-mesh
07:34:00 | INFO: Primitives created: 1
07:34:00 | INFO: Extracting primitive: Sphere.001
07:34:00 | INFO: Primitives created: 1
07:34:00 | INFO: Extracting primitive: left-thigh-shell-mesh
07:34:00 | INFO: Primitives created: 1
07:34:00 | INFO: Extracting primitive: left-upper-arm-shell-mesh
07:34:00 | INFO: Primitives created: 1
07:34:00 | INFO: Extracting primitive: Sphere.003
07:34:00 | INFO: Primitives created: 1
07:34:00 | INFO: Extracting primitive: neck-shell-part-mesh
07:34:00 | INFO: Primitives created: 1
07:34:00 | INFO: Extracting primitive: pelvis-shell-part-mesh
07:34:00 | INFO: Primitives created: 1
07:34:00 | INFO: Extracting primitive: Sphere.012
07:34:00 | INFO: Primitives created: 1
07:34:00 | INFO: Extracting primitive: Sphere.008
07:34:00 | INFO: Primitives created: 1
07:34:00 | INFO: Extracting primitive: right-foot-shell-mesh
07:34:00 | INFO: Primitives created: 1
07:34:00 | INFO: Extracting primitive: right-forearm-shell-mesh
07:34:00 | INFO: Primitives created: 1
07:34:00 | INFO: Extracting primitive: right-hand-shell-mesh
07:34:00 | INFO: Primitives created: 1
07:34:00 | INFO: Extracting primitive: Sphere.010
07:34:00 | INFO: Primitives created: 1
07:34:00 | INFO: Extracting primitive: Sphere.011
07:34:00 | INFO: Primitives created: 1
07:34:00 | INFO: Extracting primitive: right-shin-shell-mesh
07:34:00 | INFO: Primitives created: 1
07:34:00 | INFO: Extracting primitive: Sphere.007
07:34:00 | INFO: Primitives created: 1
07:34:00 | INFO: Extracting primitive: right-thigh-shell-mesh
07:34:00 | INFO: Primitives created: 1
07:34:00 | INFO: Extracting primitive: right-upper-arm-shell-mesh
07:34:00 | INFO: Primitives created: 1
07:34:00 | INFO: Extracting primitive: Sphere.009
07:34:00 | INFO: Primitives created: 1
07:34:00 | INFO: Finished glTF 2.0 export in 0.25998663902282715 s
Read blend: "/home/cbsim/ws/slime-workflow/.tmp/mannequin-reference-refinement/2026-09-23_07-33-20/sculpted-source.blend"
Fra:1 Mem:36.15M (Peak 36.15M) | Time:00:00.09 | Mem:0.00M, Peak:0.00M | Scene, ViewLayer | Synchronizing object | key
Fra:1 Mem:36.16M (Peak 36.16M) | Time:00:00.09 | Mem:0.00M, Peak:0.00M | Scene, ViewLayer | Synchronizing object | head-shell-part
Fra:1 Mem:36.16M (Peak 36.16M) | Time:00:00.09 | Mem:0.00M, Peak:0.00M | Scene, ViewLayer | Synchronizing object | neck-shell-part
Fra:1 Mem:36.16M (Peak 36.16M) | Time:00:00.09 | Mem:0.00M, Peak:0.00M | Scene, ViewLayer | Synchronizing object | head-pivot-ball
Fra:1 Mem:38.26M (Peak 38.26M) | Time:00:00.09 | Mem:0.00M, Peak:0.00M | Scene, ViewLayer | Synchronizing object | left-upper-arm-shell
Fra:1 Mem:38.27M (Peak 38.27M) | Time:00:00.09 | Mem:0.00M, Peak:0.00M | Scene, ViewLayer | Synchronizing object | left-foot-shell
Fra:1 Mem:38.29M (Peak 38.29M) | Time:00:00.09 | Mem:0.00M, Peak:0.00M | Scene, ViewLayer | Synchronizing object | right-knee-ball
Fra:1 Mem:38.30M (Peak 38.30M) | Time:00:00.09 | Mem:0.00M, Peak:0.00M | Scene, ViewLayer | Synchronizing object | left-wrist-ball
Fra:1 Mem:38.35M (Peak 38.35M) | Time:00:00.09 | Mem:0.00M, Peak:0.00M | Scene, ViewLayer | Synchronizing object | left-hip-ball
Fra:1 Mem:38.37M (Peak 38.37M) | Time:00:00.09 | Mem:0.00M, Peak:0.00M | Scene, ViewLayer | Synchronizing object | right-hand-shell
Fra:1 Mem:38.53M (Peak 38.53M) | Time:00:00.09 | Mem:0.00M, Peak:0.00M | Scene, ViewLayer | Synchronizing object | right-thigh-shell
Fra:1 Mem:38.69M (Peak 38.69M) | Time:00:00.09 | Mem:0.00M, Peak:0.00M | Scene, ViewLayer | Synchronizing object | right-shin-shell
Fra:1 Mem:38.83M (Peak 38.83M) | Time:00:00.09 | Mem:0.00M, Peak:0.00M | Scene, ViewLayer | Synchronizing object | right-foot-shell
Fra:1 Mem:40.61M (Peak 40.61M) | Time:00:00.09 | Mem:0.00M, Peak:0.00M | Scene, ViewLayer | Synchronizing object | right-shoulder-ball
Fra:1 Mem:41.25M (Peak 41.25M) | Time:00:00.09 | Mem:0.00M, Peak:0.00M | Scene, ViewLayer | Synchronizing object | right-elbow-ball
Fra:1 Mem:41.40M (Peak 41.40M) | Time:00:00.09 | Mem:0.00M, Peak:0.00M | Scene, ViewLayer | Synchronizing object | right-wrist-ball
Fra:1 Mem:41.66M (Peak 41.66M) | Time:00:00.09 | Mem:0.00M, Peak:0.00M | Scene, ViewLayer | Synchronizing object | right-hip-ball
Fra:1 Mem:46.37M (Peak 47.86M) | Time:00:00.10 | Mem:0.00M, Peak:0.00M | Scene, ViewLayer | Initializing
Fra:1 Mem:38.95M (Peak 47.86M) | Time:00:00.10 | Mem:0.00M, Peak:0.00M | Scene, ViewLayer | Waiting for render to start
Fra:1 Mem:38.95M (Peak 47.86M) | Time:00:00.10 | Mem:0.00M, Peak:0.00M | Scene, ViewLayer | Updating Scene
Fra:1 Mem:38.95M (Peak 47.86M) | Time:00:00.10 | Mem:0.00M, Peak:0.00M | Scene, ViewLayer | Updating Shaders
Fra:1 Mem:38.95M (Peak 47.86M) | Time:00:00.10 | Mem:0.00M, Peak:0.00M | Scene, ViewLayer | Loading render kernels (may take a few minutes the first time)
Fra:1 Mem:39.03M (Peak 67.05M) | Time:00:00.16 | Mem:0.00M, Peak:0.00M | Scene, ViewLayer | Updating Procedurals
Fra:1 Mem:39.03M (Peak 67.05M) | Time:00:00.16 | Mem:0.00M, Peak:0.00M | Scene, ViewLayer | Updating Background
Fra:1 Mem:39.03M (Peak 67.05M) | Time:00:00.16 | Mem:0.00M, Peak:0.00M | Scene, ViewLayer | Updating Camera
Fra:1 Mem:39.03M (Peak 67.05M) | Time:00:00.16 | Mem:0.00M, Peak:0.00M | Scene, ViewLayer | Updating Meshes Flags
Fra:1 Mem:39.03M (Peak 67.05M) | Time:00:00.16 | Mem:0.00M, Peak:0.00M | Scene, ViewLayer | Updating Objects
Fra:1 Mem:39.03M (Peak 67.05M) | Time:00:00.16 | Mem:0.00M, Peak:0.00M | Scene, ViewLayer | Updating Objects | Copying Transformations to device
Fra:1 Mem:39.04M (Peak 67.05M) | Time:00:00.16 | Mem:0.01M, Peak:0.01M | Scene, ViewLayer | Updating Particle Systems
Fra:1 Mem:39.04M (Peak 67.05M) | Time:00:00.16 | Mem:0.01M, Peak:0.01M | Scene, ViewLayer | Updating Particle Systems | Copying Particles to device
Fra:1 Mem:39.04M (Peak 67.05M) | Time:00:00.16 | Mem:0.01M, Peak:0.01M | Scene, ViewLayer | Updating Meshes
Fra:1 Mem:39.04M (Peak 67.05M) | Time:00:00.16 | Mem:0.01M, Peak:0.01M | Scene, ViewLayer | Updating Objects | Applying Static Transformations
Fra:1 Mem:39.04M (Peak 67.05M) | Time:00:00.16 | Mem:0.01M, Peak:0.01M | Scene, ViewLayer | Updating Mesh | Computing attributes
Fra:1 Mem:39.61M (Peak 67.05M) | Time:00:00.16 | Mem:0.01M, Peak:0.01M | Scene, ViewLayer | Updating Mesh | Copying Attributes to device
Fra:1 Mem:39.60M (Peak 67.05M) | Time:00:00.16 | Mem:0.57M, Peak:0.57M | Scene, ViewLayer | Updating Scene BVH | Building
Fra:1 Mem:39.60M (Peak 67.05M) | Time:00:00.16 | Mem:0.57M, Peak:0.57M | Scene, ViewLayer | Updating Scene BVH | Building BVH
Fra:1 Mem:45.16M (Peak 67.05M) | Time:00:00.17 | Mem:0.57M, Peak:0.57M | Scene, ViewLayer | Updating Scene BVH | Packing BVH triangles and strands
Fra:1 Mem:45.53M (Peak 67.05M) | Time:00:00.17 | Mem:0.57M, Peak:0.57M | Scene, ViewLayer | Updating Scene BVH | Packing BVH nodes
Fra:1 Mem:45.19M (Peak 67.05M) | Time:00:00.17 | Mem:0.57M, Peak:0.57M | Scene, ViewLayer | Updating Scene BVH | Copying BVH to device
Fra:1 Mem:45.19M (Peak 67.05M) | Time:00:00.17 | Mem:3.36M, Peak:3.36M | Scene, ViewLayer | Updating Mesh | Computing normals
Fra:1 Mem:47.79M (Peak 67.05M) | Time:00:00.17 | Mem:3.36M, Peak:3.36M | Scene, ViewLayer | Updating Mesh | Copying Mesh to device
Fra:1 Mem:47.79M (Peak 67.05M) | Time:00:00.17 | Mem:5.96M, Peak:5.96M | Scene, ViewLayer | Updating Objects Flags
Fra:1 Mem:47.79M (Peak 67.05M) | Time:00:00.17 | Mem:5.96M, Peak:5.96M | Scene, ViewLayer | Updating Primitive Offsets
Fra:1 Mem:47.79M (Peak 67.05M) | Time:00:00.17 | Mem:5.96M, Peak:5.96M | Scene, ViewLayer | Updating Images
Fra:1 Mem:47.79M (Peak 67.05M) | Time:00:00.17 | Mem:5.96M, Peak:5.96M | Scene, ViewLayer | Updating Camera Volume
Fra:1 Mem:47.79M (Peak 67.05M) | Time:00:00.17 | Mem:5.96M, Peak:5.96M | Scene, ViewLayer | Updating Lookup Tables
Fra:1 Mem:47.79M (Peak 67.05M) | Time:00:00.17 | Mem:6.05M, Peak:6.05M | Scene, ViewLayer | Updating Lights
Fra:1 Mem:47.79M (Peak 67.05M) | Time:00:00.17 | Mem:6.05M, Peak:6.05M | Scene, ViewLayer | Updating Lights | Computing tree
Fra:1 Mem:47.79M (Peak 67.05M) | Time:00:00.17 | Mem:6.05M, Peak:6.05M | Scene, ViewLayer | Updating Integrator
Fra:1 Mem:47.79M (Peak 67.05M) | Time:00:00.17 | Mem:6.05M, Peak:6.05M | Scene, ViewLayer | Updating Film
Fra:1 Mem:47.79M (Peak 67.05M) | Time:00:00.17 | Mem:5.97M, Peak:6.05M | Scene, ViewLayer | Updating Lookup Tables
Fra:1 Mem:47.79M (Peak 67.05M) | Time:00:00.17 | Mem:6.05M, Peak:6.05M | Scene, ViewLayer | Updating Baking
Fra:1 Mem:47.79M (Peak 67.05M) | Time:00:00.17 | Mem:6.05M, Peak:6.05M | Scene, ViewLayer | Updating Device | Writing constant memory
Fra:1 Mem:47.79M (Peak 67.05M) | Time:00:00.17 | Mem:6.05M, Peak:6.05M | Scene, ViewLayer | Loading denoising kernels (may take a few minutes the first time)
Fra:1 Mem:51.80M (Peak 67.05M) | Time:00:00.18 | Mem:358.05M, Peak:358.05M | Scene, ViewLayer | Sample 0/24
Fra:1 Mem:94.55M (Peak 94.55M) | Time:00:00.18 | Remaining:00:00.13 | Mem:400.80M, Peak:400.80M | Scene, ViewLayer | Sample 1/24
Fra:1 Mem:112.55M (Peak 139.56M) | Time:00:01.59 | Mem:400.81M, Peak:400.81M | Scene, ViewLayer | Sample 24/24
Fra:1 Mem:112.55M (Peak 139.56M) | Time:00:01.59 | Mem:400.81M, Peak:400.81M | Scene, ViewLayer | Finished

2026-09-23T07:34:02+0900/hunyuan-rig/heartbeat {'stage': 'rest-front', 'frame': 25} images=2
Saved: '/home/cbsim/ws/slime-workflow/.tmp/mannequin-reference-refinement/2026-09-23_07-33-20/rest-front.png'
Time: 00:01.75 (Saving: 00:00.07)

Fra:1 Mem:38.46M (Peak 38.46M) | Time:00:00.08 | Mem:0.00M, Peak:0.00M | Scene, ViewLayer | Synchronizing object | fill
Fra:1 Mem:38.46M (Peak 38.46M) | Time:00:00.08 | Mem:0.00M, Peak:0.00M | Scene, ViewLayer | Synchronizing object | head-shell-part
Fra:1 Mem:38.48M (Peak 38.48M) | Time:00:00.08 | Mem:0.00M, Peak:0.00M | Scene, ViewLayer | Synchronizing object | right-ankle-ball
Fra:1 Mem:38.58M (Peak 38.58M) | Time:00:00.08 | Mem:0.00M, Peak:0.00M | Scene, ViewLayer | Synchronizing object | neck-shell-part
Fra:1 Mem:38.65M (Peak 38.65M) | Time:00:00.08 | Mem:0.00M, Peak:0.00M | Scene, ViewLayer | Synchronizing object | right-knee-ball
Fra:1 Mem:38.77M (Peak 38.77M) | Time:00:00.08 | Mem:0.00M, Peak:0.00M | Scene, ViewLayer | Synchronizing object | abdomen-shell-part
Fra:1 Mem:39.01M (Peak 39.01M) | Time:00:00.08 | Mem:0.00M, Peak:0.00M | Scene, ViewLayer | Synchronizing object | head-pivot-ball
Fra:1 Mem:39.07M (Peak 39.07M) | Time:00:00.08 | Mem:0.00M, Peak:0.00M | Scene, ViewLayer | Synchronizing object | left-upper-arm-shell
Fra:1 Mem:39.83M (Peak 39.83M) | Time:00:00.08 | Mem:0.00M, Peak:0.00M | Scene, ViewLayer | Synchronizing object | left-hip-ball
Fra:1 Mem:39.97M (Peak 39.97M) | Time:00:00.08 | Mem:0.00M, Peak:0.00M | Scene, ViewLayer | Synchronizing object | right-forearm-shell
Fra:1 Mem:40.50M (Peak 40.50M) | Time:00:00.08 | Mem:0.00M, Peak:0.00M | Scene, ViewLayer | Synchronizing object | right-thigh-shell
Fra:1 Mem:40.52M (Peak 40.52M) | Time:00:00.08 | Mem:0.00M, Peak:0.00M | Scene, ViewLayer | Synchronizing object | right-foot-shell
Fra:1 Mem:40.56M (Peak 40.56M) | Time:00:00.08 | Mem:0.00M, Peak:0.00M | Scene, ViewLayer | Synchronizing object | right-shoulder-ball
Fra:1 Mem:40.74M (Peak 40.74M) | Time:00:00.08 | Mem:0.00M, Peak:0.00M | Scene, ViewLayer | Synchronizing object | right-elbow-ball
Fra:1 Mem:41.03M (Peak 41.03M) | Time:00:00.08 | Mem:0.00M, Peak:0.00M | Scene, ViewLayer | Synchronizing object | right-wrist-ball
Fra:1 Mem:46.37M (Peak 46.37M) | Time:00:00.08 | Mem:0.00M, Peak:0.00M | Scene, ViewLayer | Initializing
Fra:1 Mem:38.95M (Peak 46.37M) | Time:00:00.08 | Mem:0.00M, Peak:0.00M | Scene, ViewLayer | Waiting for render to start
Fra:1 Mem:38.95M (Peak 46.37M) | Time:00:00.08 | Mem:0.00M, Peak:0.00M | Scene, ViewLayer | Updating Scene
Fra:1 Mem:38.95M (Peak 46.37M) | Time:00:00.08 | Mem:0.00M, Peak:0.00M | Scene, ViewLayer | Updating Shaders
Fra:1 Mem:38.95M (Peak 46.37M) | Time:00:00.08 | Mem:0.00M, Peak:0.00M | Scene, ViewLayer | Loading render kernels (may take a few minutes the first time)
Fra:1 Mem:39.03M (Peak 67.05M) | Time:00:00.12 | Mem:0.00M, Peak:0.00M | Scene, ViewLayer | Updating Procedurals
Fra:1 Mem:39.03M (Peak 67.05M) | Time:00:00.12 | Mem:0.00M, Peak:0.00M | Scene, ViewLayer | Updating Background
Fra:1 Mem:39.03M (Peak 67.05M) | Time:00:00.12 | Mem:0.00M, Peak:0.00M | Scene, ViewLayer | Updating Camera
Fra:1 Mem:39.03M (Peak 67.05M) | Time:00:00.12 | Mem:0.00M, Peak:0.00M | Scene, ViewLayer | Updating Meshes Flags
Fra:1 Mem:39.03M (Peak 67.05M) | Time:00:00.12 | Mem:0.00M, Peak:0.00M | Scene, ViewLayer | Updating Objects
Fra:1 Mem:39.03M (Peak 67.05M) | Time:00:00.12 | Mem:0.00M, Peak:0.00M | Scene, ViewLayer | Updating Objects | Copying Transformations to device
Fra:1 Mem:39.04M (Peak 67.05M) | Time:00:00.12 | Mem:0.01M, Peak:0.01M | Scene, ViewLayer | Updating Particle Systems
Fra:1 Mem:39.04M (Peak 67.05M) | Time:00:00.12 | Mem:0.01M, Peak:0.01M | Scene, ViewLayer | Updating Particle Systems | Copying Particles to device
Fra:1 Mem:39.04M (Peak 67.05M) | Time:00:00.12 | Mem:0.01M, Peak:0.01M | Scene, ViewLayer | Updating Meshes
Fra:1 Mem:39.04M (Peak 67.05M) | Time:00:00.12 | Mem:0.01M, Peak:0.01M | Scene, ViewLayer | Updating Objects | Applying Static Transformations
Fra:1 Mem:39.04M (Peak 67.05M) | Time:00:00.12 | Mem:0.01M, Peak:0.01M | Scene, ViewLayer | Updating Mesh | Computing attributes
Fra:1 Mem:39.61M (Peak 67.05M) | Time:00:00.12 | Mem:0.01M, Peak:0.01M | Scene, ViewLayer | Updating Mesh | Copying Attributes to device
Fra:1 Mem:39.60M (Peak 67.05M) | Time:00:00.12 | Mem:0.57M, Peak:0.57M | Scene, ViewLayer | Updating Scene BVH | Building
Fra:1 Mem:39.60M (Peak 67.05M) | Time:00:00.12 | Mem:0.57M, Peak:0.57M | Scene, ViewLayer | Updating Scene BVH | Building BVH
Fra:1 Mem:45.16M (Peak 67.05M) | Time:00:00.13 | Mem:0.57M, Peak:0.57M | Scene, ViewLayer | Updating Scene BVH | Packing BVH triangles and strands
Fra:1 Mem:45.53M (Peak 67.05M) | Time:00:00.13 | Mem:0.57M, Peak:0.57M | Scene, ViewLayer | Updating Scene BVH | Packing BVH nodes
Fra:1 Mem:45.19M (Peak 67.05M) | Time:00:00.13 | Mem:0.57M, Peak:0.57M | Scene, ViewLayer | Updating Scene BVH | Copying BVH to device
Fra:1 Mem:45.19M (Peak 67.05M) | Time:00:00.14 | Mem:3.36M, Peak:3.36M | Scene, ViewLayer | Updating Mesh | Computing normals
Fra:1 Mem:47.79M (Peak 67.05M) | Time:00:00.14 | Mem:3.36M, Peak:3.36M | Scene, ViewLayer | Updating Mesh | Copying Mesh to device
Fra:1 Mem:47.79M (Peak 67.05M) | Time:00:00.14 | Mem:5.96M, Peak:5.96M | Scene, ViewLayer | Updating Objects Flags
Fra:1 Mem:47.79M (Peak 67.05M) | Time:00:00.14 | Mem:5.96M, Peak:5.96M | Scene, ViewLayer | Updating Primitive Offsets
Fra:1 Mem:47.79M (Peak 67.05M) | Time:00:00.14 | Mem:5.96M, Peak:5.96M | Scene, ViewLayer | Updating Images
Fra:1 Mem:47.79M (Peak 67.05M) | Time:00:00.14 | Mem:5.96M, Peak:5.96M | Scene, ViewLayer | Updating Camera Volume
Fra:1 Mem:47.79M (Peak 67.05M) | Time:00:00.14 | Mem:5.96M, Peak:5.96M | Scene, ViewLayer | Updating Lookup Tables
Fra:1 Mem:47.79M (Peak 67.05M) | Time:00:00.14 | Mem:6.05M, Peak:6.05M | Scene, ViewLayer | Updating Lights
Fra:1 Mem:47.79M (Peak 67.05M) | Time:00:00.14 | Mem:6.05M, Peak:6.05M | Scene, ViewLayer | Updating Lights | Computing tree
Fra:1 Mem:47.79M (Peak 67.05M) | Time:00:00.14 | Mem:6.05M, Peak:6.05M | Scene, ViewLayer | Updating Integrator
Fra:1 Mem:47.79M (Peak 67.05M) | Time:00:00.14 | Mem:6.05M, Peak:6.05M | Scene, ViewLayer | Updating Film
Fra:1 Mem:47.79M (Peak 67.05M) | Time:00:00.14 | Mem:5.97M, Peak:6.05M | Scene, ViewLayer | Updating Lookup Tables
Fra:1 Mem:47.79M (Peak 67.05M) | Time:00:00.14 | Mem:6.05M, Peak:6.05M | Scene, ViewLayer | Updating Baking
Fra:1 Mem:47.79M (Peak 67.05M) | Time:00:00.14 | Mem:6.05M, Peak:6.05M | Scene, ViewLayer | Updating Device | Writing constant memory
Fra:1 Mem:47.79M (Peak 67.05M) | Time:00:00.14 | Mem:6.05M, Peak:6.05M | Scene, ViewLayer | Loading denoising kernels (may take a few minutes the first time)
Fra:1 Mem:51.80M (Peak 67.05M) | Time:00:00.14 | Mem:358.05M, Peak:358.05M | Scene, ViewLayer | Sample 0/24
Fra:1 Mem:94.55M (Peak 94.55M) | Time:00:00.14 | Remaining:00:00.11 | Mem:400.80M, Peak:400.80M | Scene, ViewLayer | Sample 1/24
Fra:1 Mem:112.55M (Peak 139.56M) | Time:00:01.53 | Mem:400.81M, Peak:400.81M | Scene, ViewLayer | Sample 24/24
Fra:1 Mem:112.55M (Peak 139.56M) | Time:00:01.53 | Mem:400.81M, Peak:400.81M | Scene, ViewLayer | Finished
Saved: '/home/cbsim/ws/slime-workflow/.tmp/mannequin-reference-refinement/2026-09-23_07-33-20/rest-side.png'
Time: 00:01.65 (Saving: 00:00.03)

Fra:1 Mem:38.46M (Peak 38.46M) | Time:00:00.08 | Mem:0.00M, Peak:0.00M | Scene, ViewLayer | Synchronizing object | key
Fra:1 Mem:38.46M (Peak 38.46M) | Time:00:00.08 | Mem:0.00M, Peak:0.00M | Scene, ViewLayer | Synchronizing object | head-shell-part
Fra:1 Mem:38.46M (Peak 38.46M) | Time:00:00.08 | Mem:0.00M, Peak:0.00M | Scene, ViewLayer | Synchronizing object | abdomen-shell-part
Fra:1 Mem:38.50M (Peak 38.50M) | Time:00:00.08 | Mem:0.00M, Peak:0.00M | Scene, ViewLayer | Synchronizing object | left-upper-arm-shell
Fra:1 Mem:38.50M (Peak 38.50M) | Time:00:00.08 | Mem:0.00M, Peak:0.00M | Scene, ViewLayer | Synchronizing object | left-hand-shell
Fra:1 Mem:38.70M (Peak 38.70M) | Time:00:00.08 | Mem:0.00M, Peak:0.00M | Scene, ViewLayer | Synchronizing object | left-shin-shell
Fra:1 Mem:38.88M (Peak 38.88M) | Time:00:00.08 | Mem:0.00M, Peak:0.00M | Scene, ViewLayer | Synchronizing object | left-wrist-ball
Fra:1 Mem:39.16M (Peak 39.16M) | Time:00:00.08 | Mem:0.00M, Peak:0.00M | Scene, ViewLayer | Synchronizing object | right-forearm-shell
Fra:1 Mem:39.48M (Peak 39.48M) | Time:00:00.08 | Mem:0.00M, Peak:0.00M | Scene, ViewLayer | Synchronizing object | right-hand-shell
Fra:1 Mem:39.94M (Peak 39.94M) | Time:00:00.08 | Mem:0.00M, Peak:0.00M | Scene, ViewLayer | Synchronizing object | right-thigh-shell
Fra:1 Mem:40.21M (Peak 40.21M) | Time:00:00.08 | Mem:0.00M, Peak:0.00M | Scene, ViewLayer | Synchronizing object | right-shin-shell
Fra:1 Mem:40.65M (Peak 40.65M) | Time:00:00.08 | Mem:0.00M, Peak:0.00M | Scene, ViewLayer | Synchronizing object | right-shoulder-ball
Fra:1 Mem:41.37M (Peak 41.37M) | Time:00:00.08 | Mem:0.00M, Peak:0.00M | Scene, ViewLayer | Synchronizing object | right-elbow-ball
Fra:1 Mem:41.55M (Peak 41.55M) | Time:00:00.08 | Mem:0.00M, Peak:0.00M | Scene, ViewLayer | Synchronizing object | right-wrist-ball
Fra:1 Mem:41.97M (Peak 41.98M) | Time:00:00.08 | Mem:0.00M, Peak:0.00M | Scene, ViewLayer | Synchronizing object | right-hip-ball
Fra:1 Mem:46.37M (Peak 46.95M) | Time:00:00.09 | Mem:0.00M, Peak:0.00M | Scene, ViewLayer | Initializing
Fra:1 Mem:38.95M (Peak 46.95M) | Time:00:00.09 | Mem:0.00M, Peak:0.00M | Scene, ViewLayer | Waiting for render to start
Fra:1 Mem:38.95M (Peak 46.95M) | Time:00:00.09 | Mem:0.00M, Peak:0.00M | Scene, ViewLayer | Updating Scene
Fra:1 Mem:38.95M (Peak 46.95M) | Time:00:00.09 | Mem:0.00M, Peak:0.00M | Scene, ViewLayer | Updating Shaders
Fra:1 Mem:38.95M (Peak 46.95M) | Time:00:00.09 | Mem:0.00M, Peak:0.00M | Scene, ViewLayer | Loading render kernels (may take a few minutes the first time)
Fra:1 Mem:39.03M (Peak 67.05M) | Time:00:00.12 | Mem:0.00M, Peak:0.00M | Scene, ViewLayer | Updating Procedurals
Fra:1 Mem:39.03M (Peak 67.05M) | Time:00:00.12 | Mem:0.00M, Peak:0.00M | Scene, ViewLayer | Updating Background
Fra:1 Mem:39.03M (Peak 67.05M) | Time:00:00.12 | Mem:0.00M, Peak:0.00M | Scene, ViewLayer | Updating Camera
Fra:1 Mem:39.03M (Peak 67.05M) | Time:00:00.12 | Mem:0.00M, Peak:0.00M | Scene, ViewLayer | Updating Meshes Flags
Fra:1 Mem:39.03M (Peak 67.05M) | Time:00:00.12 | Mem:0.00M, Peak:0.00M | Scene, ViewLayer | Updating Objects
Fra:1 Mem:39.03M (Peak 67.05M) | Time:00:00.12 | Mem:0.00M, Peak:0.00M | Scene, ViewLayer | Updating Objects | Copying Transformations to device
Fra:1 Mem:39.04M (Peak 67.05M) | Time:00:00.12 | Mem:0.01M, Peak:0.01M | Scene, ViewLayer | Updating Particle Systems
Fra:1 Mem:39.04M (Peak 67.05M) | Time:00:00.12 | Mem:0.01M, Peak:0.01M | Scene, ViewLayer | Updating Particle Systems | Copying Particles to device
Fra:1 Mem:39.04M (Peak 67.05M) | Time:00:00.12 | Mem:0.01M, Peak:0.01M | Scene, ViewLayer | Updating Meshes
Fra:1 Mem:39.04M (Peak 67.05M) | Time:00:00.12 | Mem:0.01M, Peak:0.01M | Scene, ViewLayer | Updating Objects | Applying Static Transformations
Fra:1 Mem:39.04M (Peak 67.05M) | Time:00:00.12 | Mem:0.01M, Peak:0.01M | Scene, ViewLayer | Updating Mesh | Computing attributes
Fra:1 Mem:39.61M (Peak 67.05M) | Time:00:00.12 | Mem:0.01M, Peak:0.01M | Scene, ViewLayer | Updating Mesh | Copying Attributes to device
Fra:1 Mem:39.60M (Peak 67.05M) | Time:00:00.12 | Mem:0.57M, Peak:0.57M | Scene, ViewLayer | Updating Scene BVH | Building
Fra:1 Mem:39.60M (Peak 67.05M) | Time:00:00.12 | Mem:0.57M, Peak:0.57M | Scene, ViewLayer | Updating Scene BVH | Building BVH
Fra:1 Mem:45.16M (Peak 67.05M) | Time:00:00.13 | Mem:0.57M, Peak:0.57M | Scene, ViewLayer | Updating Scene BVH | Packing BVH triangles and strands
Fra:1 Mem:45.53M (Peak 67.05M) | Time:00:00.13 | Mem:0.57M, Peak:0.57M | Scene, ViewLayer | Updating Scene BVH | Packing BVH nodes
Fra:1 Mem:45.19M (Peak 67.05M) | Time:00:00.14 | Mem:0.57M, Peak:0.57M | Scene, ViewLayer | Updating Scene BVH | Copying BVH to device
Fra:1 Mem:45.19M (Peak 67.05M) | Time:00:00.14 | Mem:3.36M, Peak:3.36M | Scene, ViewLayer | Updating Mesh | Computing normals
Fra:1 Mem:47.79M (Peak 67.05M) | Time:00:00.14 | Mem:3.36M, Peak:3.36M | Scene, ViewLayer | Updating Mesh | Copying Mesh to device
Fra:1 Mem:47.79M (Peak 67.05M) | Time:00:00.14 | Mem:5.96M, Peak:5.96M | Scene, ViewLayer | Updating Objects Flags
Fra:1 Mem:47.79M (Peak 67.05M) | Time:00:00.14 | Mem:5.96M, Peak:5.96M | Scene, ViewLayer | Updating Primitive Offsets
Fra:1 Mem:47.79M (Peak 67.05M) | Time:00:00.14 | Mem:5.96M, Peak:5.96M | Scene, ViewLayer | Updating Images
Fra:1 Mem:47.79M (Peak 67.05M) | Time:00:00.14 | Mem:5.96M, Peak:5.96M | Scene, ViewLayer | Updating Camera Volume
Fra:1 Mem:47.79M (Peak 67.05M) | Time:00:00.14 | Mem:5.96M, Peak:5.96M | Scene, ViewLayer | Updating Lookup Tables
Fra:1 Mem:47.79M (Peak 67.05M) | Time:00:00.14 | Mem:6.05M, Peak:6.05M | Scene, ViewLayer | Updating Lights
Fra:1 Mem:47.79M (Peak 67.05M) | Time:00:00.14 | Mem:6.05M, Peak:6.05M | Scene, ViewLayer | Updating Lights | Computing tree
Fra:1 Mem:47.79M (Peak 67.05M) | Time:00:00.14 | Mem:6.05M, Peak:6.05M | Scene, ViewLayer | Updating Integrator
Fra:1 Mem:47.79M (Peak 67.05M) | Time:00:00.14 | Mem:6.05M, Peak:6.05M | Scene, ViewLayer | Updating Film
Fra:1 Mem:47.79M (Peak 67.05M) | Time:00:00.14 | Mem:5.97M, Peak:6.05M | Scene, ViewLayer | Updating Lookup Tables
Fra:1 Mem:47.79M (Peak 67.05M) | Time:00:00.14 | Mem:6.05M, Peak:6.05M | Scene, ViewLayer | Updating Baking
Fra:1 Mem:47.79M (Peak 67.05M) | Time:00:00.14 | Mem:6.05M, Peak:6.05M | Scene, ViewLayer | Updating Device | Writing constant memory
Fra:1 Mem:47.79M (Peak 67.05M) | Time:00:00.14 | Mem:6.05M, Peak:6.05M | Scene, ViewLayer | Loading denoising kernels (may take a few minutes the first time)
Fra:1 Mem:51.80M (Peak 67.05M) | Time:00:00.14 | Mem:358.05M, Peak:358.05M | Scene, ViewLayer | Sample 0/24
Fra:1 Mem:94.55M (Peak 94.55M) | Time:00:00.15 | Remaining:00:00.12 | Mem:400.80M, Peak:400.80M | Scene, ViewLayer | Sample 1/24
Fra:1 Mem:112.55M (Peak 139.56M) | Time:00:01.53 | Mem:400.81M, Peak:400.81M | Scene, ViewLayer | Sample 24/24
Fra:1 Mem:112.55M (Peak 139.56M) | Time:00:01.53 | Mem:400.81M, Peak:400.81M | Scene, ViewLayer | Finished
Saved: '/home/cbsim/ws/slime-workflow/.tmp/mannequin-reference-refinement/2026-09-23_07-33-20/rest-back.png'
Time: 00:01.66 (Saving: 00:00.03)

Fra:1 Mem:38.46M (Peak 38.46M) | Time:00:00.07 | Mem:0.00M, Peak:0.00M | Scene, ViewLayer | Synchronizing object | fill
Fra:1 Mem:38.46M (Peak 38.46M) | Time:00:00.07 | Mem:0.00M, Peak:0.00M | Scene, ViewLayer | Synchronizing object | head-shell-part
Fra:1 Mem:38.47M (Peak 38.47M) | Time:00:00.07 | Mem:0.00M, Peak:0.00M | Scene, ViewLayer | Synchronizing object | chest-shell-part
Fra:1 Mem:38.48M (Peak 38.48M) | Time:00:00.07 | Mem:0.00M, Peak:0.00M | Scene, ViewLayer | Synchronizing object | head-pivot-ball
Fra:1 Mem:38.57M (Peak 38.57M) | Time:00:00.07 | Mem:0.00M, Peak:0.00M | Scene, ViewLayer | Synchronizing object | left-forearm-shell
Fra:1 Mem:38.80M (Peak 38.80M) | Time:00:00.07 | Mem:0.00M, Peak:0.00M | Scene, ViewLayer | Synchronizing object | right-knee-ball
Fra:1 Mem:39.19M (Peak 39.19M) | Time:00:00.07 | Mem:0.00M, Peak:0.00M | Scene, ViewLayer | Synchronizing object | right-hip-ball
Fra:1 Mem:39.24M (Peak 39.24M) | Time:00:00.07 | Mem:0.00M, Peak:0.00M | Scene, ViewLayer | Synchronizing object | left-thigh-shell
Fra:1 Mem:39.29M (Peak 39.29M) | Time:00:00.07 | Mem:0.00M, Peak:0.00M | Scene, ViewLayer | Synchronizing object | right-upper-arm-shell
Fra:1 Mem:39.46M (Peak 39.46M) | Time:00:00.07 | Mem:0.00M, Peak:0.00M | Scene, ViewLayer | Synchronizing object | right-thigh-shell
Fra:1 Mem:40.04M (Peak 40.04M) | Time:00:00.07 | Mem:0.00M, Peak:0.00M | Scene, ViewLayer | Synchronizing object | right-foot-shell
Fra:1 Mem:41.08M (Peak 41.08M) | Time:00:00.07 | Mem:0.00M, Peak:0.00M | Scene, ViewLayer | Synchronizing object | right-shoulder-ball
Fra:1 Mem:41.22M (Peak 41.22M) | Time:00:00.07 | Mem:0.00M, Peak:0.00M | Scene, ViewLayer | Synchronizing object | right-elbow-ball
Fra:1 Mem:46.37M (Peak 47.86M) | Time:00:00.08 | Mem:0.00M, Peak:0.00M | Scene, ViewLayer | Initializing
Fra:1 Mem:38.95M (Peak 47.86M) | Time:00:00.08 | Mem:0.00M, Peak:0.00M | Scene, ViewLayer | Waiting for render to start
Fra:1 Mem:38.95M (Peak 47.86M) | Time:00:00.08 | Mem:0.00M, Peak:0.00M | Scene, ViewLayer | Updating Scene
Fra:1 Mem:38.95M (Peak 47.86M) | Time:00:00.08 | Mem:0.00M, Peak:0.00M | Scene, ViewLayer | Updating Shaders
Fra:1 Mem:38.95M (Peak 47.86M) | Time:00:00.08 | Mem:0.00M, Peak:0.00M | Scene, ViewLayer | Loading render kernels (may take a few minutes the first time)
Fra:1 Mem:39.03M (Peak 67.05M) | Time:00:00.12 | Mem:0.00M, Peak:0.00M | Scene, ViewLayer | Updating Procedurals
Fra:1 Mem:39.03M (Peak 67.05M) | Time:00:00.12 | Mem:0.00M, Peak:0.00M | Scene, ViewLayer | Updating Background
Fra:1 Mem:39.03M (Peak 67.05M) | Time:00:00.12 | Mem:0.00M, Peak:0.00M | Scene, ViewLayer | Updating Camera
Fra:1 Mem:39.03M (Peak 67.05M) | Time:00:00.12 | Mem:0.00M, Peak:0.00M | Scene, ViewLayer | Updating Meshes Flags
Fra:1 Mem:39.03M (Peak 67.05M) | Time:00:00.12 | Mem:0.00M, Peak:0.00M | Scene, ViewLayer | Updating Objects
Fra:1 Mem:39.03M (Peak 67.05M) | Time:00:00.12 | Mem:0.00M, Peak:0.00M | Scene, ViewLayer | Updating Objects | Copying Transformations to device
Fra:1 Mem:39.04M (Peak 67.05M) | Time:00:00.12 | Mem:0.01M, Peak:0.01M | Scene, ViewLayer | Updating Particle Systems
Fra:1 Mem:39.04M (Peak 67.05M) | Time:00:00.12 | Mem:0.01M, Peak:0.01M | Scene, ViewLayer | Updating Particle Systems | Copying Particles to device
Fra:1 Mem:39.04M (Peak 67.05M) | Time:00:00.12 | Mem:0.01M, Peak:0.01M | Scene, ViewLayer | Updating Meshes
Fra:1 Mem:39.04M (Peak 67.05M) | Time:00:00.12 | Mem:0.01M, Peak:0.01M | Scene, ViewLayer | Updating Objects | Applying Static Transformations
Fra:1 Mem:39.04M (Peak 67.05M) | Time:00:00.12 | Mem:0.01M, Peak:0.01M | Scene, ViewLayer | Updating Mesh | Computing attributes
Fra:1 Mem:39.61M (Peak 67.05M) | Time:00:00.12 | Mem:0.01M, Peak:0.01M | Scene, ViewLayer | Updating Mesh | Copying Attributes to device
Fra:1 Mem:39.60M (Peak 67.05M) | Time:00:00.12 | Mem:0.57M, Peak:0.57M | Scene, ViewLayer | Updating Scene BVH | Building
Fra:1 Mem:39.60M (Peak 67.05M) | Time:00:00.12 | Mem:0.57M, Peak:0.57M | Scene, ViewLayer | Updating Scene BVH | Building BVH
Fra:1 Mem:45.16M (Peak 67.05M) | Time:00:00.13 | Mem:0.57M, Peak:0.57M | Scene, ViewLayer | Updating Scene BVH | Packing BVH triangles and strands
Fra:1 Mem:45.53M (Peak 67.05M) | Time:00:00.13 | Mem:0.57M, Peak:0.57M | Scene, ViewLayer | Updating Scene BVH | Packing BVH nodes
Fra:1 Mem:45.19M (Peak 67.05M) | Time:00:00.13 | Mem:0.57M, Peak:0.57M | Scene, ViewLayer | Updating Scene BVH | Copying BVH to device
Fra:1 Mem:45.19M (Peak 67.05M) | Time:00:00.13 | Mem:3.36M, Peak:3.36M | Scene, ViewLayer | Updating Mesh | Computing normals
Fra:1 Mem:47.79M (Peak 67.05M) | Time:00:00.13 | Mem:3.36M, Peak:3.36M | Scene, ViewLayer | Updating Mesh | Copying Mesh to device
Fra:1 Mem:47.79M (Peak 67.05M) | Time:00:00.13 | Mem:5.96M, Peak:5.96M | Scene, ViewLayer | Updating Objects Flags
Fra:1 Mem:47.79M (Peak 67.05M) | Time:00:00.13 | Mem:5.96M, Peak:5.96M | Scene, ViewLayer | Updating Primitive Offsets
Fra:1 Mem:47.79M (Peak 67.05M) | Time:00:00.13 | Mem:5.96M, Peak:5.96M | Scene, ViewLayer | Updating Images
Fra:1 Mem:47.79M (Peak 67.05M) | Time:00:00.13 | Mem:5.96M, Peak:5.96M | Scene, ViewLayer | Updating Camera Volume
Fra:1 Mem:47.79M (Peak 67.05M) | Time:00:00.13 | Mem:5.96M, Peak:5.96M | Scene, ViewLayer | Updating Lookup Tables
Fra:1 Mem:47.79M (Peak 67.05M) | Time:00:00.13 | Mem:6.05M, Peak:6.05M | Scene, ViewLayer | Updating Lights
Fra:1 Mem:47.79M (Peak 67.05M) | Time:00:00.13 | Mem:6.05M, Peak:6.05M | Scene, ViewLayer | Updating Lights | Computing tree
Fra:1 Mem:47.79M (Peak 67.05M) | Time:00:00.13 | Mem:6.05M, Peak:6.05M | Scene, ViewLayer | Updating Integrator
Fra:1 Mem:47.79M (Peak 67.05M) | Time:00:00.13 | Mem:6.05M, Peak:6.05M | Scene, ViewLayer | Updating Film
Fra:1 Mem:47.79M (Peak 67.05M) | Time:00:00.13 | Mem:5.97M, Peak:6.05M | Scene, ViewLayer | Updating Lookup Tables
Fra:1 Mem:47.79M (Peak 67.05M) | Time:00:00.13 | Mem:6.05M, Peak:6.05M | Scene, ViewLayer | Updating Baking
Fra:1 Mem:47.79M (Peak 67.05M) | Time:00:00.13 | Mem:6.05M, Peak:6.05M | Scene, ViewLayer | Updating Device | Writing constant memory
Fra:1 Mem:47.79M (Peak 67.05M) | Time:00:00.13 | Mem:6.05M, Peak:6.05M | Scene, ViewLayer | Loading denoising kernels (may take a few minutes the first time)
Fra:1 Mem:51.80M (Peak 67.05M) | Time:00:00.14 | Mem:358.05M, Peak:358.05M | Scene, ViewLayer | Sample 0/24
Fra:1 Mem:94.55M (Peak 94.55M) | Time:00:00.14 | Remaining:00:00.13 | Mem:400.80M, Peak:400.80M | Scene, ViewLayer | Sample 1/24
Fra:1 Mem:112.55M (Peak 139.56M) | Time:00:01.54 | Mem:400.81M, Peak:400.81M | Scene, ViewLayer | Sample 24/24
Fra:1 Mem:112.55M (Peak 139.56M) | Time:00:01.54 | Mem:400.81M, Peak:400.81M | Scene, ViewLayer | Finished
2026-09-23T07:34:07+0900/hunyuan-rig/heartbeat {'stage': 'rest-three-quarter', 'frame': 25} images=5
Saved: '/home/cbsim/ws/slime-workflow/.tmp/mannequin-reference-refinement/2026-09-23_07-33-20/rest-three-quarter.png'
Time: 00:01.67 (Saving: 00:00.03)

Fra:1 Mem:39.37M (Peak 39.37M) | Time:00:00.08 | Mem:0.00M, Peak:0.00M | Scene, ViewLayer | Synchronizing object | key
Fra:1 Mem:39.37M (Peak 39.37M) | Time:00:00.08 | Mem:0.00M, Peak:0.00M | Scene, ViewLayer | Synchronizing object | neck-shell-part
Fra:1 Mem:39.37M (Peak 39.37M) | Time:00:00.08 | Mem:0.00M, Peak:0.00M | Scene, ViewLayer | Synchronizing object | chest-shell-part
Fra:1 Mem:39.37M (Peak 39.37M) | Time:00:00.08 | Mem:0.00M, Peak:0.00M | Scene, ViewLayer | Synchronizing object | left-forearm-shell
Fra:1 Mem:39.39M (Peak 39.41M) | Time:00:00.08 | Mem:0.00M, Peak:0.00M | Scene, ViewLayer | Synchronizing object | left-hand-shell
Fra:1 Mem:39.44M (Peak 39.44M) | Time:00:00.08 | Mem:0.00M, Peak:0.00M | Scene, ViewLayer | Synchronizing object | left-thigh-shell
Fra:1 Mem:39.54M (Peak 39.54M) | Time:00:00.08 | Mem:0.00M, Peak:0.00M | Scene, ViewLayer | Synchronizing object | left-shin-shell
Fra:1 Mem:39.65M (Peak 39.65M) | Time:00:00.08 | Mem:0.00M, Peak:0.00M | Scene, ViewLayer | Synchronizing object | left-foot-shell
Fra:1 Mem:40.54M (Peak 40.54M) | Time:00:00.08 | Mem:0.00M, Peak:0.00M | Scene, ViewLayer | Synchronizing object | left-shoulder-ball
Fra:1 Mem:41.02M (Peak 41.02M) | Time:00:00.08 | Mem:0.00M, Peak:0.00M | Scene, ViewLayer | Synchronizing object | left-elbow-ball
Fra:1 Mem:41.10M (Peak 41.10M) | Time:00:00.08 | Mem:0.00M, Peak:0.00M | Scene, ViewLayer | Synchronizing object | left-wrist-ball
Fra:1 Mem:41.17M (Peak 41.17M) | Time:00:00.08 | Mem:0.00M, Peak:0.00M | Scene, ViewLayer | Synchronizing object | left-hip-ball
Fra:1 Mem:41.29M (Peak 41.29M) | Time:00:00.08 | Mem:0.00M, Peak:0.00M | Scene, ViewLayer | Synchronizing object | left-knee-ball
Fra:1 Mem:41.29M (Peak 41.29M) | Time:00:00.08 | Mem:0.00M, Peak:0.00M | Scene, ViewLayer | Synchronizing object | left-ankle-ball
Fra:1 Mem:41.43M (Peak 41.43M) | Time:00:00.08 | Mem:0.00M, Peak:0.00M | Scene, ViewLayer | Synchronizing object | right-upper-arm-shell
Fra:1 Mem:41.45M (Peak 41.45M) | Time:00:00.08 | Mem:0.00M, Peak:0.00M | Scene, ViewLayer | Synchronizing object | right-forearm-shell
Fra:1 Mem:41.57M (Peak 41.57M) | Time:00:00.08 | Mem:0.00M, Peak:0.00M | Scene, ViewLayer | Synchronizing object | right-shoulder-ball
Fra:1 Mem:41.68M (Peak 41.68M) | Time:00:00.08 | Mem:0.00M, Peak:0.00M | Scene, ViewLayer | Synchronizing object | right-knee-ball
Fra:1 Mem:47.29M (Peak 48.50M) | Time:00:00.08 | Mem:0.00M, Peak:0.00M | Scene, ViewLayer | Initializing
Fra:1 Mem:39.41M (Peak 48.50M) | Time:00:00.08 | Mem:0.00M, Peak:0.00M | Scene, ViewLayer | Waiting for render to start
Fra:1 Mem:39.41M (Peak 48.50M) | Time:00:00.08 | Mem:0.00M, Peak:0.00M | Scene, ViewLayer | Updating Scene
Fra:1 Mem:39.41M (Peak 48.50M) | Time:00:00.08 | Mem:0.00M, Peak:0.00M | Scene, ViewLayer | Updating Shaders
Fra:1 Mem:39.41M (Peak 48.50M) | Time:00:00.08 | Mem:0.00M, Peak:0.00M | Scene, ViewLayer | Loading render kernels (may take a few minutes the first time)
Fra:1 Mem:39.49M (Peak 67.51M) | Time:00:00.12 | Mem:0.00M, Peak:0.00M | Scene, ViewLayer | Updating Procedurals
Fra:1 Mem:39.49M (Peak 67.51M) | Time:00:00.12 | Mem:0.00M, Peak:0.00M | Scene, ViewLayer | Updating Background
Fra:1 Mem:39.49M (Peak 67.51M) | Time:00:00.12 | Mem:0.00M, Peak:0.00M | Scene, ViewLayer | Updating Camera
Fra:1 Mem:39.49M (Peak 67.51M) | Time:00:00.12 | Mem:0.00M, Peak:0.00M | Scene, ViewLayer | Updating Meshes Flags
Fra:1 Mem:39.49M (Peak 67.51M) | Time:00:00.12 | Mem:0.00M, Peak:0.00M | Scene, ViewLayer | Updating Objects
Fra:1 Mem:39.49M (Peak 67.51M) | Time:00:00.12 | Mem:0.00M, Peak:0.00M | Scene, ViewLayer | Updating Objects | Copying Transformations to device
Fra:1 Mem:39.50M (Peak 67.51M) | Time:00:00.12 | Mem:0.01M, Peak:0.01M | Scene, ViewLayer | Updating Particle Systems
Fra:1 Mem:39.50M (Peak 67.51M) | Time:00:00.12 | Mem:0.01M, Peak:0.01M | Scene, ViewLayer | Updating Particle Systems | Copying Particles to device
Fra:1 Mem:39.50M (Peak 67.51M) | Time:00:00.12 | Mem:0.01M, Peak:0.01M | Scene, ViewLayer | Updating Meshes
Fra:1 Mem:39.50M (Peak 67.51M) | Time:00:00.12 | Mem:0.01M, Peak:0.01M | Scene, ViewLayer | Updating Objects | Applying Static Transformations
Fra:1 Mem:39.50M (Peak 67.51M) | Time:00:00.12 | Mem:0.01M, Peak:0.01M | Scene, ViewLayer | Updating Mesh | Computing attributes
Fra:1 Mem:40.06M (Peak 67.51M) | Time:00:00.12 | Mem:0.01M, Peak:0.01M | Scene, ViewLayer | Updating Mesh | Copying Attributes to device
Fra:1 Mem:40.06M (Peak 67.51M) | Time:00:00.12 | Mem:0.57M, Peak:0.57M | Scene, ViewLayer | Updating Scene BVH | Building
Fra:1 Mem:40.06M (Peak 67.51M) | Time:00:00.12 | Mem:0.57M, Peak:0.57M | Scene, ViewLayer | Updating Scene BVH | Building BVH
Fra:1 Mem:45.62M (Peak 67.51M) | Time:00:00.13 | Mem:0.57M, Peak:0.57M | Scene, ViewLayer | Updating Scene BVH | Packing BVH triangles and strands
Fra:1 Mem:45.99M (Peak 67.51M) | Time:00:00.13 | Mem:0.57M, Peak:0.57M | Scene, ViewLayer | Updating Scene BVH | Packing BVH nodes
Fra:1 Mem:45.70M (Peak 67.51M) | Time:00:00.14 | Mem:0.57M, Peak:0.57M | Scene, ViewLayer | Updating Scene BVH | Copying BVH to device
Fra:1 Mem:45.70M (Peak 67.51M) | Time:00:00.14 | Mem:3.39M, Peak:3.39M | Scene, ViewLayer | Updating Mesh | Computing normals
Fra:1 Mem:48.30M (Peak 67.51M) | Time:00:00.14 | Mem:3.39M, Peak:3.39M | Scene, ViewLayer | Updating Mesh | Copying Mesh to device
Fra:1 Mem:48.30M (Peak 67.51M) | Time:00:00.14 | Mem:5.99M, Peak:5.99M | Scene, ViewLayer | Updating Objects Flags
Fra:1 Mem:48.30M (Peak 67.51M) | Time:00:00.14 | Mem:5.99M, Peak:5.99M | Scene, ViewLayer | Updating Primitive Offsets
Fra:1 Mem:48.30M (Peak 67.51M) | Time:00:00.14 | Mem:5.99M, Peak:5.99M | Scene, ViewLayer | Updating Images
Fra:1 Mem:48.30M (Peak 67.51M) | Time:00:00.14 | Mem:5.99M, Peak:5.99M | Scene, ViewLayer | Updating Camera Volume
Fra:1 Mem:48.30M (Peak 67.51M) | Time:00:00.14 | Mem:5.99M, Peak:5.99M | Scene, ViewLayer | Updating Lookup Tables
Fra:1 Mem:48.30M (Peak 67.51M) | Time:00:00.14 | Mem:6.07M, Peak:6.07M | Scene, ViewLayer | Updating Lights
Fra:1 Mem:48.30M (Peak 67.51M) | Time:00:00.14 | Mem:6.07M, Peak:6.07M | Scene, ViewLayer | Updating Lights | Computing tree
Fra:1 Mem:48.30M (Peak 67.51M) | Time:00:00.14 | Mem:6.07M, Peak:6.07M | Scene, ViewLayer | Updating Integrator
Fra:1 Mem:48.30M (Peak 67.51M) | Time:00:00.14 | Mem:6.07M, Peak:6.07M | Scene, ViewLayer | Updating Film
Fra:1 Mem:48.30M (Peak 67.51M) | Time:00:00.14 | Mem:5.99M, Peak:6.07M | Scene, ViewLayer | Updating Lookup Tables
Fra:1 Mem:48.30M (Peak 67.51M) | Time:00:00.14 | Mem:6.08M, Peak:6.08M | Scene, ViewLayer | Updating Baking
Fra:1 Mem:48.30M (Peak 67.51M) | Time:00:00.14 | Mem:6.08M, Peak:6.08M | Scene, ViewLayer | Updating Device | Writing constant memory
Fra:1 Mem:48.31M (Peak 67.51M) | Time:00:00.14 | Mem:6.08M, Peak:6.08M | Scene, ViewLayer | Loading denoising kernels (may take a few minutes the first time)
Fra:1 Mem:52.31M (Peak 67.51M) | Time:00:00.14 | Mem:358.08M, Peak:358.08M | Scene, ViewLayer | Sample 0/24
Fra:1 Mem:95.06M (Peak 95.06M) | Time:00:00.15 | Remaining:00:00.14 | Mem:400.83M, Peak:400.83M | Scene, ViewLayer | Sample 1/24
Fra:1 Mem:113.07M (Peak 140.07M) | Time:00:01.57 | Mem:400.83M, Peak:400.83M | Scene, ViewLayer | Sample 24/24
Fra:1 Mem:113.07M (Peak 140.07M) | Time:00:01.57 | Mem:400.83M, Peak:400.83M | Scene, ViewLayer | Finished
Saved: '/home/cbsim/ws/slime-workflow/.tmp/mannequin-reference-refinement/2026-09-23_07-33-20/down_left-01.png'
Time: 00:01.69 (Saving: 00:00.03)

Fra:4 Mem:39.37M (Peak 39.37M) | Time:00:00.08 | Mem:0.00M, Peak:0.00M | Scene, ViewLayer | Synchronizing object | key
Fra:4 Mem:39.37M (Peak 39.37M) | Time:00:00.08 | Mem:0.00M, Peak:0.00M | Scene, ViewLayer | Synchronizing object | head-shell-part
Fra:4 Mem:39.38M (Peak 39.38M) | Time:00:00.08 | Mem:0.00M, Peak:0.00M | Scene, ViewLayer | Synchronizing object | abdomen-shell-part
Fra:4 Mem:39.40M (Peak 39.40M) | Time:00:00.08 | Mem:0.00M, Peak:0.00M | Scene, ViewLayer | Synchronizing object | head-pivot-ball
Fra:4 Mem:39.42M (Peak 39.42M) | Time:00:00.08 | Mem:0.00M, Peak:0.00M | Scene, ViewLayer | Synchronizing object | left-hand-shell
Fra:4 Mem:39.51M (Peak 39.51M) | Time:00:00.08 | Mem:0.00M, Peak:0.00M | Scene, ViewLayer | Synchronizing object | left-shoulder-ball
Fra:4 Mem:39.56M (Peak 39.56M) | Time:00:00.08 | Mem:0.00M, Peak:0.00M | Scene, ViewLayer | Synchronizing object | left-wrist-ball
Fra:4 Mem:39.91M (Peak 39.91M) | Time:00:00.08 | Mem:0.00M, Peak:0.00M | Scene, ViewLayer | Synchronizing object | left-hip-ball
Fra:4 Mem:40.10M (Peak 40.10M) | Time:00:00.08 | Mem:0.00M, Peak:0.00M | Scene, ViewLayer | Synchronizing object | right-forearm-shell
Fra:4 Mem:40.16M (Peak 40.16M) | Time:00:00.08 | Mem:0.00M, Peak:0.00M | Scene, ViewLayer | Synchronizing object | right-thigh-shell
Fra:4 Mem:40.48M (Peak 40.48M) | Time:00:00.08 | Mem:0.00M, Peak:0.00M | Scene, ViewLayer | Synchronizing object | right-shoulder-ball
Fra:4 Mem:40.55M (Peak 40.55M) | Time:00:00.08 | Mem:0.00M, Peak:0.00M | Scene, ViewLayer | Synchronizing object | right-elbow-ball
Fra:4 Mem:41.01M (Peak 41.01M) | Time:00:00.08 | Mem:0.00M, Peak:0.00M | Scene, ViewLayer | Synchronizing object | right-wrist-ball
Fra:4 Mem:41.14M (Peak 41.14M) | Time:00:00.08 | Mem:0.00M, Peak:0.00M | Scene, ViewLayer | Synchronizing object | right-hip-ball
Fra:4 Mem:41.86M (Peak 41.86M) | Time:00:00.08 | Mem:0.00M, Peak:0.00M | Scene, ViewLayer | Synchronizing object | right-knee-ball
Fra:4 Mem:47.29M (Peak 48.50M) | Time:00:00.09 | Mem:0.00M, Peak:0.00M | Scene, ViewLayer | Initializing
Fra:4 Mem:39.41M (Peak 48.50M) | Time:00:00.09 | Mem:0.00M, Peak:0.00M | Scene, ViewLayer | Waiting for render to start
Fra:4 Mem:39.41M (Peak 48.50M) | Time:00:00.09 | Mem:0.00M, Peak:0.00M | Scene, ViewLayer | Updating Scene
Fra:4 Mem:39.41M (Peak 48.50M) | Time:00:00.09 | Mem:0.00M, Peak:0.00M | Scene, ViewLayer | Updating Shaders
Fra:4 Mem:39.41M (Peak 48.50M) | Time:00:00.09 | Mem:0.00M, Peak:0.00M | Scene, ViewLayer | Loading render kernels (may take a few minutes the first time)
Fra:4 Mem:39.49M (Peak 67.51M) | Time:00:00.13 | Mem:0.00M, Peak:0.00M | Scene, ViewLayer | Updating Procedurals
Fra:4 Mem:39.49M (Peak 67.51M) | Time:00:00.13 | Mem:0.00M, Peak:0.00M | Scene, ViewLayer | Updating Background
Fra:4 Mem:39.49M (Peak 67.51M) | Time:00:00.13 | Mem:0.00M, Peak:0.00M | Scene, ViewLayer | Updating Camera
Fra:4 Mem:39.49M (Peak 67.51M) | Time:00:00.13 | Mem:0.00M, Peak:0.00M | Scene, ViewLayer | Updating Meshes Flags
Fra:4 Mem:39.49M (Peak 67.51M) | Time:00:00.13 | Mem:0.00M, Peak:0.00M | Scene, ViewLayer | Updating Objects
Fra:4 Mem:39.49M (Peak 67.51M) | Time:00:00.13 | Mem:0.00M, Peak:0.00M | Scene, ViewLayer | Updating Objects | Copying Transformations to device
Fra:4 Mem:39.50M (Peak 67.51M) | Time:00:00.13 | Mem:0.01M, Peak:0.01M | Scene, ViewLayer | Updating Particle Systems
Fra:4 Mem:39.50M (Peak 67.51M) | Time:00:00.13 | Mem:0.01M, Peak:0.01M | Scene, ViewLayer | Updating Particle Systems | Copying Particles to device
Fra:4 Mem:39.50M (Peak 67.51M) | Time:00:00.13 | Mem:0.01M, Peak:0.01M | Scene, ViewLayer | Updating Meshes
Fra:4 Mem:39.50M (Peak 67.51M) | Time:00:00.13 | Mem:0.01M, Peak:0.01M | Scene, ViewLayer | Updating Objects | Applying Static Transformations
Fra:4 Mem:39.50M (Peak 67.51M) | Time:00:00.13 | Mem:0.01M, Peak:0.01M | Scene, ViewLayer | Updating Mesh | Computing attributes
Fra:4 Mem:40.06M (Peak 67.51M) | Time:00:00.13 | Mem:0.01M, Peak:0.01M | Scene, ViewLayer | Updating Mesh | Copying Attributes to device
Fra:4 Mem:40.06M (Peak 67.51M) | Time:00:00.13 | Mem:0.57M, Peak:0.57M | Scene, ViewLayer | Updating Scene BVH | Building
Fra:4 Mem:40.06M (Peak 67.51M) | Time:00:00.13 | Mem:0.57M, Peak:0.57M | Scene, ViewLayer | Updating Scene BVH | Building BVH
Fra:4 Mem:45.62M (Peak 67.51M) | Time:00:00.14 | Mem:0.57M, Peak:0.57M | Scene, ViewLayer | Updating Scene BVH | Packing BVH triangles and strands
Fra:4 Mem:45.99M (Peak 67.51M) | Time:00:00.14 | Mem:0.57M, Peak:0.57M | Scene, ViewLayer | Updating Scene BVH | Packing BVH nodes
Fra:4 Mem:45.68M (Peak 67.51M) | Time:00:00.14 | Mem:0.57M, Peak:0.57M | Scene, ViewLayer | Updating Scene BVH | Copying BVH to device
Fra:4 Mem:45.68M (Peak 67.51M) | Time:00:00.14 | Mem:3.38M, Peak:3.38M | Scene, ViewLayer | Updating Mesh | Computing normals
Fra:4 Mem:48.28M (Peak 67.51M) | Time:00:00.14 | Mem:3.38M, Peak:3.38M | Scene, ViewLayer | Updating Mesh | Copying Mesh to device
Fra:4 Mem:48.28M (Peak 67.51M) | Time:00:00.14 | Mem:5.98M, Peak:5.98M | Scene, ViewLayer | Updating Objects Flags
Fra:4 Mem:48.28M (Peak 67.51M) | Time:00:00.14 | Mem:5.98M, Peak:5.98M | Scene, ViewLayer | Updating Primitive Offsets
Fra:4 Mem:48.28M (Peak 67.51M) | Time:00:00.14 | Mem:5.98M, Peak:5.98M | Scene, ViewLayer | Updating Images
Fra:4 Mem:48.28M (Peak 67.51M) | Time:00:00.14 | Mem:5.98M, Peak:5.98M | Scene, ViewLayer | Updating Camera Volume
Fra:4 Mem:48.28M (Peak 67.51M) | Time:00:00.14 | Mem:5.98M, Peak:5.98M | Scene, ViewLayer | Updating Lookup Tables
Fra:4 Mem:48.28M (Peak 67.51M) | Time:00:00.14 | Mem:6.06M, Peak:6.06M | Scene, ViewLayer | Updating Lights
Fra:4 Mem:48.28M (Peak 67.51M) | Time:00:00.14 | Mem:6.06M, Peak:6.06M | Scene, ViewLayer | Updating Lights | Computing tree
Fra:4 Mem:48.28M (Peak 67.51M) | Time:00:00.14 | Mem:6.06M, Peak:6.06M | Scene, ViewLayer | Updating Integrator
Fra:4 Mem:48.28M (Peak 67.51M) | Time:00:00.14 | Mem:6.06M, Peak:6.06M | Scene, ViewLayer | Updating Film
Fra:4 Mem:48.28M (Peak 67.51M) | Time:00:00.14 | Mem:5.98M, Peak:6.06M | Scene, ViewLayer | Updating Lookup Tables
Fra:4 Mem:48.28M (Peak 67.51M) | Time:00:00.14 | Mem:6.07M, Peak:6.07M | Scene, ViewLayer | Updating Baking
Fra:4 Mem:48.28M (Peak 67.51M) | Time:00:00.14 | Mem:6.07M, Peak:6.07M | Scene, ViewLayer | Updating Device | Writing constant memory
Fra:4 Mem:48.29M (Peak 67.51M) | Time:00:00.14 | Mem:6.07M, Peak:6.07M | Scene, ViewLayer | Loading denoising kernels (may take a few minutes the first time)
Fra:4 Mem:52.29M (Peak 67.51M) | Time:00:00.15 | Mem:358.07M, Peak:358.07M | Scene, ViewLayer | Sample 0/24
Fra:4 Mem:95.04M (Peak 95.04M) | Time:00:00.15 | Remaining:00:00.14 | Mem:400.82M, Peak:400.82M | Scene, ViewLayer | Sample 1/24
Fra:4 Mem:113.05M (Peak 140.05M) | Time:00:01.57 | Mem:400.82M, Peak:400.82M | Scene, ViewLayer | Sample 24/24
Fra:4 Mem:113.05M (Peak 140.05M) | Time:00:01.57 | Mem:400.82M, Peak:400.82M | Scene, ViewLayer | Finished
Saved: '/home/cbsim/ws/slime-workflow/.tmp/mannequin-reference-refinement/2026-09-23_07-33-20/down_left-02.png'
Time: 00:01.70 (Saving: 00:00.03)

Fra:7 Mem:39.37M (Peak 39.37M) | Time:00:00.08 | Mem:0.00M, Peak:0.00M | Scene, ViewLayer | Synchronizing object | key
Fra:7 Mem:39.37M (Peak 39.37M) | Time:00:00.08 | Mem:0.00M, Peak:0.00M | Scene, ViewLayer | Synchronizing object | fill
Fra:7 Mem:39.37M (Peak 39.37M) | Time:00:00.08 | Mem:0.00M, Peak:0.00M | Scene, ViewLayer | Synchronizing object | head-shell-part
Fra:7 Mem:39.38M (Peak 39.38M) | Time:00:00.08 | Mem:0.00M, Peak:0.00M | Scene, ViewLayer | Synchronizing object | chest-shell-part
Fra:7 Mem:39.42M (Peak 39.42M) | Time:00:00.08 | Mem:0.00M, Peak:0.00M | Scene, ViewLayer | Synchronizing object | abdomen-shell-part
Fra:7 Mem:39.43M (Peak 39.43M) | Time:00:00.08 | Mem:0.00M, Peak:0.00M | Scene, ViewLayer | Synchronizing object | right-ankle-ball
Fra:7 Mem:39.58M (Peak 39.58M) | Time:00:00.08 | Mem:0.00M, Peak:0.00M | Scene, ViewLayer | Synchronizing object | pelvis-shell-part
Fra:7 Mem:39.88M (Peak 39.88M) | Time:00:00.08 | Mem:0.00M, Peak:0.00M | Scene, ViewLayer | Synchronizing object | left-upper-arm-shell
Fra:7 Mem:40.33M (Peak 40.33M) | Time:00:00.08 | Mem:0.00M, Peak:0.00M | Scene, ViewLayer | Synchronizing object | left-shin-shell
Fra:7 Mem:40.68M (Peak 40.68M) | Time:00:00.08 | Mem:0.00M, Peak:0.00M | Scene, ViewLayer | Synchronizing object | left-elbow-ball
Fra:7 Mem:40.97M (Peak 40.97M) | Time:00:00.08 | Mem:0.00M, Peak:0.00M | Scene, ViewLayer | Synchronizing object | right-forearm-shell
Fra:7 Mem:41.40M (Peak 41.40M) | Time:00:00.08 | Mem:0.00M, Peak:0.00M | Scene, ViewLayer | Synchronizing object | right-shin-shell
Fra:7 Mem:41.42M (Peak 41.42M) | Time:00:00.08 | Mem:0.00M, Peak:0.00M | Scene, ViewLayer | Synchronizing object | right-foot-shell
Fra:7 Mem:41.66M (Peak 41.66M) | Time:00:00.08 | Mem:0.00M, Peak:0.00M | Scene, ViewLayer | Synchronizing object | right-shoulder-ball
Fra:7 Mem:41.66M (Peak 41.66M) | Time:00:00.08 | Mem:0.00M, Peak:0.00M | Scene, ViewLayer | Synchronizing object | right-elbow-ball
Fra:7 Mem:41.75M (Peak 41.75M) | Time:00:00.08 | Mem:0.00M, Peak:0.00M | Scene, ViewLayer | Synchronizing object | right-hip-ball
Fra:7 Mem:42.23M (Peak 42.23M) | Time:00:00.08 | Mem:0.00M, Peak:0.00M | Scene, ViewLayer | Synchronizing object | right-wrist-ball
Fra:7 Mem:47.29M (Peak 47.90M) | Time:00:00.08 | Mem:0.00M, Peak:0.00M | Scene, ViewLayer | Initializing
Fra:7 Mem:39.41M (Peak 47.90M) | Time:00:00.08 | Mem:0.00M, Peak:0.00M | Scene, ViewLayer | Waiting for render to start
Fra:7 Mem:39.41M (Peak 47.90M) | Time:00:00.08 | Mem:0.00M, Peak:0.00M | Scene, ViewLayer | Updating Scene
Fra:7 Mem:39.41M (Peak 47.90M) | Time:00:00.08 | Mem:0.00M, Peak:0.00M | Scene, ViewLayer | Updating Shaders
Fra:7 Mem:39.41M (Peak 47.90M) | Time:00:00.08 | Mem:0.00M, Peak:0.00M | Scene, ViewLayer | Loading render kernels (may take a few minutes the first time)
Fra:7 Mem:39.49M (Peak 67.51M) | Time:00:00.12 | Mem:0.00M, Peak:0.00M | Scene, ViewLayer | Updating Procedurals
Fra:7 Mem:39.49M (Peak 67.51M) | Time:00:00.12 | Mem:0.00M, Peak:0.00M | Scene, ViewLayer | Updating Background
Fra:7 Mem:39.49M (Peak 67.51M) | Time:00:00.12 | Mem:0.00M, Peak:0.00M | Scene, ViewLayer | Updating Camera
Fra:7 Mem:39.49M (Peak 67.51M) | Time:00:00.12 | Mem:0.00M, Peak:0.00M | Scene, ViewLayer | Updating Meshes Flags
Fra:7 Mem:39.49M (Peak 67.51M) | Time:00:00.12 | Mem:0.00M, Peak:0.00M | Scene, ViewLayer | Updating Objects
Fra:7 Mem:39.49M (Peak 67.51M) | Time:00:00.12 | Mem:0.00M, Peak:0.00M | Scene, ViewLayer | Updating Objects | Copying Transformations to device
Fra:7 Mem:39.50M (Peak 67.51M) | Time:00:00.12 | Mem:0.01M, Peak:0.01M | Scene, ViewLayer | Updating Particle Systems
Fra:7 Mem:39.50M (Peak 67.51M) | Time:00:00.12 | Mem:0.01M, Peak:0.01M | Scene, ViewLayer | Updating Particle Systems | Copying Particles to device
Fra:7 Mem:39.50M (Peak 67.51M) | Time:00:00.12 | Mem:0.01M, Peak:0.01M | Scene, ViewLayer | Updating Meshes
Fra:7 Mem:39.50M (Peak 67.51M) | Time:00:00.12 | Mem:0.01M, Peak:0.01M | Scene, ViewLayer | Updating Objects | Applying Static Transformations
Fra:7 Mem:39.50M (Peak 67.51M) | Time:00:00.12 | Mem:0.01M, Peak:0.01M | Scene, ViewLayer | Updating Mesh | Computing attributes
Fra:7 Mem:40.06M (Peak 67.51M) | Time:00:00.12 | Mem:0.01M, Peak:0.01M | Scene, ViewLayer | Updating Mesh | Copying Attributes to device
Fra:7 Mem:40.06M (Peak 67.51M) | Time:00:00.12 | Mem:0.57M, Peak:0.57M | Scene, ViewLayer | Updating Scene BVH | Building
Fra:7 Mem:40.06M (Peak 67.51M) | Time:00:00.12 | Mem:0.57M, Peak:0.57M | Scene, ViewLayer | Updating Scene BVH | Building BVH
Fra:7 Mem:45.62M (Peak 67.51M) | Time:00:00.13 | Mem:0.57M, Peak:0.57M | Scene, ViewLayer | Updating Scene BVH | Packing BVH triangles and strands
Fra:7 Mem:45.99M (Peak 67.51M) | Time:00:00.13 | Mem:0.57M, Peak:0.57M | Scene, ViewLayer | Updating Scene BVH | Packing BVH nodes
Fra:7 Mem:45.71M (Peak 67.51M) | Time:00:00.13 | Mem:0.57M, Peak:0.57M | Scene, ViewLayer | Updating Scene BVH | Copying BVH to device
Fra:7 Mem:45.71M (Peak 67.51M) | Time:00:00.14 | Mem:3.40M, Peak:3.40M | Scene, ViewLayer | Updating Mesh | Computing normals
Fra:7 Mem:48.31M (Peak 67.51M) | Time:00:00.14 | Mem:3.40M, Peak:3.40M | Scene, ViewLayer | Updating Mesh | Copying Mesh to device
Fra:7 Mem:48.31M (Peak 67.51M) | Time:00:00.14 | Mem:6.00M, Peak:6.00M | Scene, ViewLayer | Updating Objects Flags
Fra:7 Mem:48.31M (Peak 67.51M) | Time:00:00.14 | Mem:6.00M, Peak:6.00M | Scene, ViewLayer | Updating Primitive Offsets
Fra:7 Mem:48.31M (Peak 67.51M) | Time:00:00.14 | Mem:6.00M, Peak:6.00M | Scene, ViewLayer | Updating Images
Fra:7 Mem:48.31M (Peak 67.51M) | Time:00:00.14 | Mem:6.00M, Peak:6.00M | Scene, ViewLayer | Updating Camera Volume
Fra:7 Mem:48.31M (Peak 67.51M) | Time:00:00.14 | Mem:6.00M, Peak:6.00M | Scene, ViewLayer | Updating Lookup Tables
Fra:7 Mem:48.31M (Peak 67.51M) | Time:00:00.14 | Mem:6.08M, Peak:6.08M | Scene, ViewLayer | Updating Lights
Fra:7 Mem:48.31M (Peak 67.51M) | Time:00:00.14 | Mem:6.08M, Peak:6.08M | Scene, ViewLayer | Updating Lights | Computing tree
Fra:7 Mem:48.31M (Peak 67.51M) | Time:00:00.14 | Mem:6.08M, Peak:6.08M | Scene, ViewLayer | Updating Integrator
Fra:7 Mem:48.31M (Peak 67.51M) | Time:00:00.14 | Mem:6.08M, Peak:6.08M | Scene, ViewLayer | Updating Film
Fra:7 Mem:48.32M (Peak 67.51M) | Time:00:00.14 | Mem:6.00M, Peak:6.08M | Scene, ViewLayer | Updating Lookup Tables
Fra:7 Mem:48.32M (Peak 67.51M) | Time:00:00.14 | Mem:6.08M, Peak:6.08M | Scene, ViewLayer | Updating Baking
Fra:7 Mem:48.32M (Peak 67.51M) | Time:00:00.14 | Mem:6.08M, Peak:6.08M | Scene, ViewLayer | Updating Device | Writing constant memory
Fra:7 Mem:48.32M (Peak 67.51M) | Time:00:00.14 | Mem:6.08M, Peak:6.08M | Scene, ViewLayer | Loading denoising kernels (may take a few minutes the first time)
Fra:7 Mem:52.32M (Peak 67.51M) | Time:00:00.14 | Mem:358.09M, Peak:358.09M | Scene, ViewLayer | Sample 0/24
Fra:7 Mem:95.08M (Peak 95.08M) | Time:00:00.15 | Remaining:00:00.14 | Mem:400.84M, Peak:400.84M | Scene, ViewLayer | Sample 1/24
2026-09-23T07:34:12+0900/hunyuan-rig/heartbeat {'stage': 'down_left', 'frame': 7} images=7
Fra:7 Mem:113.08M (Peak 140.08M) | Time:00:01.57 | Mem:400.84M, Peak:400.84M | Scene, ViewLayer | Sample 24/24
Fra:7 Mem:113.08M (Peak 140.08M) | Time:00:01.57 | Mem:400.84M, Peak:400.84M | Scene, ViewLayer | Finished
Saved: '/home/cbsim/ws/slime-workflow/.tmp/mannequin-reference-refinement/2026-09-23_07-33-20/down_left-03.png'
Time: 00:01.69 (Saving: 00:00.03)

Fra:10 Mem:39.37M (Peak 39.37M) | Time:00:00.07 | Mem:0.00M, Peak:0.00M | Scene, ViewLayer | Synchronizing object | key
Fra:10 Mem:39.37M (Peak 39.37M) | Time:00:00.07 | Mem:0.00M, Peak:0.00M | Scene, ViewLayer | Synchronizing object | head-shell-part
Fra:10 Mem:39.40M (Peak 39.40M) | Time:00:00.07 | Mem:0.00M, Peak:0.00M | Scene, ViewLayer | Synchronizing object | right-ankle-ball
Fra:10 Mem:39.56M (Peak 39.56M) | Time:00:00.08 | Mem:0.00M, Peak:0.00M | Scene, ViewLayer | Synchronizing object | neck-shell-part
Fra:10 Mem:39.56M (Peak 39.56M) | Time:00:00.08 | Mem:0.00M, Peak:0.00M | Scene, ViewLayer | Synchronizing object | abdomen-shell-part
Fra:10 Mem:39.61M (Peak 39.63M) | Time:00:00.08 | Mem:0.00M, Peak:0.00M | Scene, ViewLayer | Synchronizing object | head-pivot-ball
Fra:10 Mem:39.70M (Peak 39.70M) | Time:00:00.08 | Mem:0.00M, Peak:0.00M | Scene, ViewLayer | Synchronizing object | right-hip-ball
Fra:10 Mem:39.84M (Peak 39.84M) | Time:00:00.08 | Mem:0.00M, Peak:0.00M | Scene, ViewLayer | Synchronizing object | left-forearm-shell
Fra:10 Mem:39.84M (Peak 39.84M) | Time:00:00.08 | Mem:0.00M, Peak:0.00M | Scene, ViewLayer | Synchronizing object | left-hip-ball
Fra:10 Mem:39.86M (Peak 39.86M) | Time:00:00.08 | Mem:0.00M, Peak:0.00M | Scene, ViewLayer | Synchronizing object | left-ankle-ball
Fra:10 Mem:40.11M (Peak 40.11M) | Time:00:00.08 | Mem:0.00M, Peak:0.00M | Scene, ViewLayer | Synchronizing object | right-forearm-shell
Fra:10 Mem:40.15M (Peak 40.15M) | Time:00:00.08 | Mem:0.00M, Peak:0.00M | Scene, ViewLayer | Synchronizing object | right-thigh-shell
Fra:10 Mem:40.21M (Peak 40.21M) | Time:00:00.08 | Mem:0.00M, Peak:0.00M | Scene, ViewLayer | Synchronizing object | right-shin-shell
Fra:10 Mem:40.71M (Peak 40.71M) | Time:00:00.08 | Mem:0.00M, Peak:0.00M | Scene, ViewLayer | Synchronizing object | right-elbow-ball
Fra:10 Mem:47.29M (Peak 48.18M) | Time:00:00.08 | Mem:0.00M, Peak:0.00M | Scene, ViewLayer | Initializing
Fra:10 Mem:39.41M (Peak 48.18M) | Time:00:00.08 | Mem:0.00M, Peak:0.00M | Scene, ViewLayer | Waiting for render to start
Fra:10 Mem:39.41M (Peak 48.18M) | Time:00:00.08 | Mem:0.00M, Peak:0.00M | Scene, ViewLayer | Updating Scene
Fra:10 Mem:39.41M (Peak 48.18M) | Time:00:00.08 | Mem:0.00M, Peak:0.00M | Scene, ViewLayer | Updating Shaders
Fra:10 Mem:39.41M (Peak 48.18M) | Time:00:00.08 | Mem:0.00M, Peak:0.00M | Scene, ViewLayer | Loading render kernels (may take a few minutes the first time)
Fra:10 Mem:39.49M (Peak 67.51M) | Time:00:00.12 | Mem:0.00M, Peak:0.00M | Scene, ViewLayer | Updating Procedurals
Fra:10 Mem:39.49M (Peak 67.51M) | Time:00:00.12 | Mem:0.00M, Peak:0.00M | Scene, ViewLayer | Updating Background
Fra:10 Mem:39.49M (Peak 67.51M) | Time:00:00.12 | Mem:0.00M, Peak:0.00M | Scene, ViewLayer | Updating Camera
Fra:10 Mem:39.49M (Peak 67.51M) | Time:00:00.12 | Mem:0.00M, Peak:0.00M | Scene, ViewLayer | Updating Meshes Flags
Fra:10 Mem:39.49M (Peak 67.51M) | Time:00:00.12 | Mem:0.00M, Peak:0.00M | Scene, ViewLayer | Updating Objects
Fra:10 Mem:39.49M (Peak 67.51M) | Time:00:00.12 | Mem:0.00M, Peak:0.00M | Scene, ViewLayer | Updating Objects | Copying Transformations to device
Fra:10 Mem:39.50M (Peak 67.51M) | Time:00:00.12 | Mem:0.01M, Peak:0.01M | Scene, ViewLayer | Updating Particle Systems
Fra:10 Mem:39.50M (Peak 67.51M) | Time:00:00.12 | Mem:0.01M, Peak:0.01M | Scene, ViewLayer | Updating Particle Systems | Copying Particles to device
Fra:10 Mem:39.50M (Peak 67.51M) | Time:00:00.12 | Mem:0.01M, Peak:0.01M | Scene, ViewLayer | Updating Meshes
Fra:10 Mem:39.50M (Peak 67.51M) | Time:00:00.12 | Mem:0.01M, Peak:0.01M | Scene, ViewLayer | Updating Objects | Applying Static Transformations
Fra:10 Mem:39.50M (Peak 67.51M) | Time:00:00.12 | Mem:0.01M, Peak:0.01M | Scene, ViewLayer | Updating Mesh | Computing attributes
Fra:10 Mem:40.06M (Peak 67.51M) | Time:00:00.12 | Mem:0.01M, Peak:0.01M | Scene, ViewLayer | Updating Mesh | Copying Attributes to device
Fra:10 Mem:40.06M (Peak 67.51M) | Time:00:00.12 | Mem:0.57M, Peak:0.57M | Scene, ViewLayer | Updating Scene BVH | Building
Fra:10 Mem:40.06M (Peak 67.51M) | Time:00:00.12 | Mem:0.57M, Peak:0.57M | Scene, ViewLayer | Updating Scene BVH | Building BVH
Fra:10 Mem:45.62M (Peak 67.51M) | Time:00:00.13 | Mem:0.57M, Peak:0.57M | Scene, ViewLayer | Updating Scene BVH | Packing BVH triangles and strands
Fra:10 Mem:45.99M (Peak 67.51M) | Time:00:00.13 | Mem:0.57M, Peak:0.57M | Scene, ViewLayer | Updating Scene BVH | Packing BVH nodes
Fra:10 Mem:45.71M (Peak 67.51M) | Time:00:00.14 | Mem:0.57M, Peak:0.57M | Scene, ViewLayer | Updating Scene BVH | Copying BVH to device
Fra:10 Mem:45.71M (Peak 67.51M) | Time:00:00.14 | Mem:3.40M, Peak:3.40M | Scene, ViewLayer | Updating Mesh | Computing normals
Fra:10 Mem:48.31M (Peak 67.51M) | Time:00:00.14 | Mem:3.40M, Peak:3.40M | Scene, ViewLayer | Updating Mesh | Copying Mesh to device
Fra:10 Mem:48.31M (Peak 67.51M) | Time:00:00.14 | Mem:6.00M, Peak:6.00M | Scene, ViewLayer | Updating Objects Flags
Fra:10 Mem:48.31M (Peak 67.51M) | Time:00:00.14 | Mem:6.00M, Peak:6.00M | Scene, ViewLayer | Updating Primitive Offsets
Fra:10 Mem:48.31M (Peak 67.51M) | Time:00:00.14 | Mem:6.00M, Peak:6.00M | Scene, ViewLayer | Updating Images
Fra:10 Mem:48.31M (Peak 67.51M) | Time:00:00.14 | Mem:6.00M, Peak:6.00M | Scene, ViewLayer | Updating Camera Volume
Fra:10 Mem:48.31M (Peak 67.51M) | Time:00:00.14 | Mem:6.00M, Peak:6.00M | Scene, ViewLayer | Updating Lookup Tables
Fra:10 Mem:48.31M (Peak 67.51M) | Time:00:00.14 | Mem:6.08M, Peak:6.08M | Scene, ViewLayer | Updating Lights
Fra:10 Mem:48.31M (Peak 67.51M) | Time:00:00.14 | Mem:6.08M, Peak:6.08M | Scene, ViewLayer | Updating Lights | Computing tree
Fra:10 Mem:48.31M (Peak 67.51M) | Time:00:00.14 | Mem:6.08M, Peak:6.08M | Scene, ViewLayer | Updating Integrator
Fra:10 Mem:48.31M (Peak 67.51M) | Time:00:00.14 | Mem:6.08M, Peak:6.08M | Scene, ViewLayer | Updating Film
Fra:10 Mem:48.32M (Peak 67.51M) | Time:00:00.14 | Mem:6.00M, Peak:6.08M | Scene, ViewLayer | Updating Lookup Tables
Fra:10 Mem:48.32M (Peak 67.51M) | Time:00:00.14 | Mem:6.08M, Peak:6.08M | Scene, ViewLayer | Updating Baking
Fra:10 Mem:48.32M (Peak 67.51M) | Time:00:00.14 | Mem:6.08M, Peak:6.08M | Scene, ViewLayer | Updating Device | Writing constant memory
Fra:10 Mem:48.32M (Peak 67.51M) | Time:00:00.14 | Mem:6.08M, Peak:6.08M | Scene, ViewLayer | Loading denoising kernels (may take a few minutes the first time)
Fra:10 Mem:52.32M (Peak 67.51M) | Time:00:00.14 | Mem:358.09M, Peak:358.09M | Scene, ViewLayer | Sample 0/24
Fra:10 Mem:95.07M (Peak 95.07M) | Time:00:00.15 | Remaining:00:00.14 | Mem:400.84M, Peak:400.84M | Scene, ViewLayer | Sample 1/24
Fra:10 Mem:113.08M (Peak 140.08M) | Time:00:01.58 | Mem:400.84M, Peak:400.84M | Scene, ViewLayer | Sample 24/24
Fra:10 Mem:113.08M (Peak 140.08M) | Time:00:01.58 | Mem:400.84M, Peak:400.84M | Scene, ViewLayer | Finished
Saved: '/home/cbsim/ws/slime-workflow/.tmp/mannequin-reference-refinement/2026-09-23_07-33-20/down_left-04.png'
Time: 00:01.70 (Saving: 00:00.03)

Fra:13 Mem:39.37M (Peak 39.37M) | Time:00:00.07 | Mem:0.00M, Peak:0.00M | Scene, ViewLayer | Synchronizing object | key
Fra:13 Mem:39.37M (Peak 39.37M) | Time:00:00.07 | Mem:0.00M, Peak:0.00M | Scene, ViewLayer | Synchronizing object | head-shell-part
Fra:13 Mem:39.40M (Peak 39.40M) | Time:00:00.07 | Mem:0.00M, Peak:0.00M | Scene, ViewLayer | Synchronizing object | chest-shell-part
Fra:13 Mem:39.40M (Peak 39.40M) | Time:00:00.07 | Mem:0.00M, Peak:0.00M | Scene, ViewLayer | Synchronizing object | left-forearm-shell
Fra:13 Mem:39.64M (Peak 39.64M) | Time:00:00.07 | Mem:0.00M, Peak:0.00M | Scene, ViewLayer | Synchronizing object | left-thigh-shell
Fra:13 Mem:39.67M (Peak 39.67M) | Time:00:00.07 | Mem:0.00M, Peak:0.00M | Scene, ViewLayer | Synchronizing object | right-knee-ball
Fra:13 Mem:40.13M (Peak 40.13M) | Time:00:00.07 | Mem:0.00M, Peak:0.00M | Scene, ViewLayer | Synchronizing object | left-foot-shell
Fra:13 Mem:40.29M (Peak 40.29M) | Time:00:00.07 | Mem:0.00M, Peak:0.00M | Scene, ViewLayer | Synchronizing object | left-knee-ball
Fra:13 Mem:40.30M (Peak 40.30M) | Time:00:00.07 | Mem:0.00M, Peak:0.00M | Scene, ViewLayer | Synchronizing object | right-upper-arm-shell
Fra:13 Mem:41.02M (Peak 41.02M) | Time:00:00.07 | Mem:0.00M, Peak:0.00M | Scene, ViewLayer | Synchronizing object | right-thigh-shell
Fra:13 Mem:41.70M (Peak 41.70M) | Time:00:00.07 | Mem:0.00M, Peak:0.00M | Scene, ViewLayer | Synchronizing object | right-foot-shell
Fra:13 Mem:42.46M (Peak 42.46M) | Time:00:00.07 | Mem:0.00M, Peak:0.00M | Scene, ViewLayer | Synchronizing object | right-wrist-ball
Fra:13 Mem:42.47M (Peak 42.47M) | Time:00:00.07 | Mem:0.00M, Peak:0.00M | Scene, ViewLayer | Synchronizing object | right-shoulder-ball
Fra:13 Mem:42.83M (Peak 42.83M) | Time:00:00.07 | Mem:0.00M, Peak:0.00M | Scene, ViewLayer | Synchronizing object | right-elbow-ball
Fra:13 Mem:47.29M (Peak 48.18M) | Time:00:00.08 | Mem:0.00M, Peak:0.00M | Scene, ViewLayer | Initializing
Fra:13 Mem:39.41M (Peak 48.18M) | Time:00:00.08 | Mem:0.00M, Peak:0.00M | Scene, ViewLayer | Waiting for render to start
Fra:13 Mem:39.41M (Peak 48.18M) | Time:00:00.08 | Mem:0.00M, Peak:0.00M | Scene, ViewLayer | Updating Scene
Fra:13 Mem:39.41M (Peak 48.18M) | Time:00:00.08 | Mem:0.00M, Peak:0.00M | Scene, ViewLayer | Updating Shaders
Fra:13 Mem:39.41M (Peak 48.18M) | Time:00:00.08 | Mem:0.00M, Peak:0.00M | Scene, ViewLayer | Loading render kernels (may take a few minutes the first time)
Fra:13 Mem:39.49M (Peak 67.51M) | Time:00:00.12 | Mem:0.00M, Peak:0.00M | Scene, ViewLayer | Updating Procedurals
Fra:13 Mem:39.49M (Peak 67.51M) | Time:00:00.12 | Mem:0.00M, Peak:0.00M | Scene, ViewLayer | Updating Background
Fra:13 Mem:39.49M (Peak 67.51M) | Time:00:00.12 | Mem:0.00M, Peak:0.00M | Scene, ViewLayer | Updating Camera
Fra:13 Mem:39.49M (Peak 67.51M) | Time:00:00.12 | Mem:0.00M, Peak:0.00M | Scene, ViewLayer | Updating Meshes Flags
Fra:13 Mem:39.49M (Peak 67.51M) | Time:00:00.12 | Mem:0.00M, Peak:0.00M | Scene, ViewLayer | Updating Objects
Fra:13 Mem:39.49M (Peak 67.51M) | Time:00:00.12 | Mem:0.00M, Peak:0.00M | Scene, ViewLayer | Updating Objects | Copying Transformations to device
Fra:13 Mem:39.50M (Peak 67.51M) | Time:00:00.12 | Mem:0.01M, Peak:0.01M | Scene, ViewLayer | Updating Particle Systems
Fra:13 Mem:39.50M (Peak 67.51M) | Time:00:00.12 | Mem:0.01M, Peak:0.01M | Scene, ViewLayer | Updating Particle Systems | Copying Particles to device
Fra:13 Mem:39.50M (Peak 67.51M) | Time:00:00.12 | Mem:0.01M, Peak:0.01M | Scene, ViewLayer | Updating Meshes
Fra:13 Mem:39.50M (Peak 67.51M) | Time:00:00.12 | Mem:0.01M, Peak:0.01M | Scene, ViewLayer | Updating Objects | Applying Static Transformations
Fra:13 Mem:39.50M (Peak 67.51M) | Time:00:00.12 | Mem:0.01M, Peak:0.01M | Scene, ViewLayer | Updating Mesh | Computing attributes
Fra:13 Mem:40.06M (Peak 67.51M) | Time:00:00.12 | Mem:0.01M, Peak:0.01M | Scene, ViewLayer | Updating Mesh | Copying Attributes to device
Fra:13 Mem:40.06M (Peak 67.51M) | Time:00:00.12 | Mem:0.57M, Peak:0.57M | Scene, ViewLayer | Updating Scene BVH | Building
Fra:13 Mem:40.06M (Peak 67.51M) | Time:00:00.12 | Mem:0.57M, Peak:0.57M | Scene, ViewLayer | Updating Scene BVH | Building BVH
Fra:13 Mem:45.62M (Peak 67.51M) | Time:00:00.13 | Mem:0.57M, Peak:0.57M | Scene, ViewLayer | Updating Scene BVH | Packing BVH triangles and strands
Fra:13 Mem:45.99M (Peak 67.51M) | Time:00:00.13 | Mem:0.57M, Peak:0.57M | Scene, ViewLayer | Updating Scene BVH | Packing BVH nodes
Fra:13 Mem:45.72M (Peak 67.51M) | Time:00:00.13 | Mem:0.57M, Peak:0.57M | Scene, ViewLayer | Updating Scene BVH | Copying BVH to device
Fra:13 Mem:45.72M (Peak 67.51M) | Time:00:00.13 | Mem:3.40M, Peak:3.40M | Scene, ViewLayer | Updating Mesh | Computing normals
Fra:13 Mem:48.32M (Peak 67.51M) | Time:00:00.13 | Mem:3.40M, Peak:3.40M | Scene, ViewLayer | Updating Mesh | Copying Mesh to device
Fra:13 Mem:48.32M (Peak 67.51M) | Time:00:00.13 | Mem:6.00M, Peak:6.00M | Scene, ViewLayer | Updating Objects Flags
Fra:13 Mem:48.32M (Peak 67.51M) | Time:00:00.13 | Mem:6.00M, Peak:6.00M | Scene, ViewLayer | Updating Primitive Offsets
Fra:13 Mem:48.32M (Peak 67.51M) | Time:00:00.13 | Mem:6.00M, Peak:6.00M | Scene, ViewLayer | Updating Images
Fra:13 Mem:48.32M (Peak 67.51M) | Time:00:00.13 | Mem:6.00M, Peak:6.00M | Scene, ViewLayer | Updating Camera Volume
Fra:13 Mem:48.32M (Peak 67.51M) | Time:00:00.13 | Mem:6.00M, Peak:6.00M | Scene, ViewLayer | Updating Lookup Tables
Fra:13 Mem:48.32M (Peak 67.51M) | Time:00:00.13 | Mem:6.08M, Peak:6.08M | Scene, ViewLayer | Updating Lights
Fra:13 Mem:48.32M (Peak 67.51M) | Time:00:00.13 | Mem:6.08M, Peak:6.08M | Scene, ViewLayer | Updating Lights | Computing tree
Fra:13 Mem:48.32M (Peak 67.51M) | Time:00:00.13 | Mem:6.09M, Peak:6.09M | Scene, ViewLayer | Updating Integrator
Fra:13 Mem:48.32M (Peak 67.51M) | Time:00:00.13 | Mem:6.09M, Peak:6.09M | Scene, ViewLayer | Updating Film
Fra:13 Mem:48.33M (Peak 67.51M) | Time:00:00.13 | Mem:6.00M, Peak:6.09M | Scene, ViewLayer | Updating Lookup Tables
Fra:13 Mem:48.33M (Peak 67.51M) | Time:00:00.13 | Mem:6.09M, Peak:6.09M | Scene, ViewLayer | Updating Baking
Fra:13 Mem:48.33M (Peak 67.51M) | Time:00:00.13 | Mem:6.09M, Peak:6.09M | Scene, ViewLayer | Updating Device | Writing constant memory
Fra:13 Mem:48.33M (Peak 67.51M) | Time:00:00.13 | Mem:6.09M, Peak:6.09M | Scene, ViewLayer | Loading denoising kernels (may take a few minutes the first time)
Fra:13 Mem:52.33M (Peak 67.51M) | Time:00:00.14 | Mem:358.09M, Peak:358.09M | Scene, ViewLayer | Sample 0/24
Fra:13 Mem:95.08M (Peak 95.08M) | Time:00:00.14 | Remaining:00:00.15 | Mem:400.84M, Peak:400.84M | Scene, ViewLayer | Sample 1/24
Fra:13 Mem:113.09M (Peak 140.09M) | Time:00:01.57 | Mem:400.84M, Peak:400.84M | Scene, ViewLayer | Sample 24/24
Fra:13 Mem:113.09M (Peak 140.09M) | Time:00:01.57 | Mem:400.84M, Peak:400.84M | Scene, ViewLayer | Finished
Saved: '/home/cbsim/ws/slime-workflow/.tmp/mannequin-reference-refinement/2026-09-23_07-33-20/down_left-05.png'
Time: 00:01.70 (Saving: 00:00.03)

Fra:16 Mem:39.37M (Peak 39.37M) | Time:00:00.08 | Mem:0.00M, Peak:0.00M | Scene, ViewLayer | Synchronizing object | key
Fra:16 Mem:39.37M (Peak 39.37M) | Time:00:00.08 | Mem:0.00M, Peak:0.00M | Scene, ViewLayer | Synchronizing object | fill
Fra:16 Mem:39.38M (Peak 39.38M) | Time:00:00.08 | Mem:0.00M, Peak:0.00M | Scene, ViewLayer | Synchronizing object | right-ankle-ball
Fra:16 Mem:39.38M (Peak 39.38M) | Time:00:00.08 | Mem:0.00M, Peak:0.00M | Scene, ViewLayer | Synchronizing object | neck-shell-part
Fra:16 Mem:39.45M (Peak 39.45M) | Time:00:00.08 | Mem:0.00M, Peak:0.00M | Scene, ViewLayer | Synchronizing object | chest-shell-part
Fra:16 Mem:39.55M (Peak 39.55M) | Time:00:00.08 | Mem:0.00M, Peak:0.00M | Scene, ViewLayer | Synchronizing object | right-knee-ball
Fra:16 Mem:39.59M (Peak 39.59M) | Time:00:00.08 | Mem:0.00M, Peak:0.00M | Scene, ViewLayer | Synchronizing object | head-pivot-ball
Fra:16 Mem:39.78M (Peak 39.78M) | Time:00:00.08 | Mem:0.00M, Peak:0.00M | Scene, ViewLayer | Synchronizing object | left-forearm-shell
Fra:16 Mem:40.17M (Peak 40.17M) | Time:00:00.08 | Mem:0.00M, Peak:0.00M | Scene, ViewLayer | Synchronizing object | left-hand-shell
Fra:16 Mem:40.29M (Peak 40.29M) | Time:00:00.08 | Mem:0.00M, Peak:0.00M | Scene, ViewLayer | Synchronizing object | right-wrist-ball
Fra:16 Mem:40.48M (Peak 40.48M) | Time:00:00.08 | Mem:0.00M, Peak:0.00M | Scene, ViewLayer | Synchronizing object | left-shin-shell
Fra:16 Mem:40.49M (Peak 40.49M) | Time:00:00.08 | Mem:0.00M, Peak:0.00M | Scene, ViewLayer | Synchronizing object | right-upper-arm-shell
Fra:16 Mem:40.87M (Peak 40.87M) | Time:00:00.08 | Mem:0.00M, Peak:0.00M | Scene, ViewLayer | Synchronizing object | right-foot-shell
Fra:16 Mem:41.73M (Peak 41.73M) | Time:00:00.08 | Mem:0.00M, Peak:0.00M | Scene, ViewLayer | Synchronizing object | right-shoulder-ball
Fra:16 Mem:47.29M (Peak 49.07M) | Time:00:00.08 | Mem:0.00M, Peak:0.00M | Scene, ViewLayer | Initializing
Fra:16 Mem:39.41M (Peak 49.07M) | Time:00:00.08 | Mem:0.00M, Peak:0.00M | Scene, ViewLayer | Waiting for render to start
Fra:16 Mem:39.41M (Peak 49.07M) | Time:00:00.08 | Mem:0.00M, Peak:0.00M | Scene, ViewLayer | Updating Scene
Fra:16 Mem:39.41M (Peak 49.07M) | Time:00:00.08 | Mem:0.00M, Peak:0.00M | Scene, ViewLayer | Updating Shaders
Fra:16 Mem:39.41M (Peak 49.07M) | Time:00:00.08 | Mem:0.00M, Peak:0.00M | Scene, ViewLayer | Loading render kernels (may take a few minutes the first time)
Fra:16 Mem:39.49M (Peak 67.51M) | Time:00:00.12 | Mem:0.00M, Peak:0.00M | Scene, ViewLayer | Updating Procedurals
Fra:16 Mem:39.49M (Peak 67.51M) | Time:00:00.12 | Mem:0.00M, Peak:0.00M | Scene, ViewLayer | Updating Background
Fra:16 Mem:39.49M (Peak 67.51M) | Time:00:00.12 | Mem:0.00M, Peak:0.00M | Scene, ViewLayer | Updating Camera
Fra:16 Mem:39.49M (Peak 67.51M) | Time:00:00.12 | Mem:0.00M, Peak:0.00M | Scene, ViewLayer | Updating Meshes Flags
Fra:16 Mem:39.49M (Peak 67.51M) | Time:00:00.12 | Mem:0.00M, Peak:0.00M | Scene, ViewLayer | Updating Objects
Fra:16 Mem:39.49M (Peak 67.51M) | Time:00:00.12 | Mem:0.00M, Peak:0.00M | Scene, ViewLayer | Updating Objects | Copying Transformations to device
Fra:16 Mem:39.50M (Peak 67.51M) | Time:00:00.12 | Mem:0.01M, Peak:0.01M | Scene, ViewLayer | Updating Particle Systems
Fra:16 Mem:39.50M (Peak 67.51M) | Time:00:00.12 | Mem:0.01M, Peak:0.01M | Scene, ViewLayer | Updating Particle Systems | Copying Particles to device
Fra:16 Mem:39.50M (Peak 67.51M) | Time:00:00.12 | Mem:0.01M, Peak:0.01M | Scene, ViewLayer | Updating Meshes
Fra:16 Mem:39.50M (Peak 67.51M) | Time:00:00.12 | Mem:0.01M, Peak:0.01M | Scene, ViewLayer | Updating Objects | Applying Static Transformations
Fra:16 Mem:39.50M (Peak 67.51M) | Time:00:00.12 | Mem:0.01M, Peak:0.01M | Scene, ViewLayer | Updating Mesh | Computing attributes
Fra:16 Mem:40.06M (Peak 67.51M) | Time:00:00.12 | Mem:0.01M, Peak:0.01M | Scene, ViewLayer | Updating Mesh | Copying Attributes to device
Fra:16 Mem:40.06M (Peak 67.51M) | Time:00:00.12 | Mem:0.57M, Peak:0.57M | Scene, ViewLayer | Updating Scene BVH | Building
Fra:16 Mem:40.06M (Peak 67.51M) | Time:00:00.12 | Mem:0.57M, Peak:0.57M | Scene, ViewLayer | Updating Scene BVH | Building BVH
Fra:16 Mem:45.62M (Peak 67.51M) | Time:00:00.13 | Mem:0.57M, Peak:0.57M | Scene, ViewLayer | Updating Scene BVH | Packing BVH triangles and strands
Fra:16 Mem:45.99M (Peak 67.51M) | Time:00:00.13 | Mem:0.57M, Peak:0.57M | Scene, ViewLayer | Updating Scene BVH | Packing BVH nodes
Fra:16 Mem:45.69M (Peak 67.51M) | Time:00:00.14 | Mem:0.57M, Peak:0.57M | Scene, ViewLayer | Updating Scene BVH | Copying BVH to device
Fra:16 Mem:45.69M (Peak 67.51M) | Time:00:00.14 | Mem:3.39M, Peak:3.39M | Scene, ViewLayer | Updating Mesh | Computing normals
Fra:16 Mem:48.29M (Peak 67.51M) | Time:00:00.14 | Mem:3.39M, Peak:3.39M | Scene, ViewLayer | Updating Mesh | Copying Mesh to device
Fra:16 Mem:48.29M (Peak 67.51M) | Time:00:00.14 | Mem:5.99M, Peak:5.99M | Scene, ViewLayer | Updating Objects Flags
Fra:16 Mem:48.29M (Peak 67.51M) | Time:00:00.14 | Mem:5.99M, Peak:5.99M | Scene, ViewLayer | Updating Primitive Offsets
Fra:16 Mem:48.29M (Peak 67.51M) | Time:00:00.14 | Mem:5.99M, Peak:5.99M | Scene, ViewLayer | Updating Images
Fra:16 Mem:48.29M (Peak 67.51M) | Time:00:00.14 | Mem:5.99M, Peak:5.99M | Scene, ViewLayer | Updating Camera Volume
Fra:16 Mem:48.29M (Peak 67.51M) | Time:00:00.14 | Mem:5.99M, Peak:5.99M | Scene, ViewLayer | Updating Lookup Tables
Fra:16 Mem:48.29M (Peak 67.51M) | Time:00:00.14 | Mem:6.07M, Peak:6.07M | Scene, ViewLayer | Updating Lights
Fra:16 Mem:48.29M (Peak 67.51M) | Time:00:00.14 | Mem:6.07M, Peak:6.07M | Scene, ViewLayer | Updating Lights | Computing tree
Fra:16 Mem:48.29M (Peak 67.51M) | Time:00:00.14 | Mem:6.07M, Peak:6.07M | Scene, ViewLayer | Updating Integrator
Fra:16 Mem:48.29M (Peak 67.51M) | Time:00:00.14 | Mem:6.07M, Peak:6.07M | Scene, ViewLayer | Updating Film
Fra:16 Mem:48.29M (Peak 67.51M) | Time:00:00.14 | Mem:5.99M, Peak:6.07M | Scene, ViewLayer | Updating Lookup Tables
Fra:16 Mem:48.29M (Peak 67.51M) | Time:00:00.14 | Mem:6.07M, Peak:6.07M | Scene, ViewLayer | Updating Baking
Fra:16 Mem:48.29M (Peak 67.51M) | Time:00:00.14 | Mem:6.07M, Peak:6.07M | Scene, ViewLayer | Updating Device | Writing constant memory
Fra:16 Mem:48.29M (Peak 67.51M) | Time:00:00.14 | Mem:6.07M, Peak:6.07M | Scene, ViewLayer | Loading denoising kernels (may take a few minutes the first time)
Fra:16 Mem:52.30M (Peak 67.51M) | Time:00:00.14 | Mem:358.07M, Peak:358.07M | Scene, ViewLayer | Sample 0/24
Fra:16 Mem:95.05M (Peak 95.05M) | Time:00:00.15 | Remaining:00:00.14 | Mem:400.82M, Peak:400.82M | Scene, ViewLayer | Sample 1/24
2026-09-23T07:34:17+0900/hunyuan-rig/heartbeat {'stage': 'down_left', 'frame': 16} images=10
Fra:16 Mem:113.05M (Peak 140.06M) | Time:00:01.63 | Mem:400.83M, Peak:400.83M | Scene, ViewLayer | Sample 24/24
Fra:16 Mem:113.05M (Peak 140.06M) | Time:00:01.63 | Mem:400.83M, Peak:400.83M | Scene, ViewLayer | Finished
Saved: '/home/cbsim/ws/slime-workflow/.tmp/mannequin-reference-refinement/2026-09-23_07-33-20/down_left-06.png'
Time: 00:01.75 (Saving: 00:00.03)

Fra:19 Mem:39.37M (Peak 39.37M) | Time:00:00.08 | Mem:0.00M, Peak:0.00M | Scene, ViewLayer | Synchronizing object | key
Fra:19 Mem:39.37M (Peak 39.37M) | Time:00:00.08 | Mem:0.00M, Peak:0.00M | Scene, ViewLayer | Synchronizing object | fill
Fra:19 Mem:39.37M (Peak 39.37M) | Time:00:00.08 | Mem:0.00M, Peak:0.00M | Scene, ViewLayer | Synchronizing object | head-shell-part
Fra:19 Mem:39.37M (Peak 39.37M) | Time:00:00.08 | Mem:0.00M, Peak:0.00M | Scene, ViewLayer | Synchronizing object | neck-shell-part
Fra:19 Mem:39.38M (Peak 39.38M) | Time:00:00.08 | Mem:0.00M, Peak:0.00M | Scene, ViewLayer | Synchronizing object | chest-shell-part
Fra:19 Mem:39.48M (Peak 39.48M) | Time:00:00.08 | Mem:0.00M, Peak:0.00M | Scene, ViewLayer | Synchronizing object | left-upper-arm-shell
Fra:19 Mem:39.56M (Peak 39.56M) | Time:00:00.08 | Mem:0.00M, Peak:0.00M | Scene, ViewLayer | Synchronizing object | left-hand-shell
Fra:19 Mem:39.88M (Peak 39.88M) | Time:00:00.08 | Mem:0.00M, Peak:0.00M | Scene, ViewLayer | Synchronizing object | left-thigh-shell
Fra:19 Mem:39.92M (Peak 39.92M) | Time:00:00.08 | Mem:0.00M, Peak:0.00M | Scene, ViewLayer | Synchronizing object | left-elbow-ball
Fra:19 Mem:40.23M (Peak 40.23M) | Time:00:00.08 | Mem:0.00M, Peak:0.00M | Scene, ViewLayer | Synchronizing object | right-upper-arm-shell
Fra:19 Mem:40.29M (Peak 40.29M) | Time:00:00.08 | Mem:0.00M, Peak:0.00M | Scene, ViewLayer | Synchronizing object | right-thigh-shell
Fra:19 Mem:40.41M (Peak 40.41M) | Time:00:00.08 | Mem:0.00M, Peak:0.00M | Scene, ViewLayer | Synchronizing object | right-shoulder-ball
Fra:19 Mem:41.09M (Peak 41.09M) | Time:00:00.08 | Mem:0.00M, Peak:0.00M | Scene, ViewLayer | Synchronizing object | right-wrist-ball
Fra:19 Mem:41.76M (Peak 41.76M) | Time:00:00.08 | Mem:0.00M, Peak:0.00M | Scene, ViewLayer | Synchronizing object | right-hip-ball
Fra:19 Mem:47.29M (Peak 48.61M) | Time:00:00.08 | Mem:0.00M, Peak:0.00M | Scene, ViewLayer | Initializing
Fra:19 Mem:39.41M (Peak 48.61M) | Time:00:00.09 | Mem:0.00M, Peak:0.00M | Scene, ViewLayer | Waiting for render to start
Fra:19 Mem:39.41M (Peak 48.61M) | Time:00:00.09 | Mem:0.00M, Peak:0.00M | Scene, ViewLayer | Updating Scene
Fra:19 Mem:39.41M (Peak 48.61M) | Time:00:00.09 | Mem:0.00M, Peak:0.00M | Scene, ViewLayer | Updating Shaders
Fra:19 Mem:39.41M (Peak 48.61M) | Time:00:00.09 | Mem:0.00M, Peak:0.00M | Scene, ViewLayer | Loading render kernels (may take a few minutes the first time)
Fra:19 Mem:39.49M (Peak 67.51M) | Time:00:00.12 | Mem:0.00M, Peak:0.00M | Scene, ViewLayer | Updating Procedurals
Fra:19 Mem:39.49M (Peak 67.51M) | Time:00:00.12 | Mem:0.00M, Peak:0.00M | Scene, ViewLayer | Updating Background
Fra:19 Mem:39.49M (Peak 67.51M) | Time:00:00.12 | Mem:0.00M, Peak:0.00M | Scene, ViewLayer | Updating Camera
Fra:19 Mem:39.49M (Peak 67.51M) | Time:00:00.12 | Mem:0.00M, Peak:0.00M | Scene, ViewLayer | Updating Meshes Flags
Fra:19 Mem:39.49M (Peak 67.51M) | Time:00:00.12 | Mem:0.00M, Peak:0.00M | Scene, ViewLayer | Updating Objects
Fra:19 Mem:39.49M (Peak 67.51M) | Time:00:00.12 | Mem:0.00M, Peak:0.00M | Scene, ViewLayer | Updating Objects | Copying Transformations to device
Fra:19 Mem:39.50M (Peak 67.51M) | Time:00:00.12 | Mem:0.01M, Peak:0.01M | Scene, ViewLayer | Updating Particle Systems
Fra:19 Mem:39.50M (Peak 67.51M) | Time:00:00.12 | Mem:0.01M, Peak:0.01M | Scene, ViewLayer | Updating Particle Systems | Copying Particles to device
Fra:19 Mem:39.50M (Peak 67.51M) | Time:00:00.12 | Mem:0.01M, Peak:0.01M | Scene, ViewLayer | Updating Meshes
Fra:19 Mem:39.50M (Peak 67.51M) | Time:00:00.12 | Mem:0.01M, Peak:0.01M | Scene, ViewLayer | Updating Objects | Applying Static Transformations
Fra:19 Mem:39.50M (Peak 67.51M) | Time:00:00.12 | Mem:0.01M, Peak:0.01M | Scene, ViewLayer | Updating Mesh | Computing attributes
Fra:19 Mem:40.06M (Peak 67.51M) | Time:00:00.12 | Mem:0.01M, Peak:0.01M | Scene, ViewLayer | Updating Mesh | Copying Attributes to device
Fra:19 Mem:40.06M (Peak 67.51M) | Time:00:00.12 | Mem:0.57M, Peak:0.57M | Scene, ViewLayer | Updating Scene BVH | Building
Fra:19 Mem:40.06M (Peak 67.51M) | Time:00:00.12 | Mem:0.57M, Peak:0.57M | Scene, ViewLayer | Updating Scene BVH | Building BVH
Fra:19 Mem:45.62M (Peak 67.51M) | Time:00:00.13 | Mem:0.57M, Peak:0.57M | Scene, ViewLayer | Updating Scene BVH | Packing BVH triangles and strands
Fra:19 Mem:45.99M (Peak 67.51M) | Time:00:00.13 | Mem:0.57M, Peak:0.57M | Scene, ViewLayer | Updating Scene BVH | Packing BVH nodes
Fra:19 Mem:45.70M (Peak 67.51M) | Time:00:00.14 | Mem:0.57M, Peak:0.57M | Scene, ViewLayer | Updating Scene BVH | Copying BVH to device
Fra:19 Mem:45.70M (Peak 67.51M) | Time:00:00.14 | Mem:3.39M, Peak:3.39M | Scene, ViewLayer | Updating Mesh | Computing normals
Fra:19 Mem:48.30M (Peak 67.51M) | Time:00:00.14 | Mem:3.39M, Peak:3.39M | Scene, ViewLayer | Updating Mesh | Copying Mesh to device
Fra:19 Mem:48.30M (Peak 67.51M) | Time:00:00.14 | Mem:5.99M, Peak:5.99M | Scene, ViewLayer | Updating Objects Flags
Fra:19 Mem:48.30M (Peak 67.51M) | Time:00:00.14 | Mem:5.99M, Peak:5.99M | Scene, ViewLayer | Updating Primitive Offsets
Fra:19 Mem:48.30M (Peak 67.51M) | Time:00:00.14 | Mem:5.99M, Peak:5.99M | Scene, ViewLayer | Updating Images
Fra:19 Mem:48.30M (Peak 67.51M) | Time:00:00.14 | Mem:5.99M, Peak:5.99M | Scene, ViewLayer | Updating Camera Volume
Fra:19 Mem:48.30M (Peak 67.51M) | Time:00:00.14 | Mem:5.99M, Peak:5.99M | Scene, ViewLayer | Updating Lookup Tables
Fra:19 Mem:48.30M (Peak 67.51M) | Time:00:00.14 | Mem:6.07M, Peak:6.07M | Scene, ViewLayer | Updating Lights
Fra:19 Mem:48.30M (Peak 67.51M) | Time:00:00.14 | Mem:6.07M, Peak:6.07M | Scene, ViewLayer | Updating Lights | Computing tree
Fra:19 Mem:48.30M (Peak 67.51M) | Time:00:00.14 | Mem:6.08M, Peak:6.08M | Scene, ViewLayer | Updating Integrator
Fra:19 Mem:48.30M (Peak 67.51M) | Time:00:00.14 | Mem:6.08M, Peak:6.08M | Scene, ViewLayer | Updating Film
Fra:19 Mem:48.31M (Peak 67.51M) | Time:00:00.14 | Mem:5.99M, Peak:6.08M | Scene, ViewLayer | Updating Lookup Tables
Fra:19 Mem:48.31M (Peak 67.51M) | Time:00:00.14 | Mem:6.08M, Peak:6.08M | Scene, ViewLayer | Updating Baking
Fra:19 Mem:48.31M (Peak 67.51M) | Time:00:00.14 | Mem:6.08M, Peak:6.08M | Scene, ViewLayer | Updating Device | Writing constant memory
Fra:19 Mem:48.31M (Peak 67.51M) | Time:00:00.14 | Mem:6.08M, Peak:6.08M | Scene, ViewLayer | Loading denoising kernels (may take a few minutes the first time)
Fra:19 Mem:52.31M (Peak 67.51M) | Time:00:00.14 | Mem:358.08M, Peak:358.08M | Scene, ViewLayer | Sample 0/24
Fra:19 Mem:95.06M (Peak 95.06M) | Time:00:00.15 | Remaining:00:00.14 | Mem:400.83M, Peak:400.83M | Scene, ViewLayer | Sample 1/24
Fra:19 Mem:113.07M (Peak 140.07M) | Time:00:01.58 | Mem:400.83M, Peak:400.83M | Scene, ViewLayer | Sample 24/24
Fra:19 Mem:113.07M (Peak 140.07M) | Time:00:01.58 | Mem:400.83M, Peak:400.83M | Scene, ViewLayer | Finished
Saved: '/home/cbsim/ws/slime-workflow/.tmp/mannequin-reference-refinement/2026-09-23_07-33-20/down_left-07.png'
Time: 00:01.71 (Saving: 00:00.03)

Fra:22 Mem:39.37M (Peak 39.37M) | Time:00:00.07 | Mem:0.00M, Peak:0.00M | Scene, ViewLayer | Synchronizing object | key
Fra:22 Mem:39.37M (Peak 39.37M) | Time:00:00.07 | Mem:0.00M, Peak:0.00M | Scene, ViewLayer | Synchronizing object | neck-shell-part
Fra:22 Mem:39.38M (Peak 39.38M) | Time:00:00.07 | Mem:0.00M, Peak:0.00M | Scene, ViewLayer | Synchronizing object | head-shell-part
Fra:22 Mem:39.40M (Peak 39.40M) | Time:00:00.07 | Mem:0.00M, Peak:0.00M | Scene, ViewLayer | Synchronizing object | head-pivot-ball
Fra:22 Mem:39.44M (Peak 39.45M) | Time:00:00.07 | Mem:0.00M, Peak:0.00M | Scene, ViewLayer | Synchronizing object | left-hand-shell
Fra:22 Mem:39.50M (Peak 39.51M) | Time:00:00.07 | Mem:0.00M, Peak:0.00M | Scene, ViewLayer | Synchronizing object | left-thigh-shell
Fra:22 Mem:39.52M (Peak 39.52M) | Time:00:00.07 | Mem:0.00M, Peak:0.00M | Scene, ViewLayer | Synchronizing object | left-elbow-ball
Fra:22 Mem:39.68M (Peak 39.68M) | Time:00:00.07 | Mem:0.00M, Peak:0.00M | Scene, ViewLayer | Synchronizing object | left-knee-ball
Fra:22 Mem:39.92M (Peak 39.92M) | Time:00:00.07 | Mem:0.00M, Peak:0.00M | Scene, ViewLayer | Synchronizing object | left-ankle-ball
Fra:22 Mem:40.37M (Peak 40.37M) | Time:00:00.07 | Mem:0.00M, Peak:0.00M | Scene, ViewLayer | Synchronizing object | right-hand-shell
Fra:22 Mem:40.43M (Peak 40.43M) | Time:00:00.07 | Mem:0.00M, Peak:0.00M | Scene, ViewLayer | Synchronizing object | right-thigh-shell
Fra:22 Mem:40.57M (Peak 40.57M) | Time:00:00.07 | Mem:0.00M, Peak:0.00M | Scene, ViewLayer | Synchronizing object | right-foot-shell
Fra:22 Mem:40.84M (Peak 40.84M) | Time:00:00.07 | Mem:0.00M, Peak:0.00M | Scene, ViewLayer | Synchronizing object | right-shoulder-ball
Fra:22 Mem:41.54M (Peak 41.54M) | Time:00:00.08 | Mem:0.00M, Peak:0.00M | Scene, ViewLayer | Synchronizing object | right-elbow-ball
Fra:22 Mem:41.65M (Peak 41.65M) | Time:00:00.08 | Mem:0.00M, Peak:0.00M | Scene, ViewLayer | Synchronizing object | right-wrist-ball
Fra:22 Mem:42.01M (Peak 42.01M) | Time:00:00.08 | Mem:0.00M, Peak:0.00M | Scene, ViewLayer | Synchronizing object | right-hip-ball
Fra:22 Mem:47.29M (Peak 48.78M) | Time:00:00.08 | Mem:0.00M, Peak:0.00M | Scene, ViewLayer | Initializing
Fra:22 Mem:39.41M (Peak 48.78M) | Time:00:00.08 | Mem:0.00M, Peak:0.00M | Scene, ViewLayer | Waiting for render to start
Fra:22 Mem:39.41M (Peak 48.78M) | Time:00:00.08 | Mem:0.00M, Peak:0.00M | Scene, ViewLayer | Updating Scene
Fra:22 Mem:39.41M (Peak 48.78M) | Time:00:00.08 | Mem:0.00M, Peak:0.00M | Scene, ViewLayer | Updating Shaders
Fra:22 Mem:39.41M (Peak 48.78M) | Time:00:00.08 | Mem:0.00M, Peak:0.00M | Scene, ViewLayer | Loading render kernels (may take a few minutes the first time)
Fra:22 Mem:39.49M (Peak 67.51M) | Time:00:00.12 | Mem:0.00M, Peak:0.00M | Scene, ViewLayer | Updating Procedurals
Fra:22 Mem:39.49M (Peak 67.51M) | Time:00:00.12 | Mem:0.00M, Peak:0.00M | Scene, ViewLayer | Updating Background
Fra:22 Mem:39.49M (Peak 67.51M) | Time:00:00.12 | Mem:0.00M, Peak:0.00M | Scene, ViewLayer | Updating Camera
Fra:22 Mem:39.49M (Peak 67.51M) | Time:00:00.12 | Mem:0.00M, Peak:0.00M | Scene, ViewLayer | Updating Meshes Flags
Fra:22 Mem:39.49M (Peak 67.51M) | Time:00:00.12 | Mem:0.00M, Peak:0.00M | Scene, ViewLayer | Updating Objects
Fra:22 Mem:39.49M (Peak 67.51M) | Time:00:00.12 | Mem:0.00M, Peak:0.00M | Scene, ViewLayer | Updating Objects | Copying Transformations to device
Fra:22 Mem:39.50M (Peak 67.51M) | Time:00:00.12 | Mem:0.01M, Peak:0.01M | Scene, ViewLayer | Updating Particle Systems
Fra:22 Mem:39.50M (Peak 67.51M) | Time:00:00.12 | Mem:0.01M, Peak:0.01M | Scene, ViewLayer | Updating Particle Systems | Copying Particles to device
Fra:22 Mem:39.50M (Peak 67.51M) | Time:00:00.12 | Mem:0.01M, Peak:0.01M | Scene, ViewLayer | Updating Meshes
Fra:22 Mem:39.50M (Peak 67.51M) | Time:00:00.12 | Mem:0.01M, Peak:0.01M | Scene, ViewLayer | Updating Objects | Applying Static Transformations
Fra:22 Mem:39.50M (Peak 67.51M) | Time:00:00.12 | Mem:0.01M, Peak:0.01M | Scene, ViewLayer | Updating Mesh | Computing attributes
Fra:22 Mem:40.06M (Peak 67.51M) | Time:00:00.12 | Mem:0.01M, Peak:0.01M | Scene, ViewLayer | Updating Mesh | Copying Attributes to device
Fra:22 Mem:40.06M (Peak 67.51M) | Time:00:00.12 | Mem:0.57M, Peak:0.57M | Scene, ViewLayer | Updating Scene BVH | Building
Fra:22 Mem:40.06M (Peak 67.51M) | Time:00:00.12 | Mem:0.57M, Peak:0.57M | Scene, ViewLayer | Updating Scene BVH | Building BVH
Fra:22 Mem:45.62M (Peak 67.51M) | Time:00:00.13 | Mem:0.57M, Peak:0.57M | Scene, ViewLayer | Updating Scene BVH | Packing BVH triangles and strands
Fra:22 Mem:45.99M (Peak 67.51M) | Time:00:00.13 | Mem:0.57M, Peak:0.57M | Scene, ViewLayer | Updating Scene BVH | Packing BVH nodes
Fra:22 Mem:45.70M (Peak 67.51M) | Time:00:00.13 | Mem:0.57M, Peak:0.57M | Scene, ViewLayer | Updating Scene BVH | Copying BVH to device
Fra:22 Mem:45.70M (Peak 67.51M) | Time:00:00.14 | Mem:3.39M, Peak:3.39M | Scene, ViewLayer | Updating Mesh | Computing normals
Fra:22 Mem:48.30M (Peak 67.51M) | Time:00:00.14 | Mem:3.39M, Peak:3.39M | Scene, ViewLayer | Updating Mesh | Copying Mesh to device
Fra:22 Mem:48.30M (Peak 67.51M) | Time:00:00.14 | Mem:5.99M, Peak:5.99M | Scene, ViewLayer | Updating Objects Flags
Fra:22 Mem:48.30M (Peak 67.51M) | Time:00:00.14 | Mem:5.99M, Peak:5.99M | Scene, ViewLayer | Updating Primitive Offsets
Fra:22 Mem:48.30M (Peak 67.51M) | Time:00:00.14 | Mem:5.99M, Peak:5.99M | Scene, ViewLayer | Updating Images
Fra:22 Mem:48.30M (Peak 67.51M) | Time:00:00.14 | Mem:5.99M, Peak:5.99M | Scene, ViewLayer | Updating Camera Volume
Fra:22 Mem:48.30M (Peak 67.51M) | Time:00:00.14 | Mem:5.99M, Peak:5.99M | Scene, ViewLayer | Updating Lookup Tables
Fra:22 Mem:48.30M (Peak 67.51M) | Time:00:00.14 | Mem:6.08M, Peak:6.08M | Scene, ViewLayer | Updating Lights
Fra:22 Mem:48.30M (Peak 67.51M) | Time:00:00.14 | Mem:6.08M, Peak:6.08M | Scene, ViewLayer | Updating Lights | Computing tree
Fra:22 Mem:48.30M (Peak 67.51M) | Time:00:00.14 | Mem:6.08M, Peak:6.08M | Scene, ViewLayer | Updating Integrator
Fra:22 Mem:48.30M (Peak 67.51M) | Time:00:00.14 | Mem:6.08M, Peak:6.08M | Scene, ViewLayer | Updating Film
Fra:22 Mem:48.31M (Peak 67.51M) | Time:00:00.14 | Mem:6.00M, Peak:6.08M | Scene, ViewLayer | Updating Lookup Tables
Fra:22 Mem:48.31M (Peak 67.51M) | Time:00:00.14 | Mem:6.08M, Peak:6.08M | Scene, ViewLayer | Updating Baking
Fra:22 Mem:48.31M (Peak 67.51M) | Time:00:00.14 | Mem:6.08M, Peak:6.08M | Scene, ViewLayer | Updating Device | Writing constant memory
Fra:22 Mem:48.31M (Peak 67.51M) | Time:00:00.14 | Mem:6.08M, Peak:6.08M | Scene, ViewLayer | Loading denoising kernels (may take a few minutes the first time)
Fra:22 Mem:52.31M (Peak 67.51M) | Time:00:00.14 | Mem:358.08M, Peak:358.08M | Scene, ViewLayer | Sample 0/24
Fra:22 Mem:95.07M (Peak 95.07M) | Time:00:00.15 | Remaining:00:00.14 | Mem:400.83M, Peak:400.83M | Scene, ViewLayer | Sample 1/24
Fra:22 Mem:113.07M (Peak 140.07M) | Time:00:01.59 | Mem:400.84M, Peak:400.84M | Scene, ViewLayer | Sample 24/24
Fra:22 Mem:113.07M (Peak 140.07M) | Time:00:01.59 | Mem:400.84M, Peak:400.84M | Scene, ViewLayer | Finished
Saved: '/home/cbsim/ws/slime-workflow/.tmp/mannequin-reference-refinement/2026-09-23_07-33-20/down_left-08.png'
Time: 00:01.71 (Saving: 00:00.03)

Fra:1 Mem:39.37M (Peak 39.37M) | Time:00:00.07 | Mem:0.00M, Peak:0.00M | Scene, ViewLayer | Synchronizing object | key
Fra:1 Mem:39.37M (Peak 39.37M) | Time:00:00.07 | Mem:0.00M, Peak:0.00M | Scene, ViewLayer | Synchronizing object | chest-shell-part
Fra:1 Mem:39.38M (Peak 39.38M) | Time:00:00.07 | Mem:0.00M, Peak:0.00M | Scene, ViewLayer | Synchronizing object | head-pivot-ball
Fra:1 Mem:39.38M (Peak 39.38M) | Time:00:00.07 | Mem:0.00M, Peak:0.00M | Scene, ViewLayer | Synchronizing object | left-upper-arm-shell
Fra:1 Mem:39.48M (Peak 39.48M) | Time:00:00.07 | Mem:0.00M, Peak:0.00M | Scene, ViewLayer | Synchronizing object | left-forearm-shell
Fra:1 Mem:40.26M (Peak 40.26M) | Time:00:00.07 | Mem:0.00M, Peak:0.00M | Scene, ViewLayer | Synchronizing object | left-thigh-shell
Fra:1 Mem:40.40M (Peak 40.41M) | Time:00:00.07 | Mem:0.00M, Peak:0.00M | Scene, ViewLayer | Synchronizing object | left-shin-shell
Fra:1 Mem:40.52M (Peak 40.52M) | Time:00:00.07 | Mem:0.00M, Peak:0.00M | Scene, ViewLayer | Synchronizing object | left-ankle-ball
Fra:1 Mem:41.22M (Peak 41.22M) | Time:00:00.07 | Mem:0.00M, Peak:0.00M | Scene, ViewLayer | Synchronizing object | right-upper-arm-shell
Fra:1 Mem:41.39M (Peak 41.39M) | Time:00:00.07 | Mem:0.00M, Peak:0.00M | Scene, ViewLayer | Synchronizing object | right-knee-ball
Fra:1 Mem:41.52M (Peak 41.52M) | Time:00:00.07 | Mem:0.00M, Peak:0.00M | Scene, ViewLayer | Synchronizing object | right-hand-shell
Fra:1 Mem:41.61M (Peak 41.61M) | Time:00:00.07 | Mem:0.00M, Peak:0.00M | Scene, ViewLayer | Synchronizing object | right-shin-shell
Fra:1 Mem:41.61M (Peak 41.62M) | Time:00:00.07 | Mem:0.00M, Peak:0.00M | Scene, ViewLayer | Synchronizing object | right-hip-ball
Fra:1 Mem:41.73M (Peak 41.73M) | Time:00:00.08 | Mem:0.00M, Peak:0.00M | Scene, ViewLayer | Synchronizing object | right-shoulder-ball
Fra:1 Mem:41.90M (Peak 41.90M) | Time:00:00.08 | Mem:0.00M, Peak:0.00M | Scene, ViewLayer | Synchronizing object | right-wrist-ball
Fra:1 Mem:47.29M (Peak 48.18M) | Time:00:00.08 | Mem:0.00M, Peak:0.00M | Scene, ViewLayer | Initializing
Fra:1 Mem:39.41M (Peak 48.18M) | Time:00:00.08 | Mem:0.00M, Peak:0.00M | Scene, ViewLayer | Waiting for render to start
Fra:1 Mem:39.41M (Peak 48.18M) | Time:00:00.08 | Mem:0.00M, Peak:0.00M | Scene, ViewLayer | Updating Scene
Fra:1 Mem:39.41M (Peak 48.18M) | Time:00:00.08 | Mem:0.00M, Peak:0.00M | Scene, ViewLayer | Updating Shaders
Fra:1 Mem:39.41M (Peak 48.18M) | Time:00:00.08 | Mem:0.00M, Peak:0.00M | Scene, ViewLayer | Loading render kernels (may take a few minutes the first time)
Fra:1 Mem:39.49M (Peak 67.51M) | Time:00:00.12 | Mem:0.00M, Peak:0.00M | Scene, ViewLayer | Updating Procedurals
Fra:1 Mem:39.49M (Peak 67.51M) | Time:00:00.12 | Mem:0.00M, Peak:0.00M | Scene, ViewLayer | Updating Background
Fra:1 Mem:39.49M (Peak 67.51M) | Time:00:00.12 | Mem:0.00M, Peak:0.00M | Scene, ViewLayer | Updating Camera
Fra:1 Mem:39.49M (Peak 67.51M) | Time:00:00.12 | Mem:0.00M, Peak:0.00M | Scene, ViewLayer | Updating Meshes Flags
Fra:1 Mem:39.49M (Peak 67.51M) | Time:00:00.12 | Mem:0.00M, Peak:0.00M | Scene, ViewLayer | Updating Objects
Fra:1 Mem:39.49M (Peak 67.51M) | Time:00:00.12 | Mem:0.00M, Peak:0.00M | Scene, ViewLayer | Updating Objects | Copying Transformations to device
Fra:1 Mem:39.50M (Peak 67.51M) | Time:00:00.12 | Mem:0.01M, Peak:0.01M | Scene, ViewLayer | Updating Particle Systems
Fra:1 Mem:39.50M (Peak 67.51M) | Time:00:00.12 | Mem:0.01M, Peak:0.01M | Scene, ViewLayer | Updating Particle Systems | Copying Particles to device
Fra:1 Mem:39.50M (Peak 67.51M) | Time:00:00.12 | Mem:0.01M, Peak:0.01M | Scene, ViewLayer | Updating Meshes
Fra:1 Mem:39.50M (Peak 67.51M) | Time:00:00.12 | Mem:0.01M, Peak:0.01M | Scene, ViewLayer | Updating Objects | Applying Static Transformations
Fra:1 Mem:39.50M (Peak 67.51M) | Time:00:00.12 | Mem:0.01M, Peak:0.01M | Scene, ViewLayer | Updating Mesh | Computing attributes
Fra:1 Mem:40.06M (Peak 67.51M) | Time:00:00.12 | Mem:0.01M, Peak:0.01M | Scene, ViewLayer | Updating Mesh | Copying Attributes to device
Fra:1 Mem:40.06M (Peak 67.51M) | Time:00:00.12 | Mem:0.57M, Peak:0.57M | Scene, ViewLayer | Updating Scene BVH | Building
Fra:1 Mem:40.06M (Peak 67.51M) | Time:00:00.12 | Mem:0.57M, Peak:0.57M | Scene, ViewLayer | Updating Scene BVH | Building BVH
Fra:1 Mem:45.62M (Peak 67.51M) | Time:00:00.13 | Mem:0.57M, Peak:0.57M | Scene, ViewLayer | Updating Scene BVH | Packing BVH triangles and strands
Fra:1 Mem:45.99M (Peak 67.51M) | Time:00:00.13 | Mem:0.57M, Peak:0.57M | Scene, ViewLayer | Updating Scene BVH | Packing BVH nodes
Fra:1 Mem:45.70M (Peak 67.51M) | Time:00:00.14 | Mem:0.57M, Peak:0.57M | Scene, ViewLayer | Updating Scene BVH | Copying BVH to device
Fra:1 Mem:45.70M (Peak 67.51M) | Time:00:00.14 | Mem:3.39M, Peak:3.39M | Scene, ViewLayer | Updating Mesh | Computing normals
Fra:1 Mem:48.30M (Peak 67.51M) | Time:00:00.14 | Mem:3.39M, Peak:3.39M | Scene, ViewLayer | Updating Mesh | Copying Mesh to device
Fra:1 Mem:48.30M (Peak 67.51M) | Time:00:00.14 | Mem:5.99M, Peak:5.99M | Scene, ViewLayer | Updating Objects Flags
Fra:1 Mem:48.30M (Peak 67.51M) | Time:00:00.14 | Mem:5.99M, Peak:5.99M | Scene, ViewLayer | Updating Primitive Offsets
Fra:1 Mem:48.30M (Peak 67.51M) | Time:00:00.14 | Mem:5.99M, Peak:5.99M | Scene, ViewLayer | Updating Images
Fra:1 Mem:48.30M (Peak 67.51M) | Time:00:00.14 | Mem:5.99M, Peak:5.99M | Scene, ViewLayer | Updating Camera Volume
Fra:1 Mem:48.30M (Peak 67.51M) | Time:00:00.14 | Mem:5.99M, Peak:5.99M | Scene, ViewLayer | Updating Lookup Tables
Fra:1 Mem:48.30M (Peak 67.51M) | Time:00:00.14 | Mem:6.07M, Peak:6.07M | Scene, ViewLayer | Updating Lights
Fra:1 Mem:48.30M (Peak 67.51M) | Time:00:00.14 | Mem:6.07M, Peak:6.07M | Scene, ViewLayer | Updating Lights | Computing tree
Fra:1 Mem:48.30M (Peak 67.51M) | Time:00:00.14 | Mem:6.07M, Peak:6.07M | Scene, ViewLayer | Updating Integrator
Fra:1 Mem:48.30M (Peak 67.51M) | Time:00:00.14 | Mem:6.07M, Peak:6.07M | Scene, ViewLayer | Updating Film
Fra:1 Mem:48.30M (Peak 67.51M) | Time:00:00.14 | Mem:5.99M, Peak:6.07M | Scene, ViewLayer | Updating Lookup Tables
Fra:1 Mem:48.30M (Peak 67.51M) | Time:00:00.14 | Mem:6.08M, Peak:6.08M | Scene, ViewLayer | Updating Baking
Fra:1 Mem:48.30M (Peak 67.51M) | Time:00:00.14 | Mem:6.08M, Peak:6.08M | Scene, ViewLayer | Updating Device | Writing constant memory
Fra:1 Mem:48.31M (Peak 67.51M) | Time:00:00.14 | Mem:6.08M, Peak:6.08M | Scene, ViewLayer | Loading denoising kernels (may take a few minutes the first time)
Fra:1 Mem:52.31M (Peak 67.51M) | Time:00:00.14 | Mem:358.08M, Peak:358.08M | Scene, ViewLayer | Sample 0/24
Fra:1 Mem:95.06M (Peak 95.06M) | Time:00:00.15 | Remaining:00:00.14 | Mem:400.83M, Peak:400.83M | Scene, ViewLayer | Sample 1/24
2026-09-23T07:34:22+0900/hunyuan-rig/heartbeat {'stage': 'down_right', 'frame': 1} images=13
Fra:1 Mem:113.07M (Peak 140.07M) | Time:00:01.60 | Mem:400.83M, Peak:400.83M | Scene, ViewLayer | Sample 24/24
Fra:1 Mem:113.07M (Peak 140.07M) | Time:00:01.60 | Mem:400.83M, Peak:400.83M | Scene, ViewLayer | Finished
Saved: '/home/cbsim/ws/slime-workflow/.tmp/mannequin-reference-refinement/2026-09-23_07-33-20/down_right-01.png'
Time: 00:01.73 (Saving: 00:00.03)

Fra:4 Mem:39.37M (Peak 39.37M) | Time:00:00.08 | Mem:0.00M, Peak:0.00M | Scene, ViewLayer | Synchronizing object | key
Fra:4 Mem:39.37M (Peak 39.37M) | Time:00:00.08 | Mem:0.00M, Peak:0.00M | Scene, ViewLayer | Synchronizing object | fill
Fra:4 Mem:39.37M (Peak 39.37M) | Time:00:00.08 | Mem:0.00M, Peak:0.00M | Scene, ViewLayer | Synchronizing object | head-shell-part
Fra:4 Mem:39.38M (Peak 39.38M) | Time:00:00.08 | Mem:0.00M, Peak:0.00M | Scene, ViewLayer | Synchronizing object | chest-shell-part
Fra:4 Mem:39.38M (Peak 39.38M) | Time:00:00.08 | Mem:0.00M, Peak:0.00M | Scene, ViewLayer | Synchronizing object | right-ankle-ball
Fra:4 Mem:39.41M (Peak 39.41M) | Time:00:00.08 | Mem:0.00M, Peak:0.00M | Scene, ViewLayer | Synchronizing object | abdomen-shell-part
Fra:4 Mem:39.61M (Peak 39.61M) | Time:00:00.08 | Mem:0.00M, Peak:0.00M | Scene, ViewLayer | Synchronizing object | pelvis-shell-part
Fra:4 Mem:39.96M (Peak 39.96M) | Time:00:00.08 | Mem:0.00M, Peak:0.00M | Scene, ViewLayer | Synchronizing object | head-pivot-ball
Fra:4 Mem:39.96M (Peak 39.96M) | Time:00:00.08 | Mem:0.00M, Peak:0.00M | Scene, ViewLayer | Synchronizing object | left-shin-shell
Fra:4 Mem:40.02M (Peak 40.02M) | Time:00:00.08 | Mem:0.00M, Peak:0.00M | Scene, ViewLayer | Synchronizing object | left-wrist-ball
Fra:4 Mem:40.16M (Peak 40.16M) | Time:00:00.08 | Mem:0.00M, Peak:0.00M | Scene, ViewLayer | Synchronizing object | right-hip-ball
Fra:4 Mem:40.43M (Peak 40.43M) | Time:00:00.08 | Mem:0.00M, Peak:0.00M | Scene, ViewLayer | Synchronizing object | right-forearm-shell
Fra:4 Mem:40.60M (Peak 40.60M) | Time:00:00.08 | Mem:0.00M, Peak:0.00M | Scene, ViewLayer | Synchronizing object | right-shoulder-ball
Fra:4 Mem:40.85M (Peak 40.85M) | Time:00:00.08 | Mem:0.00M, Peak:0.00M | Scene, ViewLayer | Synchronizing object | right-elbow-ball
Fra:4 Mem:47.29M (Peak 48.18M) | Time:00:00.09 | Mem:0.00M, Peak:0.00M | Scene, ViewLayer | Initializing
Fra:4 Mem:39.41M (Peak 48.18M) | Time:00:00.09 | Mem:0.00M, Peak:0.00M | Scene, ViewLayer | Waiting for render to start
Fra:4 Mem:39.41M (Peak 48.18M) | Time:00:00.09 | Mem:0.00M, Peak:0.00M | Scene, ViewLayer | Updating Scene
Fra:4 Mem:39.41M (Peak 48.18M) | Time:00:00.09 | Mem:0.00M, Peak:0.00M | Scene, ViewLayer | Updating Shaders
Fra:4 Mem:39.41M (Peak 48.18M) | Time:00:00.09 | Mem:0.00M, Peak:0.00M | Scene, ViewLayer | Loading render kernels (may take a few minutes the first time)
Fra:4 Mem:39.49M (Peak 67.51M) | Time:00:00.13 | Mem:0.00M, Peak:0.00M | Scene, ViewLayer | Updating Procedurals
Fra:4 Mem:39.49M (Peak 67.51M) | Time:00:00.13 | Mem:0.00M, Peak:0.00M | Scene, ViewLayer | Updating Background
Fra:4 Mem:39.49M (Peak 67.51M) | Time:00:00.13 | Mem:0.00M, Peak:0.00M | Scene, ViewLayer | Updating Camera
Fra:4 Mem:39.49M (Peak 67.51M) | Time:00:00.13 | Mem:0.00M, Peak:0.00M | Scene, ViewLayer | Updating Meshes Flags
Fra:4 Mem:39.49M (Peak 67.51M) | Time:00:00.13 | Mem:0.00M, Peak:0.00M | Scene, ViewLayer | Updating Objects
Fra:4 Mem:39.49M (Peak 67.51M) | Time:00:00.13 | Mem:0.00M, Peak:0.00M | Scene, ViewLayer | Updating Objects | Copying Transformations to device
Fra:4 Mem:39.50M (Peak 67.51M) | Time:00:00.13 | Mem:0.01M, Peak:0.01M | Scene, ViewLayer | Updating Particle Systems
Fra:4 Mem:39.50M (Peak 67.51M) | Time:00:00.13 | Mem:0.01M, Peak:0.01M | Scene, ViewLayer | Updating Particle Systems | Copying Particles to device
Fra:4 Mem:39.50M (Peak 67.51M) | Time:00:00.13 | Mem:0.01M, Peak:0.01M | Scene, ViewLayer | Updating Meshes
Fra:4 Mem:39.50M (Peak 67.51M) | Time:00:00.13 | Mem:0.01M, Peak:0.01M | Scene, ViewLayer | Updating Objects | Applying Static Transformations
Fra:4 Mem:39.50M (Peak 67.51M) | Time:00:00.13 | Mem:0.01M, Peak:0.01M | Scene, ViewLayer | Updating Mesh | Computing attributes
Fra:4 Mem:40.06M (Peak 67.51M) | Time:00:00.13 | Mem:0.01M, Peak:0.01M | Scene, ViewLayer | Updating Mesh | Copying Attributes to device
Fra:4 Mem:40.06M (Peak 67.51M) | Time:00:00.13 | Mem:0.57M, Peak:0.57M | Scene, ViewLayer | Updating Scene BVH | Building
Fra:4 Mem:40.06M (Peak 67.51M) | Time:00:00.13 | Mem:0.57M, Peak:0.57M | Scene, ViewLayer | Updating Scene BVH | Building BVH
Fra:4 Mem:45.62M (Peak 67.51M) | Time:00:00.14 | Mem:0.57M, Peak:0.57M | Scene, ViewLayer | Updating Scene BVH | Packing BVH triangles and strands
Fra:4 Mem:45.99M (Peak 67.51M) | Time:00:00.14 | Mem:0.57M, Peak:0.57M | Scene, ViewLayer | Updating Scene BVH | Packing BVH nodes
Fra:4 Mem:45.68M (Peak 67.51M) | Time:00:00.14 | Mem:0.57M, Peak:0.57M | Scene, ViewLayer | Updating Scene BVH | Copying BVH to device
Fra:4 Mem:45.68M (Peak 67.51M) | Time:00:00.14 | Mem:3.38M, Peak:3.38M | Scene, ViewLayer | Updating Mesh | Computing normals
Fra:4 Mem:48.28M (Peak 67.51M) | Time:00:00.14 | Mem:3.38M, Peak:3.38M | Scene, ViewLayer | Updating Mesh | Copying Mesh to device
Fra:4 Mem:48.28M (Peak 67.51M) | Time:00:00.14 | Mem:5.98M, Peak:5.98M | Scene, ViewLayer | Updating Objects Flags
Fra:4 Mem:48.28M (Peak 67.51M) | Time:00:00.14 | Mem:5.98M, Peak:5.98M | Scene, ViewLayer | Updating Primitive Offsets
Fra:4 Mem:48.28M (Peak 67.51M) | Time:00:00.14 | Mem:5.98M, Peak:5.98M | Scene, ViewLayer | Updating Images
Fra:4 Mem:48.28M (Peak 67.51M) | Time:00:00.14 | Mem:5.98M, Peak:5.98M | Scene, ViewLayer | Updating Camera Volume
Fra:4 Mem:48.28M (Peak 67.51M) | Time:00:00.14 | Mem:5.98M, Peak:5.98M | Scene, ViewLayer | Updating Lookup Tables
Fra:4 Mem:48.28M (Peak 67.51M) | Time:00:00.14 | Mem:6.06M, Peak:6.06M | Scene, ViewLayer | Updating Lights
Fra:4 Mem:48.28M (Peak 67.51M) | Time:00:00.14 | Mem:6.06M, Peak:6.06M | Scene, ViewLayer | Updating Lights | Computing tree
Fra:4 Mem:48.28M (Peak 67.51M) | Time:00:00.14 | Mem:6.06M, Peak:6.06M | Scene, ViewLayer | Updating Integrator
Fra:4 Mem:48.28M (Peak 67.51M) | Time:00:00.14 | Mem:6.06M, Peak:6.06M | Scene, ViewLayer | Updating Film
Fra:4 Mem:48.28M (Peak 67.51M) | Time:00:00.14 | Mem:5.98M, Peak:6.06M | Scene, ViewLayer | Updating Lookup Tables
Fra:4 Mem:48.28M (Peak 67.51M) | Time:00:00.14 | Mem:6.07M, Peak:6.07M | Scene, ViewLayer | Updating Baking
Fra:4 Mem:48.28M (Peak 67.51M) | Time:00:00.14 | Mem:6.07M, Peak:6.07M | Scene, ViewLayer | Updating Device | Writing constant memory
Fra:4 Mem:48.29M (Peak 67.51M) | Time:00:00.14 | Mem:6.07M, Peak:6.07M | Scene, ViewLayer | Loading denoising kernels (may take a few minutes the first time)
Fra:4 Mem:52.29M (Peak 67.51M) | Time:00:00.14 | Mem:358.07M, Peak:358.07M | Scene, ViewLayer | Sample 0/24
Fra:4 Mem:95.04M (Peak 95.04M) | Time:00:00.15 | Remaining:00:00.14 | Mem:400.82M, Peak:400.82M | Scene, ViewLayer | Sample 1/24
Fra:4 Mem:113.05M (Peak 140.05M) | Time:00:01.59 | Mem:400.82M, Peak:400.82M | Scene, ViewLayer | Sample 24/24
Fra:4 Mem:113.05M (Peak 140.05M) | Time:00:01.59 | Mem:400.82M, Peak:400.82M | Scene, ViewLayer | Finished
Saved: '/home/cbsim/ws/slime-workflow/.tmp/mannequin-reference-refinement/2026-09-23_07-33-20/down_right-02.png'
Time: 00:01.72 (Saving: 00:00.03)

Fra:7 Mem:39.37M (Peak 39.37M) | Time:00:00.08 | Mem:0.00M, Peak:0.00M | Scene, ViewLayer | Synchronizing object | key
Fra:7 Mem:39.37M (Peak 39.37M) | Time:00:00.08 | Mem:0.00M, Peak:0.00M | Scene, ViewLayer | Synchronizing object | head-shell-part
Fra:7 Mem:39.38M (Peak 39.38M) | Time:00:00.08 | Mem:0.00M, Peak:0.00M | Scene, ViewLayer | Synchronizing object | neck-shell-part
Fra:7 Mem:39.41M (Peak 39.41M) | Time:00:00.08 | Mem:0.00M, Peak:0.00M | Scene, ViewLayer | Synchronizing object | left-forearm-shell
Fra:7 Mem:39.58M (Peak 39.58M) | Time:00:00.08 | Mem:0.00M, Peak:0.00M | Scene, ViewLayer | Synchronizing object | left-shin-shell
Fra:7 Mem:39.66M (Peak 39.66M) | Time:00:00.08 | Mem:0.00M, Peak:0.00M | Scene, ViewLayer | Synchronizing object | left-elbow-ball
Fra:7 Mem:39.82M (Peak 39.82M) | Time:00:00.08 | Mem:0.00M, Peak:0.00M | Scene, ViewLayer | Synchronizing object | left-wrist-ball
Fra:7 Mem:40.35M (Peak 40.35M) | Time:00:00.08 | Mem:0.00M, Peak:0.00M | Scene, ViewLayer | Synchronizing object | right-hand-shell
Fra:7 Mem:40.40M (Peak 40.40M) | Time:00:00.08 | Mem:0.00M, Peak:0.00M | Scene, ViewLayer | Synchronizing object | right-thigh-shell
Fra:7 Mem:41.48M (Peak 41.48M) | Time:00:00.08 | Mem:0.00M, Peak:0.00M | Scene, ViewLayer | Synchronizing object | right-shin-shell
Fra:7 Mem:42.08M (Peak 42.08M) | Time:00:00.08 | Mem:0.00M, Peak:0.00M | Scene, ViewLayer | Synchronizing object | right-foot-shell
Fra:7 Mem:42.33M (Peak 42.33M) | Time:00:00.08 | Mem:0.00M, Peak:0.00M | Scene, ViewLayer | Synchronizing object | right-shoulder-ball
Fra:7 Mem:42.70M (Peak 42.70M) | Time:00:00.08 | Mem:0.00M, Peak:0.00M | Scene, ViewLayer | Synchronizing object | right-elbow-ball
Fra:7 Mem:43.11M (Peak 43.11M) | Time:00:00.08 | Mem:0.00M, Peak:0.00M | Scene, ViewLayer | Synchronizing object | right-wrist-ball
Fra:7 Mem:43.28M (Peak 43.28M) | Time:00:00.08 | Mem:0.00M, Peak:0.00M | Scene, ViewLayer | Synchronizing object | right-hip-ball
Fra:7 Mem:47.29M (Peak 48.78M) | Time:00:00.09 | Mem:0.00M, Peak:0.00M | Scene, ViewLayer | Initializing
Fra:7 Mem:39.41M (Peak 48.78M) | Time:00:00.09 | Mem:0.00M, Peak:0.00M | Scene, ViewLayer | Waiting for render to start
Fra:7 Mem:39.41M (Peak 48.78M) | Time:00:00.09 | Mem:0.00M, Peak:0.00M | Scene, ViewLayer | Updating Scene
Fra:7 Mem:39.41M (Peak 48.78M) | Time:00:00.09 | Mem:0.00M, Peak:0.00M | Scene, ViewLayer | Updating Shaders
Fra:7 Mem:39.41M (Peak 48.78M) | Time:00:00.09 | Mem:0.00M, Peak:0.00M | Scene, ViewLayer | Loading render kernels (may take a few minutes the first time)
Fra:7 Mem:39.49M (Peak 67.51M) | Time:00:00.13 | Mem:0.00M, Peak:0.00M | Scene, ViewLayer | Updating Procedurals
Fra:7 Mem:39.49M (Peak 67.51M) | Time:00:00.13 | Mem:0.00M, Peak:0.00M | Scene, ViewLayer | Updating Background
Fra:7 Mem:39.49M (Peak 67.51M) | Time:00:00.13 | Mem:0.00M, Peak:0.00M | Scene, ViewLayer | Updating Camera
Fra:7 Mem:39.49M (Peak 67.51M) | Time:00:00.13 | Mem:0.00M, Peak:0.00M | Scene, ViewLayer | Updating Meshes Flags
Fra:7 Mem:39.49M (Peak 67.51M) | Time:00:00.13 | Mem:0.00M, Peak:0.00M | Scene, ViewLayer | Updating Objects
Fra:7 Mem:39.49M (Peak 67.51M) | Time:00:00.13 | Mem:0.00M, Peak:0.00M | Scene, ViewLayer | Updating Objects | Copying Transformations to device
Fra:7 Mem:39.50M (Peak 67.51M) | Time:00:00.13 | Mem:0.01M, Peak:0.01M | Scene, ViewLayer | Updating Particle Systems
Fra:7 Mem:39.50M (Peak 67.51M) | Time:00:00.13 | Mem:0.01M, Peak:0.01M | Scene, ViewLayer | Updating Particle Systems | Copying Particles to device
Fra:7 Mem:39.50M (Peak 67.51M) | Time:00:00.13 | Mem:0.01M, Peak:0.01M | Scene, ViewLayer | Updating Meshes
Fra:7 Mem:39.50M (Peak 67.51M) | Time:00:00.13 | Mem:0.01M, Peak:0.01M | Scene, ViewLayer | Updating Objects | Applying Static Transformations
Fra:7 Mem:39.50M (Peak 67.51M) | Time:00:00.13 | Mem:0.01M, Peak:0.01M | Scene, ViewLayer | Updating Mesh | Computing attributes
Fra:7 Mem:40.06M (Peak 67.51M) | Time:00:00.13 | Mem:0.01M, Peak:0.01M | Scene, ViewLayer | Updating Mesh | Copying Attributes to device
Fra:7 Mem:40.06M (Peak 67.51M) | Time:00:00.13 | Mem:0.57M, Peak:0.57M | Scene, ViewLayer | Updating Scene BVH | Building
Fra:7 Mem:40.06M (Peak 67.51M) | Time:00:00.13 | Mem:0.57M, Peak:0.57M | Scene, ViewLayer | Updating Scene BVH | Building BVH
Fra:7 Mem:45.62M (Peak 67.51M) | Time:00:00.14 | Mem:0.57M, Peak:0.57M | Scene, ViewLayer | Updating Scene BVH | Packing BVH triangles and strands
Fra:7 Mem:45.99M (Peak 67.51M) | Time:00:00.14 | Mem:0.57M, Peak:0.57M | Scene, ViewLayer | Updating Scene BVH | Packing BVH nodes
Fra:7 Mem:45.71M (Peak 67.51M) | Time:00:00.14 | Mem:0.57M, Peak:0.57M | Scene, ViewLayer | Updating Scene BVH | Copying BVH to device
Fra:7 Mem:45.71M (Peak 67.51M) | Time:00:00.14 | Mem:3.40M, Peak:3.40M | Scene, ViewLayer | Updating Mesh | Computing normals
Fra:7 Mem:48.31M (Peak 67.51M) | Time:00:00.14 | Mem:3.40M, Peak:3.40M | Scene, ViewLayer | Updating Mesh | Copying Mesh to device
Fra:7 Mem:48.31M (Peak 67.51M) | Time:00:00.14 | Mem:6.00M, Peak:6.00M | Scene, ViewLayer | Updating Objects Flags
Fra:7 Mem:48.31M (Peak 67.51M) | Time:00:00.14 | Mem:6.00M, Peak:6.00M | Scene, ViewLayer | Updating Primitive Offsets
Fra:7 Mem:48.31M (Peak 67.51M) | Time:00:00.14 | Mem:6.00M, Peak:6.00M | Scene, ViewLayer | Updating Images
Fra:7 Mem:48.31M (Peak 67.51M) | Time:00:00.14 | Mem:6.00M, Peak:6.00M | Scene, ViewLayer | Updating Camera Volume
Fra:7 Mem:48.31M (Peak 67.51M) | Time:00:00.14 | Mem:6.00M, Peak:6.00M | Scene, ViewLayer | Updating Lookup Tables
Fra:7 Mem:48.31M (Peak 67.51M) | Time:00:00.14 | Mem:6.08M, Peak:6.08M | Scene, ViewLayer | Updating Lights
Fra:7 Mem:48.31M (Peak 67.51M) | Time:00:00.14 | Mem:6.08M, Peak:6.08M | Scene, ViewLayer | Updating Lights | Computing tree
Fra:7 Mem:48.31M (Peak 67.51M) | Time:00:00.14 | Mem:6.08M, Peak:6.08M | Scene, ViewLayer | Updating Integrator
Fra:7 Mem:48.31M (Peak 67.51M) | Time:00:00.14 | Mem:6.08M, Peak:6.08M | Scene, ViewLayer | Updating Film
Fra:7 Mem:48.32M (Peak 67.51M) | Time:00:00.14 | Mem:6.00M, Peak:6.08M | Scene, ViewLayer | Updating Lookup Tables
Fra:7 Mem:48.32M (Peak 67.51M) | Time:00:00.14 | Mem:6.08M, Peak:6.08M | Scene, ViewLayer | Updating Baking
Fra:7 Mem:48.32M (Peak 67.51M) | Time:00:00.14 | Mem:6.08M, Peak:6.08M | Scene, ViewLayer | Updating Device | Writing constant memory
Fra:7 Mem:48.32M (Peak 67.51M) | Time:00:00.14 | Mem:6.08M, Peak:6.08M | Scene, ViewLayer | Loading denoising kernels (may take a few minutes the first time)
Fra:7 Mem:52.32M (Peak 67.51M) | Time:00:00.14 | Mem:358.09M, Peak:358.09M | Scene, ViewLayer | Sample 0/24
Fra:7 Mem:95.08M (Peak 95.08M) | Time:00:00.15 | Remaining:00:00.14 | Mem:400.84M, Peak:400.84M | Scene, ViewLayer | Sample 1/24
Fra:7 Mem:113.08M (Peak 140.08M) | Time:00:01.58 | Mem:400.84M, Peak:400.84M | Scene, ViewLayer | Sample 24/24
Fra:7 Mem:113.08M (Peak 140.08M) | Time:00:01.58 | Mem:400.84M, Peak:400.84M | Scene, ViewLayer | Finished
Saved: '/home/cbsim/ws/slime-workflow/.tmp/mannequin-reference-refinement/2026-09-23_07-33-20/down_right-03.png'
Time: 00:01.70 (Saving: 00:00.03)

Fra:10 Mem:39.37M (Peak 39.37M) | Time:00:00.07 | Mem:0.00M, Peak:0.00M | Scene, ViewLayer | Synchronizing object | key
Fra:10 Mem:39.37M (Peak 39.37M) | Time:00:00.07 | Mem:0.00M, Peak:0.00M | Scene, ViewLayer | Synchronizing object | fill
Fra:10 Mem:39.38M (Peak 39.38M) | Time:00:00.07 | Mem:0.00M, Peak:0.00M | Scene, ViewLayer | Synchronizing object | neck-shell-part
Fra:10 Mem:39.38M (Peak 39.38M) | Time:00:00.07 | Mem:0.00M, Peak:0.00M | Scene, ViewLayer | Synchronizing object | right-ankle-ball
Fra:10 Mem:39.46M (Peak 39.46M) | Time:00:00.07 | Mem:0.00M, Peak:0.00M | Scene, ViewLayer | Synchronizing object | chest-shell-part
Fra:10 Mem:39.52M (Peak 39.52M) | Time:00:00.07 | Mem:0.00M, Peak:0.00M | Scene, ViewLayer | Synchronizing object | head-pivot-ball
Fra:10 Mem:39.53M (Peak 39.53M) | Time:00:00.07 | Mem:0.00M, Peak:0.00M | Scene, ViewLayer | Synchronizing object | left-forearm-shell
Fra:10 Mem:40.03M (Peak 40.03M) | Time:00:00.07 | Mem:0.00M, Peak:0.00M | Scene, ViewLayer | Synchronizing object | left-hand-shell
Fra:10 Mem:40.14M (Peak 40.14M) | Time:00:00.07 | Mem:0.00M, Peak:0.00M | Scene, ViewLayer | Synchronizing object | left-foot-shell
Fra:10 Mem:40.16M (Peak 40.16M) | Time:00:00.07 | Mem:0.00M, Peak:0.00M | Scene, ViewLayer | Synchronizing object | left-shoulder-ball
Fra:10 Mem:40.28M (Peak 40.28M) | Time:00:00.07 | Mem:0.00M, Peak:0.00M | Scene, ViewLayer | Synchronizing object | right-upper-arm-shell
Fra:10 Mem:40.36M (Peak 40.36M) | Time:00:00.07 | Mem:0.00M, Peak:0.00M | Scene, ViewLayer | Synchronizing object | right-forearm-shell
Fra:10 Mem:40.72M (Peak 40.72M) | Time:00:00.07 | Mem:0.00M, Peak:0.00M | Scene, ViewLayer | Synchronizing object | right-foot-shell
Fra:10 Mem:41.62M (Peak 41.62M) | Time:00:00.08 | Mem:0.00M, Peak:0.00M | Scene, ViewLayer | Synchronizing object | right-shoulder-ball
Fra:10 Mem:41.70M (Peak 41.70M) | Time:00:00.08 | Mem:0.00M, Peak:0.00M | Scene, ViewLayer | Synchronizing object | right-elbow-ball
Fra:10 Mem:41.83M (Peak 41.83M) | Time:00:00.08 | Mem:0.00M, Peak:0.00M | Scene, ViewLayer | Synchronizing object | right-hip-ball
Fra:10 Mem:41.90M (Peak 41.91M) | Time:00:00.08 | Mem:0.00M, Peak:0.00M | Scene, ViewLayer | Synchronizing object | right-wrist-ball
Fra:10 Mem:47.29M (Peak 48.41M) | Time:00:00.08 | Mem:0.00M, Peak:0.00M | Scene, ViewLayer | Initializing
Fra:10 Mem:39.41M (Peak 48.41M) | Time:00:00.08 | Mem:0.00M, Peak:0.00M | Scene, ViewLayer | Waiting for render to start
Fra:10 Mem:39.41M (Peak 48.41M) | Time:00:00.08 | Mem:0.00M, Peak:0.00M | Scene, ViewLayer | Updating Scene
Fra:10 Mem:39.41M (Peak 48.41M) | Time:00:00.08 | Mem:0.00M, Peak:0.00M | Scene, ViewLayer | Updating Shaders
Fra:10 Mem:39.41M (Peak 48.41M) | Time:00:00.08 | Mem:0.00M, Peak:0.00M | Scene, ViewLayer | Loading render kernels (may take a few minutes the first time)
Fra:10 Mem:39.49M (Peak 67.51M) | Time:00:00.12 | Mem:0.00M, Peak:0.00M | Scene, ViewLayer | Updating Procedurals
Fra:10 Mem:39.49M (Peak 67.51M) | Time:00:00.12 | Mem:0.00M, Peak:0.00M | Scene, ViewLayer | Updating Background
Fra:10 Mem:39.49M (Peak 67.51M) | Time:00:00.12 | Mem:0.00M, Peak:0.00M | Scene, ViewLayer | Updating Camera
Fra:10 Mem:39.49M (Peak 67.51M) | Time:00:00.12 | Mem:0.00M, Peak:0.00M | Scene, ViewLayer | Updating Meshes Flags
Fra:10 Mem:39.49M (Peak 67.51M) | Time:00:00.12 | Mem:0.00M, Peak:0.00M | Scene, ViewLayer | Updating Objects
Fra:10 Mem:39.49M (Peak 67.51M) | Time:00:00.12 | Mem:0.00M, Peak:0.00M | Scene, ViewLayer | Updating Objects | Copying Transformations to device
Fra:10 Mem:39.50M (Peak 67.51M) | Time:00:00.12 | Mem:0.01M, Peak:0.01M | Scene, ViewLayer | Updating Particle Systems
Fra:10 Mem:39.50M (Peak 67.51M) | Time:00:00.12 | Mem:0.01M, Peak:0.01M | Scene, ViewLayer | Updating Particle Systems | Copying Particles to device
Fra:10 Mem:39.50M (Peak 67.51M) | Time:00:00.12 | Mem:0.01M, Peak:0.01M | Scene, ViewLayer | Updating Meshes
Fra:10 Mem:39.50M (Peak 67.51M) | Time:00:00.12 | Mem:0.01M, Peak:0.01M | Scene, ViewLayer | Updating Objects | Applying Static Transformations
Fra:10 Mem:39.50M (Peak 67.51M) | Time:00:00.12 | Mem:0.01M, Peak:0.01M | Scene, ViewLayer | Updating Mesh | Computing attributes
Fra:10 Mem:40.06M (Peak 67.51M) | Time:00:00.12 | Mem:0.01M, Peak:0.01M | Scene, ViewLayer | Updating Mesh | Copying Attributes to device
Fra:10 Mem:40.06M (Peak 67.51M) | Time:00:00.12 | Mem:0.57M, Peak:0.57M | Scene, ViewLayer | Updating Scene BVH | Building
Fra:10 Mem:40.06M (Peak 67.51M) | Time:00:00.12 | Mem:0.57M, Peak:0.57M | Scene, ViewLayer | Updating Scene BVH | Building BVH
Fra:10 Mem:45.62M (Peak 67.51M) | Time:00:00.13 | Mem:0.57M, Peak:0.57M | Scene, ViewLayer | Updating Scene BVH | Packing BVH triangles and strands
Fra:10 Mem:45.99M (Peak 67.51M) | Time:00:00.13 | Mem:0.57M, Peak:0.57M | Scene, ViewLayer | Updating Scene BVH | Packing BVH nodes
Fra:10 Mem:45.71M (Peak 67.51M) | Time:00:00.13 | Mem:0.57M, Peak:0.57M | Scene, ViewLayer | Updating Scene BVH | Copying BVH to device
Fra:10 Mem:45.71M (Peak 67.51M) | Time:00:00.13 | Mem:3.40M, Peak:3.40M | Scene, ViewLayer | Updating Mesh | Computing normals
Fra:10 Mem:48.31M (Peak 67.51M) | Time:00:00.13 | Mem:3.40M, Peak:3.40M | Scene, ViewLayer | Updating Mesh | Copying Mesh to device
Fra:10 Mem:48.31M (Peak 67.51M) | Time:00:00.13 | Mem:6.00M, Peak:6.00M | Scene, ViewLayer | Updating Objects Flags
Fra:10 Mem:48.31M (Peak 67.51M) | Time:00:00.13 | Mem:6.00M, Peak:6.00M | Scene, ViewLayer | Updating Primitive Offsets
Fra:10 Mem:48.31M (Peak 67.51M) | Time:00:00.13 | Mem:6.00M, Peak:6.00M | Scene, ViewLayer | Updating Images
Fra:10 Mem:48.31M (Peak 67.51M) | Time:00:00.13 | Mem:6.00M, Peak:6.00M | Scene, ViewLayer | Updating Camera Volume
Fra:10 Mem:48.31M (Peak 67.51M) | Time:00:00.13 | Mem:6.00M, Peak:6.00M | Scene, ViewLayer | Updating Lookup Tables
Fra:10 Mem:48.31M (Peak 67.51M) | Time:00:00.13 | Mem:6.08M, Peak:6.08M | Scene, ViewLayer | Updating Lights
Fra:10 Mem:48.31M (Peak 67.51M) | Time:00:00.13 | Mem:6.08M, Peak:6.08M | Scene, ViewLayer | Updating Lights | Computing tree
Fra:10 Mem:48.31M (Peak 67.51M) | Time:00:00.13 | Mem:6.08M, Peak:6.08M | Scene, ViewLayer | Updating Integrator
Fra:10 Mem:48.31M (Peak 67.51M) | Time:00:00.13 | Mem:6.08M, Peak:6.08M | Scene, ViewLayer | Updating Film
Fra:10 Mem:48.32M (Peak 67.51M) | Time:00:00.13 | Mem:6.00M, Peak:6.08M | Scene, ViewLayer | Updating Lookup Tables
Fra:10 Mem:48.32M (Peak 67.51M) | Time:00:00.13 | Mem:6.08M, Peak:6.08M | Scene, ViewLayer | Updating Baking
Fra:10 Mem:48.32M (Peak 67.51M) | Time:00:00.13 | Mem:6.08M, Peak:6.08M | Scene, ViewLayer | Updating Device | Writing constant memory
Fra:10 Mem:48.32M (Peak 67.51M) | Time:00:00.13 | Mem:6.08M, Peak:6.08M | Scene, ViewLayer | Loading denoising kernels (may take a few minutes the first time)
Fra:10 Mem:52.32M (Peak 67.51M) | Time:00:00.14 | Mem:358.09M, Peak:358.09M | Scene, ViewLayer | Sample 0/24
Fra:10 Mem:95.07M (Peak 95.07M) | Time:00:00.14 | Remaining:00:00.14 | Mem:400.84M, Peak:400.84M | Scene, ViewLayer | Sample 1/24
2026-09-23T07:34:27+0900/hunyuan-rig/heartbeat {'stage': 'down_right', 'frame': 10} images=16
Fra:10 Mem:113.08M (Peak 140.08M) | Time:00:01.58 | Mem:400.84M, Peak:400.84M | Scene, ViewLayer | Sample 24/24
Fra:10 Mem:113.08M (Peak 140.08M) | Time:00:01.58 | Mem:400.84M, Peak:400.84M | Scene, ViewLayer | Finished
Saved: '/home/cbsim/ws/slime-workflow/.tmp/mannequin-reference-refinement/2026-09-23_07-33-20/down_right-04.png'
Time: 00:01.70 (Saving: 00:00.03)

Fra:13 Mem:39.37M (Peak 39.37M) | Time:00:00.07 | Mem:0.00M, Peak:0.00M | Scene, ViewLayer | Synchronizing object | key
Fra:13 Mem:39.37M (Peak 39.37M) | Time:00:00.07 | Mem:0.00M, Peak:0.00M | Scene, ViewLayer | Synchronizing object | head-shell-part
Fra:13 Mem:39.38M (Peak 39.38M) | Time:00:00.07 | Mem:0.00M, Peak:0.00M | Scene, ViewLayer | Synchronizing object | right-ankle-ball
Fra:13 Mem:39.56M (Peak 39.56M) | Time:00:00.07 | Mem:0.00M, Peak:0.00M | Scene, ViewLayer | Synchronizing object | neck-shell-part
Fra:13 Mem:39.55M (Peak 39.56M) | Time:00:00.07 | Mem:0.00M, Peak:0.00M | Scene, ViewLayer | Synchronizing object | chest-shell-part
Fra:13 Mem:39.64M (Peak 39.64M) | Time:00:00.07 | Mem:0.00M, Peak:0.00M | Scene, ViewLayer | Synchronizing object | abdomen-shell-part
Fra:13 Mem:39.79M (Peak 39.79M) | Time:00:00.07 | Mem:0.00M, Peak:0.00M | Scene, ViewLayer | Synchronizing object | left-upper-arm-shell
Fra:13 Mem:40.11M (Peak 40.11M) | Time:00:00.07 | Mem:0.00M, Peak:0.00M | Scene, ViewLayer | Synchronizing object | left-forearm-shell
Fra:13 Mem:40.29M (Peak 40.29M) | Time:00:00.07 | Mem:0.00M, Peak:0.00M | Scene, ViewLayer | Synchronizing object | left-elbow-ball
Fra:13 Mem:40.47M (Peak 40.47M) | Time:00:00.07 | Mem:0.00M, Peak:0.00M | Scene, ViewLayer | Synchronizing object | left-wrist-ball
Fra:13 Mem:40.80M (Peak 40.80M) | Time:00:00.07 | Mem:0.00M, Peak:0.00M | Scene, ViewLayer | Synchronizing object | right-wrist-ball
Fra:13 Mem:40.99M (Peak 40.99M) | Time:00:00.07 | Mem:0.00M, Peak:0.00M | Scene, ViewLayer | Synchronizing object | right-forearm-shell
Fra:13 Mem:41.05M (Peak 41.05M) | Time:00:00.07 | Mem:0.00M, Peak:0.00M | Scene, ViewLayer | Synchronizing object | right-elbow-ball
Fra:13 Mem:41.17M (Peak 41.17M) | Time:00:00.07 | Mem:0.00M, Peak:0.00M | Scene, ViewLayer | Synchronizing object | right-shoulder-ball
Fra:13 Mem:41.36M (Peak 41.36M) | Time:00:00.07 | Mem:0.00M, Peak:0.00M | Scene, ViewLayer | Synchronizing object | right-hand-shell
Fra:13 Mem:41.42M (Peak 41.42M) | Time:00:00.07 | Mem:0.00M, Peak:0.00M | Scene, ViewLayer | Synchronizing object | right-foot-shell
Fra:13 Mem:47.29M (Peak 48.61M) | Time:00:00.08 | Mem:0.00M, Peak:0.00M | Scene, ViewLayer | Initializing
Fra:13 Mem:39.41M (Peak 48.61M) | Time:00:00.08 | Mem:0.00M, Peak:0.00M | Scene, ViewLayer | Waiting for render to start
Fra:13 Mem:39.41M (Peak 48.61M) | Time:00:00.08 | Mem:0.00M, Peak:0.00M | Scene, ViewLayer | Updating Scene
Fra:13 Mem:39.41M (Peak 48.61M) | Time:00:00.08 | Mem:0.00M, Peak:0.00M | Scene, ViewLayer | Updating Shaders
Fra:13 Mem:39.41M (Peak 48.61M) | Time:00:00.08 | Mem:0.00M, Peak:0.00M | Scene, ViewLayer | Loading render kernels (may take a few minutes the first time)
Fra:13 Mem:39.49M (Peak 67.51M) | Time:00:00.12 | Mem:0.00M, Peak:0.00M | Scene, ViewLayer | Updating Procedurals
Fra:13 Mem:39.49M (Peak 67.51M) | Time:00:00.12 | Mem:0.00M, Peak:0.00M | Scene, ViewLayer | Updating Background
Fra:13 Mem:39.49M (Peak 67.51M) | Time:00:00.12 | Mem:0.00M, Peak:0.00M | Scene, ViewLayer | Updating Camera
Fra:13 Mem:39.49M (Peak 67.51M) | Time:00:00.12 | Mem:0.00M, Peak:0.00M | Scene, ViewLayer | Updating Meshes Flags
Fra:13 Mem:39.49M (Peak 67.51M) | Time:00:00.12 | Mem:0.00M, Peak:0.00M | Scene, ViewLayer | Updating Objects
Fra:13 Mem:39.49M (Peak 67.51M) | Time:00:00.12 | Mem:0.00M, Peak:0.00M | Scene, ViewLayer | Updating Objects | Copying Transformations to device
Fra:13 Mem:39.50M (Peak 67.51M) | Time:00:00.12 | Mem:0.01M, Peak:0.01M | Scene, ViewLayer | Updating Particle Systems
Fra:13 Mem:39.50M (Peak 67.51M) | Time:00:00.12 | Mem:0.01M, Peak:0.01M | Scene, ViewLayer | Updating Particle Systems | Copying Particles to device
Fra:13 Mem:39.50M (Peak 67.51M) | Time:00:00.12 | Mem:0.01M, Peak:0.01M | Scene, ViewLayer | Updating Meshes
Fra:13 Mem:39.50M (Peak 67.51M) | Time:00:00.12 | Mem:0.01M, Peak:0.01M | Scene, ViewLayer | Updating Objects | Applying Static Transformations
Fra:13 Mem:39.50M (Peak 67.51M) | Time:00:00.12 | Mem:0.01M, Peak:0.01M | Scene, ViewLayer | Updating Mesh | Computing attributes
Fra:13 Mem:40.06M (Peak 67.51M) | Time:00:00.12 | Mem:0.01M, Peak:0.01M | Scene, ViewLayer | Updating Mesh | Copying Attributes to device
Fra:13 Mem:40.06M (Peak 67.51M) | Time:00:00.12 | Mem:0.57M, Peak:0.57M | Scene, ViewLayer | Updating Scene BVH | Building
Fra:13 Mem:40.06M (Peak 67.51M) | Time:00:00.12 | Mem:0.57M, Peak:0.57M | Scene, ViewLayer | Updating Scene BVH | Building BVH
Fra:13 Mem:45.62M (Peak 67.51M) | Time:00:00.13 | Mem:0.57M, Peak:0.57M | Scene, ViewLayer | Updating Scene BVH | Packing BVH triangles and strands
Fra:13 Mem:45.99M (Peak 67.51M) | Time:00:00.13 | Mem:0.57M, Peak:0.57M | Scene, ViewLayer | Updating Scene BVH | Packing BVH nodes
Fra:13 Mem:45.72M (Peak 67.51M) | Time:00:00.13 | Mem:0.57M, Peak:0.57M | Scene, ViewLayer | Updating Scene BVH | Copying BVH to device
Fra:13 Mem:45.72M (Peak 67.51M) | Time:00:00.13 | Mem:3.40M, Peak:3.40M | Scene, ViewLayer | Updating Mesh | Computing normals
Fra:13 Mem:48.32M (Peak 67.51M) | Time:00:00.13 | Mem:3.40M, Peak:3.40M | Scene, ViewLayer | Updating Mesh | Copying Mesh to device
Fra:13 Mem:48.32M (Peak 67.51M) | Time:00:00.14 | Mem:6.00M, Peak:6.00M | Scene, ViewLayer | Updating Objects Flags
Fra:13 Mem:48.32M (Peak 67.51M) | Time:00:00.14 | Mem:6.00M, Peak:6.00M | Scene, ViewLayer | Updating Primitive Offsets
Fra:13 Mem:48.32M (Peak 67.51M) | Time:00:00.14 | Mem:6.00M, Peak:6.00M | Scene, ViewLayer | Updating Images
Fra:13 Mem:48.32M (Peak 67.51M) | Time:00:00.14 | Mem:6.00M, Peak:6.00M | Scene, ViewLayer | Updating Camera Volume
Fra:13 Mem:48.32M (Peak 67.51M) | Time:00:00.14 | Mem:6.00M, Peak:6.00M | Scene, ViewLayer | Updating Lookup Tables
Fra:13 Mem:48.32M (Peak 67.51M) | Time:00:00.14 | Mem:6.08M, Peak:6.08M | Scene, ViewLayer | Updating Lights
Fra:13 Mem:48.32M (Peak 67.51M) | Time:00:00.14 | Mem:6.08M, Peak:6.08M | Scene, ViewLayer | Updating Lights | Computing tree
Fra:13 Mem:48.32M (Peak 67.51M) | Time:00:00.14 | Mem:6.09M, Peak:6.09M | Scene, ViewLayer | Updating Integrator
Fra:13 Mem:48.32M (Peak 67.51M) | Time:00:00.14 | Mem:6.09M, Peak:6.09M | Scene, ViewLayer | Updating Film
Fra:13 Mem:48.33M (Peak 67.51M) | Time:00:00.14 | Mem:6.00M, Peak:6.09M | Scene, ViewLayer | Updating Lookup Tables
Fra:13 Mem:48.33M (Peak 67.51M) | Time:00:00.14 | Mem:6.09M, Peak:6.09M | Scene, ViewLayer | Updating Baking
Fra:13 Mem:48.33M (Peak 67.51M) | Time:00:00.14 | Mem:6.09M, Peak:6.09M | Scene, ViewLayer | Updating Device | Writing constant memory
Fra:13 Mem:48.33M (Peak 67.51M) | Time:00:00.14 | Mem:6.09M, Peak:6.09M | Scene, ViewLayer | Loading denoising kernels (may take a few minutes the first time)
Fra:13 Mem:52.33M (Peak 67.51M) | Time:00:00.14 | Mem:358.09M, Peak:358.09M | Scene, ViewLayer | Sample 0/24
Fra:13 Mem:95.08M (Peak 95.08M) | Time:00:00.15 | Remaining:00:00.14 | Mem:400.84M, Peak:400.84M | Scene, ViewLayer | Sample 1/24
Fra:13 Mem:113.09M (Peak 140.09M) | Time:00:01.57 | Mem:400.84M, Peak:400.84M | Scene, ViewLayer | Sample 24/24
Fra:13 Mem:113.09M (Peak 140.09M) | Time:00:01.57 | Mem:400.84M, Peak:400.84M | Scene, ViewLayer | Finished
Saved: '/home/cbsim/ws/slime-workflow/.tmp/mannequin-reference-refinement/2026-09-23_07-33-20/down_right-05.png'
Time: 00:01.70 (Saving: 00:00.03)

Fra:16 Mem:39.37M (Peak 39.37M) | Time:00:00.07 | Mem:0.00M, Peak:0.00M | Scene, ViewLayer | Synchronizing object | key
Fra:16 Mem:39.38M (Peak 39.38M) | Time:00:00.07 | Mem:0.00M, Peak:0.00M | Scene, ViewLayer | Synchronizing object | abdomen-shell-part
Fra:16 Mem:39.38M (Peak 39.38M) | Time:00:00.07 | Mem:0.00M, Peak:0.00M | Scene, ViewLayer | Synchronizing object | head-pivot-ball
Fra:16 Mem:39.38M (Peak 39.38M) | Time:00:00.07 | Mem:0.00M, Peak:0.00M | Scene, ViewLayer | Synchronizing object | left-foot-shell
Fra:16 Mem:39.43M (Peak 39.43M) | Time:00:00.07 | Mem:0.00M, Peak:0.00M | Scene, ViewLayer | Synchronizing object | left-wrist-ball
Fra:16 Mem:39.60M (Peak 39.60M) | Time:00:00.07 | Mem:0.00M, Peak:0.00M | Scene, ViewLayer | Synchronizing object | left-elbow-ball
Fra:16 Mem:39.70M (Peak 39.70M) | Time:00:00.07 | Mem:0.00M, Peak:0.00M | Scene, ViewLayer | Synchronizing object | left-ankle-ball
Fra:16 Mem:39.91M (Peak 39.91M) | Time:00:00.07 | Mem:0.00M, Peak:0.00M | Scene, ViewLayer | Synchronizing object | right-upper-arm-shell
Fra:16 Mem:40.24M (Peak 40.24M) | Time:00:00.07 | Mem:0.00M, Peak:0.00M | Scene, ViewLayer | Synchronizing object | right-knee-ball
Fra:16 Mem:40.32M (Peak 40.32M) | Time:00:00.07 | Mem:0.00M, Peak:0.00M | Scene, ViewLayer | Synchronizing object | right-thigh-shell
Fra:16 Mem:40.35M (Peak 40.35M) | Time:00:00.07 | Mem:0.00M, Peak:0.00M | Scene, ViewLayer | Synchronizing object | right-hip-ball
Fra:16 Mem:40.45M (Peak 40.45M) | Time:00:00.07 | Mem:0.00M, Peak:0.00M | Scene, ViewLayer | Synchronizing object | right-foot-shell
Fra:16 Mem:40.56M (Peak 40.56M) | Time:00:00.07 | Mem:0.00M, Peak:0.00M | Scene, ViewLayer | Synchronizing object | right-shoulder-ball
Fra:16 Mem:40.70M (Peak 40.70M) | Time:00:00.07 | Mem:0.00M, Peak:0.00M | Scene, ViewLayer | Synchronizing object | right-wrist-ball
Fra:16 Mem:42.53M (Peak 42.53M) | Time:00:00.07 | Mem:0.00M, Peak:0.00M | Scene, ViewLayer | Synchronizing object | right-elbow-ball
Fra:16 Mem:47.29M (Peak 48.78M) | Time:00:00.08 | Mem:0.00M, Peak:0.00M | Scene, ViewLayer | Initializing
Fra:16 Mem:39.41M (Peak 48.78M) | Time:00:00.08 | Mem:0.00M, Peak:0.00M | Scene, ViewLayer | Waiting for render to start
Fra:16 Mem:39.41M (Peak 48.78M) | Time:00:00.08 | Mem:0.00M, Peak:0.00M | Scene, ViewLayer | Updating Scene
Fra:16 Mem:39.41M (Peak 48.78M) | Time:00:00.08 | Mem:0.00M, Peak:0.00M | Scene, ViewLayer | Updating Shaders
Fra:16 Mem:39.41M (Peak 48.78M) | Time:00:00.08 | Mem:0.00M, Peak:0.00M | Scene, ViewLayer | Loading render kernels (may take a few minutes the first time)
Fra:16 Mem:39.49M (Peak 67.51M) | Time:00:00.12 | Mem:0.00M, Peak:0.00M | Scene, ViewLayer | Updating Procedurals
Fra:16 Mem:39.49M (Peak 67.51M) | Time:00:00.12 | Mem:0.00M, Peak:0.00M | Scene, ViewLayer | Updating Background
Fra:16 Mem:39.49M (Peak 67.51M) | Time:00:00.12 | Mem:0.00M, Peak:0.00M | Scene, ViewLayer | Updating Camera
Fra:16 Mem:39.49M (Peak 67.51M) | Time:00:00.12 | Mem:0.00M, Peak:0.00M | Scene, ViewLayer | Updating Meshes Flags
Fra:16 Mem:39.49M (Peak 67.51M) | Time:00:00.12 | Mem:0.00M, Peak:0.00M | Scene, ViewLayer | Updating Objects
Fra:16 Mem:39.49M (Peak 67.51M) | Time:00:00.12 | Mem:0.00M, Peak:0.00M | Scene, ViewLayer | Updating Objects | Copying Transformations to device
Fra:16 Mem:39.50M (Peak 67.51M) | Time:00:00.12 | Mem:0.01M, Peak:0.01M | Scene, ViewLayer | Updating Particle Systems
Fra:16 Mem:39.50M (Peak 67.51M) | Time:00:00.12 | Mem:0.01M, Peak:0.01M | Scene, ViewLayer | Updating Particle Systems | Copying Particles to device
Fra:16 Mem:39.50M (Peak 67.51M) | Time:00:00.12 | Mem:0.01M, Peak:0.01M | Scene, ViewLayer | Updating Meshes
Fra:16 Mem:39.50M (Peak 67.51M) | Time:00:00.12 | Mem:0.01M, Peak:0.01M | Scene, ViewLayer | Updating Objects | Applying Static Transformations
Fra:16 Mem:39.50M (Peak 67.51M) | Time:00:00.12 | Mem:0.01M, Peak:0.01M | Scene, ViewLayer | Updating Mesh | Computing attributes
Fra:16 Mem:40.06M (Peak 67.51M) | Time:00:00.12 | Mem:0.01M, Peak:0.01M | Scene, ViewLayer | Updating Mesh | Copying Attributes to device
Fra:16 Mem:40.06M (Peak 67.51M) | Time:00:00.12 | Mem:0.57M, Peak:0.57M | Scene, ViewLayer | Updating Scene BVH | Building
Fra:16 Mem:40.06M (Peak 67.51M) | Time:00:00.12 | Mem:0.57M, Peak:0.57M | Scene, ViewLayer | Updating Scene BVH | Building BVH
Fra:16 Mem:45.62M (Peak 67.51M) | Time:00:00.13 | Mem:0.57M, Peak:0.57M | Scene, ViewLayer | Updating Scene BVH | Packing BVH triangles and strands
Fra:16 Mem:45.99M (Peak 67.51M) | Time:00:00.13 | Mem:0.57M, Peak:0.57M | Scene, ViewLayer | Updating Scene BVH | Packing BVH nodes
Fra:16 Mem:45.69M (Peak 67.51M) | Time:00:00.13 | Mem:0.57M, Peak:0.57M | Scene, ViewLayer | Updating Scene BVH | Copying BVH to device
Fra:16 Mem:45.69M (Peak 67.51M) | Time:00:00.13 | Mem:3.39M, Peak:3.39M | Scene, ViewLayer | Updating Mesh | Computing normals
Fra:16 Mem:48.29M (Peak 67.51M) | Time:00:00.13 | Mem:3.39M, Peak:3.39M | Scene, ViewLayer | Updating Mesh | Copying Mesh to device
Fra:16 Mem:48.29M (Peak 67.51M) | Time:00:00.13 | Mem:5.99M, Peak:5.99M | Scene, ViewLayer | Updating Objects Flags
Fra:16 Mem:48.29M (Peak 67.51M) | Time:00:00.13 | Mem:5.99M, Peak:5.99M | Scene, ViewLayer | Updating Primitive Offsets
Fra:16 Mem:48.29M (Peak 67.51M) | Time:00:00.13 | Mem:5.99M, Peak:5.99M | Scene, ViewLayer | Updating Images
Fra:16 Mem:48.29M (Peak 67.51M) | Time:00:00.13 | Mem:5.99M, Peak:5.99M | Scene, ViewLayer | Updating Camera Volume
Fra:16 Mem:48.29M (Peak 67.51M) | Time:00:00.13 | Mem:5.99M, Peak:5.99M | Scene, ViewLayer | Updating Lookup Tables
Fra:16 Mem:48.29M (Peak 67.51M) | Time:00:00.13 | Mem:6.07M, Peak:6.07M | Scene, ViewLayer | Updating Lights
Fra:16 Mem:48.29M (Peak 67.51M) | Time:00:00.13 | Mem:6.07M, Peak:6.07M | Scene, ViewLayer | Updating Lights | Computing tree
Fra:16 Mem:48.29M (Peak 67.51M) | Time:00:00.13 | Mem:6.07M, Peak:6.07M | Scene, ViewLayer | Updating Integrator
Fra:16 Mem:48.29M (Peak 67.51M) | Time:00:00.13 | Mem:6.07M, Peak:6.07M | Scene, ViewLayer | Updating Film
Fra:16 Mem:48.29M (Peak 67.51M) | Time:00:00.13 | Mem:5.99M, Peak:6.07M | Scene, ViewLayer | Updating Lookup Tables
Fra:16 Mem:48.29M (Peak 67.51M) | Time:00:00.13 | Mem:6.07M, Peak:6.07M | Scene, ViewLayer | Updating Baking
Fra:16 Mem:48.29M (Peak 67.51M) | Time:00:00.13 | Mem:6.07M, Peak:6.07M | Scene, ViewLayer | Updating Device | Writing constant memory
Fra:16 Mem:48.29M (Peak 67.51M) | Time:00:00.13 | Mem:6.07M, Peak:6.07M | Scene, ViewLayer | Loading denoising kernels (may take a few minutes the first time)
Fra:16 Mem:52.30M (Peak 67.51M) | Time:00:00.14 | Mem:358.07M, Peak:358.07M | Scene, ViewLayer | Sample 0/24
Fra:16 Mem:95.05M (Peak 95.05M) | Time:00:00.14 | Remaining:00:00.14 | Mem:400.82M, Peak:400.82M | Scene, ViewLayer | Sample 1/24
Fra:16 Mem:113.05M (Peak 140.06M) | Time:00:01.58 | Mem:400.83M, Peak:400.83M | Scene, ViewLayer | Sample 24/24
Fra:16 Mem:113.05M (Peak 140.06M) | Time:00:01.58 | Mem:400.83M, Peak:400.83M | Scene, ViewLayer | Finished
Saved: '/home/cbsim/ws/slime-workflow/.tmp/mannequin-reference-refinement/2026-09-23_07-33-20/down_right-06.png'
Time: 00:01.71 (Saving: 00:00.03)

Fra:19 Mem:39.37M (Peak 39.37M) | Time:00:00.07 | Mem:0.00M, Peak:0.00M | Scene, ViewLayer | Synchronizing object | key
Fra:19 Mem:39.37M (Peak 39.37M) | Time:00:00.07 | Mem:0.00M, Peak:0.00M | Scene, ViewLayer | Synchronizing object | head-shell-part
Fra:19 Mem:39.38M (Peak 39.38M) | Time:00:00.07 | Mem:0.00M, Peak:0.00M | Scene, ViewLayer | Synchronizing object | neck-shell-part
Fra:19 Mem:39.40M (Peak 39.40M) | Time:00:00.07 | Mem:0.00M, Peak:0.00M | Scene, ViewLayer | Synchronizing object | right-ankle-ball
Fra:19 Mem:39.54M (Peak 39.54M) | Time:00:00.07 | Mem:0.00M, Peak:0.00M | Scene, ViewLayer | Synchronizing object | chest-shell-part
Fra:19 Mem:39.62M (Peak 39.62M) | Time:00:00.07 | Mem:0.00M, Peak:0.00M | Scene, ViewLayer | Synchronizing object | right-knee-ball
Fra:19 Mem:39.70M (Peak 39.78M) | Time:00:00.07 | Mem:0.00M, Peak:0.00M | Scene, ViewLayer | Synchronizing object | pelvis-shell-part
Fra:19 Mem:40.10M (Peak 40.10M) | Time:00:00.07 | Mem:0.00M, Peak:0.00M | Scene, ViewLayer | Synchronizing object | left-upper-arm-shell
Fra:19 Mem:40.35M (Peak 40.35M) | Time:00:00.07 | Mem:0.00M, Peak:0.00M | Scene, ViewLayer | Synchronizing object | left-forearm-shell
Fra:19 Mem:40.43M (Peak 40.43M) | Time:00:00.07 | Mem:0.00M, Peak:0.00M | Scene, ViewLayer | Synchronizing object | left-hand-shell
Fra:19 Mem:40.81M (Peak 40.81M) | Time:00:00.07 | Mem:0.00M, Peak:0.00M | Scene, ViewLayer | Synchronizing object | left-thigh-shell
Fra:19 Mem:41.12M (Peak 41.13M) | Time:00:00.07 | Mem:0.00M, Peak:0.00M | Scene, ViewLayer | Synchronizing object | left-elbow-ball
Fra:19 Mem:41.23M (Peak 41.23M) | Time:00:00.07 | Mem:0.00M, Peak:0.00M | Scene, ViewLayer | Synchronizing object | right-hand-shell
Fra:19 Mem:41.74M (Peak 41.74M) | Time:00:00.07 | Mem:0.00M, Peak:0.00M | Scene, ViewLayer | Synchronizing object | right-shin-shell
Fra:19 Mem:41.78M (Peak 41.78M) | Time:00:00.07 | Mem:0.00M, Peak:0.00M | Scene, ViewLayer | Synchronizing object | right-wrist-ball
Fra:19 Mem:42.23M (Peak 42.23M) | Time:00:00.07 | Mem:0.00M, Peak:0.00M | Scene, ViewLayer | Synchronizing object | right-elbow-ball
Fra:19 Mem:42.31M (Peak 42.31M) | Time:00:00.07 | Mem:0.00M, Peak:0.00M | Scene, ViewLayer | Synchronizing object | right-shoulder-ball
Fra:19 Mem:47.29M (Peak 49.07M) | Time:00:00.08 | Mem:0.00M, Peak:0.00M | Scene, ViewLayer | Initializing
Fra:19 Mem:39.41M (Peak 49.07M) | Time:00:00.08 | Mem:0.00M, Peak:0.00M | Scene, ViewLayer | Waiting for render to start
Fra:19 Mem:39.41M (Peak 49.07M) | Time:00:00.08 | Mem:0.00M, Peak:0.00M | Scene, ViewLayer | Updating Scene
Fra:19 Mem:39.41M (Peak 49.07M) | Time:00:00.08 | Mem:0.00M, Peak:0.00M | Scene, ViewLayer | Updating Shaders
Fra:19 Mem:39.41M (Peak 49.07M) | Time:00:00.08 | Mem:0.00M, Peak:0.00M | Scene, ViewLayer | Loading render kernels (may take a few minutes the first time)
Fra:19 Mem:39.49M (Peak 67.51M) | Time:00:00.12 | Mem:0.00M, Peak:0.00M | Scene, ViewLayer | Updating Procedurals
Fra:19 Mem:39.49M (Peak 67.51M) | Time:00:00.12 | Mem:0.00M, Peak:0.00M | Scene, ViewLayer | Updating Background
Fra:19 Mem:39.49M (Peak 67.51M) | Time:00:00.12 | Mem:0.00M, Peak:0.00M | Scene, ViewLayer | Updating Camera
Fra:19 Mem:39.49M (Peak 67.51M) | Time:00:00.12 | Mem:0.00M, Peak:0.00M | Scene, ViewLayer | Updating Meshes Flags
Fra:19 Mem:39.49M (Peak 67.51M) | Time:00:00.12 | Mem:0.00M, Peak:0.00M | Scene, ViewLayer | Updating Objects
Fra:19 Mem:39.49M (Peak 67.51M) | Time:00:00.12 | Mem:0.00M, Peak:0.00M | Scene, ViewLayer | Updating Objects | Copying Transformations to device
Fra:19 Mem:39.50M (Peak 67.51M) | Time:00:00.12 | Mem:0.01M, Peak:0.01M | Scene, ViewLayer | Updating Particle Systems
Fra:19 Mem:39.50M (Peak 67.51M) | Time:00:00.12 | Mem:0.01M, Peak:0.01M | Scene, ViewLayer | Updating Particle Systems | Copying Particles to device
Fra:19 Mem:39.50M (Peak 67.51M) | Time:00:00.12 | Mem:0.01M, Peak:0.01M | Scene, ViewLayer | Updating Meshes
Fra:19 Mem:39.50M (Peak 67.51M) | Time:00:00.12 | Mem:0.01M, Peak:0.01M | Scene, ViewLayer | Updating Objects | Applying Static Transformations
Fra:19 Mem:39.50M (Peak 67.51M) | Time:00:00.12 | Mem:0.01M, Peak:0.01M | Scene, ViewLayer | Updating Mesh | Computing attributes
Fra:19 Mem:40.06M (Peak 67.51M) | Time:00:00.12 | Mem:0.01M, Peak:0.01M | Scene, ViewLayer | Updating Mesh | Copying Attributes to device
Fra:19 Mem:40.06M (Peak 67.51M) | Time:00:00.12 | Mem:0.57M, Peak:0.57M | Scene, ViewLayer | Updating Scene BVH | Building
Fra:19 Mem:40.06M (Peak 67.51M) | Time:00:00.12 | Mem:0.57M, Peak:0.57M | Scene, ViewLayer | Updating Scene BVH | Building BVH
Fra:19 Mem:45.62M (Peak 67.51M) | Time:00:00.13 | Mem:0.57M, Peak:0.57M | Scene, ViewLayer | Updating Scene BVH | Packing BVH triangles and strands
Fra:19 Mem:45.99M (Peak 67.51M) | Time:00:00.13 | Mem:0.57M, Peak:0.57M | Scene, ViewLayer | Updating Scene BVH | Packing BVH nodes
Fra:19 Mem:45.70M (Peak 67.51M) | Time:00:00.13 | Mem:0.57M, Peak:0.57M | Scene, ViewLayer | Updating Scene BVH | Copying BVH to device
Fra:19 Mem:45.70M (Peak 67.51M) | Time:00:00.13 | Mem:3.39M, Peak:3.39M | Scene, ViewLayer | Updating Mesh | Computing normals
Fra:19 Mem:48.30M (Peak 67.51M) | Time:00:00.13 | Mem:3.39M, Peak:3.39M | Scene, ViewLayer | Updating Mesh | Copying Mesh to device
Fra:19 Mem:48.30M (Peak 67.51M) | Time:00:00.13 | Mem:5.99M, Peak:5.99M | Scene, ViewLayer | Updating Objects Flags
Fra:19 Mem:48.30M (Peak 67.51M) | Time:00:00.13 | Mem:5.99M, Peak:5.99M | Scene, ViewLayer | Updating Primitive Offsets
Fra:19 Mem:48.30M (Peak 67.51M) | Time:00:00.13 | Mem:5.99M, Peak:5.99M | Scene, ViewLayer | Updating Images
Fra:19 Mem:48.30M (Peak 67.51M) | Time:00:00.13 | Mem:5.99M, Peak:5.99M | Scene, ViewLayer | Updating Camera Volume
Fra:19 Mem:48.30M (Peak 67.51M) | Time:00:00.13 | Mem:5.99M, Peak:5.99M | Scene, ViewLayer | Updating Lookup Tables
Fra:19 Mem:48.30M (Peak 67.51M) | Time:00:00.13 | Mem:6.07M, Peak:6.07M | Scene, ViewLayer | Updating Lights
Fra:19 Mem:48.30M (Peak 67.51M) | Time:00:00.13 | Mem:6.07M, Peak:6.07M | Scene, ViewLayer | Updating Lights | Computing tree
Fra:19 Mem:48.30M (Peak 67.51M) | Time:00:00.13 | Mem:6.08M, Peak:6.08M | Scene, ViewLayer | Updating Integrator
Fra:19 Mem:48.30M (Peak 67.51M) | Time:00:00.13 | Mem:6.08M, Peak:6.08M | Scene, ViewLayer | Updating Film
Fra:19 Mem:48.31M (Peak 67.51M) | Time:00:00.13 | Mem:5.99M, Peak:6.08M | Scene, ViewLayer | Updating Lookup Tables
Fra:19 Mem:48.31M (Peak 67.51M) | Time:00:00.13 | Mem:6.08M, Peak:6.08M | Scene, ViewLayer | Updating Baking
Fra:19 Mem:48.31M (Peak 67.51M) | Time:00:00.13 | Mem:6.08M, Peak:6.08M | Scene, ViewLayer | Updating Device | Writing constant memory
Fra:19 Mem:48.31M (Peak 67.51M) | Time:00:00.13 | Mem:6.08M, Peak:6.08M | Scene, ViewLayer | Loading denoising kernels (may take a few minutes the first time)
Fra:19 Mem:52.31M (Peak 67.51M) | Time:00:00.13 | Mem:358.08M, Peak:358.08M | Scene, ViewLayer | Sample 0/24
Fra:19 Mem:95.06M (Peak 95.06M) | Time:00:00.14 | Remaining:00:00.14 | Mem:400.83M, Peak:400.83M | Scene, ViewLayer | Sample 1/24
2026-09-23T07:34:32+0900/hunyuan-rig/heartbeat {'stage': 'down_right', 'frame': 19} images=19
Fra:19 Mem:113.07M (Peak 140.07M) | Time:00:01.57 | Mem:400.83M, Peak:400.83M | Scene, ViewLayer | Sample 24/24
Fra:19 Mem:113.07M (Peak 140.07M) | Time:00:01.57 | Mem:400.83M, Peak:400.83M | Scene, ViewLayer | Finished
Saved: '/home/cbsim/ws/slime-workflow/.tmp/mannequin-reference-refinement/2026-09-23_07-33-20/down_right-07.png'
Time: 00:01.70 (Saving: 00:00.03)

Fra:22 Mem:39.37M (Peak 39.37M) | Time:00:00.07 | Mem:0.00M, Peak:0.00M | Scene, ViewLayer | Synchronizing object | key
Fra:22 Mem:39.37M (Peak 39.37M) | Time:00:00.07 | Mem:0.00M, Peak:0.00M | Scene, ViewLayer | Synchronizing object | head-shell-part
Fra:22 Mem:39.40M (Peak 39.40M) | Time:00:00.07 | Mem:0.00M, Peak:0.00M | Scene, ViewLayer | Synchronizing object | right-ankle-ball
Fra:22 Mem:39.41M (Peak 39.41M) | Time:00:00.07 | Mem:0.00M, Peak:0.00M | Scene, ViewLayer | Synchronizing object | neck-shell-part
Fra:22 Mem:39.56M (Peak 39.56M) | Time:00:00.07 | Mem:0.00M, Peak:0.00M | Scene, ViewLayer | Synchronizing object | head-pivot-ball
Fra:22 Mem:39.62M (Peak 39.62M) | Time:00:00.07 | Mem:0.00M, Peak:0.00M | Scene, ViewLayer | Synchronizing object | right-knee-ball
Fra:22 Mem:39.67M (Peak 39.67M) | Time:00:00.07 | Mem:0.00M, Peak:0.00M | Scene, ViewLayer | Synchronizing object | left-forearm-shell
Fra:22 Mem:39.69M (Peak 39.69M) | Time:00:00.07 | Mem:0.00M, Peak:0.00M | Scene, ViewLayer | Synchronizing object | left-hip-ball
Fra:22 Mem:39.70M (Peak 39.70M) | Time:00:00.07 | Mem:0.00M, Peak:0.00M | Scene, ViewLayer | Synchronizing object | right-upper-arm-shell
Fra:22 Mem:39.75M (Peak 39.75M) | Time:00:00.07 | Mem:0.00M, Peak:0.00M | Scene, ViewLayer | Synchronizing object | right-hand-shell
Fra:22 Mem:40.20M (Peak 40.20M) | Time:00:00.08 | Mem:0.00M, Peak:0.00M | Scene, ViewLayer | Synchronizing object | right-shin-shell
Fra:22 Mem:40.29M (Peak 40.29M) | Time:00:00.08 | Mem:0.00M, Peak:0.00M | Scene, ViewLayer | Synchronizing object | right-elbow-ball
Fra:22 Mem:40.93M (Peak 40.93M) | Time:00:00.08 | Mem:0.00M, Peak:0.00M | Scene, ViewLayer | Synchronizing object | right-wrist-ball
Fra:22 Mem:41.14M (Peak 41.14M) | Time:00:00.08 | Mem:0.00M, Peak:0.00M | Scene, ViewLayer | Synchronizing object | right-hip-ball
Fra:22 Mem:47.29M (Peak 48.18M) | Time:00:00.08 | Mem:0.00M, Peak:0.00M | Scene, ViewLayer | Initializing
Fra:22 Mem:39.41M (Peak 48.18M) | Time:00:00.08 | Mem:0.00M, Peak:0.00M | Scene, ViewLayer | Waiting for render to start
Fra:22 Mem:39.41M (Peak 48.18M) | Time:00:00.08 | Mem:0.00M, Peak:0.00M | Scene, ViewLayer | Updating Scene
Fra:22 Mem:39.41M (Peak 48.18M) | Time:00:00.08 | Mem:0.00M, Peak:0.00M | Scene, ViewLayer | Updating Shaders
Fra:22 Mem:39.41M (Peak 48.18M) | Time:00:00.08 | Mem:0.00M, Peak:0.00M | Scene, ViewLayer | Loading render kernels (may take a few minutes the first time)
Fra:22 Mem:39.49M (Peak 67.51M) | Time:00:00.12 | Mem:0.00M, Peak:0.00M | Scene, ViewLayer | Updating Procedurals
Fra:22 Mem:39.49M (Peak 67.51M) | Time:00:00.12 | Mem:0.00M, Peak:0.00M | Scene, ViewLayer | Updating Background
Fra:22 Mem:39.49M (Peak 67.51M) | Time:00:00.12 | Mem:0.00M, Peak:0.00M | Scene, ViewLayer | Updating Camera
Fra:22 Mem:39.49M (Peak 67.51M) | Time:00:00.12 | Mem:0.00M, Peak:0.00M | Scene, ViewLayer | Updating Meshes Flags
Fra:22 Mem:39.49M (Peak 67.51M) | Time:00:00.12 | Mem:0.00M, Peak:0.00M | Scene, ViewLayer | Updating Objects
Fra:22 Mem:39.49M (Peak 67.51M) | Time:00:00.12 | Mem:0.00M, Peak:0.00M | Scene, ViewLayer | Updating Objects | Copying Transformations to device
Fra:22 Mem:39.50M (Peak 67.51M) | Time:00:00.12 | Mem:0.01M, Peak:0.01M | Scene, ViewLayer | Updating Particle Systems
Fra:22 Mem:39.50M (Peak 67.51M) | Time:00:00.12 | Mem:0.01M, Peak:0.01M | Scene, ViewLayer | Updating Particle Systems | Copying Particles to device
Fra:22 Mem:39.50M (Peak 67.51M) | Time:00:00.12 | Mem:0.01M, Peak:0.01M | Scene, ViewLayer | Updating Meshes
Fra:22 Mem:39.50M (Peak 67.51M) | Time:00:00.12 | Mem:0.01M, Peak:0.01M | Scene, ViewLayer | Updating Objects | Applying Static Transformations
Fra:22 Mem:39.50M (Peak 67.51M) | Time:00:00.12 | Mem:0.01M, Peak:0.01M | Scene, ViewLayer | Updating Mesh | Computing attributes
Fra:22 Mem:40.06M (Peak 67.51M) | Time:00:00.12 | Mem:0.01M, Peak:0.01M | Scene, ViewLayer | Updating Mesh | Copying Attributes to device
Fra:22 Mem:40.06M (Peak 67.51M) | Time:00:00.12 | Mem:0.57M, Peak:0.57M | Scene, ViewLayer | Updating Scene BVH | Building
Fra:22 Mem:40.06M (Peak 67.51M) | Time:00:00.12 | Mem:0.57M, Peak:0.57M | Scene, ViewLayer | Updating Scene BVH | Building BVH
Fra:22 Mem:45.62M (Peak 67.51M) | Time:00:00.13 | Mem:0.57M, Peak:0.57M | Scene, ViewLayer | Updating Scene BVH | Packing BVH triangles and strands
Fra:22 Mem:45.99M (Peak 67.51M) | Time:00:00.13 | Mem:0.57M, Peak:0.57M | Scene, ViewLayer | Updating Scene BVH | Packing BVH nodes
Fra:22 Mem:45.70M (Peak 67.51M) | Time:00:00.14 | Mem:0.57M, Peak:0.57M | Scene, ViewLayer | Updating Scene BVH | Copying BVH to device
Fra:22 Mem:45.70M (Peak 67.51M) | Time:00:00.14 | Mem:3.39M, Peak:3.39M | Scene, ViewLayer | Updating Mesh | Computing normals
Fra:22 Mem:48.30M (Peak 67.51M) | Time:00:00.14 | Mem:3.39M, Peak:3.39M | Scene, ViewLayer | Updating Mesh | Copying Mesh to device
Fra:22 Mem:48.30M (Peak 67.51M) | Time:00:00.14 | Mem:5.99M, Peak:5.99M | Scene, ViewLayer | Updating Objects Flags
Fra:22 Mem:48.30M (Peak 67.51M) | Time:00:00.14 | Mem:5.99M, Peak:5.99M | Scene, ViewLayer | Updating Primitive Offsets
Fra:22 Mem:48.30M (Peak 67.51M) | Time:00:00.14 | Mem:5.99M, Peak:5.99M | Scene, ViewLayer | Updating Images
Fra:22 Mem:48.30M (Peak 67.51M) | Time:00:00.14 | Mem:5.99M, Peak:5.99M | Scene, ViewLayer | Updating Camera Volume
Fra:22 Mem:48.30M (Peak 67.51M) | Time:00:00.14 | Mem:5.99M, Peak:5.99M | Scene, ViewLayer | Updating Lookup Tables
Fra:22 Mem:48.30M (Peak 67.51M) | Time:00:00.14 | Mem:6.08M, Peak:6.08M | Scene, ViewLayer | Updating Lights
Fra:22 Mem:48.30M (Peak 67.51M) | Time:00:00.14 | Mem:6.08M, Peak:6.08M | Scene, ViewLayer | Updating Lights | Computing tree
Fra:22 Mem:48.30M (Peak 67.51M) | Time:00:00.14 | Mem:6.08M, Peak:6.08M | Scene, ViewLayer | Updating Integrator
Fra:22 Mem:48.30M (Peak 67.51M) | Time:00:00.14 | Mem:6.08M, Peak:6.08M | Scene, ViewLayer | Updating Film
Fra:22 Mem:48.31M (Peak 67.51M) | Time:00:00.14 | Mem:6.00M, Peak:6.08M | Scene, ViewLayer | Updating Lookup Tables
Fra:22 Mem:48.31M (Peak 67.51M) | Time:00:00.14 | Mem:6.08M, Peak:6.08M | Scene, ViewLayer | Updating Baking
Fra:22 Mem:48.31M (Peak 67.51M) | Time:00:00.14 | Mem:6.08M, Peak:6.08M | Scene, ViewLayer | Updating Device | Writing constant memory
Fra:22 Mem:48.31M (Peak 67.51M) | Time:00:00.14 | Mem:6.08M, Peak:6.08M | Scene, ViewLayer | Loading denoising kernels (may take a few minutes the first time)
Fra:22 Mem:52.31M (Peak 67.51M) | Time:00:00.14 | Mem:358.08M, Peak:358.08M | Scene, ViewLayer | Sample 0/24
Fra:22 Mem:95.07M (Peak 95.07M) | Time:00:00.15 | Remaining:00:00.14 | Mem:400.83M, Peak:400.83M | Scene, ViewLayer | Sample 1/24
Fra:22 Mem:113.07M (Peak 140.07M) | Time:00:01.60 | Mem:400.84M, Peak:400.84M | Scene, ViewLayer | Sample 24/24
Fra:22 Mem:113.07M (Peak 140.07M) | Time:00:01.60 | Mem:400.84M, Peak:400.84M | Scene, ViewLayer | Finished
Saved: '/home/cbsim/ws/slime-workflow/.tmp/mannequin-reference-refinement/2026-09-23_07-33-20/down_right-08.png'
Time: 00:01.73 (Saving: 00:00.03)

Fra:1 Mem:39.37M (Peak 39.37M) | Time:00:00.07 | Mem:0.00M, Peak:0.00M | Scene, ViewLayer | Synchronizing object | key
Fra:1 Mem:39.37M (Peak 39.37M) | Time:00:00.07 | Mem:0.00M, Peak:0.00M | Scene, ViewLayer | Synchronizing object | neck-shell-part
Fra:1 Mem:39.38M (Peak 39.38M) | Time:00:00.07 | Mem:0.00M, Peak:0.00M | Scene, ViewLayer | Synchronizing object | chest-shell-part
Fra:1 Mem:39.40M (Peak 39.40M) | Time:00:00.07 | Mem:0.00M, Peak:0.00M | Scene, ViewLayer | Synchronizing object | left-forearm-shell
Fra:1 Mem:39.43M (Peak 39.43M) | Time:00:00.07 | Mem:0.00M, Peak:0.00M | Scene, ViewLayer | Synchronizing object | left-shin-shell
Fra:1 Mem:39.72M (Peak 39.72M) | Time:00:00.07 | Mem:0.00M, Peak:0.00M | Scene, ViewLayer | Synchronizing object | left-elbow-ball
Fra:1 Mem:39.72M (Peak 39.72M) | Time:00:00.07 | Mem:0.00M, Peak:0.00M | Scene, ViewLayer | Synchronizing object | left-hip-ball
Fra:1 Mem:40.09M (Peak 40.09M) | Time:00:00.07 | Mem:0.00M, Peak:0.00M | Scene, ViewLayer | Synchronizing object | left-knee-ball
Fra:1 Mem:40.17M (Peak 40.17M) | Time:00:00.07 | Mem:0.00M, Peak:0.00M | Scene, ViewLayer | Synchronizing object | right-thigh-shell
Fra:1 Mem:40.18M (Peak 40.18M) | Time:00:00.07 | Mem:0.00M, Peak:0.00M | Scene, ViewLayer | Synchronizing object | right-foot-shell
Fra:1 Mem:41.58M (Peak 41.58M) | Time:00:00.07 | Mem:0.00M, Peak:0.00M | Scene, ViewLayer | Synchronizing object | right-elbow-ball
Fra:1 Mem:41.77M (Peak 41.77M) | Time:00:00.07 | Mem:0.00M, Peak:0.00M | Scene, ViewLayer | Synchronizing object | right-wrist-ball
Fra:1 Mem:41.79M (Peak 41.79M) | Time:00:00.07 | Mem:0.00M, Peak:0.00M | Scene, ViewLayer | Synchronizing object | right-hip-ball
Fra:1 Mem:41.96M (Peak 41.96M) | Time:00:00.07 | Mem:0.00M, Peak:0.00M | Scene, ViewLayer | Synchronizing object | right-knee-ball
Fra:1 Mem:47.29M (Peak 48.78M) | Time:00:00.08 | Mem:0.00M, Peak:0.00M | Scene, ViewLayer | Initializing
Fra:1 Mem:39.41M (Peak 48.78M) | Time:00:00.08 | Mem:0.00M, Peak:0.00M | Scene, ViewLayer | Waiting for render to start
Fra:1 Mem:39.41M (Peak 48.78M) | Time:00:00.08 | Mem:0.00M, Peak:0.00M | Scene, ViewLayer | Updating Scene
Fra:1 Mem:39.41M (Peak 48.78M) | Time:00:00.08 | Mem:0.00M, Peak:0.00M | Scene, ViewLayer | Updating Shaders
Fra:1 Mem:39.41M (Peak 48.78M) | Time:00:00.08 | Mem:0.00M, Peak:0.00M | Scene, ViewLayer | Loading render kernels (may take a few minutes the first time)
Fra:1 Mem:39.49M (Peak 67.51M) | Time:00:00.12 | Mem:0.00M, Peak:0.00M | Scene, ViewLayer | Updating Procedurals
Fra:1 Mem:39.49M (Peak 67.51M) | Time:00:00.12 | Mem:0.00M, Peak:0.00M | Scene, ViewLayer | Updating Background
Fra:1 Mem:39.49M (Peak 67.51M) | Time:00:00.12 | Mem:0.00M, Peak:0.00M | Scene, ViewLayer | Updating Camera
Fra:1 Mem:39.49M (Peak 67.51M) | Time:00:00.12 | Mem:0.00M, Peak:0.00M | Scene, ViewLayer | Updating Meshes Flags
Fra:1 Mem:39.49M (Peak 67.51M) | Time:00:00.12 | Mem:0.00M, Peak:0.00M | Scene, ViewLayer | Updating Objects
Fra:1 Mem:39.49M (Peak 67.51M) | Time:00:00.12 | Mem:0.00M, Peak:0.00M | Scene, ViewLayer | Updating Objects | Copying Transformations to device
Fra:1 Mem:39.50M (Peak 67.51M) | Time:00:00.12 | Mem:0.01M, Peak:0.01M | Scene, ViewLayer | Updating Particle Systems
Fra:1 Mem:39.50M (Peak 67.51M) | Time:00:00.12 | Mem:0.01M, Peak:0.01M | Scene, ViewLayer | Updating Particle Systems | Copying Particles to device
Fra:1 Mem:39.50M (Peak 67.51M) | Time:00:00.12 | Mem:0.01M, Peak:0.01M | Scene, ViewLayer | Updating Meshes
Fra:1 Mem:39.50M (Peak 67.51M) | Time:00:00.12 | Mem:0.01M, Peak:0.01M | Scene, ViewLayer | Updating Objects | Applying Static Transformations
Fra:1 Mem:39.50M (Peak 67.51M) | Time:00:00.12 | Mem:0.01M, Peak:0.01M | Scene, ViewLayer | Updating Mesh | Computing attributes
Fra:1 Mem:40.06M (Peak 67.51M) | Time:00:00.12 | Mem:0.01M, Peak:0.01M | Scene, ViewLayer | Updating Mesh | Copying Attributes to device
Fra:1 Mem:40.06M (Peak 67.51M) | Time:00:00.12 | Mem:0.57M, Peak:0.57M | Scene, ViewLayer | Updating Scene BVH | Building
Fra:1 Mem:40.06M (Peak 67.51M) | Time:00:00.12 | Mem:0.57M, Peak:0.57M | Scene, ViewLayer | Updating Scene BVH | Building BVH
Fra:1 Mem:45.62M (Peak 67.51M) | Time:00:00.13 | Mem:0.57M, Peak:0.57M | Scene, ViewLayer | Updating Scene BVH | Packing BVH triangles and strands
Fra:1 Mem:45.99M (Peak 67.51M) | Time:00:00.13 | Mem:0.57M, Peak:0.57M | Scene, ViewLayer | Updating Scene BVH | Packing BVH nodes
Fra:1 Mem:45.70M (Peak 67.51M) | Time:00:00.13 | Mem:0.57M, Peak:0.57M | Scene, ViewLayer | Updating Scene BVH | Copying BVH to device
Fra:1 Mem:45.70M (Peak 67.51M) | Time:00:00.13 | Mem:3.39M, Peak:3.39M | Scene, ViewLayer | Updating Mesh | Computing normals
Fra:1 Mem:48.30M (Peak 67.51M) | Time:00:00.13 | Mem:3.39M, Peak:3.39M | Scene, ViewLayer | Updating Mesh | Copying Mesh to device
Fra:1 Mem:48.30M (Peak 67.51M) | Time:00:00.13 | Mem:5.99M, Peak:5.99M | Scene, ViewLayer | Updating Objects Flags
Fra:1 Mem:48.30M (Peak 67.51M) | Time:00:00.13 | Mem:5.99M, Peak:5.99M | Scene, ViewLayer | Updating Primitive Offsets
Fra:1 Mem:48.30M (Peak 67.51M) | Time:00:00.13 | Mem:5.99M, Peak:5.99M | Scene, ViewLayer | Updating Images
Fra:1 Mem:48.30M (Peak 67.51M) | Time:00:00.13 | Mem:5.99M, Peak:5.99M | Scene, ViewLayer | Updating Camera Volume
Fra:1 Mem:48.30M (Peak 67.51M) | Time:00:00.13 | Mem:5.99M, Peak:5.99M | Scene, ViewLayer | Updating Lookup Tables
Fra:1 Mem:48.30M (Peak 67.51M) | Time:00:00.13 | Mem:6.07M, Peak:6.07M | Scene, ViewLayer | Updating Lights
Fra:1 Mem:48.30M (Peak 67.51M) | Time:00:00.13 | Mem:6.07M, Peak:6.07M | Scene, ViewLayer | Updating Lights | Computing tree
Fra:1 Mem:48.30M (Peak 67.51M) | Time:00:00.13 | Mem:6.07M, Peak:6.07M | Scene, ViewLayer | Updating Integrator
Fra:1 Mem:48.30M (Peak 67.51M) | Time:00:00.13 | Mem:6.07M, Peak:6.07M | Scene, ViewLayer | Updating Film
Fra:1 Mem:48.30M (Peak 67.51M) | Time:00:00.13 | Mem:5.99M, Peak:6.07M | Scene, ViewLayer | Updating Lookup Tables
Fra:1 Mem:48.30M (Peak 67.51M) | Time:00:00.13 | Mem:6.08M, Peak:6.08M | Scene, ViewLayer | Updating Baking
Fra:1 Mem:48.30M (Peak 67.51M) | Time:00:00.13 | Mem:6.08M, Peak:6.08M | Scene, ViewLayer | Updating Device | Writing constant memory
Fra:1 Mem:48.31M (Peak 67.51M) | Time:00:00.13 | Mem:6.08M, Peak:6.08M | Scene, ViewLayer | Loading denoising kernels (may take a few minutes the first time)
Fra:1 Mem:52.31M (Peak 67.51M) | Time:00:00.14 | Mem:358.08M, Peak:358.08M | Scene, ViewLayer | Sample 0/24
Fra:1 Mem:95.06M (Peak 95.06M) | Time:00:00.14 | Remaining:00:00.14 | Mem:400.83M, Peak:400.83M | Scene, ViewLayer | Sample 1/24
Fra:1 Mem:113.07M (Peak 140.07M) | Time:00:01.58 | Mem:400.83M, Peak:400.83M | Scene, ViewLayer | Sample 24/24
Fra:1 Mem:113.07M (Peak 140.07M) | Time:00:01.58 | Mem:400.83M, Peak:400.83M | Scene, ViewLayer | Finished
Saved: '/home/cbsim/ws/slime-workflow/.tmp/mannequin-reference-refinement/2026-09-23_07-33-20/up_left-01.png'
Time: 00:01.70 (Saving: 00:00.03)

Fra:4 Mem:39.37M (Peak 39.37M) | Time:00:00.07 | Mem:0.00M, Peak:0.00M | Scene, ViewLayer | Synchronizing object | key
Fra:4 Mem:39.37M (Peak 39.37M) | Time:00:00.07 | Mem:0.00M, Peak:0.00M | Scene, ViewLayer | Synchronizing object | head-shell-part
Fra:4 Mem:39.38M (Peak 39.38M) | Time:00:00.07 | Mem:0.00M, Peak:0.00M | Scene, ViewLayer | Synchronizing object | neck-shell-part
Fra:4 Mem:39.40M (Peak 39.40M) | Time:00:00.07 | Mem:0.00M, Peak:0.00M | Scene, ViewLayer | Synchronizing object | chest-shell-part
Fra:4 Mem:39.41M (Peak 39.41M) | Time:00:00.07 | Mem:0.00M, Peak:0.00M | Scene, ViewLayer | Synchronizing object | abdomen-shell-part
Fra:4 Mem:39.56M (Peak 39.56M) | Time:00:00.07 | Mem:0.00M, Peak:0.00M | Scene, ViewLayer | Synchronizing object | left-upper-arm-shell
Fra:4 Mem:39.69M (Peak 39.69M) | Time:00:00.07 | Mem:0.00M, Peak:0.00M | Scene, ViewLayer | Synchronizing object | left-forearm-shell
Fra:4 Mem:40.25M (Peak 40.25M) | Time:00:00.07 | Mem:0.00M, Peak:0.00M | Scene, ViewLayer | Synchronizing object | right-knee-ball
Fra:4 Mem:40.34M (Peak 40.34M) | Time:00:00.07 | Mem:0.00M, Peak:0.00M | Scene, ViewLayer | Synchronizing object | left-shin-shell
Fra:4 Mem:40.46M (Peak 40.46M) | Time:00:00.07 | Mem:0.00M, Peak:0.00M | Scene, ViewLayer | Synchronizing object | left-knee-ball
Fra:4 Mem:40.47M (Peak 40.47M) | Time:00:00.07 | Mem:0.00M, Peak:0.00M | Scene, ViewLayer | Synchronizing object | right-shin-shell
Fra:4 Mem:40.56M (Peak 40.56M) | Time:00:00.07 | Mem:0.00M, Peak:0.00M | Scene, ViewLayer | Synchronizing object | right-foot-shell
Fra:4 Mem:41.24M (Peak 41.24M) | Time:00:00.07 | Mem:0.00M, Peak:0.00M | Scene, ViewLayer | Synchronizing object | right-shoulder-ball
Fra:4 Mem:41.23M (Peak 41.24M) | Time:00:00.07 | Mem:0.00M, Peak:0.00M | Scene, ViewLayer | Synchronizing object | right-wrist-ball
Fra:4 Mem:47.29M (Peak 48.78M) | Time:00:00.08 | Mem:0.00M, Peak:0.00M | Scene, ViewLayer | Initializing
Fra:4 Mem:39.41M (Peak 48.78M) | Time:00:00.08 | Mem:0.00M, Peak:0.00M | Scene, ViewLayer | Waiting for render to start
Fra:4 Mem:39.41M (Peak 48.78M) | Time:00:00.08 | Mem:0.00M, Peak:0.00M | Scene, ViewLayer | Updating Scene
Fra:4 Mem:39.41M (Peak 48.78M) | Time:00:00.08 | Mem:0.00M, Peak:0.00M | Scene, ViewLayer | Updating Shaders
Fra:4 Mem:39.41M (Peak 48.78M) | Time:00:00.08 | Mem:0.00M, Peak:0.00M | Scene, ViewLayer | Loading render kernels (may take a few minutes the first time)
Fra:4 Mem:39.49M (Peak 67.51M) | Time:00:00.12 | Mem:0.00M, Peak:0.00M | Scene, ViewLayer | Updating Procedurals
Fra:4 Mem:39.49M (Peak 67.51M) | Time:00:00.12 | Mem:0.00M, Peak:0.00M | Scene, ViewLayer | Updating Background
Fra:4 Mem:39.49M (Peak 67.51M) | Time:00:00.12 | Mem:0.00M, Peak:0.00M | Scene, ViewLayer | Updating Camera
Fra:4 Mem:39.49M (Peak 67.51M) | Time:00:00.12 | Mem:0.00M, Peak:0.00M | Scene, ViewLayer | Updating Meshes Flags
Fra:4 Mem:39.49M (Peak 67.51M) | Time:00:00.12 | Mem:0.00M, Peak:0.00M | Scene, ViewLayer | Updating Objects
Fra:4 Mem:39.49M (Peak 67.51M) | Time:00:00.12 | Mem:0.00M, Peak:0.00M | Scene, ViewLayer | Updating Objects | Copying Transformations to device
Fra:4 Mem:39.50M (Peak 67.51M) | Time:00:00.12 | Mem:0.01M, Peak:0.01M | Scene, ViewLayer | Updating Particle Systems
Fra:4 Mem:39.50M (Peak 67.51M) | Time:00:00.12 | Mem:0.01M, Peak:0.01M | Scene, ViewLayer | Updating Particle Systems | Copying Particles to device
Fra:4 Mem:39.50M (Peak 67.51M) | Time:00:00.12 | Mem:0.01M, Peak:0.01M | Scene, ViewLayer | Updating Meshes
Fra:4 Mem:39.50M (Peak 67.51M) | Time:00:00.12 | Mem:0.01M, Peak:0.01M | Scene, ViewLayer | Updating Objects | Applying Static Transformations
Fra:4 Mem:39.50M (Peak 67.51M) | Time:00:00.12 | Mem:0.01M, Peak:0.01M | Scene, ViewLayer | Updating Mesh | Computing attributes
Fra:4 Mem:40.06M (Peak 67.51M) | Time:00:00.12 | Mem:0.01M, Peak:0.01M | Scene, ViewLayer | Updating Mesh | Copying Attributes to device
Fra:4 Mem:40.06M (Peak 67.51M) | Time:00:00.12 | Mem:0.57M, Peak:0.57M | Scene, ViewLayer | Updating Scene BVH | Building
Fra:4 Mem:40.06M (Peak 67.51M) | Time:00:00.12 | Mem:0.57M, Peak:0.57M | Scene, ViewLayer | Updating Scene BVH | Building BVH
Fra:4 Mem:45.62M (Peak 67.51M) | Time:00:00.13 | Mem:0.57M, Peak:0.57M | Scene, ViewLayer | Updating Scene BVH | Packing BVH triangles and strands
Fra:4 Mem:45.99M (Peak 67.51M) | Time:00:00.13 | Mem:0.57M, Peak:0.57M | Scene, ViewLayer | Updating Scene BVH | Packing BVH nodes
Fra:4 Mem:45.68M (Peak 67.51M) | Time:00:00.13 | Mem:0.57M, Peak:0.57M | Scene, ViewLayer | Updating Scene BVH | Copying BVH to device
Fra:4 Mem:45.68M (Peak 67.51M) | Time:00:00.13 | Mem:3.38M, Peak:3.38M | Scene, ViewLayer | Updating Mesh | Computing normals
Fra:4 Mem:48.28M (Peak 67.51M) | Time:00:00.13 | Mem:3.38M, Peak:3.38M | Scene, ViewLayer | Updating Mesh | Copying Mesh to device
Fra:4 Mem:48.28M (Peak 67.51M) | Time:00:00.13 | Mem:5.98M, Peak:5.98M | Scene, ViewLayer | Updating Objects Flags
Fra:4 Mem:48.28M (Peak 67.51M) | Time:00:00.13 | Mem:5.98M, Peak:5.98M | Scene, ViewLayer | Updating Primitive Offsets
Fra:4 Mem:48.28M (Peak 67.51M) | Time:00:00.13 | Mem:5.98M, Peak:5.98M | Scene, ViewLayer | Updating Images
Fra:4 Mem:48.28M (Peak 67.51M) | Time:00:00.13 | Mem:5.98M, Peak:5.98M | Scene, ViewLayer | Updating Camera Volume
Fra:4 Mem:48.28M (Peak 67.51M) | Time:00:00.13 | Mem:5.98M, Peak:5.98M | Scene, ViewLayer | Updating Lookup Tables
Fra:4 Mem:48.28M (Peak 67.51M) | Time:00:00.13 | Mem:6.06M, Peak:6.06M | Scene, ViewLayer | Updating Lights
Fra:4 Mem:48.28M (Peak 67.51M) | Time:00:00.14 | Mem:6.06M, Peak:6.06M | Scene, ViewLayer | Updating Lights | Computing tree
Fra:4 Mem:48.28M (Peak 67.51M) | Time:00:00.14 | Mem:6.06M, Peak:6.06M | Scene, ViewLayer | Updating Integrator
Fra:4 Mem:48.28M (Peak 67.51M) | Time:00:00.14 | Mem:6.06M, Peak:6.06M | Scene, ViewLayer | Updating Film
Fra:4 Mem:48.28M (Peak 67.51M) | Time:00:00.14 | Mem:5.98M, Peak:6.06M | Scene, ViewLayer | Updating Lookup Tables
Fra:4 Mem:48.28M (Peak 67.51M) | Time:00:00.14 | Mem:6.07M, Peak:6.07M | Scene, ViewLayer | Updating Baking
Fra:4 Mem:48.28M (Peak 67.51M) | Time:00:00.14 | Mem:6.07M, Peak:6.07M | Scene, ViewLayer | Updating Device | Writing constant memory
Fra:4 Mem:48.29M (Peak 67.51M) | Time:00:00.14 | Mem:6.07M, Peak:6.07M | Scene, ViewLayer | Loading denoising kernels (may take a few minutes the first time)
Fra:4 Mem:52.29M (Peak 67.51M) | Time:00:00.14 | Mem:358.07M, Peak:358.07M | Scene, ViewLayer | Sample 0/24
Fra:4 Mem:95.04M (Peak 95.04M) | Time:00:00.14 | Remaining:00:00.14 | Mem:400.82M, Peak:400.82M | Scene, ViewLayer | Sample 1/24
2026-09-23T07:34:37+0900/hunyuan-rig/heartbeat {'stage': 'up_left', 'frame': 4} images=22
Fra:4 Mem:113.05M (Peak 140.05M) | Time:00:01.57 | Mem:400.82M, Peak:400.82M | Scene, ViewLayer | Sample 24/24
Fra:4 Mem:113.05M (Peak 140.05M) | Time:00:01.57 | Mem:400.82M, Peak:400.82M | Scene, ViewLayer | Finished
Saved: '/home/cbsim/ws/slime-workflow/.tmp/mannequin-reference-refinement/2026-09-23_07-33-20/up_left-02.png'
Time: 00:01.70 (Saving: 00:00.03)

Fra:7 Mem:39.37M (Peak 39.37M) | Time:00:00.07 | Mem:0.00M, Peak:0.00M | Scene, ViewLayer | Synchronizing object | fill
Fra:7 Mem:39.37M (Peak 39.37M) | Time:00:00.07 | Mem:0.00M, Peak:0.00M | Scene, ViewLayer | Synchronizing object | head-shell-part
Fra:7 Mem:39.38M (Peak 39.38M) | Time:00:00.07 | Mem:0.00M, Peak:0.00M | Scene, ViewLayer | Synchronizing object | chest-shell-part
Fra:7 Mem:39.40M (Peak 39.40M) | Time:00:00.07 | Mem:0.00M, Peak:0.00M | Scene, ViewLayer | Synchronizing object | abdomen-shell-part
Fra:7 Mem:39.41M (Peak 39.41M) | Time:00:00.07 | Mem:0.00M, Peak:0.00M | Scene, ViewLayer | Synchronizing object | left-upper-arm-shell
Fra:7 Mem:39.52M (Peak 39.52M) | Time:00:00.07 | Mem:0.00M, Peak:0.00M | Scene, ViewLayer | Synchronizing object | left-hand-shell
Fra:7 Mem:39.65M (Peak 39.65M) | Time:00:00.07 | Mem:0.00M, Peak:0.00M | Scene, ViewLayer | Synchronizing object | left-elbow-ball
Fra:7 Mem:39.83M (Peak 39.83M) | Time:00:00.07 | Mem:0.00M, Peak:0.00M | Scene, ViewLayer | Synchronizing object | left-wrist-ball
Fra:7 Mem:40.03M (Peak 40.03M) | Time:00:00.07 | Mem:0.00M, Peak:0.00M | Scene, ViewLayer | Synchronizing object | left-hip-ball
Fra:7 Mem:40.13M (Peak 40.13M) | Time:00:00.07 | Mem:0.00M, Peak:0.00M | Scene, ViewLayer | Synchronizing object | right-upper-arm-shell
Fra:7 Mem:40.35M (Peak 40.35M) | Time:00:00.07 | Mem:0.00M, Peak:0.00M | Scene, ViewLayer | Synchronizing object | right-shin-shell
Fra:7 Mem:40.48M (Peak 40.48M) | Time:00:00.07 | Mem:0.00M, Peak:0.00M | Scene, ViewLayer | Synchronizing object | right-foot-shell
Fra:7 Mem:40.69M (Peak 40.69M) | Time:00:00.07 | Mem:0.00M, Peak:0.00M | Scene, ViewLayer | Synchronizing object | right-shoulder-ball
Fra:7 Mem:40.73M (Peak 40.73M) | Time:00:00.07 | Mem:0.00M, Peak:0.00M | Scene, ViewLayer | Synchronizing object | right-elbow-ball
Fra:7 Mem:41.08M (Peak 41.08M) | Time:00:00.07 | Mem:0.00M, Peak:0.00M | Scene, ViewLayer | Synchronizing object | right-wrist-ball
Fra:7 Mem:41.11M (Peak 41.11M) | Time:00:00.07 | Mem:0.00M, Peak:0.00M | Scene, ViewLayer | Synchronizing object | right-hip-ball
Fra:7 Mem:47.29M (Peak 48.78M) | Time:00:00.08 | Mem:0.00M, Peak:0.00M | Scene, ViewLayer | Initializing
Fra:7 Mem:39.41M (Peak 48.78M) | Time:00:00.08 | Mem:0.00M, Peak:0.00M | Scene, ViewLayer | Waiting for render to start
Fra:7 Mem:39.41M (Peak 48.78M) | Time:00:00.08 | Mem:0.00M, Peak:0.00M | Scene, ViewLayer | Updating Scene
Fra:7 Mem:39.41M (Peak 48.78M) | Time:00:00.08 | Mem:0.00M, Peak:0.00M | Scene, ViewLayer | Updating Shaders
Fra:7 Mem:39.41M (Peak 48.78M) | Time:00:00.08 | Mem:0.00M, Peak:0.00M | Scene, ViewLayer | Loading render kernels (may take a few minutes the first time)
Fra:7 Mem:39.49M (Peak 67.51M) | Time:00:00.12 | Mem:0.00M, Peak:0.00M | Scene, ViewLayer | Updating Procedurals
Fra:7 Mem:39.49M (Peak 67.51M) | Time:00:00.12 | Mem:0.00M, Peak:0.00M | Scene, ViewLayer | Updating Background
Fra:7 Mem:39.49M (Peak 67.51M) | Time:00:00.12 | Mem:0.00M, Peak:0.00M | Scene, ViewLayer | Updating Camera
Fra:7 Mem:39.49M (Peak 67.51M) | Time:00:00.12 | Mem:0.00M, Peak:0.00M | Scene, ViewLayer | Updating Meshes Flags
Fra:7 Mem:39.49M (Peak 67.51M) | Time:00:00.12 | Mem:0.00M, Peak:0.00M | Scene, ViewLayer | Updating Objects
Fra:7 Mem:39.49M (Peak 67.51M) | Time:00:00.12 | Mem:0.00M, Peak:0.00M | Scene, ViewLayer | Updating Objects | Copying Transformations to device
Fra:7 Mem:39.50M (Peak 67.51M) | Time:00:00.12 | Mem:0.01M, Peak:0.01M | Scene, ViewLayer | Updating Particle Systems
Fra:7 Mem:39.50M (Peak 67.51M) | Time:00:00.12 | Mem:0.01M, Peak:0.01M | Scene, ViewLayer | Updating Particle Systems | Copying Particles to device
Fra:7 Mem:39.50M (Peak 67.51M) | Time:00:00.12 | Mem:0.01M, Peak:0.01M | Scene, ViewLayer | Updating Meshes
Fra:7 Mem:39.50M (Peak 67.51M) | Time:00:00.12 | Mem:0.01M, Peak:0.01M | Scene, ViewLayer | Updating Objects | Applying Static Transformations
Fra:7 Mem:39.50M (Peak 67.51M) | Time:00:00.12 | Mem:0.01M, Peak:0.01M | Scene, ViewLayer | Updating Mesh | Computing attributes
Fra:7 Mem:40.06M (Peak 67.51M) | Time:00:00.12 | Mem:0.01M, Peak:0.01M | Scene, ViewLayer | Updating Mesh | Copying Attributes to device
Fra:7 Mem:40.06M (Peak 67.51M) | Time:00:00.12 | Mem:0.57M, Peak:0.57M | Scene, ViewLayer | Updating Scene BVH | Building
Fra:7 Mem:40.06M (Peak 67.51M) | Time:00:00.12 | Mem:0.57M, Peak:0.57M | Scene, ViewLayer | Updating Scene BVH | Building BVH
Fra:7 Mem:45.62M (Peak 67.51M) | Time:00:00.13 | Mem:0.57M, Peak:0.57M | Scene, ViewLayer | Updating Scene BVH | Packing BVH triangles and strands
Fra:7 Mem:45.99M (Peak 67.51M) | Time:00:00.13 | Mem:0.57M, Peak:0.57M | Scene, ViewLayer | Updating Scene BVH | Packing BVH nodes
Fra:7 Mem:45.71M (Peak 67.51M) | Time:00:00.13 | Mem:0.57M, Peak:0.57M | Scene, ViewLayer | Updating Scene BVH | Copying BVH to device
Fra:7 Mem:45.71M (Peak 67.51M) | Time:00:00.13 | Mem:3.40M, Peak:3.40M | Scene, ViewLayer | Updating Mesh | Computing normals
Fra:7 Mem:48.31M (Peak 67.51M) | Time:00:00.13 | Mem:3.40M, Peak:3.40M | Scene, ViewLayer | Updating Mesh | Copying Mesh to device
Fra:7 Mem:48.31M (Peak 67.51M) | Time:00:00.13 | Mem:6.00M, Peak:6.00M | Scene, ViewLayer | Updating Objects Flags
Fra:7 Mem:48.31M (Peak 67.51M) | Time:00:00.13 | Mem:6.00M, Peak:6.00M | Scene, ViewLayer | Updating Primitive Offsets
Fra:7 Mem:48.31M (Peak 67.51M) | Time:00:00.13 | Mem:6.00M, Peak:6.00M | Scene, ViewLayer | Updating Images
Fra:7 Mem:48.31M (Peak 67.51M) | Time:00:00.13 | Mem:6.00M, Peak:6.00M | Scene, ViewLayer | Updating Camera Volume
Fra:7 Mem:48.31M (Peak 67.51M) | Time:00:00.13 | Mem:6.00M, Peak:6.00M | Scene, ViewLayer | Updating Lookup Tables
Fra:7 Mem:48.31M (Peak 67.51M) | Time:00:00.14 | Mem:6.08M, Peak:6.08M | Scene, ViewLayer | Updating Lights
Fra:7 Mem:48.31M (Peak 67.51M) | Time:00:00.14 | Mem:6.08M, Peak:6.08M | Scene, ViewLayer | Updating Lights | Computing tree
Fra:7 Mem:48.31M (Peak 67.51M) | Time:00:00.14 | Mem:6.08M, Peak:6.08M | Scene, ViewLayer | Updating Integrator
Fra:7 Mem:48.31M (Peak 67.51M) | Time:00:00.14 | Mem:6.08M, Peak:6.08M | Scene, ViewLayer | Updating Film
Fra:7 Mem:48.32M (Peak 67.51M) | Time:00:00.14 | Mem:6.00M, Peak:6.08M | Scene, ViewLayer | Updating Lookup Tables
Fra:7 Mem:48.32M (Peak 67.51M) | Time:00:00.14 | Mem:6.08M, Peak:6.08M | Scene, ViewLayer | Updating Baking
Fra:7 Mem:48.32M (Peak 67.51M) | Time:00:00.14 | Mem:6.08M, Peak:6.08M | Scene, ViewLayer | Updating Device | Writing constant memory
Fra:7 Mem:48.32M (Peak 67.51M) | Time:00:00.14 | Mem:6.08M, Peak:6.08M | Scene, ViewLayer | Loading denoising kernels (may take a few minutes the first time)
Fra:7 Mem:52.32M (Peak 67.51M) | Time:00:00.14 | Mem:358.09M, Peak:358.09M | Scene, ViewLayer | Sample 0/24
Fra:7 Mem:95.08M (Peak 95.08M) | Time:00:00.14 | Remaining:00:00.14 | Mem:400.84M, Peak:400.84M | Scene, ViewLayer | Sample 1/24
Fra:7 Mem:113.08M (Peak 140.08M) | Time:00:01.58 | Mem:400.84M, Peak:400.84M | Scene, ViewLayer | Sample 24/24
Fra:7 Mem:113.08M (Peak 140.08M) | Time:00:01.58 | Mem:400.84M, Peak:400.84M | Scene, ViewLayer | Finished
Saved: '/home/cbsim/ws/slime-workflow/.tmp/mannequin-reference-refinement/2026-09-23_07-33-20/up_left-03.png'
Time: 00:01.71 (Saving: 00:00.03)

Fra:10 Mem:39.37M (Peak 39.37M) | Time:00:00.07 | Mem:0.00M, Peak:0.00M | Scene, ViewLayer | Synchronizing object | key
Fra:10 Mem:39.37M (Peak 39.37M) | Time:00:00.07 | Mem:0.00M, Peak:0.00M | Scene, ViewLayer | Synchronizing object | head-shell-part
Fra:10 Mem:39.38M (Peak 39.38M) | Time:00:00.07 | Mem:0.00M, Peak:0.00M | Scene, ViewLayer | Synchronizing object | neck-shell-part
Fra:10 Mem:39.38M (Peak 39.38M) | Time:00:00.07 | Mem:0.00M, Peak:0.00M | Scene, ViewLayer | Synchronizing object | right-ankle-ball
Fra:10 Mem:39.46M (Peak 39.46M) | Time:00:00.07 | Mem:0.00M, Peak:0.00M | Scene, ViewLayer | Synchronizing object | chest-shell-part
Fra:10 Mem:39.63M (Peak 39.62M) | Time:00:00.07 | Mem:0.00M, Peak:0.00M | Scene, ViewLayer | Synchronizing object | head-pivot-ball
Fra:10 Mem:39.64M (Peak 39.64M) | Time:00:00.07 | Mem:0.00M, Peak:0.00M | Scene, ViewLayer | Synchronizing object | right-knee-ball
Fra:10 Mem:39.84M (Peak 39.84M) | Time:00:00.07 | Mem:0.00M, Peak:0.00M | Scene, ViewLayer | Synchronizing object | left-upper-arm-shell
Fra:10 Mem:40.76M (Peak 40.76M) | Time:00:00.07 | Mem:0.00M, Peak:0.00M | Scene, ViewLayer | Synchronizing object | left-forearm-shell
Fra:10 Mem:41.11M (Peak 41.11M) | Time:00:00.07 | Mem:0.00M, Peak:0.00M | Scene, ViewLayer | Synchronizing object | left-elbow-ball
Fra:10 Mem:41.33M (Peak 41.33M) | Time:00:00.07 | Mem:0.00M, Peak:0.00M | Scene, ViewLayer | Synchronizing object | right-upper-arm-shell
Fra:10 Mem:41.36M (Peak 41.36M) | Time:00:00.07 | Mem:0.00M, Peak:0.00M | Scene, ViewLayer | Synchronizing object | right-forearm-shell
Fra:10 Mem:41.45M (Peak 41.45M) | Time:00:00.07 | Mem:0.00M, Peak:0.00M | Scene, ViewLayer | Synchronizing object | right-thigh-shell
Fra:10 Mem:41.49M (Peak 41.49M) | Time:00:00.07 | Mem:0.00M, Peak:0.00M | Scene, ViewLayer | Synchronizing object | right-foot-shell
Fra:10 Mem:42.50M (Peak 42.50M) | Time:00:00.07 | Mem:0.00M, Peak:0.00M | Scene, ViewLayer | Synchronizing object | right-wrist-ball
Fra:10 Mem:43.35M (Peak 43.35M) | Time:00:00.07 | Mem:0.00M, Peak:0.00M | Scene, ViewLayer | Synchronizing object | right-shoulder-ball
Fra:10 Mem:47.29M (Peak 48.78M) | Time:00:00.08 | Mem:0.00M, Peak:0.00M | Scene, ViewLayer | Initializing
Fra:10 Mem:39.41M (Peak 48.78M) | Time:00:00.08 | Mem:0.00M, Peak:0.00M | Scene, ViewLayer | Waiting for render to start
Fra:10 Mem:39.41M (Peak 48.78M) | Time:00:00.08 | Mem:0.00M, Peak:0.00M | Scene, ViewLayer | Updating Scene
Fra:10 Mem:39.41M (Peak 48.78M) | Time:00:00.08 | Mem:0.00M, Peak:0.00M | Scene, ViewLayer | Updating Shaders
Fra:10 Mem:39.41M (Peak 48.78M) | Time:00:00.08 | Mem:0.00M, Peak:0.00M | Scene, ViewLayer | Loading render kernels (may take a few minutes the first time)
Fra:10 Mem:39.49M (Peak 67.51M) | Time:00:00.12 | Mem:0.00M, Peak:0.00M | Scene, ViewLayer | Updating Procedurals
Fra:10 Mem:39.49M (Peak 67.51M) | Time:00:00.12 | Mem:0.00M, Peak:0.00M | Scene, ViewLayer | Updating Background
Fra:10 Mem:39.49M (Peak 67.51M) | Time:00:00.12 | Mem:0.00M, Peak:0.00M | Scene, ViewLayer | Updating Camera
Fra:10 Mem:39.49M (Peak 67.51M) | Time:00:00.12 | Mem:0.00M, Peak:0.00M | Scene, ViewLayer | Updating Meshes Flags
Fra:10 Mem:39.49M (Peak 67.51M) | Time:00:00.12 | Mem:0.00M, Peak:0.00M | Scene, ViewLayer | Updating Objects
Fra:10 Mem:39.49M (Peak 67.51M) | Time:00:00.12 | Mem:0.00M, Peak:0.00M | Scene, ViewLayer | Updating Objects | Copying Transformations to device
Fra:10 Mem:39.50M (Peak 67.51M) | Time:00:00.12 | Mem:0.01M, Peak:0.01M | Scene, ViewLayer | Updating Particle Systems
Fra:10 Mem:39.50M (Peak 67.51M) | Time:00:00.12 | Mem:0.01M, Peak:0.01M | Scene, ViewLayer | Updating Particle Systems | Copying Particles to device
Fra:10 Mem:39.50M (Peak 67.51M) | Time:00:00.12 | Mem:0.01M, Peak:0.01M | Scene, ViewLayer | Updating Meshes
Fra:10 Mem:39.50M (Peak 67.51M) | Time:00:00.12 | Mem:0.01M, Peak:0.01M | Scene, ViewLayer | Updating Objects | Applying Static Transformations
Fra:10 Mem:39.50M (Peak 67.51M) | Time:00:00.12 | Mem:0.01M, Peak:0.01M | Scene, ViewLayer | Updating Mesh | Computing attributes
Fra:10 Mem:40.06M (Peak 67.51M) | Time:00:00.12 | Mem:0.01M, Peak:0.01M | Scene, ViewLayer | Updating Mesh | Copying Attributes to device
Fra:10 Mem:40.06M (Peak 67.51M) | Time:00:00.12 | Mem:0.57M, Peak:0.57M | Scene, ViewLayer | Updating Scene BVH | Building
Fra:10 Mem:40.06M (Peak 67.51M) | Time:00:00.12 | Mem:0.57M, Peak:0.57M | Scene, ViewLayer | Updating Scene BVH | Building BVH
Fra:10 Mem:45.62M (Peak 67.51M) | Time:00:00.13 | Mem:0.57M, Peak:0.57M | Scene, ViewLayer | Updating Scene BVH | Packing BVH triangles and strands
Fra:10 Mem:45.99M (Peak 67.51M) | Time:00:00.13 | Mem:0.57M, Peak:0.57M | Scene, ViewLayer | Updating Scene BVH | Packing BVH nodes
Fra:10 Mem:45.71M (Peak 67.51M) | Time:00:00.13 | Mem:0.57M, Peak:0.57M | Scene, ViewLayer | Updating Scene BVH | Copying BVH to device
Fra:10 Mem:45.71M (Peak 67.51M) | Time:00:00.14 | Mem:3.40M, Peak:3.40M | Scene, ViewLayer | Updating Mesh | Computing normals
Fra:10 Mem:48.31M (Peak 67.51M) | Time:00:00.14 | Mem:3.40M, Peak:3.40M | Scene, ViewLayer | Updating Mesh | Copying Mesh to device
Fra:10 Mem:48.31M (Peak 67.51M) | Time:00:00.14 | Mem:6.00M, Peak:6.00M | Scene, ViewLayer | Updating Objects Flags
Fra:10 Mem:48.31M (Peak 67.51M) | Time:00:00.14 | Mem:6.00M, Peak:6.00M | Scene, ViewLayer | Updating Primitive Offsets
Fra:10 Mem:48.31M (Peak 67.51M) | Time:00:00.14 | Mem:6.00M, Peak:6.00M | Scene, ViewLayer | Updating Images
Fra:10 Mem:48.31M (Peak 67.51M) | Time:00:00.14 | Mem:6.00M, Peak:6.00M | Scene, ViewLayer | Updating Camera Volume
Fra:10 Mem:48.31M (Peak 67.51M) | Time:00:00.14 | Mem:6.00M, Peak:6.00M | Scene, ViewLayer | Updating Lookup Tables
Fra:10 Mem:48.31M (Peak 67.51M) | Time:00:00.14 | Mem:6.08M, Peak:6.08M | Scene, ViewLayer | Updating Lights
Fra:10 Mem:48.31M (Peak 67.51M) | Time:00:00.14 | Mem:6.08M, Peak:6.08M | Scene, ViewLayer | Updating Lights | Computing tree
Fra:10 Mem:48.31M (Peak 67.51M) | Time:00:00.14 | Mem:6.08M, Peak:6.08M | Scene, ViewLayer | Updating Integrator
Fra:10 Mem:48.31M (Peak 67.51M) | Time:00:00.14 | Mem:6.08M, Peak:6.08M | Scene, ViewLayer | Updating Film
Fra:10 Mem:48.32M (Peak 67.51M) | Time:00:00.14 | Mem:6.00M, Peak:6.08M | Scene, ViewLayer | Updating Lookup Tables
Fra:10 Mem:48.32M (Peak 67.51M) | Time:00:00.14 | Mem:6.08M, Peak:6.08M | Scene, ViewLayer | Updating Baking
Fra:10 Mem:48.32M (Peak 67.51M) | Time:00:00.14 | Mem:6.08M, Peak:6.08M | Scene, ViewLayer | Updating Device | Writing constant memory
Fra:10 Mem:48.32M (Peak 67.51M) | Time:00:00.14 | Mem:6.08M, Peak:6.08M | Scene, ViewLayer | Loading denoising kernels (may take a few minutes the first time)
Fra:10 Mem:52.32M (Peak 67.51M) | Time:00:00.14 | Mem:358.09M, Peak:358.09M | Scene, ViewLayer | Sample 0/24
Fra:10 Mem:95.07M (Peak 95.07M) | Time:00:00.15 | Remaining:00:00.14 | Mem:400.84M, Peak:400.84M | Scene, ViewLayer | Sample 1/24
Fra:10 Mem:113.08M (Peak 140.08M) | Time:00:01.58 | Mem:400.84M, Peak:400.84M | Scene, ViewLayer | Sample 24/24
Fra:10 Mem:113.08M (Peak 140.08M) | Time:00:01.58 | Mem:400.84M, Peak:400.84M | Scene, ViewLayer | Finished
Saved: '/home/cbsim/ws/slime-workflow/.tmp/mannequin-reference-refinement/2026-09-23_07-33-20/up_left-04.png'
Time: 00:01.70 (Saving: 00:00.03)

Fra:13 Mem:39.37M (Peak 39.37M) | Time:00:00.07 | Mem:0.00M, Peak:0.00M | Scene, ViewLayer | Synchronizing object | key
Fra:13 Mem:39.37M (Peak 39.37M) | Time:00:00.07 | Mem:0.00M, Peak:0.00M | Scene, ViewLayer | Synchronizing object | head-shell-part
Fra:13 Mem:39.38M (Peak 39.38M) | Time:00:00.07 | Mem:0.00M, Peak:0.00M | Scene, ViewLayer | Synchronizing object | right-ankle-ball
Fra:13 Mem:39.41M (Peak 39.41M) | Time:00:00.07 | Mem:0.00M, Peak:0.00M | Scene, ViewLayer | Synchronizing object | head-pivot-ball
Fra:13 Mem:39.47M (Peak 39.47M) | Time:00:00.07 | Mem:0.00M, Peak:0.00M | Scene, ViewLayer | Synchronizing object | left-thigh-shell
Fra:13 Mem:39.57M (Peak 39.57M) | Time:00:00.07 | Mem:0.00M, Peak:0.00M | Scene, ViewLayer | Synchronizing object | left-elbow-ball
Fra:13 Mem:40.06M (Peak 40.06M) | Time:00:00.08 | Mem:0.00M, Peak:0.00M | Scene, ViewLayer | Synchronizing object | right-knee-ball
Fra:13 Mem:40.69M (Peak 40.69M) | Time:00:00.08 | Mem:0.00M, Peak:0.00M | Scene, ViewLayer | Synchronizing object | left-hip-ball
Fra:13 Mem:41.07M (Peak 41.07M) | Time:00:00.08 | Mem:0.00M, Peak:0.00M | Scene, ViewLayer | Synchronizing object | right-forearm-shell
Fra:13 Mem:41.40M (Peak 41.40M) | Time:00:00.08 | Mem:0.00M, Peak:0.00M | Scene, ViewLayer | Synchronizing object | right-hand-shell
Fra:13 Mem:41.42M (Peak 41.42M) | Time:00:00.08 | Mem:0.00M, Peak:0.00M | Scene, ViewLayer | Synchronizing object | right-thigh-shell
Fra:13 Mem:41.73M (Peak 41.73M) | Time:00:00.08 | Mem:0.00M, Peak:0.00M | Scene, ViewLayer | Synchronizing object | right-shin-shell
Fra:13 Mem:41.74M (Peak 41.74M) | Time:00:00.08 | Mem:0.00M, Peak:0.00M | Scene, ViewLayer | Synchronizing object | right-elbow-ball
Fra:13 Mem:42.05M (Peak 42.05M) | Time:00:00.08 | Mem:0.00M, Peak:0.00M | Scene, ViewLayer | Synchronizing object | right-hip-ball
Fra:13 Mem:47.29M (Peak 48.96M) | Time:00:00.08 | Mem:0.00M, Peak:0.00M | Scene, ViewLayer | Initializing
Fra:13 Mem:39.41M (Peak 48.96M) | Time:00:00.08 | Mem:0.00M, Peak:0.00M | Scene, ViewLayer | Waiting for render to start
Fra:13 Mem:39.41M (Peak 48.96M) | Time:00:00.08 | Mem:0.00M, Peak:0.00M | Scene, ViewLayer | Updating Scene
Fra:13 Mem:39.41M (Peak 48.96M) | Time:00:00.08 | Mem:0.00M, Peak:0.00M | Scene, ViewLayer | Updating Shaders
Fra:13 Mem:39.41M (Peak 48.96M) | Time:00:00.08 | Mem:0.00M, Peak:0.00M | Scene, ViewLayer | Loading render kernels (may take a few minutes the first time)
Fra:13 Mem:39.49M (Peak 67.51M) | Time:00:00.12 | Mem:0.00M, Peak:0.00M | Scene, ViewLayer | Updating Procedurals
Fra:13 Mem:39.49M (Peak 67.51M) | Time:00:00.12 | Mem:0.00M, Peak:0.00M | Scene, ViewLayer | Updating Background
Fra:13 Mem:39.49M (Peak 67.51M) | Time:00:00.12 | Mem:0.00M, Peak:0.00M | Scene, ViewLayer | Updating Camera
Fra:13 Mem:39.49M (Peak 67.51M) | Time:00:00.12 | Mem:0.00M, Peak:0.00M | Scene, ViewLayer | Updating Meshes Flags
Fra:13 Mem:39.49M (Peak 67.51M) | Time:00:00.12 | Mem:0.00M, Peak:0.00M | Scene, ViewLayer | Updating Objects
Fra:13 Mem:39.49M (Peak 67.51M) | Time:00:00.12 | Mem:0.00M, Peak:0.00M | Scene, ViewLayer | Updating Objects | Copying Transformations to device
Fra:13 Mem:39.50M (Peak 67.51M) | Time:00:00.12 | Mem:0.01M, Peak:0.01M | Scene, ViewLayer | Updating Particle Systems
Fra:13 Mem:39.50M (Peak 67.51M) | Time:00:00.12 | Mem:0.01M, Peak:0.01M | Scene, ViewLayer | Updating Particle Systems | Copying Particles to device
Fra:13 Mem:39.50M (Peak 67.51M) | Time:00:00.12 | Mem:0.01M, Peak:0.01M | Scene, ViewLayer | Updating Meshes
Fra:13 Mem:39.50M (Peak 67.51M) | Time:00:00.12 | Mem:0.01M, Peak:0.01M | Scene, ViewLayer | Updating Objects | Applying Static Transformations
Fra:13 Mem:39.50M (Peak 67.51M) | Time:00:00.12 | Mem:0.01M, Peak:0.01M | Scene, ViewLayer | Updating Mesh | Computing attributes
Fra:13 Mem:40.06M (Peak 67.51M) | Time:00:00.12 | Mem:0.01M, Peak:0.01M | Scene, ViewLayer | Updating Mesh | Copying Attributes to device
Fra:13 Mem:40.06M (Peak 67.51M) | Time:00:00.12 | Mem:0.57M, Peak:0.57M | Scene, ViewLayer | Updating Scene BVH | Building
Fra:13 Mem:40.06M (Peak 67.51M) | Time:00:00.12 | Mem:0.57M, Peak:0.57M | Scene, ViewLayer | Updating Scene BVH | Building BVH
Fra:13 Mem:45.62M (Peak 67.51M) | Time:00:00.13 | Mem:0.57M, Peak:0.57M | Scene, ViewLayer | Updating Scene BVH | Packing BVH triangles and strands
Fra:13 Mem:45.99M (Peak 67.51M) | Time:00:00.13 | Mem:0.57M, Peak:0.57M | Scene, ViewLayer | Updating Scene BVH | Packing BVH nodes
Fra:13 Mem:45.72M (Peak 67.51M) | Time:00:00.13 | Mem:0.57M, Peak:0.57M | Scene, ViewLayer | Updating Scene BVH | Copying BVH to device
Fra:13 Mem:45.72M (Peak 67.51M) | Time:00:00.13 | Mem:3.40M, Peak:3.40M | Scene, ViewLayer | Updating Mesh | Computing normals
Fra:13 Mem:48.32M (Peak 67.51M) | Time:00:00.13 | Mem:3.40M, Peak:3.40M | Scene, ViewLayer | Updating Mesh | Copying Mesh to device
Fra:13 Mem:48.32M (Peak 67.51M) | Time:00:00.14 | Mem:6.00M, Peak:6.00M | Scene, ViewLayer | Updating Objects Flags
Fra:13 Mem:48.32M (Peak 67.51M) | Time:00:00.14 | Mem:6.00M, Peak:6.00M | Scene, ViewLayer | Updating Primitive Offsets
Fra:13 Mem:48.32M (Peak 67.51M) | Time:00:00.14 | Mem:6.00M, Peak:6.00M | Scene, ViewLayer | Updating Images
Fra:13 Mem:48.32M (Peak 67.51M) | Time:00:00.14 | Mem:6.00M, Peak:6.00M | Scene, ViewLayer | Updating Camera Volume
Fra:13 Mem:48.32M (Peak 67.51M) | Time:00:00.14 | Mem:6.00M, Peak:6.00M | Scene, ViewLayer | Updating Lookup Tables
Fra:13 Mem:48.32M (Peak 67.51M) | Time:00:00.14 | Mem:6.08M, Peak:6.08M | Scene, ViewLayer | Updating Lights
Fra:13 Mem:48.32M (Peak 67.51M) | Time:00:00.14 | Mem:6.08M, Peak:6.08M | Scene, ViewLayer | Updating Lights | Computing tree
Fra:13 Mem:48.32M (Peak 67.51M) | Time:00:00.14 | Mem:6.09M, Peak:6.09M | Scene, ViewLayer | Updating Integrator
Fra:13 Mem:48.32M (Peak 67.51M) | Time:00:00.14 | Mem:6.09M, Peak:6.09M | Scene, ViewLayer | Updating Film
Fra:13 Mem:48.33M (Peak 67.51M) | Time:00:00.14 | Mem:6.00M, Peak:6.09M | Scene, ViewLayer | Updating Lookup Tables
Fra:13 Mem:48.33M (Peak 67.51M) | Time:00:00.14 | Mem:6.09M, Peak:6.09M | Scene, ViewLayer | Updating Baking
Fra:13 Mem:48.33M (Peak 67.51M) | Time:00:00.14 | Mem:6.09M, Peak:6.09M | Scene, ViewLayer | Updating Device | Writing constant memory
Fra:13 Mem:48.33M (Peak 67.51M) | Time:00:00.14 | Mem:6.09M, Peak:6.09M | Scene, ViewLayer | Loading denoising kernels (may take a few minutes the first time)
Fra:13 Mem:52.33M (Peak 67.51M) | Time:00:00.14 | Mem:358.09M, Peak:358.09M | Scene, ViewLayer | Sample 0/24
Fra:13 Mem:95.08M (Peak 95.08M) | Time:00:00.14 | Remaining:00:00.13 | Mem:400.84M, Peak:400.84M | Scene, ViewLayer | Sample 1/24
2026-09-23T07:34:42+0900/hunyuan-rig/heartbeat {'stage': 'up_left', 'frame': 13} images=25
Fra:13 Mem:113.09M (Peak 140.09M) | Time:00:01.61 | Mem:400.84M, Peak:400.84M | Scene, ViewLayer | Sample 24/24
Fra:13 Mem:113.09M (Peak 140.09M) | Time:00:01.61 | Mem:400.84M, Peak:400.84M | Scene, ViewLayer | Finished
Saved: '/home/cbsim/ws/slime-workflow/.tmp/mannequin-reference-refinement/2026-09-23_07-33-20/up_left-05.png'
Time: 00:01.74 (Saving: 00:00.03)

Fra:16 Mem:39.37M (Peak 39.37M) | Time:00:00.07 | Mem:0.00M, Peak:0.00M | Scene, ViewLayer | Synchronizing object | key
Fra:16 Mem:39.37M (Peak 39.37M) | Time:00:00.07 | Mem:0.00M, Peak:0.00M | Scene, ViewLayer | Synchronizing object | fill
Fra:16 Mem:39.38M (Peak 39.38M) | Time:00:00.07 | Mem:0.00M, Peak:0.00M | Scene, ViewLayer | Synchronizing object | head-shell-part
Fra:16 Mem:39.38M (Peak 39.38M) | Time:00:00.07 | Mem:0.00M, Peak:0.00M | Scene, ViewLayer | Synchronizing object | right-ankle-ball
Fra:16 Mem:39.54M (Peak 39.54M) | Time:00:00.07 | Mem:0.00M, Peak:0.00M | Scene, ViewLayer | Synchronizing object | chest-shell-part
Fra:16 Mem:39.63M (Peak 39.63M) | Time:00:00.07 | Mem:0.00M, Peak:0.00M | Scene, ViewLayer | Synchronizing object | right-knee-ball
Fra:16 Mem:39.79M (Peak 39.79M) | Time:00:00.08 | Mem:0.00M, Peak:0.00M | Scene, ViewLayer | Synchronizing object | right-hip-ball
Fra:16 Mem:40.23M (Peak 40.23M) | Time:00:00.08 | Mem:0.00M, Peak:0.00M | Scene, ViewLayer | Synchronizing object | left-hand-shell
Fra:16 Mem:40.45M (Peak 40.45M) | Time:00:00.08 | Mem:0.00M, Peak:0.00M | Scene, ViewLayer | Synchronizing object | left-wrist-ball
Fra:16 Mem:40.50M (Peak 40.50M) | Time:00:00.08 | Mem:0.00M, Peak:0.00M | Scene, ViewLayer | Synchronizing object | left-hip-ball
Fra:16 Mem:40.68M (Peak 40.68M) | Time:00:00.08 | Mem:0.00M, Peak:0.00M | Scene, ViewLayer | Synchronizing object | right-hand-shell
Fra:16 Mem:41.13M (Peak 41.13M) | Time:00:00.08 | Mem:0.00M, Peak:0.00M | Scene, ViewLayer | Synchronizing object | right-thigh-shell
Fra:16 Mem:41.37M (Peak 41.37M) | Time:00:00.08 | Mem:0.00M, Peak:0.00M | Scene, ViewLayer | Synchronizing object | right-shin-shell
Fra:16 Mem:41.68M (Peak 41.68M) | Time:00:00.08 | Mem:0.00M, Peak:0.00M | Scene, ViewLayer | Synchronizing object | right-foot-shell
Fra:16 Mem:41.72M (Peak 41.72M) | Time:00:00.08 | Mem:0.00M, Peak:0.00M | Scene, ViewLayer | Synchronizing object | right-shoulder-ball
Fra:16 Mem:42.14M (Peak 42.14M) | Time:00:00.08 | Mem:0.00M, Peak:0.00M | Scene, ViewLayer | Synchronizing object | right-elbow-ball
Fra:16 Mem:47.29M (Peak 47.29M) | Time:00:00.08 | Mem:0.00M, Peak:0.00M | Scene, ViewLayer | Initializing
Fra:16 Mem:39.41M (Peak 47.29M) | Time:00:00.08 | Mem:0.00M, Peak:0.00M | Scene, ViewLayer | Waiting for render to start
Fra:16 Mem:39.41M (Peak 47.29M) | Time:00:00.08 | Mem:0.00M, Peak:0.00M | Scene, ViewLayer | Updating Scene
Fra:16 Mem:39.41M (Peak 47.29M) | Time:00:00.08 | Mem:0.00M, Peak:0.00M | Scene, ViewLayer | Updating Shaders
Fra:16 Mem:39.41M (Peak 47.29M) | Time:00:00.08 | Mem:0.00M, Peak:0.00M | Scene, ViewLayer | Loading render kernels (may take a few minutes the first time)
Fra:16 Mem:39.49M (Peak 67.51M) | Time:00:00.12 | Mem:0.00M, Peak:0.00M | Scene, ViewLayer | Updating Procedurals
Fra:16 Mem:39.49M (Peak 67.51M) | Time:00:00.12 | Mem:0.00M, Peak:0.00M | Scene, ViewLayer | Updating Background
Fra:16 Mem:39.49M (Peak 67.51M) | Time:00:00.12 | Mem:0.00M, Peak:0.00M | Scene, ViewLayer | Updating Camera
Fra:16 Mem:39.49M (Peak 67.51M) | Time:00:00.12 | Mem:0.00M, Peak:0.00M | Scene, ViewLayer | Updating Meshes Flags
Fra:16 Mem:39.49M (Peak 67.51M) | Time:00:00.12 | Mem:0.00M, Peak:0.00M | Scene, ViewLayer | Updating Objects
Fra:16 Mem:39.49M (Peak 67.51M) | Time:00:00.12 | Mem:0.00M, Peak:0.00M | Scene, ViewLayer | Updating Objects | Copying Transformations to device
Fra:16 Mem:39.50M (Peak 67.51M) | Time:00:00.12 | Mem:0.01M, Peak:0.01M | Scene, ViewLayer | Updating Particle Systems
Fra:16 Mem:39.50M (Peak 67.51M) | Time:00:00.12 | Mem:0.01M, Peak:0.01M | Scene, ViewLayer | Updating Particle Systems | Copying Particles to device
Fra:16 Mem:39.50M (Peak 67.51M) | Time:00:00.12 | Mem:0.01M, Peak:0.01M | Scene, ViewLayer | Updating Meshes
Fra:16 Mem:39.50M (Peak 67.51M) | Time:00:00.12 | Mem:0.01M, Peak:0.01M | Scene, ViewLayer | Updating Objects | Applying Static Transformations
Fra:16 Mem:39.50M (Peak 67.51M) | Time:00:00.12 | Mem:0.01M, Peak:0.01M | Scene, ViewLayer | Updating Mesh | Computing attributes
Fra:16 Mem:40.06M (Peak 67.51M) | Time:00:00.12 | Mem:0.01M, Peak:0.01M | Scene, ViewLayer | Updating Mesh | Copying Attributes to device
Fra:16 Mem:40.06M (Peak 67.51M) | Time:00:00.12 | Mem:0.57M, Peak:0.57M | Scene, ViewLayer | Updating Scene BVH | Building
Fra:16 Mem:40.06M (Peak 67.51M) | Time:00:00.12 | Mem:0.57M, Peak:0.57M | Scene, ViewLayer | Updating Scene BVH | Building BVH
Fra:16 Mem:45.62M (Peak 67.51M) | Time:00:00.13 | Mem:0.57M, Peak:0.57M | Scene, ViewLayer | Updating Scene BVH | Packing BVH triangles and strands
Fra:16 Mem:45.99M (Peak 67.51M) | Time:00:00.13 | Mem:0.57M, Peak:0.57M | Scene, ViewLayer | Updating Scene BVH | Packing BVH nodes
Fra:16 Mem:45.69M (Peak 67.51M) | Time:00:00.13 | Mem:0.57M, Peak:0.57M | Scene, ViewLayer | Updating Scene BVH | Copying BVH to device
Fra:16 Mem:45.69M (Peak 67.51M) | Time:00:00.13 | Mem:3.39M, Peak:3.39M | Scene, ViewLayer | Updating Mesh | Computing normals
Fra:16 Mem:48.29M (Peak 67.51M) | Time:00:00.13 | Mem:3.39M, Peak:3.39M | Scene, ViewLayer | Updating Mesh | Copying Mesh to device
Fra:16 Mem:48.29M (Peak 67.51M) | Time:00:00.13 | Mem:5.99M, Peak:5.99M | Scene, ViewLayer | Updating Objects Flags
Fra:16 Mem:48.29M (Peak 67.51M) | Time:00:00.13 | Mem:5.99M, Peak:5.99M | Scene, ViewLayer | Updating Primitive Offsets
Fra:16 Mem:48.29M (Peak 67.51M) | Time:00:00.13 | Mem:5.99M, Peak:5.99M | Scene, ViewLayer | Updating Images
Fra:16 Mem:48.29M (Peak 67.51M) | Time:00:00.13 | Mem:5.99M, Peak:5.99M | Scene, ViewLayer | Updating Camera Volume
Fra:16 Mem:48.29M (Peak 67.51M) | Time:00:00.13 | Mem:5.99M, Peak:5.99M | Scene, ViewLayer | Updating Lookup Tables
Fra:16 Mem:48.29M (Peak 67.51M) | Time:00:00.13 | Mem:6.07M, Peak:6.07M | Scene, ViewLayer | Updating Lights
Fra:16 Mem:48.29M (Peak 67.51M) | Time:00:00.13 | Mem:6.07M, Peak:6.07M | Scene, ViewLayer | Updating Lights | Computing tree
Fra:16 Mem:48.29M (Peak 67.51M) | Time:00:00.13 | Mem:6.07M, Peak:6.07M | Scene, ViewLayer | Updating Integrator
Fra:16 Mem:48.29M (Peak 67.51M) | Time:00:00.13 | Mem:6.07M, Peak:6.07M | Scene, ViewLayer | Updating Film
Fra:16 Mem:48.29M (Peak 67.51M) | Time:00:00.13 | Mem:5.99M, Peak:6.07M | Scene, ViewLayer | Updating Lookup Tables
Fra:16 Mem:48.29M (Peak 67.51M) | Time:00:00.13 | Mem:6.07M, Peak:6.07M | Scene, ViewLayer | Updating Baking
Fra:16 Mem:48.29M (Peak 67.51M) | Time:00:00.13 | Mem:6.07M, Peak:6.07M | Scene, ViewLayer | Updating Device | Writing constant memory
Fra:16 Mem:48.29M (Peak 67.51M) | Time:00:00.13 | Mem:6.07M, Peak:6.07M | Scene, ViewLayer | Loading denoising kernels (may take a few minutes the first time)
Fra:16 Mem:52.30M (Peak 67.51M) | Time:00:00.14 | Mem:358.07M, Peak:358.07M | Scene, ViewLayer | Sample 0/24
Fra:16 Mem:95.05M (Peak 95.05M) | Time:00:00.14 | Remaining:00:00.14 | Mem:400.82M, Peak:400.82M | Scene, ViewLayer | Sample 1/24
Fra:16 Mem:113.05M (Peak 140.06M) | Time:00:01.58 | Mem:400.83M, Peak:400.83M | Scene, ViewLayer | Sample 24/24
Fra:16 Mem:113.05M (Peak 140.06M) | Time:00:01.58 | Mem:400.83M, Peak:400.83M | Scene, ViewLayer | Finished
Saved: '/home/cbsim/ws/slime-workflow/.tmp/mannequin-reference-refinement/2026-09-23_07-33-20/up_left-06.png'
Time: 00:01.71 (Saving: 00:00.03)

Fra:19 Mem:39.37M (Peak 39.37M) | Time:00:00.08 | Mem:0.00M, Peak:0.00M | Scene, ViewLayer | Synchronizing object | fill
Fra:19 Mem:39.37M (Peak 39.37M) | Time:00:00.08 | Mem:0.00M, Peak:0.00M | Scene, ViewLayer | Synchronizing object | neck-shell-part
Fra:19 Mem:39.38M (Peak 39.38M) | Time:00:00.08 | Mem:0.00M, Peak:0.00M | Scene, ViewLayer | Synchronizing object | pelvis-shell-part
Fra:19 Mem:39.39M (Peak 39.39M) | Time:00:00.08 | Mem:0.00M, Peak:0.00M | Scene, ViewLayer | Synchronizing object | left-thigh-shell
Fra:19 Mem:39.46M (Peak 39.46M) | Time:00:00.08 | Mem:0.00M, Peak:0.00M | Scene, ViewLayer | Synchronizing object | left-foot-shell
Fra:19 Mem:40.01M (Peak 40.01M) | Time:00:00.08 | Mem:0.00M, Peak:0.00M | Scene, ViewLayer | Synchronizing object | left-wrist-ball
Fra:19 Mem:40.53M (Peak 40.53M) | Time:00:00.08 | Mem:0.00M, Peak:0.00M | Scene, ViewLayer | Synchronizing object | left-ankle-ball
Fra:19 Mem:40.60M (Peak 40.61M) | Time:00:00.08 | Mem:0.00M, Peak:0.00M | Scene, ViewLayer | Synchronizing object | right-forearm-shell
Fra:19 Mem:40.99M (Peak 40.99M) | Time:00:00.08 | Mem:0.00M, Peak:0.00M | Scene, ViewLayer | Synchronizing object | right-thigh-shell
Fra:19 Mem:41.06M (Peak 41.06M) | Time:00:00.08 | Mem:0.00M, Peak:0.00M | Scene, ViewLayer | Synchronizing object | right-shin-shell
Fra:19 Mem:41.16M (Peak 41.16M) | Time:00:00.08 | Mem:0.00M, Peak:0.00M | Scene, ViewLayer | Synchronizing object | right-foot-shell
Fra:19 Mem:42.28M (Peak 42.28M) | Time:00:00.08 | Mem:0.00M, Peak:0.00M | Scene, ViewLayer | Synchronizing object | right-shoulder-ball
Fra:19 Mem:42.94M (Peak 42.94M) | Time:00:00.08 | Mem:0.00M, Peak:0.00M | Scene, ViewLayer | Synchronizing object | right-elbow-ball
Fra:19 Mem:43.12M (Peak 43.12M) | Time:00:00.08 | Mem:0.00M, Peak:0.00M | Scene, ViewLayer | Synchronizing object | right-wrist-ball
Fra:19 Mem:47.29M (Peak 48.78M) | Time:00:00.08 | Mem:0.00M, Peak:0.00M | Scene, ViewLayer | Initializing
Fra:19 Mem:39.41M (Peak 48.78M) | Time:00:00.08 | Mem:0.00M, Peak:0.00M | Scene, ViewLayer | Waiting for render to start
Fra:19 Mem:39.41M (Peak 48.78M) | Time:00:00.08 | Mem:0.00M, Peak:0.00M | Scene, ViewLayer | Updating Scene
Fra:19 Mem:39.41M (Peak 48.78M) | Time:00:00.08 | Mem:0.00M, Peak:0.00M | Scene, ViewLayer | Updating Shaders
Fra:19 Mem:39.41M (Peak 48.78M) | Time:00:00.08 | Mem:0.00M, Peak:0.00M | Scene, ViewLayer | Loading render kernels (may take a few minutes the first time)
Fra:19 Mem:39.49M (Peak 67.51M) | Time:00:00.12 | Mem:0.00M, Peak:0.00M | Scene, ViewLayer | Updating Procedurals
Fra:19 Mem:39.49M (Peak 67.51M) | Time:00:00.12 | Mem:0.00M, Peak:0.00M | Scene, ViewLayer | Updating Background
Fra:19 Mem:39.49M (Peak 67.51M) | Time:00:00.12 | Mem:0.00M, Peak:0.00M | Scene, ViewLayer | Updating Camera
Fra:19 Mem:39.49M (Peak 67.51M) | Time:00:00.12 | Mem:0.00M, Peak:0.00M | Scene, ViewLayer | Updating Meshes Flags
Fra:19 Mem:39.49M (Peak 67.51M) | Time:00:00.12 | Mem:0.00M, Peak:0.00M | Scene, ViewLayer | Updating Objects
Fra:19 Mem:39.49M (Peak 67.51M) | Time:00:00.12 | Mem:0.00M, Peak:0.00M | Scene, ViewLayer | Updating Objects | Copying Transformations to device
Fra:19 Mem:39.50M (Peak 67.51M) | Time:00:00.12 | Mem:0.01M, Peak:0.01M | Scene, ViewLayer | Updating Particle Systems
Fra:19 Mem:39.50M (Peak 67.51M) | Time:00:00.12 | Mem:0.01M, Peak:0.01M | Scene, ViewLayer | Updating Particle Systems | Copying Particles to device
Fra:19 Mem:39.50M (Peak 67.51M) | Time:00:00.12 | Mem:0.01M, Peak:0.01M | Scene, ViewLayer | Updating Meshes
Fra:19 Mem:39.50M (Peak 67.51M) | Time:00:00.12 | Mem:0.01M, Peak:0.01M | Scene, ViewLayer | Updating Objects | Applying Static Transformations
Fra:19 Mem:39.50M (Peak 67.51M) | Time:00:00.12 | Mem:0.01M, Peak:0.01M | Scene, ViewLayer | Updating Mesh | Computing attributes
Fra:19 Mem:40.06M (Peak 67.51M) | Time:00:00.12 | Mem:0.01M, Peak:0.01M | Scene, ViewLayer | Updating Mesh | Copying Attributes to device
Fra:19 Mem:40.06M (Peak 67.51M) | Time:00:00.12 | Mem:0.57M, Peak:0.57M | Scene, ViewLayer | Updating Scene BVH | Building
Fra:19 Mem:40.06M (Peak 67.51M) | Time:00:00.12 | Mem:0.57M, Peak:0.57M | Scene, ViewLayer | Updating Scene BVH | Building BVH
Fra:19 Mem:45.62M (Peak 67.51M) | Time:00:00.13 | Mem:0.57M, Peak:0.57M | Scene, ViewLayer | Updating Scene BVH | Packing BVH triangles and strands
Fra:19 Mem:45.99M (Peak 67.51M) | Time:00:00.13 | Mem:0.57M, Peak:0.57M | Scene, ViewLayer | Updating Scene BVH | Packing BVH nodes
Fra:19 Mem:45.70M (Peak 67.51M) | Time:00:00.13 | Mem:0.57M, Peak:0.57M | Scene, ViewLayer | Updating Scene BVH | Copying BVH to device
Fra:19 Mem:45.70M (Peak 67.51M) | Time:00:00.14 | Mem:3.39M, Peak:3.39M | Scene, ViewLayer | Updating Mesh | Computing normals
Fra:19 Mem:48.30M (Peak 67.51M) | Time:00:00.14 | Mem:3.39M, Peak:3.39M | Scene, ViewLayer | Updating Mesh | Copying Mesh to device
Fra:19 Mem:48.30M (Peak 67.51M) | Time:00:00.14 | Mem:5.99M, Peak:5.99M | Scene, ViewLayer | Updating Objects Flags
Fra:19 Mem:48.30M (Peak 67.51M) | Time:00:00.14 | Mem:5.99M, Peak:5.99M | Scene, ViewLayer | Updating Primitive Offsets
Fra:19 Mem:48.30M (Peak 67.51M) | Time:00:00.14 | Mem:5.99M, Peak:5.99M | Scene, ViewLayer | Updating Images
Fra:19 Mem:48.30M (Peak 67.51M) | Time:00:00.14 | Mem:5.99M, Peak:5.99M | Scene, ViewLayer | Updating Camera Volume
Fra:19 Mem:48.30M (Peak 67.51M) | Time:00:00.14 | Mem:5.99M, Peak:5.99M | Scene, ViewLayer | Updating Lookup Tables
Fra:19 Mem:48.30M (Peak 67.51M) | Time:00:00.14 | Mem:6.07M, Peak:6.07M | Scene, ViewLayer | Updating Lights
Fra:19 Mem:48.30M (Peak 67.51M) | Time:00:00.14 | Mem:6.07M, Peak:6.07M | Scene, ViewLayer | Updating Lights | Computing tree
Fra:19 Mem:48.30M (Peak 67.51M) | Time:00:00.14 | Mem:6.08M, Peak:6.08M | Scene, ViewLayer | Updating Integrator
Fra:19 Mem:48.30M (Peak 67.51M) | Time:00:00.14 | Mem:6.08M, Peak:6.08M | Scene, ViewLayer | Updating Film
Fra:19 Mem:48.31M (Peak 67.51M) | Time:00:00.14 | Mem:5.99M, Peak:6.08M | Scene, ViewLayer | Updating Lookup Tables
Fra:19 Mem:48.31M (Peak 67.51M) | Time:00:00.14 | Mem:6.08M, Peak:6.08M | Scene, ViewLayer | Updating Baking
Fra:19 Mem:48.31M (Peak 67.51M) | Time:00:00.14 | Mem:6.08M, Peak:6.08M | Scene, ViewLayer | Updating Device | Writing constant memory
Fra:19 Mem:48.31M (Peak 67.51M) | Time:00:00.14 | Mem:6.08M, Peak:6.08M | Scene, ViewLayer | Loading denoising kernels (may take a few minutes the first time)
Fra:19 Mem:52.31M (Peak 67.51M) | Time:00:00.14 | Mem:358.08M, Peak:358.08M | Scene, ViewLayer | Sample 0/24
Fra:19 Mem:95.06M (Peak 95.06M) | Time:00:00.15 | Remaining:00:00.13 | Mem:400.83M, Peak:400.83M | Scene, ViewLayer | Sample 1/24
Fra:19 Mem:113.07M (Peak 140.07M) | Time:00:01.57 | Mem:400.83M, Peak:400.83M | Scene, ViewLayer | Sample 24/24
Fra:19 Mem:113.07M (Peak 140.07M) | Time:00:01.57 | Mem:400.83M, Peak:400.83M | Scene, ViewLayer | Finished
Saved: '/home/cbsim/ws/slime-workflow/.tmp/mannequin-reference-refinement/2026-09-23_07-33-20/up_left-07.png'
Time: 00:01.70 (Saving: 00:00.03)

Fra:22 Mem:39.37M (Peak 39.37M) | Time:00:00.08 | Mem:0.00M, Peak:0.00M | Scene, ViewLayer | Synchronizing object | key
Fra:22 Mem:39.37M (Peak 39.37M) | Time:00:00.08 | Mem:0.00M, Peak:0.00M | Scene, ViewLayer | Synchronizing object | pelvis-shell-part
Fra:22 Mem:39.37M (Peak 39.37M) | Time:00:00.08 | Mem:0.00M, Peak:0.00M | Scene, ViewLayer | Synchronizing object | left-hand-shell
Fra:22 Mem:39.38M (Peak 39.38M) | Time:00:00.08 | Mem:0.00M, Peak:0.00M | Scene, ViewLayer | Synchronizing object | left-shoulder-ball
Fra:22 Mem:39.38M (Peak 39.38M) | Time:00:00.08 | Mem:0.00M, Peak:0.00M | Scene, ViewLayer | Synchronizing object | right-ankle-ball
Fra:22 Mem:39.49M (Peak 39.49M) | Time:00:00.08 | Mem:0.00M, Peak:0.00M | Scene, ViewLayer | Synchronizing object | left-wrist-ball
Fra:22 Mem:39.55M (Peak 39.55M) | Time:00:00.08 | Mem:0.00M, Peak:0.00M | Scene, ViewLayer | Synchronizing object | right-forearm-shell
Fra:22 Mem:39.60M (Peak 39.60M) | Time:00:00.08 | Mem:0.00M, Peak:0.00M | Scene, ViewLayer | Synchronizing object | right-hand-shell
Fra:22 Mem:39.66M (Peak 39.66M) | Time:00:00.08 | Mem:0.00M, Peak:0.00M | Scene, ViewLayer | Synchronizing object | right-foot-shell
Fra:22 Mem:40.00M (Peak 40.00M) | Time:00:00.08 | Mem:0.00M, Peak:0.00M | Scene, ViewLayer | Synchronizing object | right-shoulder-ball
Fra:22 Mem:40.23M (Peak 40.23M) | Time:00:00.08 | Mem:0.00M, Peak:0.00M | Scene, ViewLayer | Synchronizing object | right-elbow-ball
Fra:22 Mem:40.92M (Peak 40.92M) | Time:00:00.08 | Mem:0.00M, Peak:0.00M | Scene, ViewLayer | Synchronizing object | right-wrist-ball
Fra:22 Mem:41.00M (Peak 41.00M) | Time:00:00.08 | Mem:0.00M, Peak:0.00M | Scene, ViewLayer | Synchronizing object | right-hip-ball
Fra:22 Mem:47.29M (Peak 48.78M) | Time:00:00.08 | Mem:0.00M, Peak:0.00M | Scene, ViewLayer | Initializing
Fra:22 Mem:39.41M (Peak 48.78M) | Time:00:00.08 | Mem:0.00M, Peak:0.00M | Scene, ViewLayer | Waiting for render to start
Fra:22 Mem:39.41M (Peak 48.78M) | Time:00:00.08 | Mem:0.00M, Peak:0.00M | Scene, ViewLayer | Updating Scene
Fra:22 Mem:39.41M (Peak 48.78M) | Time:00:00.08 | Mem:0.00M, Peak:0.00M | Scene, ViewLayer | Updating Shaders
Fra:22 Mem:39.41M (Peak 48.78M) | Time:00:00.08 | Mem:0.00M, Peak:0.00M | Scene, ViewLayer | Loading render kernels (may take a few minutes the first time)
Fra:22 Mem:39.49M (Peak 67.51M) | Time:00:00.12 | Mem:0.00M, Peak:0.00M | Scene, ViewLayer | Updating Procedurals
Fra:22 Mem:39.49M (Peak 67.51M) | Time:00:00.12 | Mem:0.00M, Peak:0.00M | Scene, ViewLayer | Updating Background
Fra:22 Mem:39.49M (Peak 67.51M) | Time:00:00.12 | Mem:0.00M, Peak:0.00M | Scene, ViewLayer | Updating Camera
Fra:22 Mem:39.49M (Peak 67.51M) | Time:00:00.12 | Mem:0.00M, Peak:0.00M | Scene, ViewLayer | Updating Meshes Flags
Fra:22 Mem:39.49M (Peak 67.51M) | Time:00:00.12 | Mem:0.00M, Peak:0.00M | Scene, ViewLayer | Updating Objects
Fra:22 Mem:39.49M (Peak 67.51M) | Time:00:00.12 | Mem:0.00M, Peak:0.00M | Scene, ViewLayer | Updating Objects | Copying Transformations to device
Fra:22 Mem:39.50M (Peak 67.51M) | Time:00:00.12 | Mem:0.01M, Peak:0.01M | Scene, ViewLayer | Updating Particle Systems
Fra:22 Mem:39.50M (Peak 67.51M) | Time:00:00.12 | Mem:0.01M, Peak:0.01M | Scene, ViewLayer | Updating Particle Systems | Copying Particles to device
Fra:22 Mem:39.50M (Peak 67.51M) | Time:00:00.12 | Mem:0.01M, Peak:0.01M | Scene, ViewLayer | Updating Meshes
Fra:22 Mem:39.50M (Peak 67.51M) | Time:00:00.12 | Mem:0.01M, Peak:0.01M | Scene, ViewLayer | Updating Objects | Applying Static Transformations
Fra:22 Mem:39.50M (Peak 67.51M) | Time:00:00.12 | Mem:0.01M, Peak:0.01M | Scene, ViewLayer | Updating Mesh | Computing attributes
Fra:22 Mem:40.06M (Peak 67.51M) | Time:00:00.12 | Mem:0.01M, Peak:0.01M | Scene, ViewLayer | Updating Mesh | Copying Attributes to device
Fra:22 Mem:40.06M (Peak 67.51M) | Time:00:00.12 | Mem:0.57M, Peak:0.57M | Scene, ViewLayer | Updating Scene BVH | Building
Fra:22 Mem:40.06M (Peak 67.51M) | Time:00:00.12 | Mem:0.57M, Peak:0.57M | Scene, ViewLayer | Updating Scene BVH | Building BVH
Fra:22 Mem:45.62M (Peak 67.51M) | Time:00:00.13 | Mem:0.57M, Peak:0.57M | Scene, ViewLayer | Updating Scene BVH | Packing BVH triangles and strands
Fra:22 Mem:45.99M (Peak 67.51M) | Time:00:00.13 | Mem:0.57M, Peak:0.57M | Scene, ViewLayer | Updating Scene BVH | Packing BVH nodes
Fra:22 Mem:45.70M (Peak 67.51M) | Time:00:00.13 | Mem:0.57M, Peak:0.57M | Scene, ViewLayer | Updating Scene BVH | Copying BVH to device
Fra:22 Mem:45.70M (Peak 67.51M) | Time:00:00.14 | Mem:3.39M, Peak:3.39M | Scene, ViewLayer | Updating Mesh | Computing normals
Fra:22 Mem:48.30M (Peak 67.51M) | Time:00:00.14 | Mem:3.39M, Peak:3.39M | Scene, ViewLayer | Updating Mesh | Copying Mesh to device
Fra:22 Mem:48.30M (Peak 67.51M) | Time:00:00.14 | Mem:5.99M, Peak:5.99M | Scene, ViewLayer | Updating Objects Flags
Fra:22 Mem:48.30M (Peak 67.51M) | Time:00:00.14 | Mem:5.99M, Peak:5.99M | Scene, ViewLayer | Updating Primitive Offsets
Fra:22 Mem:48.30M (Peak 67.51M) | Time:00:00.14 | Mem:5.99M, Peak:5.99M | Scene, ViewLayer | Updating Images
Fra:22 Mem:48.30M (Peak 67.51M) | Time:00:00.14 | Mem:5.99M, Peak:5.99M | Scene, ViewLayer | Updating Camera Volume
Fra:22 Mem:48.30M (Peak 67.51M) | Time:00:00.14 | Mem:5.99M, Peak:5.99M | Scene, ViewLayer | Updating Lookup Tables
Fra:22 Mem:48.30M (Peak 67.51M) | Time:00:00.14 | Mem:6.08M, Peak:6.08M | Scene, ViewLayer | Updating Lights
Fra:22 Mem:48.30M (Peak 67.51M) | Time:00:00.14 | Mem:6.08M, Peak:6.08M | Scene, ViewLayer | Updating Lights | Computing tree
Fra:22 Mem:48.30M (Peak 67.51M) | Time:00:00.14 | Mem:6.08M, Peak:6.08M | Scene, ViewLayer | Updating Integrator
Fra:22 Mem:48.30M (Peak 67.51M) | Time:00:00.14 | Mem:6.08M, Peak:6.08M | Scene, ViewLayer | Updating Film
Fra:22 Mem:48.31M (Peak 67.51M) | Time:00:00.14 | Mem:6.00M, Peak:6.08M | Scene, ViewLayer | Updating Lookup Tables
Fra:22 Mem:48.31M (Peak 67.51M) | Time:00:00.14 | Mem:6.08M, Peak:6.08M | Scene, ViewLayer | Updating Baking
Fra:22 Mem:48.31M (Peak 67.51M) | Time:00:00.14 | Mem:6.08M, Peak:6.08M | Scene, ViewLayer | Updating Device | Writing constant memory
Fra:22 Mem:48.31M (Peak 67.51M) | Time:00:00.14 | Mem:6.08M, Peak:6.08M | Scene, ViewLayer | Loading denoising kernels (may take a few minutes the first time)
Fra:22 Mem:52.31M (Peak 67.51M) | Time:00:00.14 | Mem:358.08M, Peak:358.08M | Scene, ViewLayer | Sample 0/24
Fra:22 Mem:95.07M (Peak 95.07M) | Time:00:00.15 | Remaining:00:00.14 | Mem:400.83M, Peak:400.83M | Scene, ViewLayer | Sample 1/24
2026-09-23T07:34:47+0900/hunyuan-rig/heartbeat {'stage': 'up_left', 'frame': 22} images=28
Fra:22 Mem:113.07M (Peak 140.07M) | Time:00:01.57 | Mem:400.84M, Peak:400.84M | Scene, ViewLayer | Sample 24/24
Fra:22 Mem:113.07M (Peak 140.07M) | Time:00:01.57 | Mem:400.84M, Peak:400.84M | Scene, ViewLayer | Finished
Saved: '/home/cbsim/ws/slime-workflow/.tmp/mannequin-reference-refinement/2026-09-23_07-33-20/up_left-08.png'
Time: 00:01.70 (Saving: 00:00.03)

Fra:1 Mem:39.37M (Peak 39.37M) | Time:00:00.07 | Mem:0.00M, Peak:0.00M | Scene, ViewLayer | Synchronizing object | fill
Fra:1 Mem:39.37M (Peak 39.37M) | Time:00:00.07 | Mem:0.00M, Peak:0.00M | Scene, ViewLayer | Synchronizing object | head-shell-part
Fra:1 Mem:39.38M (Peak 39.38M) | Time:00:00.07 | Mem:0.00M, Peak:0.00M | Scene, ViewLayer | Synchronizing object | right-ankle-ball
Fra:1 Mem:39.47M (Peak 39.47M) | Time:00:00.07 | Mem:0.00M, Peak:0.00M | Scene, ViewLayer | Synchronizing object | chest-shell-part
Fra:1 Mem:39.48M (Peak 39.48M) | Time:00:00.07 | Mem:0.00M, Peak:0.00M | Scene, ViewLayer | Synchronizing object | pelvis-shell-part
Fra:1 Mem:39.58M (Peak 39.58M) | Time:00:00.07 | Mem:0.00M, Peak:0.00M | Scene, ViewLayer | Synchronizing object | left-upper-arm-shell
Fra:1 Mem:39.96M (Peak 39.96M) | Time:00:00.07 | Mem:0.00M, Peak:0.00M | Scene, ViewLayer | Synchronizing object | left-hand-shell
Fra:1 Mem:39.97M (Peak 39.97M) | Time:00:00.07 | Mem:0.00M, Peak:0.00M | Scene, ViewLayer | Synchronizing object | left-elbow-ball
Fra:1 Mem:40.33M (Peak 40.33M) | Time:00:00.07 | Mem:0.00M, Peak:0.00M | Scene, ViewLayer | Synchronizing object | left-wrist-ball
Fra:1 Mem:40.48M (Peak 40.48M) | Time:00:00.07 | Mem:0.00M, Peak:0.00M | Scene, ViewLayer | Synchronizing object | left-knee-ball
Fra:1 Mem:40.71M (Peak 40.71M) | Time:00:00.07 | Mem:0.00M, Peak:0.00M | Scene, ViewLayer | Synchronizing object | left-ankle-ball
Fra:1 Mem:40.80M (Peak 40.80M) | Time:00:00.07 | Mem:0.00M, Peak:0.00M | Scene, ViewLayer | Synchronizing object | right-upper-arm-shell
Fra:1 Mem:40.81M (Peak 40.81M) | Time:00:00.07 | Mem:0.00M, Peak:0.00M | Scene, ViewLayer | Synchronizing object | right-foot-shell
Fra:1 Mem:40.95M (Peak 40.95M) | Time:00:00.07 | Mem:0.00M, Peak:0.00M | Scene, ViewLayer | Synchronizing object | right-wrist-ball
Fra:1 Mem:41.30M (Peak 41.30M) | Time:00:00.07 | Mem:0.00M, Peak:0.00M | Scene, ViewLayer | Synchronizing object | right-hip-ball
Fra:1 Mem:47.29M (Peak 48.61M) | Time:00:00.08 | Mem:0.00M, Peak:0.00M | Scene, ViewLayer | Initializing
Fra:1 Mem:39.41M (Peak 48.61M) | Time:00:00.08 | Mem:0.00M, Peak:0.00M | Scene, ViewLayer | Waiting for render to start
Fra:1 Mem:39.41M (Peak 48.61M) | Time:00:00.08 | Mem:0.00M, Peak:0.00M | Scene, ViewLayer | Updating Scene
Fra:1 Mem:39.41M (Peak 48.61M) | Time:00:00.08 | Mem:0.00M, Peak:0.00M | Scene, ViewLayer | Updating Shaders
Fra:1 Mem:39.41M (Peak 48.61M) | Time:00:00.08 | Mem:0.00M, Peak:0.00M | Scene, ViewLayer | Loading render kernels (may take a few minutes the first time)
Fra:1 Mem:39.49M (Peak 67.51M) | Time:00:00.12 | Mem:0.00M, Peak:0.00M | Scene, ViewLayer | Updating Procedurals
Fra:1 Mem:39.49M (Peak 67.51M) | Time:00:00.12 | Mem:0.00M, Peak:0.00M | Scene, ViewLayer | Updating Background
Fra:1 Mem:39.49M (Peak 67.51M) | Time:00:00.12 | Mem:0.00M, Peak:0.00M | Scene, ViewLayer | Updating Camera
Fra:1 Mem:39.49M (Peak 67.51M) | Time:00:00.12 | Mem:0.00M, Peak:0.00M | Scene, ViewLayer | Updating Meshes Flags
Fra:1 Mem:39.49M (Peak 67.51M) | Time:00:00.12 | Mem:0.00M, Peak:0.00M | Scene, ViewLayer | Updating Objects
Fra:1 Mem:39.49M (Peak 67.51M) | Time:00:00.12 | Mem:0.00M, Peak:0.00M | Scene, ViewLayer | Updating Objects | Copying Transformations to device
Fra:1 Mem:39.50M (Peak 67.51M) | Time:00:00.12 | Mem:0.01M, Peak:0.01M | Scene, ViewLayer | Updating Particle Systems
Fra:1 Mem:39.50M (Peak 67.51M) | Time:00:00.12 | Mem:0.01M, Peak:0.01M | Scene, ViewLayer | Updating Particle Systems | Copying Particles to device
Fra:1 Mem:39.50M (Peak 67.51M) | Time:00:00.12 | Mem:0.01M, Peak:0.01M | Scene, ViewLayer | Updating Meshes
Fra:1 Mem:39.50M (Peak 67.51M) | Time:00:00.12 | Mem:0.01M, Peak:0.01M | Scene, ViewLayer | Updating Objects | Applying Static Transformations
Fra:1 Mem:39.50M (Peak 67.51M) | Time:00:00.12 | Mem:0.01M, Peak:0.01M | Scene, ViewLayer | Updating Mesh | Computing attributes
Fra:1 Mem:40.06M (Peak 67.51M) | Time:00:00.12 | Mem:0.01M, Peak:0.01M | Scene, ViewLayer | Updating Mesh | Copying Attributes to device
Fra:1 Mem:40.06M (Peak 67.51M) | Time:00:00.12 | Mem:0.57M, Peak:0.57M | Scene, ViewLayer | Updating Scene BVH | Building
Fra:1 Mem:40.06M (Peak 67.51M) | Time:00:00.12 | Mem:0.57M, Peak:0.57M | Scene, ViewLayer | Updating Scene BVH | Building BVH
Fra:1 Mem:45.62M (Peak 67.51M) | Time:00:00.13 | Mem:0.57M, Peak:0.57M | Scene, ViewLayer | Updating Scene BVH | Packing BVH triangles and strands
Fra:1 Mem:45.99M (Peak 67.51M) | Time:00:00.13 | Mem:0.57M, Peak:0.57M | Scene, ViewLayer | Updating Scene BVH | Packing BVH nodes
Fra:1 Mem:45.70M (Peak 67.51M) | Time:00:00.13 | Mem:0.57M, Peak:0.57M | Scene, ViewLayer | Updating Scene BVH | Copying BVH to device
Fra:1 Mem:45.70M (Peak 67.51M) | Time:00:00.13 | Mem:3.39M, Peak:3.39M | Scene, ViewLayer | Updating Mesh | Computing normals
Fra:1 Mem:48.30M (Peak 67.51M) | Time:00:00.13 | Mem:3.39M, Peak:3.39M | Scene, ViewLayer | Updating Mesh | Copying Mesh to device
Fra:1 Mem:48.30M (Peak 67.51M) | Time:00:00.13 | Mem:5.99M, Peak:5.99M | Scene, ViewLayer | Updating Objects Flags
Fra:1 Mem:48.30M (Peak 67.51M) | Time:00:00.13 | Mem:5.99M, Peak:5.99M | Scene, ViewLayer | Updating Primitive Offsets
Fra:1 Mem:48.30M (Peak 67.51M) | Time:00:00.13 | Mem:5.99M, Peak:5.99M | Scene, ViewLayer | Updating Images
Fra:1 Mem:48.30M (Peak 67.51M) | Time:00:00.13 | Mem:5.99M, Peak:5.99M | Scene, ViewLayer | Updating Camera Volume
Fra:1 Mem:48.30M (Peak 67.51M) | Time:00:00.13 | Mem:5.99M, Peak:5.99M | Scene, ViewLayer | Updating Lookup Tables
Fra:1 Mem:48.30M (Peak 67.51M) | Time:00:00.13 | Mem:6.07M, Peak:6.07M | Scene, ViewLayer | Updating Lights
Fra:1 Mem:48.30M (Peak 67.51M) | Time:00:00.13 | Mem:6.07M, Peak:6.07M | Scene, ViewLayer | Updating Lights | Computing tree
Fra:1 Mem:48.30M (Peak 67.51M) | Time:00:00.14 | Mem:6.07M, Peak:6.07M | Scene, ViewLayer | Updating Integrator
Fra:1 Mem:48.30M (Peak 67.51M) | Time:00:00.14 | Mem:6.07M, Peak:6.07M | Scene, ViewLayer | Updating Film
Fra:1 Mem:48.30M (Peak 67.51M) | Time:00:00.14 | Mem:5.99M, Peak:6.07M | Scene, ViewLayer | Updating Lookup Tables
Fra:1 Mem:48.30M (Peak 67.51M) | Time:00:00.14 | Mem:6.08M, Peak:6.08M | Scene, ViewLayer | Updating Baking
Fra:1 Mem:48.30M (Peak 67.51M) | Time:00:00.14 | Mem:6.08M, Peak:6.08M | Scene, ViewLayer | Updating Device | Writing constant memory
Fra:1 Mem:48.31M (Peak 67.51M) | Time:00:00.14 | Mem:6.08M, Peak:6.08M | Scene, ViewLayer | Loading denoising kernels (may take a few minutes the first time)
Fra:1 Mem:52.31M (Peak 67.51M) | Time:00:00.14 | Mem:358.08M, Peak:358.08M | Scene, ViewLayer | Sample 0/24
Fra:1 Mem:95.06M (Peak 95.06M) | Time:00:00.14 | Remaining:00:00.14 | Mem:400.83M, Peak:400.83M | Scene, ViewLayer | Sample 1/24
Fra:1 Mem:113.07M (Peak 140.07M) | Time:00:01.58 | Mem:400.83M, Peak:400.83M | Scene, ViewLayer | Sample 24/24
Fra:1 Mem:113.07M (Peak 140.07M) | Time:00:01.58 | Mem:400.83M, Peak:400.83M | Scene, ViewLayer | Finished
Saved: '/home/cbsim/ws/slime-workflow/.tmp/mannequin-reference-refinement/2026-09-23_07-33-20/up_right-01.png'
Time: 00:01.71 (Saving: 00:00.03)

Fra:4 Mem:39.37M (Peak 39.37M) | Time:00:00.07 | Mem:0.00M, Peak:0.00M | Scene, ViewLayer | Synchronizing object | key
Fra:4 Mem:39.37M (Peak 39.37M) | Time:00:00.07 | Mem:0.00M, Peak:0.00M | Scene, ViewLayer | Synchronizing object | head-shell-part
Fra:4 Mem:39.38M (Peak 39.38M) | Time:00:00.07 | Mem:0.00M, Peak:0.00M | Scene, ViewLayer | Synchronizing object | right-ankle-ball
Fra:4 Mem:39.47M (Peak 39.47M) | Time:00:00.07 | Mem:0.00M, Peak:0.00M | Scene, ViewLayer | Synchronizing object | chest-shell-part
Fra:4 Mem:39.66M (Peak 39.66M) | Time:00:00.07 | Mem:0.00M, Peak:0.00M | Scene, ViewLayer | Synchronizing object | right-knee-ball
Fra:4 Mem:39.71M (Peak 39.71M) | Time:00:00.07 | Mem:0.00M, Peak:0.00M | Scene, ViewLayer | Synchronizing object | left-upper-arm-shell
Fra:4 Mem:40.15M (Peak 40.15M) | Time:00:00.07 | Mem:0.00M, Peak:0.00M | Scene, ViewLayer | Synchronizing object | right-hip-ball
Fra:4 Mem:40.34M (Peak 40.38M) | Time:00:00.07 | Mem:0.00M, Peak:0.00M | Scene, ViewLayer | Synchronizing object | left-hand-shell
Fra:4 Mem:40.38M (Peak 40.39M) | Time:00:00.07 | Mem:0.00M, Peak:0.00M | Scene, ViewLayer | Synchronizing object | left-foot-shell
Fra:4 Mem:40.43M (Peak 40.43M) | Time:00:00.07 | Mem:0.00M, Peak:0.00M | Scene, ViewLayer | Synchronizing object | left-shoulder-ball
Fra:4 Mem:40.55M (Peak 40.55M) | Time:00:00.07 | Mem:0.00M, Peak:0.00M | Scene, ViewLayer | Synchronizing object | left-hip-ball
Fra:4 Mem:40.84M (Peak 40.84M) | Time:00:00.07 | Mem:0.00M, Peak:0.00M | Scene, ViewLayer | Synchronizing object | right-hand-shell
Fra:4 Mem:40.91M (Peak 40.91M) | Time:00:00.07 | Mem:0.00M, Peak:0.00M | Scene, ViewLayer | Synchronizing object | right-shin-shell
Fra:4 Mem:40.99M (Peak 40.99M) | Time:00:00.07 | Mem:0.00M, Peak:0.00M | Scene, ViewLayer | Synchronizing object | right-foot-shell
Fra:4 Mem:41.00M (Peak 41.00M) | Time:00:00.07 | Mem:0.00M, Peak:0.00M | Scene, ViewLayer | Synchronizing object | right-shoulder-ball
Fra:4 Mem:41.12M (Peak 41.12M) | Time:00:00.07 | Mem:0.00M, Peak:0.00M | Scene, ViewLayer | Synchronizing object | right-elbow-ball
Fra:4 Mem:47.29M (Peak 48.78M) | Time:00:00.08 | Mem:0.00M, Peak:0.00M | Scene, ViewLayer | Initializing
Fra:4 Mem:39.41M (Peak 48.78M) | Time:00:00.08 | Mem:0.00M, Peak:0.00M | Scene, ViewLayer | Waiting for render to start
Fra:4 Mem:39.41M (Peak 48.78M) | Time:00:00.08 | Mem:0.00M, Peak:0.00M | Scene, ViewLayer | Updating Scene
Fra:4 Mem:39.41M (Peak 48.78M) | Time:00:00.08 | Mem:0.00M, Peak:0.00M | Scene, ViewLayer | Updating Shaders
Fra:4 Mem:39.41M (Peak 48.78M) | Time:00:00.08 | Mem:0.00M, Peak:0.00M | Scene, ViewLayer | Loading render kernels (may take a few minutes the first time)
Fra:4 Mem:39.49M (Peak 67.51M) | Time:00:00.12 | Mem:0.00M, Peak:0.00M | Scene, ViewLayer | Updating Procedurals
Fra:4 Mem:39.49M (Peak 67.51M) | Time:00:00.12 | Mem:0.00M, Peak:0.00M | Scene, ViewLayer | Updating Background
Fra:4 Mem:39.49M (Peak 67.51M) | Time:00:00.12 | Mem:0.00M, Peak:0.00M | Scene, ViewLayer | Updating Camera
Fra:4 Mem:39.49M (Peak 67.51M) | Time:00:00.12 | Mem:0.00M, Peak:0.00M | Scene, ViewLayer | Updating Meshes Flags
Fra:4 Mem:39.49M (Peak 67.51M) | Time:00:00.12 | Mem:0.00M, Peak:0.00M | Scene, ViewLayer | Updating Objects
Fra:4 Mem:39.49M (Peak 67.51M) | Time:00:00.12 | Mem:0.00M, Peak:0.00M | Scene, ViewLayer | Updating Objects | Copying Transformations to device
Fra:4 Mem:39.50M (Peak 67.51M) | Time:00:00.12 | Mem:0.01M, Peak:0.01M | Scene, ViewLayer | Updating Particle Systems
Fra:4 Mem:39.50M (Peak 67.51M) | Time:00:00.12 | Mem:0.01M, Peak:0.01M | Scene, ViewLayer | Updating Particle Systems | Copying Particles to device
Fra:4 Mem:39.50M (Peak 67.51M) | Time:00:00.12 | Mem:0.01M, Peak:0.01M | Scene, ViewLayer | Updating Meshes
Fra:4 Mem:39.50M (Peak 67.51M) | Time:00:00.12 | Mem:0.01M, Peak:0.01M | Scene, ViewLayer | Updating Objects | Applying Static Transformations
Fra:4 Mem:39.50M (Peak 67.51M) | Time:00:00.12 | Mem:0.01M, Peak:0.01M | Scene, ViewLayer | Updating Mesh | Computing attributes
Fra:4 Mem:40.06M (Peak 67.51M) | Time:00:00.12 | Mem:0.01M, Peak:0.01M | Scene, ViewLayer | Updating Mesh | Copying Attributes to device
Fra:4 Mem:40.06M (Peak 67.51M) | Time:00:00.12 | Mem:0.57M, Peak:0.57M | Scene, ViewLayer | Updating Scene BVH | Building
Fra:4 Mem:40.06M (Peak 67.51M) | Time:00:00.12 | Mem:0.57M, Peak:0.57M | Scene, ViewLayer | Updating Scene BVH | Building BVH
Fra:4 Mem:45.62M (Peak 67.51M) | Time:00:00.13 | Mem:0.57M, Peak:0.57M | Scene, ViewLayer | Updating Scene BVH | Packing BVH triangles and strands
Fra:4 Mem:45.99M (Peak 67.51M) | Time:00:00.13 | Mem:0.57M, Peak:0.57M | Scene, ViewLayer | Updating Scene BVH | Packing BVH nodes
Fra:4 Mem:45.68M (Peak 67.51M) | Time:00:00.13 | Mem:0.57M, Peak:0.57M | Scene, ViewLayer | Updating Scene BVH | Copying BVH to device
Fra:4 Mem:45.68M (Peak 67.51M) | Time:00:00.13 | Mem:3.38M, Peak:3.38M | Scene, ViewLayer | Updating Mesh | Computing normals
Fra:4 Mem:48.28M (Peak 67.51M) | Time:00:00.13 | Mem:3.38M, Peak:3.38M | Scene, ViewLayer | Updating Mesh | Copying Mesh to device
Fra:4 Mem:48.28M (Peak 67.51M) | Time:00:00.13 | Mem:5.98M, Peak:5.98M | Scene, ViewLayer | Updating Objects Flags
Fra:4 Mem:48.28M (Peak 67.51M) | Time:00:00.13 | Mem:5.98M, Peak:5.98M | Scene, ViewLayer | Updating Primitive Offsets
Fra:4 Mem:48.28M (Peak 67.51M) | Time:00:00.13 | Mem:5.98M, Peak:5.98M | Scene, ViewLayer | Updating Images
Fra:4 Mem:48.28M (Peak 67.51M) | Time:00:00.13 | Mem:5.98M, Peak:5.98M | Scene, ViewLayer | Updating Camera Volume
Fra:4 Mem:48.28M (Peak 67.51M) | Time:00:00.13 | Mem:5.98M, Peak:5.98M | Scene, ViewLayer | Updating Lookup Tables
Fra:4 Mem:48.28M (Peak 67.51M) | Time:00:00.13 | Mem:6.06M, Peak:6.06M | Scene, ViewLayer | Updating Lights
Fra:4 Mem:48.28M (Peak 67.51M) | Time:00:00.13 | Mem:6.06M, Peak:6.06M | Scene, ViewLayer | Updating Lights | Computing tree
Fra:4 Mem:48.28M (Peak 67.51M) | Time:00:00.13 | Mem:6.06M, Peak:6.06M | Scene, ViewLayer | Updating Integrator
Fra:4 Mem:48.28M (Peak 67.51M) | Time:00:00.13 | Mem:6.06M, Peak:6.06M | Scene, ViewLayer | Updating Film
Fra:4 Mem:48.28M (Peak 67.51M) | Time:00:00.13 | Mem:5.98M, Peak:6.06M | Scene, ViewLayer | Updating Lookup Tables
Fra:4 Mem:48.28M (Peak 67.51M) | Time:00:00.13 | Mem:6.07M, Peak:6.07M | Scene, ViewLayer | Updating Baking
Fra:4 Mem:48.28M (Peak 67.51M) | Time:00:00.13 | Mem:6.07M, Peak:6.07M | Scene, ViewLayer | Updating Device | Writing constant memory
Fra:4 Mem:48.29M (Peak 67.51M) | Time:00:00.13 | Mem:6.07M, Peak:6.07M | Scene, ViewLayer | Loading denoising kernels (may take a few minutes the first time)
Fra:4 Mem:52.29M (Peak 67.51M) | Time:00:00.14 | Mem:358.07M, Peak:358.07M | Scene, ViewLayer | Sample 0/24
Fra:4 Mem:95.04M (Peak 95.04M) | Time:00:00.14 | Remaining:00:00.14 | Mem:400.82M, Peak:400.82M | Scene, ViewLayer | Sample 1/24
Fra:4 Mem:113.05M (Peak 140.05M) | Time:00:01.61 | Mem:400.82M, Peak:400.82M | Scene, ViewLayer | Sample 24/24
Fra:4 Mem:113.05M (Peak 140.05M) | Time:00:01.61 | Mem:400.82M, Peak:400.82M | Scene, ViewLayer | Finished
Saved: '/home/cbsim/ws/slime-workflow/.tmp/mannequin-reference-refinement/2026-09-23_07-33-20/up_right-02.png'
Time: 00:01.73 (Saving: 00:00.03)

Fra:7 Mem:39.37M (Peak 39.37M) | Time:00:00.07 | Mem:0.00M, Peak:0.00M | Scene, ViewLayer | Synchronizing object | key
Fra:7 Mem:39.37M (Peak 39.37M) | Time:00:00.07 | Mem:0.00M, Peak:0.00M | Scene, ViewLayer | Synchronizing object | head-shell-part
Fra:7 Mem:39.38M (Peak 39.38M) | Time:00:00.07 | Mem:0.00M, Peak:0.00M | Scene, ViewLayer | Synchronizing object | right-ankle-ball
Fra:7 Mem:39.38M (Peak 39.38M) | Time:00:00.07 | Mem:0.00M, Peak:0.00M | Scene, ViewLayer | Synchronizing object | neck-shell-part
Fra:7 Mem:39.50M (Peak 39.50M) | Time:00:00.07 | Mem:0.00M, Peak:0.00M | Scene, ViewLayer | Synchronizing object | abdomen-shell-part
Fra:7 Mem:39.62M (Peak 39.62M) | Time:00:00.07 | Mem:0.00M, Peak:0.00M | Scene, ViewLayer | Synchronizing object | left-upper-arm-shell
Fra:7 Mem:39.62M (Peak 39.62M) | Time:00:00.07 | Mem:0.00M, Peak:0.00M | Scene, ViewLayer | Synchronizing object | left-hand-shell
Fra:7 Mem:39.97M (Peak 39.97M) | Time:00:00.07 | Mem:0.00M, Peak:0.00M | Scene, ViewLayer | Synchronizing object | left-knee-ball
Fra:7 Mem:40.21M (Peak 40.22M) | Time:00:00.07 | Mem:0.00M, Peak:0.00M | Scene, ViewLayer | Synchronizing object | left-ankle-ball
Fra:7 Mem:40.48M (Peak 40.48M) | Time:00:00.07 | Mem:0.00M, Peak:0.00M | Scene, ViewLayer | Synchronizing object | right-forearm-shell
Fra:7 Mem:40.55M (Peak 40.55M) | Time:00:00.07 | Mem:0.00M, Peak:0.00M | Scene, ViewLayer | Synchronizing object | right-hand-shell
Fra:7 Mem:41.00M (Peak 41.00M) | Time:00:00.07 | Mem:0.00M, Peak:0.00M | Scene, ViewLayer | Synchronizing object | right-thigh-shell
Fra:7 Mem:41.16M (Peak 41.16M) | Time:00:00.07 | Mem:0.00M, Peak:0.00M | Scene, ViewLayer | Synchronizing object | right-foot-shell
Fra:7 Mem:41.33M (Peak 41.33M) | Time:00:00.07 | Mem:0.00M, Peak:0.00M | Scene, ViewLayer | Synchronizing object | right-shoulder-ball
Fra:7 Mem:42.28M (Peak 42.28M) | Time:00:00.08 | Mem:0.00M, Peak:0.00M | Scene, ViewLayer | Synchronizing object | right-elbow-ball
Fra:7 Mem:42.80M (Peak 42.80M) | Time:00:00.08 | Mem:0.00M, Peak:0.00M | Scene, ViewLayer | Synchronizing object | right-wrist-ball
Fra:7 Mem:47.29M (Peak 49.07M) | Time:00:00.08 | Mem:0.00M, Peak:0.00M | Scene, ViewLayer | Initializing
Fra:7 Mem:39.41M (Peak 49.07M) | Time:00:00.08 | Mem:0.00M, Peak:0.00M | Scene, ViewLayer | Waiting for render to start
Fra:7 Mem:39.41M (Peak 49.07M) | Time:00:00.08 | Mem:0.00M, Peak:0.00M | Scene, ViewLayer | Updating Scene
Fra:7 Mem:39.41M (Peak 49.07M) | Time:00:00.08 | Mem:0.00M, Peak:0.00M | Scene, ViewLayer | Updating Shaders
Fra:7 Mem:39.41M (Peak 49.07M) | Time:00:00.08 | Mem:0.00M, Peak:0.00M | Scene, ViewLayer | Loading render kernels (may take a few minutes the first time)
Fra:7 Mem:39.49M (Peak 67.51M) | Time:00:00.12 | Mem:0.00M, Peak:0.00M | Scene, ViewLayer | Updating Procedurals
Fra:7 Mem:39.49M (Peak 67.51M) | Time:00:00.12 | Mem:0.00M, Peak:0.00M | Scene, ViewLayer | Updating Background
Fra:7 Mem:39.49M (Peak 67.51M) | Time:00:00.12 | Mem:0.00M, Peak:0.00M | Scene, ViewLayer | Updating Camera
Fra:7 Mem:39.49M (Peak 67.51M) | Time:00:00.12 | Mem:0.00M, Peak:0.00M | Scene, ViewLayer | Updating Meshes Flags
Fra:7 Mem:39.49M (Peak 67.51M) | Time:00:00.12 | Mem:0.00M, Peak:0.00M | Scene, ViewLayer | Updating Objects
Fra:7 Mem:39.49M (Peak 67.51M) | Time:00:00.12 | Mem:0.00M, Peak:0.00M | Scene, ViewLayer | Updating Objects | Copying Transformations to device
Fra:7 Mem:39.50M (Peak 67.51M) | Time:00:00.12 | Mem:0.01M, Peak:0.01M | Scene, ViewLayer | Updating Particle Systems
Fra:7 Mem:39.50M (Peak 67.51M) | Time:00:00.12 | Mem:0.01M, Peak:0.01M | Scene, ViewLayer | Updating Particle Systems | Copying Particles to device
Fra:7 Mem:39.50M (Peak 67.51M) | Time:00:00.12 | Mem:0.01M, Peak:0.01M | Scene, ViewLayer | Updating Meshes
Fra:7 Mem:39.50M (Peak 67.51M) | Time:00:00.12 | Mem:0.01M, Peak:0.01M | Scene, ViewLayer | Updating Objects | Applying Static Transformations
Fra:7 Mem:39.50M (Peak 67.51M) | Time:00:00.12 | Mem:0.01M, Peak:0.01M | Scene, ViewLayer | Updating Mesh | Computing attributes
Fra:7 Mem:40.06M (Peak 67.51M) | Time:00:00.12 | Mem:0.01M, Peak:0.01M | Scene, ViewLayer | Updating Mesh | Copying Attributes to device
Fra:7 Mem:40.06M (Peak 67.51M) | Time:00:00.12 | Mem:0.57M, Peak:0.57M | Scene, ViewLayer | Updating Scene BVH | Building
Fra:7 Mem:40.06M (Peak 67.51M) | Time:00:00.12 | Mem:0.57M, Peak:0.57M | Scene, ViewLayer | Updating Scene BVH | Building BVH
Fra:7 Mem:45.62M (Peak 67.51M) | Time:00:00.13 | Mem:0.57M, Peak:0.57M | Scene, ViewLayer | Updating Scene BVH | Packing BVH triangles and strands
Fra:7 Mem:45.99M (Peak 67.51M) | Time:00:00.13 | Mem:0.57M, Peak:0.57M | Scene, ViewLayer | Updating Scene BVH | Packing BVH nodes
Fra:7 Mem:45.71M (Peak 67.51M) | Time:00:00.14 | Mem:0.57M, Peak:0.57M | Scene, ViewLayer | Updating Scene BVH | Copying BVH to device
Fra:7 Mem:45.71M (Peak 67.51M) | Time:00:00.14 | Mem:3.40M, Peak:3.40M | Scene, ViewLayer | Updating Mesh | Computing normals
Fra:7 Mem:48.31M (Peak 67.51M) | Time:00:00.14 | Mem:3.40M, Peak:3.40M | Scene, ViewLayer | Updating Mesh | Copying Mesh to device
Fra:7 Mem:48.31M (Peak 67.51M) | Time:00:00.14 | Mem:6.00M, Peak:6.00M | Scene, ViewLayer | Updating Objects Flags
Fra:7 Mem:48.31M (Peak 67.51M) | Time:00:00.14 | Mem:6.00M, Peak:6.00M | Scene, ViewLayer | Updating Primitive Offsets
Fra:7 Mem:48.31M (Peak 67.51M) | Time:00:00.14 | Mem:6.00M, Peak:6.00M | Scene, ViewLayer | Updating Images
Fra:7 Mem:48.31M (Peak 67.51M) | Time:00:00.14 | Mem:6.00M, Peak:6.00M | Scene, ViewLayer | Updating Camera Volume
Fra:7 Mem:48.31M (Peak 67.51M) | Time:00:00.14 | Mem:6.00M, Peak:6.00M | Scene, ViewLayer | Updating Lookup Tables
Fra:7 Mem:48.31M (Peak 67.51M) | Time:00:00.14 | Mem:6.08M, Peak:6.08M | Scene, ViewLayer | Updating Lights
Fra:7 Mem:48.31M (Peak 67.51M) | Time:00:00.14 | Mem:6.08M, Peak:6.08M | Scene, ViewLayer | Updating Lights | Computing tree
Fra:7 Mem:48.31M (Peak 67.51M) | Time:00:00.14 | Mem:6.08M, Peak:6.08M | Scene, ViewLayer | Updating Integrator
Fra:7 Mem:48.31M (Peak 67.51M) | Time:00:00.14 | Mem:6.08M, Peak:6.08M | Scene, ViewLayer | Updating Film
Fra:7 Mem:48.32M (Peak 67.51M) | Time:00:00.14 | Mem:6.00M, Peak:6.08M | Scene, ViewLayer | Updating Lookup Tables
Fra:7 Mem:48.32M (Peak 67.51M) | Time:00:00.14 | Mem:6.08M, Peak:6.08M | Scene, ViewLayer | Updating Baking
Fra:7 Mem:48.32M (Peak 67.51M) | Time:00:00.14 | Mem:6.08M, Peak:6.08M | Scene, ViewLayer | Updating Device | Writing constant memory
Fra:7 Mem:48.32M (Peak 67.51M) | Time:00:00.14 | Mem:6.08M, Peak:6.08M | Scene, ViewLayer | Loading denoising kernels (may take a few minutes the first time)
Fra:7 Mem:52.32M (Peak 67.51M) | Time:00:00.14 | Mem:358.09M, Peak:358.09M | Scene, ViewLayer | Sample 0/24
Fra:7 Mem:95.08M (Peak 95.08M) | Time:00:00.15 | Remaining:00:00.14 | Mem:400.84M, Peak:400.84M | Scene, ViewLayer | Sample 1/24
2026-09-23T07:34:52+0900/hunyuan-rig/heartbeat {'stage': 'up_right', 'frame': 7} images=31
Fra:7 Mem:113.08M (Peak 140.08M) | Time:00:01.59 | Mem:400.84M, Peak:400.84M | Scene, ViewLayer | Sample 24/24
Fra:7 Mem:113.08M (Peak 140.08M) | Time:00:01.59 | Mem:400.84M, Peak:400.84M | Scene, ViewLayer | Finished
Saved: '/home/cbsim/ws/slime-workflow/.tmp/mannequin-reference-refinement/2026-09-23_07-33-20/up_right-03.png'
Time: 00:01.71 (Saving: 00:00.03)

Fra:10 Mem:39.37M (Peak 39.37M) | Time:00:00.07 | Mem:0.00M, Peak:0.00M | Scene, ViewLayer | Synchronizing object | key
Fra:10 Mem:39.37M (Peak 39.37M) | Time:00:00.07 | Mem:0.00M, Peak:0.00M | Scene, ViewLayer | Synchronizing object | abdomen-shell-part
Fra:10 Mem:39.37M (Peak 39.37M) | Time:00:00.07 | Mem:0.00M, Peak:0.00M | Scene, ViewLayer | Synchronizing object | left-hand-shell
Fra:10 Mem:39.37M (Peak 39.37M) | Time:00:00.07 | Mem:0.00M, Peak:0.00M | Scene, ViewLayer | Synchronizing object | left-forearm-shell
Fra:10 Mem:39.38M (Peak 39.38M) | Time:00:00.07 | Mem:0.00M, Peak:0.00M | Scene, ViewLayer | Synchronizing object | left-foot-shell
Fra:10 Mem:39.43M (Peak 39.43M) | Time:00:00.07 | Mem:0.00M, Peak:0.00M | Scene, ViewLayer | Synchronizing object | left-hip-ball
Fra:10 Mem:39.69M (Peak 39.69M) | Time:00:00.07 | Mem:0.00M, Peak:0.00M | Scene, ViewLayer | Synchronizing object | right-upper-arm-shell
Fra:10 Mem:40.02M (Peak 40.02M) | Time:00:00.07 | Mem:0.00M, Peak:0.00M | Scene, ViewLayer | Synchronizing object | right-ankle-ball
Fra:10 Mem:40.35M (Peak 40.35M) | Time:00:00.07 | Mem:0.00M, Peak:0.00M | Scene, ViewLayer | Synchronizing object | right-knee-ball
Fra:10 Mem:40.49M (Peak 40.49M) | Time:00:00.07 | Mem:0.00M, Peak:0.00M | Scene, ViewLayer | Synchronizing object | right-hip-ball
Fra:10 Mem:40.54M (Peak 40.54M) | Time:00:00.07 | Mem:0.00M, Peak:0.00M | Scene, ViewLayer | Synchronizing object | right-hand-shell
Fra:10 Mem:40.55M (Peak 40.55M) | Time:00:00.07 | Mem:0.00M, Peak:0.00M | Scene, ViewLayer | Synchronizing object | right-thigh-shell
Fra:10 Mem:40.59M (Peak 40.59M) | Time:00:00.07 | Mem:0.00M, Peak:0.00M | Scene, ViewLayer | Synchronizing object | right-wrist-ball
Fra:10 Mem:41.33M (Peak 41.33M) | Time:00:00.07 | Mem:0.00M, Peak:0.00M | Scene, ViewLayer | Synchronizing object | right-elbow-ball
Fra:10 Mem:41.40M (Peak 41.40M) | Time:00:00.07 | Mem:0.00M, Peak:0.00M | Scene, ViewLayer | Synchronizing object | right-shin-shell
Fra:10 Mem:41.41M (Peak 41.41M) | Time:00:00.07 | Mem:0.00M, Peak:0.00M | Scene, ViewLayer | Synchronizing object | right-foot-shell
Fra:10 Mem:41.95M (Peak 41.95M) | Time:00:00.07 | Mem:0.00M, Peak:0.00M | Scene, ViewLayer | Synchronizing object | right-shoulder-ball
Fra:10 Mem:47.29M (Peak 48.78M) | Time:00:00.08 | Mem:0.00M, Peak:0.00M | Scene, ViewLayer | Initializing
Fra:10 Mem:39.41M (Peak 48.78M) | Time:00:00.08 | Mem:0.00M, Peak:0.00M | Scene, ViewLayer | Waiting for render to start
Fra:10 Mem:39.41M (Peak 48.78M) | Time:00:00.08 | Mem:0.00M, Peak:0.00M | Scene, ViewLayer | Updating Scene
Fra:10 Mem:39.41M (Peak 48.78M) | Time:00:00.08 | Mem:0.00M, Peak:0.00M | Scene, ViewLayer | Updating Shaders
Fra:10 Mem:39.41M (Peak 48.78M) | Time:00:00.08 | Mem:0.00M, Peak:0.00M | Scene, ViewLayer | Loading render kernels (may take a few minutes the first time)
Fra:10 Mem:39.49M (Peak 67.51M) | Time:00:00.12 | Mem:0.00M, Peak:0.00M | Scene, ViewLayer | Updating Procedurals
Fra:10 Mem:39.49M (Peak 67.51M) | Time:00:00.12 | Mem:0.00M, Peak:0.00M | Scene, ViewLayer | Updating Background
Fra:10 Mem:39.49M (Peak 67.51M) | Time:00:00.12 | Mem:0.00M, Peak:0.00M | Scene, ViewLayer | Updating Camera
Fra:10 Mem:39.49M (Peak 67.51M) | Time:00:00.12 | Mem:0.00M, Peak:0.00M | Scene, ViewLayer | Updating Meshes Flags
Fra:10 Mem:39.49M (Peak 67.51M) | Time:00:00.12 | Mem:0.00M, Peak:0.00M | Scene, ViewLayer | Updating Objects
Fra:10 Mem:39.49M (Peak 67.51M) | Time:00:00.12 | Mem:0.00M, Peak:0.00M | Scene, ViewLayer | Updating Objects | Copying Transformations to device
Fra:10 Mem:39.50M (Peak 67.51M) | Time:00:00.12 | Mem:0.01M, Peak:0.01M | Scene, ViewLayer | Updating Particle Systems
Fra:10 Mem:39.50M (Peak 67.51M) | Time:00:00.12 | Mem:0.01M, Peak:0.01M | Scene, ViewLayer | Updating Particle Systems | Copying Particles to device
Fra:10 Mem:39.50M (Peak 67.51M) | Time:00:00.12 | Mem:0.01M, Peak:0.01M | Scene, ViewLayer | Updating Meshes
Fra:10 Mem:39.50M (Peak 67.51M) | Time:00:00.12 | Mem:0.01M, Peak:0.01M | Scene, ViewLayer | Updating Objects | Applying Static Transformations
Fra:10 Mem:39.50M (Peak 67.51M) | Time:00:00.12 | Mem:0.01M, Peak:0.01M | Scene, ViewLayer | Updating Mesh | Computing attributes
Fra:10 Mem:40.06M (Peak 67.51M) | Time:00:00.12 | Mem:0.01M, Peak:0.01M | Scene, ViewLayer | Updating Mesh | Copying Attributes to device
Fra:10 Mem:40.06M (Peak 67.51M) | Time:00:00.12 | Mem:0.57M, Peak:0.57M | Scene, ViewLayer | Updating Scene BVH | Building
Fra:10 Mem:40.06M (Peak 67.51M) | Time:00:00.12 | Mem:0.57M, Peak:0.57M | Scene, ViewLayer | Updating Scene BVH | Building BVH
Fra:10 Mem:45.62M (Peak 67.51M) | Time:00:00.13 | Mem:0.57M, Peak:0.57M | Scene, ViewLayer | Updating Scene BVH | Packing BVH triangles and strands
Fra:10 Mem:45.99M (Peak 67.51M) | Time:00:00.13 | Mem:0.57M, Peak:0.57M | Scene, ViewLayer | Updating Scene BVH | Packing BVH nodes
Fra:10 Mem:45.71M (Peak 67.51M) | Time:00:00.14 | Mem:0.57M, Peak:0.57M | Scene, ViewLayer | Updating Scene BVH | Copying BVH to device
Fra:10 Mem:45.71M (Peak 67.51M) | Time:00:00.14 | Mem:3.40M, Peak:3.40M | Scene, ViewLayer | Updating Mesh | Computing normals
Fra:10 Mem:48.31M (Peak 67.51M) | Time:00:00.14 | Mem:3.40M, Peak:3.40M | Scene, ViewLayer | Updating Mesh | Copying Mesh to device
Fra:10 Mem:48.31M (Peak 67.51M) | Time:00:00.14 | Mem:6.00M, Peak:6.00M | Scene, ViewLayer | Updating Objects Flags
Fra:10 Mem:48.31M (Peak 67.51M) | Time:00:00.14 | Mem:6.00M, Peak:6.00M | Scene, ViewLayer | Updating Primitive Offsets
Fra:10 Mem:48.31M (Peak 67.51M) | Time:00:00.14 | Mem:6.00M, Peak:6.00M | Scene, ViewLayer | Updating Images
Fra:10 Mem:48.31M (Peak 67.51M) | Time:00:00.14 | Mem:6.00M, Peak:6.00M | Scene, ViewLayer | Updating Camera Volume
Fra:10 Mem:48.31M (Peak 67.51M) | Time:00:00.14 | Mem:6.00M, Peak:6.00M | Scene, ViewLayer | Updating Lookup Tables
Fra:10 Mem:48.31M (Peak 67.51M) | Time:00:00.14 | Mem:6.08M, Peak:6.08M | Scene, ViewLayer | Updating Lights
Fra:10 Mem:48.31M (Peak 67.51M) | Time:00:00.14 | Mem:6.08M, Peak:6.08M | Scene, ViewLayer | Updating Lights | Computing tree
Fra:10 Mem:48.31M (Peak 67.51M) | Time:00:00.14 | Mem:6.08M, Peak:6.08M | Scene, ViewLayer | Updating Integrator
Fra:10 Mem:48.31M (Peak 67.51M) | Time:00:00.14 | Mem:6.08M, Peak:6.08M | Scene, ViewLayer | Updating Film
Fra:10 Mem:48.32M (Peak 67.51M) | Time:00:00.14 | Mem:6.00M, Peak:6.08M | Scene, ViewLayer | Updating Lookup Tables
Fra:10 Mem:48.32M (Peak 67.51M) | Time:00:00.14 | Mem:6.08M, Peak:6.08M | Scene, ViewLayer | Updating Baking
Fra:10 Mem:48.32M (Peak 67.51M) | Time:00:00.14 | Mem:6.08M, Peak:6.08M | Scene, ViewLayer | Updating Device | Writing constant memory
Fra:10 Mem:48.32M (Peak 67.51M) | Time:00:00.14 | Mem:6.08M, Peak:6.08M | Scene, ViewLayer | Loading denoising kernels (may take a few minutes the first time)
Fra:10 Mem:52.32M (Peak 67.51M) | Time:00:00.14 | Mem:358.09M, Peak:358.09M | Scene, ViewLayer | Sample 0/24
Fra:10 Mem:95.07M (Peak 95.07M) | Time:00:00.15 | Remaining:00:00.14 | Mem:400.84M, Peak:400.84M | Scene, ViewLayer | Sample 1/24
Fra:10 Mem:113.08M (Peak 140.08M) | Time:00:01.63 | Mem:400.84M, Peak:400.84M | Scene, ViewLayer | Sample 24/24
Fra:10 Mem:113.08M (Peak 140.08M) | Time:00:01.63 | Mem:400.84M, Peak:400.84M | Scene, ViewLayer | Finished
Saved: '/home/cbsim/ws/slime-workflow/.tmp/mannequin-reference-refinement/2026-09-23_07-33-20/up_right-04.png'
Time: 00:01.76 (Saving: 00:00.03)

Fra:13 Mem:39.37M (Peak 39.37M) | Time:00:00.07 | Mem:0.00M, Peak:0.00M | Scene, ViewLayer | Synchronizing object | key
Fra:13 Mem:39.37M (Peak 39.37M) | Time:00:00.07 | Mem:0.00M, Peak:0.00M | Scene, ViewLayer | Synchronizing object | head-shell-part
Fra:13 Mem:39.38M (Peak 39.38M) | Time:00:00.07 | Mem:0.00M, Peak:0.00M | Scene, ViewLayer | Synchronizing object | neck-shell-part
Fra:13 Mem:39.38M (Peak 39.38M) | Time:00:00.07 | Mem:0.00M, Peak:0.00M | Scene, ViewLayer | Synchronizing object | right-ankle-ball
Fra:13 Mem:39.43M (Peak 39.43M) | Time:00:00.07 | Mem:0.00M, Peak:0.00M | Scene, ViewLayer | Synchronizing object | left-upper-arm-shell
Fra:13 Mem:39.65M (Peak 39.65M) | Time:00:00.07 | Mem:0.00M, Peak:0.00M | Scene, ViewLayer | Synchronizing object | left-hand-shell
Fra:13 Mem:40.11M (Peak 40.11M) | Time:00:00.07 | Mem:0.00M, Peak:0.00M | Scene, ViewLayer | Synchronizing object | left-thigh-shell
Fra:13 Mem:40.23M (Peak 40.23M) | Time:00:00.07 | Mem:0.00M, Peak:0.00M | Scene, ViewLayer | Synchronizing object | left-shoulder-ball
Fra:13 Mem:40.25M (Peak 40.25M) | Time:00:00.07 | Mem:0.00M, Peak:0.00M | Scene, ViewLayer | Synchronizing object | right-hand-shell
Fra:13 Mem:40.41M (Peak 40.41M) | Time:00:00.07 | Mem:0.00M, Peak:0.00M | Scene, ViewLayer | Synchronizing object | right-thigh-shell
Fra:13 Mem:41.12M (Peak 41.12M) | Time:00:00.07 | Mem:0.00M, Peak:0.00M | Scene, ViewLayer | Synchronizing object | right-hip-ball
Fra:13 Mem:41.37M (Peak 41.37M) | Time:00:00.07 | Mem:0.00M, Peak:0.00M | Scene, ViewLayer | Synchronizing object | right-wrist-ball
Fra:13 Mem:41.43M (Peak 41.43M) | Time:00:00.07 | Mem:0.00M, Peak:0.00M | Scene, ViewLayer | Synchronizing object | right-shin-shell
Fra:13 Mem:41.44M (Peak 41.44M) | Time:00:00.07 | Mem:0.00M, Peak:0.00M | Scene, ViewLayer | Synchronizing object | right-elbow-ball
Fra:13 Mem:41.56M (Peak 41.56M) | Time:00:00.07 | Mem:0.00M, Peak:0.00M | Scene, ViewLayer | Synchronizing object | right-foot-shell
Fra:13 Mem:41.73M (Peak 41.73M) | Time:00:00.07 | Mem:0.00M, Peak:0.00M | Scene, ViewLayer | Synchronizing object | right-shoulder-ball
Fra:13 Mem:47.29M (Peak 48.61M) | Time:00:00.08 | Mem:0.00M, Peak:0.00M | Scene, ViewLayer | Initializing
Fra:13 Mem:39.41M (Peak 48.61M) | Time:00:00.08 | Mem:0.00M, Peak:0.00M | Scene, ViewLayer | Waiting for render to start
Fra:13 Mem:39.41M (Peak 48.61M) | Time:00:00.08 | Mem:0.00M, Peak:0.00M | Scene, ViewLayer | Updating Scene
Fra:13 Mem:39.41M (Peak 48.61M) | Time:00:00.08 | Mem:0.00M, Peak:0.00M | Scene, ViewLayer | Updating Shaders
Fra:13 Mem:39.41M (Peak 48.61M) | Time:00:00.08 | Mem:0.00M, Peak:0.00M | Scene, ViewLayer | Loading render kernels (may take a few minutes the first time)
Fra:13 Mem:39.49M (Peak 67.51M) | Time:00:00.12 | Mem:0.00M, Peak:0.00M | Scene, ViewLayer | Updating Procedurals
Fra:13 Mem:39.49M (Peak 67.51M) | Time:00:00.12 | Mem:0.00M, Peak:0.00M | Scene, ViewLayer | Updating Background
Fra:13 Mem:39.49M (Peak 67.51M) | Time:00:00.12 | Mem:0.00M, Peak:0.00M | Scene, ViewLayer | Updating Camera
Fra:13 Mem:39.49M (Peak 67.51M) | Time:00:00.12 | Mem:0.00M, Peak:0.00M | Scene, ViewLayer | Updating Meshes Flags
Fra:13 Mem:39.49M (Peak 67.51M) | Time:00:00.12 | Mem:0.00M, Peak:0.00M | Scene, ViewLayer | Updating Objects
Fra:13 Mem:39.49M (Peak 67.51M) | Time:00:00.12 | Mem:0.00M, Peak:0.00M | Scene, ViewLayer | Updating Objects | Copying Transformations to device
Fra:13 Mem:39.50M (Peak 67.51M) | Time:00:00.12 | Mem:0.01M, Peak:0.01M | Scene, ViewLayer | Updating Particle Systems
Fra:13 Mem:39.50M (Peak 67.51M) | Time:00:00.12 | Mem:0.01M, Peak:0.01M | Scene, ViewLayer | Updating Particle Systems | Copying Particles to device
Fra:13 Mem:39.50M (Peak 67.51M) | Time:00:00.12 | Mem:0.01M, Peak:0.01M | Scene, ViewLayer | Updating Meshes
Fra:13 Mem:39.50M (Peak 67.51M) | Time:00:00.12 | Mem:0.01M, Peak:0.01M | Scene, ViewLayer | Updating Objects | Applying Static Transformations
Fra:13 Mem:39.50M (Peak 67.51M) | Time:00:00.12 | Mem:0.01M, Peak:0.01M | Scene, ViewLayer | Updating Mesh | Computing attributes
Fra:13 Mem:40.06M (Peak 67.51M) | Time:00:00.12 | Mem:0.01M, Peak:0.01M | Scene, ViewLayer | Updating Mesh | Copying Attributes to device
Fra:13 Mem:40.06M (Peak 67.51M) | Time:00:00.12 | Mem:0.57M, Peak:0.57M | Scene, ViewLayer | Updating Scene BVH | Building
Fra:13 Mem:40.06M (Peak 67.51M) | Time:00:00.12 | Mem:0.57M, Peak:0.57M | Scene, ViewLayer | Updating Scene BVH | Building BVH
Fra:13 Mem:45.62M (Peak 67.51M) | Time:00:00.13 | Mem:0.57M, Peak:0.57M | Scene, ViewLayer | Updating Scene BVH | Packing BVH triangles and strands
Fra:13 Mem:45.99M (Peak 67.51M) | Time:00:00.13 | Mem:0.57M, Peak:0.57M | Scene, ViewLayer | Updating Scene BVH | Packing BVH nodes
Fra:13 Mem:45.72M (Peak 67.51M) | Time:00:00.13 | Mem:0.57M, Peak:0.57M | Scene, ViewLayer | Updating Scene BVH | Copying BVH to device
Fra:13 Mem:45.72M (Peak 67.51M) | Time:00:00.14 | Mem:3.40M, Peak:3.40M | Scene, ViewLayer | Updating Mesh | Computing normals
Fra:13 Mem:48.32M (Peak 67.51M) | Time:00:00.14 | Mem:3.40M, Peak:3.40M | Scene, ViewLayer | Updating Mesh | Copying Mesh to device
Fra:13 Mem:48.32M (Peak 67.51M) | Time:00:00.14 | Mem:6.00M, Peak:6.00M | Scene, ViewLayer | Updating Objects Flags
Fra:13 Mem:48.32M (Peak 67.51M) | Time:00:00.14 | Mem:6.00M, Peak:6.00M | Scene, ViewLayer | Updating Primitive Offsets
Fra:13 Mem:48.32M (Peak 67.51M) | Time:00:00.14 | Mem:6.00M, Peak:6.00M | Scene, ViewLayer | Updating Images
Fra:13 Mem:48.32M (Peak 67.51M) | Time:00:00.14 | Mem:6.00M, Peak:6.00M | Scene, ViewLayer | Updating Camera Volume
Fra:13 Mem:48.32M (Peak 67.51M) | Time:00:00.14 | Mem:6.00M, Peak:6.00M | Scene, ViewLayer | Updating Lookup Tables
Fra:13 Mem:48.32M (Peak 67.51M) | Time:00:00.14 | Mem:6.08M, Peak:6.08M | Scene, ViewLayer | Updating Lights
Fra:13 Mem:48.32M (Peak 67.51M) | Time:00:00.14 | Mem:6.08M, Peak:6.08M | Scene, ViewLayer | Updating Lights | Computing tree
Fra:13 Mem:48.32M (Peak 67.51M) | Time:00:00.14 | Mem:6.09M, Peak:6.09M | Scene, ViewLayer | Updating Integrator
Fra:13 Mem:48.32M (Peak 67.51M) | Time:00:00.14 | Mem:6.09M, Peak:6.09M | Scene, ViewLayer | Updating Film
Fra:13 Mem:48.33M (Peak 67.51M) | Time:00:00.14 | Mem:6.00M, Peak:6.09M | Scene, ViewLayer | Updating Lookup Tables
Fra:13 Mem:48.33M (Peak 67.51M) | Time:00:00.14 | Mem:6.09M, Peak:6.09M | Scene, ViewLayer | Updating Baking
Fra:13 Mem:48.33M (Peak 67.51M) | Time:00:00.14 | Mem:6.09M, Peak:6.09M | Scene, ViewLayer | Updating Device | Writing constant memory
Fra:13 Mem:48.33M (Peak 67.51M) | Time:00:00.14 | Mem:6.09M, Peak:6.09M | Scene, ViewLayer | Loading denoising kernels (may take a few minutes the first time)
Fra:13 Mem:52.33M (Peak 67.51M) | Time:00:00.14 | Mem:358.09M, Peak:358.09M | Scene, ViewLayer | Sample 0/24
Fra:13 Mem:95.08M (Peak 95.08M) | Time:00:00.15 | Remaining:00:00.14 | Mem:400.84M, Peak:400.84M | Scene, ViewLayer | Sample 1/24
Fra:13 Mem:113.09M (Peak 140.09M) | Time:00:01.58 | Mem:400.84M, Peak:400.84M | Scene, ViewLayer | Sample 24/24
Fra:13 Mem:113.09M (Peak 140.09M) | Time:00:01.58 | Mem:400.84M, Peak:400.84M | Scene, ViewLayer | Finished
Saved: '/home/cbsim/ws/slime-workflow/.tmp/mannequin-reference-refinement/2026-09-23_07-33-20/up_right-05.png'
Time: 00:01.71 (Saving: 00:00.03)

Fra:16 Mem:39.37M (Peak 39.37M) | Time:00:00.07 | Mem:0.00M, Peak:0.00M | Scene, ViewLayer | Synchronizing object | key
Fra:16 Mem:39.37M (Peak 39.37M) | Time:00:00.07 | Mem:0.00M, Peak:0.00M | Scene, ViewLayer | Synchronizing object | neck-shell-part
Fra:16 Mem:39.38M (Peak 39.38M) | Time:00:00.07 | Mem:0.00M, Peak:0.00M | Scene, ViewLayer | Synchronizing object | right-ankle-ball
Fra:16 Mem:39.44M (Peak 39.44M) | Time:00:00.07 | Mem:0.00M, Peak:0.00M | Scene, ViewLayer | Synchronizing object | left-forearm-shell
Fra:16 Mem:39.44M (Peak 39.44M) | Time:00:00.07 | Mem:0.00M, Peak:0.00M | Scene, ViewLayer | Synchronizing object | left-shoulder-ball
Fra:16 Mem:39.50M (Peak 39.50M) | Time:00:00.07 | Mem:0.00M, Peak:0.00M | Scene, ViewLayer | Synchronizing object | left-elbow-ball
Fra:16 Mem:39.67M (Peak 39.67M) | Time:00:00.07 | Mem:0.00M, Peak:0.00M | Scene, ViewLayer | Synchronizing object | left-wrist-ball
Fra:16 Mem:39.70M (Peak 39.70M) | Time:00:00.07 | Mem:0.00M, Peak:0.00M | Scene, ViewLayer | Synchronizing object | left-knee-ball
Fra:16 Mem:39.71M (Peak 39.71M) | Time:00:00.07 | Mem:0.00M, Peak:0.00M | Scene, ViewLayer | Synchronizing object | right-hand-shell
Fra:16 Mem:40.00M (Peak 40.00M) | Time:00:00.07 | Mem:0.00M, Peak:0.00M | Scene, ViewLayer | Synchronizing object | right-shoulder-ball
Fra:16 Mem:40.10M (Peak 40.10M) | Time:00:00.07 | Mem:0.00M, Peak:0.00M | Scene, ViewLayer | Synchronizing object | right-elbow-ball
Fra:16 Mem:40.42M (Peak 40.42M) | Time:00:00.08 | Mem:0.00M, Peak:0.00M | Scene, ViewLayer | Synchronizing object | right-wrist-ball
Fra:16 Mem:40.53M (Peak 40.53M) | Time:00:00.08 | Mem:0.00M, Peak:0.00M | Scene, ViewLayer | Synchronizing object | right-knee-ball
Fra:16 Mem:40.65M (Peak 40.65M) | Time:00:00.08 | Mem:0.00M, Peak:0.00M | Scene, ViewLayer | Synchronizing object | right-hip-ball
Fra:16 Mem:47.29M (Peak 48.78M) | Time:00:00.08 | Mem:0.00M, Peak:0.00M | Scene, ViewLayer | Initializing
Fra:16 Mem:39.41M (Peak 48.78M) | Time:00:00.08 | Mem:0.00M, Peak:0.00M | Scene, ViewLayer | Waiting for render to start
Fra:16 Mem:39.41M (Peak 48.78M) | Time:00:00.08 | Mem:0.00M, Peak:0.00M | Scene, ViewLayer | Updating Scene
Fra:16 Mem:39.41M (Peak 48.78M) | Time:00:00.08 | Mem:0.00M, Peak:0.00M | Scene, ViewLayer | Updating Shaders
Fra:16 Mem:39.41M (Peak 48.78M) | Time:00:00.08 | Mem:0.00M, Peak:0.00M | Scene, ViewLayer | Loading render kernels (may take a few minutes the first time)
2026-09-23T07:34:57+0900/hunyuan-rig/heartbeat {'stage': 'up_right', 'frame': 16} images=34
Fra:16 Mem:39.49M (Peak 67.51M) | Time:00:00.12 | Mem:0.00M, Peak:0.00M | Scene, ViewLayer | Updating Procedurals
Fra:16 Mem:39.49M (Peak 67.51M) | Time:00:00.12 | Mem:0.00M, Peak:0.00M | Scene, ViewLayer | Updating Background
Fra:16 Mem:39.49M (Peak 67.51M) | Time:00:00.12 | Mem:0.00M, Peak:0.00M | Scene, ViewLayer | Updating Camera
Fra:16 Mem:39.49M (Peak 67.51M) | Time:00:00.12 | Mem:0.00M, Peak:0.00M | Scene, ViewLayer | Updating Meshes Flags
Fra:16 Mem:39.49M (Peak 67.51M) | Time:00:00.12 | Mem:0.00M, Peak:0.00M | Scene, ViewLayer | Updating Objects
Fra:16 Mem:39.49M (Peak 67.51M) | Time:00:00.12 | Mem:0.00M, Peak:0.00M | Scene, ViewLayer | Updating Objects | Copying Transformations to device
Fra:16 Mem:39.50M (Peak 67.51M) | Time:00:00.12 | Mem:0.01M, Peak:0.01M | Scene, ViewLayer | Updating Particle Systems
Fra:16 Mem:39.50M (Peak 67.51M) | Time:00:00.12 | Mem:0.01M, Peak:0.01M | Scene, ViewLayer | Updating Particle Systems | Copying Particles to device
Fra:16 Mem:39.50M (Peak 67.51M) | Time:00:00.12 | Mem:0.01M, Peak:0.01M | Scene, ViewLayer | Updating Meshes
Fra:16 Mem:39.50M (Peak 67.51M) | Time:00:00.12 | Mem:0.01M, Peak:0.01M | Scene, ViewLayer | Updating Objects | Applying Static Transformations
Fra:16 Mem:39.50M (Peak 67.51M) | Time:00:00.12 | Mem:0.01M, Peak:0.01M | Scene, ViewLayer | Updating Mesh | Computing attributes
Fra:16 Mem:40.06M (Peak 67.51M) | Time:00:00.12 | Mem:0.01M, Peak:0.01M | Scene, ViewLayer | Updating Mesh | Copying Attributes to device
Fra:16 Mem:40.06M (Peak 67.51M) | Time:00:00.12 | Mem:0.57M, Peak:0.57M | Scene, ViewLayer | Updating Scene BVH | Building
Fra:16 Mem:40.06M (Peak 67.51M) | Time:00:00.12 | Mem:0.57M, Peak:0.57M | Scene, ViewLayer | Updating Scene BVH | Building BVH
Fra:16 Mem:45.62M (Peak 67.51M) | Time:00:00.13 | Mem:0.57M, Peak:0.57M | Scene, ViewLayer | Updating Scene BVH | Packing BVH triangles and strands
Fra:16 Mem:45.99M (Peak 67.51M) | Time:00:00.13 | Mem:0.57M, Peak:0.57M | Scene, ViewLayer | Updating Scene BVH | Packing BVH nodes
Fra:16 Mem:45.69M (Peak 67.51M) | Time:00:00.14 | Mem:0.57M, Peak:0.57M | Scene, ViewLayer | Updating Scene BVH | Copying BVH to device
Fra:16 Mem:45.69M (Peak 67.51M) | Time:00:00.14 | Mem:3.39M, Peak:3.39M | Scene, ViewLayer | Updating Mesh | Computing normals
Fra:16 Mem:48.29M (Peak 67.51M) | Time:00:00.14 | Mem:3.39M, Peak:3.39M | Scene, ViewLayer | Updating Mesh | Copying Mesh to device
Fra:16 Mem:48.29M (Peak 67.51M) | Time:00:00.14 | Mem:5.99M, Peak:5.99M | Scene, ViewLayer | Updating Objects Flags
Fra:16 Mem:48.29M (Peak 67.51M) | Time:00:00.14 | Mem:5.99M, Peak:5.99M | Scene, ViewLayer | Updating Primitive Offsets
Fra:16 Mem:48.29M (Peak 67.51M) | Time:00:00.14 | Mem:5.99M, Peak:5.99M | Scene, ViewLayer | Updating Images
Fra:16 Mem:48.29M (Peak 67.51M) | Time:00:00.14 | Mem:5.99M, Peak:5.99M | Scene, ViewLayer | Updating Camera Volume
Fra:16 Mem:48.29M (Peak 67.51M) | Time:00:00.14 | Mem:5.99M, Peak:5.99M | Scene, ViewLayer | Updating Lookup Tables
Fra:16 Mem:48.29M (Peak 67.51M) | Time:00:00.14 | Mem:6.07M, Peak:6.07M | Scene, ViewLayer | Updating Lights
Fra:16 Mem:48.29M (Peak 67.51M) | Time:00:00.14 | Mem:6.07M, Peak:6.07M | Scene, ViewLayer | Updating Lights | Computing tree
Fra:16 Mem:48.29M (Peak 67.51M) | Time:00:00.14 | Mem:6.07M, Peak:6.07M | Scene, ViewLayer | Updating Integrator
Fra:16 Mem:48.29M (Peak 67.51M) | Time:00:00.14 | Mem:6.07M, Peak:6.07M | Scene, ViewLayer | Updating Film
Fra:16 Mem:48.29M (Peak 67.51M) | Time:00:00.14 | Mem:5.99M, Peak:6.07M | Scene, ViewLayer | Updating Lookup Tables
Fra:16 Mem:48.29M (Peak 67.51M) | Time:00:00.14 | Mem:6.07M, Peak:6.07M | Scene, ViewLayer | Updating Baking
Fra:16 Mem:48.29M (Peak 67.51M) | Time:00:00.14 | Mem:6.07M, Peak:6.07M | Scene, ViewLayer | Updating Device | Writing constant memory
Fra:16 Mem:48.29M (Peak 67.51M) | Time:00:00.14 | Mem:6.07M, Peak:6.07M | Scene, ViewLayer | Loading denoising kernels (may take a few minutes the first time)
Fra:16 Mem:52.30M (Peak 67.51M) | Time:00:00.14 | Mem:358.07M, Peak:358.07M | Scene, ViewLayer | Sample 0/24
Fra:16 Mem:95.05M (Peak 95.05M) | Time:00:00.15 | Remaining:00:00.14 | Mem:400.82M, Peak:400.82M | Scene, ViewLayer | Sample 1/24
Fra:16 Mem:113.05M (Peak 140.06M) | Time:00:01.58 | Mem:400.83M, Peak:400.83M | Scene, ViewLayer | Sample 24/24
Fra:16 Mem:113.05M (Peak 140.06M) | Time:00:01.58 | Mem:400.83M, Peak:400.83M | Scene, ViewLayer | Finished
Saved: '/home/cbsim/ws/slime-workflow/.tmp/mannequin-reference-refinement/2026-09-23_07-33-20/up_right-06.png'
Time: 00:01.71 (Saving: 00:00.03)

Fra:19 Mem:39.37M (Peak 39.37M) | Time:00:00.07 | Mem:0.00M, Peak:0.00M | Scene, ViewLayer | Synchronizing object | key
Fra:19 Mem:39.37M (Peak 39.37M) | Time:00:00.07 | Mem:0.00M, Peak:0.00M | Scene, ViewLayer | Synchronizing object | head-shell-part
Fra:19 Mem:39.37M (Peak 39.37M) | Time:00:00.07 | Mem:0.00M, Peak:0.00M | Scene, ViewLayer | Synchronizing object | neck-shell-part
Fra:19 Mem:39.38M (Peak 39.38M) | Time:00:00.07 | Mem:0.00M, Peak:0.00M | Scene, ViewLayer | Synchronizing object | pelvis-shell-part
Fra:19 Mem:39.46M (Peak 39.46M) | Time:00:00.07 | Mem:0.00M, Peak:0.00M | Scene, ViewLayer | Synchronizing object | left-upper-arm-shell
Fra:19 Mem:39.56M (Peak 39.56M) | Time:00:00.07 | Mem:0.00M, Peak:0.00M | Scene, ViewLayer | Synchronizing object | left-thigh-shell
Fra:19 Mem:39.75M (Peak 39.75M) | Time:00:00.07 | Mem:0.00M, Peak:0.00M | Scene, ViewLayer | Synchronizing object | left-shin-shell
Fra:19 Mem:40.25M (Peak 40.25M) | Time:00:00.07 | Mem:0.00M, Peak:0.00M | Scene, ViewLayer | Synchronizing object | left-foot-shell
Fra:19 Mem:40.27M (Peak 40.27M) | Time:00:00.07 | Mem:0.00M, Peak:0.00M | Scene, ViewLayer | Synchronizing object | left-elbow-ball
Fra:19 Mem:40.79M (Peak 40.79M) | Time:00:00.07 | Mem:0.00M, Peak:0.00M | Scene, ViewLayer | Synchronizing object | right-forearm-shell
Fra:19 Mem:41.17M (Peak 41.17M) | Time:00:00.07 | Mem:0.00M, Peak:0.00M | Scene, ViewLayer | Synchronizing object | right-hand-shell
Fra:19 Mem:41.22M (Peak 41.22M) | Time:00:00.07 | Mem:0.00M, Peak:0.00M | Scene, ViewLayer | Synchronizing object | right-shin-shell
Fra:19 Mem:41.74M (Peak 41.74M) | Time:00:00.07 | Mem:0.00M, Peak:0.00M | Scene, ViewLayer | Synchronizing object | right-foot-shell
Fra:19 Mem:41.75M (Peak 41.75M) | Time:00:00.07 | Mem:0.00M, Peak:0.00M | Scene, ViewLayer | Synchronizing object | right-shoulder-ball
Fra:19 Mem:42.09M (Peak 42.09M) | Time:00:00.07 | Mem:0.00M, Peak:0.00M | Scene, ViewLayer | Synchronizing object | right-elbow-ball
Fra:19 Mem:42.21M (Peak 42.21M) | Time:00:00.07 | Mem:0.00M, Peak:0.00M | Scene, ViewLayer | Synchronizing object | right-wrist-ball
Fra:19 Mem:42.24M (Peak 42.24M) | Time:00:00.07 | Mem:0.00M, Peak:0.00M | Scene, ViewLayer | Synchronizing object | right-hip-ball
Fra:19 Mem:47.29M (Peak 48.78M) | Time:00:00.08 | Mem:0.00M, Peak:0.00M | Scene, ViewLayer | Initializing
Fra:19 Mem:39.41M (Peak 48.78M) | Time:00:00.08 | Mem:0.00M, Peak:0.00M | Scene, ViewLayer | Waiting for render to start
Fra:19 Mem:39.41M (Peak 48.78M) | Time:00:00.08 | Mem:0.00M, Peak:0.00M | Scene, ViewLayer | Updating Scene
Fra:19 Mem:39.41M (Peak 48.78M) | Time:00:00.08 | Mem:0.00M, Peak:0.00M | Scene, ViewLayer | Updating Shaders
Fra:19 Mem:39.41M (Peak 48.78M) | Time:00:00.08 | Mem:0.00M, Peak:0.00M | Scene, ViewLayer | Loading render kernels (may take a few minutes the first time)
Fra:19 Mem:39.49M (Peak 67.51M) | Time:00:00.12 | Mem:0.00M, Peak:0.00M | Scene, ViewLayer | Updating Procedurals
Fra:19 Mem:39.49M (Peak 67.51M) | Time:00:00.12 | Mem:0.00M, Peak:0.00M | Scene, ViewLayer | Updating Background
Fra:19 Mem:39.49M (Peak 67.51M) | Time:00:00.12 | Mem:0.00M, Peak:0.00M | Scene, ViewLayer | Updating Camera
Fra:19 Mem:39.49M (Peak 67.51M) | Time:00:00.12 | Mem:0.00M, Peak:0.00M | Scene, ViewLayer | Updating Meshes Flags
Fra:19 Mem:39.49M (Peak 67.51M) | Time:00:00.12 | Mem:0.00M, Peak:0.00M | Scene, ViewLayer | Updating Objects
Fra:19 Mem:39.49M (Peak 67.51M) | Time:00:00.12 | Mem:0.00M, Peak:0.00M | Scene, ViewLayer | Updating Objects | Copying Transformations to device
Fra:19 Mem:39.50M (Peak 67.51M) | Time:00:00.12 | Mem:0.01M, Peak:0.01M | Scene, ViewLayer | Updating Particle Systems
Fra:19 Mem:39.50M (Peak 67.51M) | Time:00:00.12 | Mem:0.01M, Peak:0.01M | Scene, ViewLayer | Updating Particle Systems | Copying Particles to device
Fra:19 Mem:39.50M (Peak 67.51M) | Time:00:00.12 | Mem:0.01M, Peak:0.01M | Scene, ViewLayer | Updating Meshes
Fra:19 Mem:39.50M (Peak 67.51M) | Time:00:00.12 | Mem:0.01M, Peak:0.01M | Scene, ViewLayer | Updating Objects | Applying Static Transformations
Fra:19 Mem:39.50M (Peak 67.51M) | Time:00:00.12 | Mem:0.01M, Peak:0.01M | Scene, ViewLayer | Updating Mesh | Computing attributes
Fra:19 Mem:40.06M (Peak 67.51M) | Time:00:00.12 | Mem:0.01M, Peak:0.01M | Scene, ViewLayer | Updating Mesh | Copying Attributes to device
Fra:19 Mem:40.06M (Peak 67.51M) | Time:00:00.12 | Mem:0.57M, Peak:0.57M | Scene, ViewLayer | Updating Scene BVH | Building
Fra:19 Mem:40.06M (Peak 67.51M) | Time:00:00.12 | Mem:0.57M, Peak:0.57M | Scene, ViewLayer | Updating Scene BVH | Building BVH
Fra:19 Mem:45.62M (Peak 67.51M) | Time:00:00.13 | Mem:0.57M, Peak:0.57M | Scene, ViewLayer | Updating Scene BVH | Packing BVH triangles and strands
Fra:19 Mem:45.99M (Peak 67.51M) | Time:00:00.13 | Mem:0.57M, Peak:0.57M | Scene, ViewLayer | Updating Scene BVH | Packing BVH nodes
Fra:19 Mem:45.70M (Peak 67.51M) | Time:00:00.13 | Mem:0.57M, Peak:0.57M | Scene, ViewLayer | Updating Scene BVH | Copying BVH to device
Fra:19 Mem:45.70M (Peak 67.51M) | Time:00:00.13 | Mem:3.39M, Peak:3.39M | Scene, ViewLayer | Updating Mesh | Computing normals
Fra:19 Mem:48.30M (Peak 67.51M) | Time:00:00.13 | Mem:3.39M, Peak:3.39M | Scene, ViewLayer | Updating Mesh | Copying Mesh to device
Fra:19 Mem:48.30M (Peak 67.51M) | Time:00:00.13 | Mem:5.99M, Peak:5.99M | Scene, ViewLayer | Updating Objects Flags
Fra:19 Mem:48.30M (Peak 67.51M) | Time:00:00.13 | Mem:5.99M, Peak:5.99M | Scene, ViewLayer | Updating Primitive Offsets
Fra:19 Mem:48.30M (Peak 67.51M) | Time:00:00.13 | Mem:5.99M, Peak:5.99M | Scene, ViewLayer | Updating Images
Fra:19 Mem:48.30M (Peak 67.51M) | Time:00:00.13 | Mem:5.99M, Peak:5.99M | Scene, ViewLayer | Updating Camera Volume
Fra:19 Mem:48.30M (Peak 67.51M) | Time:00:00.13 | Mem:5.99M, Peak:5.99M | Scene, ViewLayer | Updating Lookup Tables
Fra:19 Mem:48.30M (Peak 67.51M) | Time:00:00.13 | Mem:6.07M, Peak:6.07M | Scene, ViewLayer | Updating Lights
Fra:19 Mem:48.30M (Peak 67.51M) | Time:00:00.13 | Mem:6.07M, Peak:6.07M | Scene, ViewLayer | Updating Lights | Computing tree
Fra:19 Mem:48.30M (Peak 67.51M) | Time:00:00.13 | Mem:6.08M, Peak:6.08M | Scene, ViewLayer | Updating Integrator
Fra:19 Mem:48.30M (Peak 67.51M) | Time:00:00.13 | Mem:6.08M, Peak:6.08M | Scene, ViewLayer | Updating Film
Fra:19 Mem:48.31M (Peak 67.51M) | Time:00:00.13 | Mem:5.99M, Peak:6.08M | Scene, ViewLayer | Updating Lookup Tables
Fra:19 Mem:48.31M (Peak 67.51M) | Time:00:00.13 | Mem:6.08M, Peak:6.08M | Scene, ViewLayer | Updating Baking
Fra:19 Mem:48.31M (Peak 67.51M) | Time:00:00.13 | Mem:6.08M, Peak:6.08M | Scene, ViewLayer | Updating Device | Writing constant memory
Fra:19 Mem:48.31M (Peak 67.51M) | Time:00:00.13 | Mem:6.08M, Peak:6.08M | Scene, ViewLayer | Loading denoising kernels (may take a few minutes the first time)
Fra:19 Mem:52.31M (Peak 67.51M) | Time:00:00.14 | Mem:358.08M, Peak:358.08M | Scene, ViewLayer | Sample 0/24
Fra:19 Mem:95.06M (Peak 95.06M) | Time:00:00.14 | Remaining:00:00.14 | Mem:400.83M, Peak:400.83M | Scene, ViewLayer | Sample 1/24
Fra:19 Mem:113.07M (Peak 140.07M) | Time:00:01.58 | Mem:400.83M, Peak:400.83M | Scene, ViewLayer | Sample 24/24
Fra:19 Mem:113.07M (Peak 140.07M) | Time:00:01.58 | Mem:400.83M, Peak:400.83M | Scene, ViewLayer | Finished
Saved: '/home/cbsim/ws/slime-workflow/.tmp/mannequin-reference-refinement/2026-09-23_07-33-20/up_right-07.png'
Time: 00:01.71 (Saving: 00:00.03)

Fra:22 Mem:39.37M (Peak 39.37M) | Time:00:00.08 | Mem:0.00M, Peak:0.00M | Scene, ViewLayer | Synchronizing object | key
Fra:22 Mem:39.37M (Peak 39.37M) | Time:00:00.08 | Mem:0.00M, Peak:0.00M | Scene, ViewLayer | Synchronizing object | neck-shell-part
Fra:22 Mem:39.38M (Peak 39.38M) | Time:00:00.08 | Mem:0.00M, Peak:0.00M | Scene, ViewLayer | Synchronizing object | chest-shell-part
Fra:22 Mem:39.38M (Peak 39.38M) | Time:00:00.08 | Mem:0.00M, Peak:0.00M | Scene, ViewLayer | Synchronizing object | head-pivot-ball
Fra:22 Mem:39.47M (Peak 39.47M) | Time:00:00.08 | Mem:0.00M, Peak:0.00M | Scene, ViewLayer | Synchronizing object | left-forearm-shell
Fra:22 Mem:39.53M (Peak 39.53M) | Time:00:00.08 | Mem:0.00M, Peak:0.00M | Scene, ViewLayer | Synchronizing object | left-hand-shell
Fra:22 Mem:39.82M (Peak 39.82M) | Time:00:00.08 | Mem:0.00M, Peak:0.00M | Scene, ViewLayer | Synchronizing object | left-thigh-shell
Fra:22 Mem:40.21M (Peak 40.21M) | Time:00:00.08 | Mem:0.00M, Peak:0.00M | Scene, ViewLayer | Synchronizing object | left-foot-shell
Fra:22 Mem:40.24M (Peak 40.24M) | Time:00:00.08 | Mem:0.00M, Peak:0.00M | Scene, ViewLayer | Synchronizing object | left-elbow-ball
Fra:22 Mem:40.86M (Peak 40.86M) | Time:00:00.08 | Mem:0.00M, Peak:0.00M | Scene, ViewLayer | Synchronizing object | right-forearm-shell
Fra:22 Mem:41.78M (Peak 41.78M) | Time:00:00.08 | Mem:0.00M, Peak:0.00M | Scene, ViewLayer | Synchronizing object | right-hand-shell
Fra:22 Mem:42.09M (Peak 42.09M) | Time:00:00.08 | Mem:0.00M, Peak:0.00M | Scene, ViewLayer | Synchronizing object | right-thigh-shell
Fra:22 Mem:42.66M (Peak 42.66M) | Time:00:00.08 | Mem:0.00M, Peak:0.00M | Scene, ViewLayer | Synchronizing object | right-foot-shell
Fra:22 Mem:42.99M (Peak 42.99M) | Time:00:00.08 | Mem:0.00M, Peak:0.00M | Scene, ViewLayer | Synchronizing object | right-shoulder-ball
Fra:22 Mem:43.88M (Peak 43.88M) | Time:00:00.08 | Mem:0.00M, Peak:0.00M | Scene, ViewLayer | Synchronizing object | right-elbow-ball
Fra:22 Mem:44.30M (Peak 44.30M) | Time:00:00.08 | Mem:0.00M, Peak:0.00M | Scene, ViewLayer | Synchronizing object | right-knee-ball
Fra:22 Mem:44.27M (Peak 44.30M) | Time:00:00.08 | Mem:0.00M, Peak:0.00M | Scene, ViewLayer | Synchronizing object | right-hip-ball
Fra:22 Mem:47.29M (Peak 48.61M) | Time:00:00.08 | Mem:0.00M, Peak:0.00M | Scene, ViewLayer | Initializing
Fra:22 Mem:39.41M (Peak 48.61M) | Time:00:00.08 | Mem:0.00M, Peak:0.00M | Scene, ViewLayer | Waiting for render to start
Fra:22 Mem:39.41M (Peak 48.61M) | Time:00:00.08 | Mem:0.00M, Peak:0.00M | Scene, ViewLayer | Updating Scene
Fra:22 Mem:39.41M (Peak 48.61M) | Time:00:00.08 | Mem:0.00M, Peak:0.00M | Scene, ViewLayer | Updating Shaders
Fra:22 Mem:39.41M (Peak 48.61M) | Time:00:00.08 | Mem:0.00M, Peak:0.00M | Scene, ViewLayer | Loading render kernels (may take a few minutes the first time)
Fra:22 Mem:39.49M (Peak 67.51M) | Time:00:00.12 | Mem:0.00M, Peak:0.00M | Scene, ViewLayer | Updating Procedurals
Fra:22 Mem:39.49M (Peak 67.51M) | Time:00:00.12 | Mem:0.00M, Peak:0.00M | Scene, ViewLayer | Updating Background
Fra:22 Mem:39.49M (Peak 67.51M) | Time:00:00.12 | Mem:0.00M, Peak:0.00M | Scene, ViewLayer | Updating Camera
Fra:22 Mem:39.49M (Peak 67.51M) | Time:00:00.12 | Mem:0.00M, Peak:0.00M | Scene, ViewLayer | Updating Meshes Flags
Fra:22 Mem:39.49M (Peak 67.51M) | Time:00:00.12 | Mem:0.00M, Peak:0.00M | Scene, ViewLayer | Updating Objects
Fra:22 Mem:39.49M (Peak 67.51M) | Time:00:00.12 | Mem:0.00M, Peak:0.00M | Scene, ViewLayer | Updating Objects | Copying Transformations to device
Fra:22 Mem:39.50M (Peak 67.51M) | Time:00:00.12 | Mem:0.01M, Peak:0.01M | Scene, ViewLayer | Updating Particle Systems
Fra:22 Mem:39.50M (Peak 67.51M) | Time:00:00.12 | Mem:0.01M, Peak:0.01M | Scene, ViewLayer | Updating Particle Systems | Copying Particles to device
Fra:22 Mem:39.50M (Peak 67.51M) | Time:00:00.12 | Mem:0.01M, Peak:0.01M | Scene, ViewLayer | Updating Meshes
Fra:22 Mem:39.50M (Peak 67.51M) | Time:00:00.12 | Mem:0.01M, Peak:0.01M | Scene, ViewLayer | Updating Objects | Applying Static Transformations
Fra:22 Mem:39.50M (Peak 67.51M) | Time:00:00.12 | Mem:0.01M, Peak:0.01M | Scene, ViewLayer | Updating Mesh | Computing attributes
Fra:22 Mem:40.06M (Peak 67.51M) | Time:00:00.12 | Mem:0.01M, Peak:0.01M | Scene, ViewLayer | Updating Mesh | Copying Attributes to device
Fra:22 Mem:40.06M (Peak 67.51M) | Time:00:00.12 | Mem:0.57M, Peak:0.57M | Scene, ViewLayer | Updating Scene BVH | Building
Fra:22 Mem:40.06M (Peak 67.51M) | Time:00:00.12 | Mem:0.57M, Peak:0.57M | Scene, ViewLayer | Updating Scene BVH | Building BVH
Fra:22 Mem:45.62M (Peak 67.51M) | Time:00:00.13 | Mem:0.57M, Peak:0.57M | Scene, ViewLayer | Updating Scene BVH | Packing BVH triangles and strands
Fra:22 Mem:45.99M (Peak 67.51M) | Time:00:00.13 | Mem:0.57M, Peak:0.57M | Scene, ViewLayer | Updating Scene BVH | Packing BVH nodes
Fra:22 Mem:45.70M (Peak 67.51M) | Time:00:00.13 | Mem:0.57M, Peak:0.57M | Scene, ViewLayer | Updating Scene BVH | Copying BVH to device
Fra:22 Mem:45.70M (Peak 67.51M) | Time:00:00.13 | Mem:3.39M, Peak:3.39M | Scene, ViewLayer | Updating Mesh | Computing normals
Fra:22 Mem:48.30M (Peak 67.51M) | Time:00:00.14 | Mem:3.39M, Peak:3.39M | Scene, ViewLayer | Updating Mesh | Copying Mesh to device
Fra:22 Mem:48.30M (Peak 67.51M) | Time:00:00.14 | Mem:5.99M, Peak:5.99M | Scene, ViewLayer | Updating Objects Flags
Fra:22 Mem:48.30M (Peak 67.51M) | Time:00:00.14 | Mem:5.99M, Peak:5.99M | Scene, ViewLayer | Updating Primitive Offsets
Fra:22 Mem:48.30M (Peak 67.51M) | Time:00:00.14 | Mem:5.99M, Peak:5.99M | Scene, ViewLayer | Updating Images
Fra:22 Mem:48.30M (Peak 67.51M) | Time:00:00.14 | Mem:5.99M, Peak:5.99M | Scene, ViewLayer | Updating Camera Volume
Fra:22 Mem:48.30M (Peak 67.51M) | Time:00:00.14 | Mem:5.99M, Peak:5.99M | Scene, ViewLayer | Updating Lookup Tables
Fra:22 Mem:48.30M (Peak 67.51M) | Time:00:00.14 | Mem:6.08M, Peak:6.08M | Scene, ViewLayer | Updating Lights
Fra:22 Mem:48.30M (Peak 67.51M) | Time:00:00.14 | Mem:6.08M, Peak:6.08M | Scene, ViewLayer | Updating Lights | Computing tree
Fra:22 Mem:48.30M (Peak 67.51M) | Time:00:00.14 | Mem:6.08M, Peak:6.08M | Scene, ViewLayer | Updating Integrator
Fra:22 Mem:48.30M (Peak 67.51M) | Time:00:00.14 | Mem:6.08M, Peak:6.08M | Scene, ViewLayer | Updating Film
Fra:22 Mem:48.31M (Peak 67.51M) | Time:00:00.14 | Mem:6.00M, Peak:6.08M | Scene, ViewLayer | Updating Lookup Tables
Fra:22 Mem:48.31M (Peak 67.51M) | Time:00:00.14 | Mem:6.08M, Peak:6.08M | Scene, ViewLayer | Updating Baking
Fra:22 Mem:48.31M (Peak 67.51M) | Time:00:00.14 | Mem:6.08M, Peak:6.08M | Scene, ViewLayer | Updating Device | Writing constant memory
Fra:22 Mem:48.31M (Peak 67.51M) | Time:00:00.14 | Mem:6.08M, Peak:6.08M | Scene, ViewLayer | Loading denoising kernels (may take a few minutes the first time)
Fra:22 Mem:52.31M (Peak 67.51M) | Time:00:00.14 | Mem:358.08M, Peak:358.08M | Scene, ViewLayer | Sample 0/24
Fra:22 Mem:95.07M (Peak 95.07M) | Time:00:00.15 | Remaining:00:00.14 | Mem:400.83M, Peak:400.83M | Scene, ViewLayer | Sample 1/24
Fra:22 Mem:113.07M (Peak 140.07M) | Time:00:01.59 | Mem:400.84M, Peak:400.84M | Scene, ViewLayer | Sample 24/24
Fra:22 Mem:113.07M (Peak 140.07M) | Time:00:01.59 | Mem:400.84M, Peak:400.84M | Scene, ViewLayer | Finished
2026-09-23T07:35:02+0900/hunyuan-rig/heartbeat {'stage': 'up_right', 'frame': 22} images=36
Saved: '/home/cbsim/ws/slime-workflow/.tmp/mannequin-reference-refinement/2026-09-23_07-33-20/up_right-08.png'
Time: 00:01.71 (Saving: 00:00.03)

2026-09-23T07:35:02+0900/hunyuan-rig/complete {'status': 'rigged_ball_joint_candidate', 'source_mesh_sha256': '779a216e07a89031ad9c076bcc5df223bb202a761088a46c41d87c468d3842b5', 'source_motion_id': 'mannequin-walk/v1', 'source_motion_sha256': '5ab353ed313a2395c00389f2f94ed3dff9a5d2187dd3f3f4d0f08862ad1866d6', 'bones': 24, 'parts': [{'name': 'head-shell-part', 'bone': 'joint-15', 'kind': 'shell', 'triangles': 14252}, {'name': 'neck-shell-part', 'bone': 'joint-12', 'kind': 'shell', 'triangles': 1192}, {'name': 'chest-shell-part', 'bone': 'joint-09', 'kind': 'shell', 'triangles': 7308}, {'name': 'abdomen-shell-part', 'bone': 'joint-06', 'kind': 'shell', 'triangles': 3724}, {'name': 'pelvis-shell-part', 'bone': 'body-root-control', 'kind': 'shell', 'triangles': 6572}, {'name': 'head-pivot-ball', 'bone': 'joint-15', 'kind': 'ball', 'triangles': 1216}, {'name': 'left-upper-arm-shell', 'bone': 'joint-18', 'kind': 'shell', 'triangles': 1980}, {'name': 'left-forearm-shell', 'bone': 'joint-20', 'kind': 'shell', 'triangles': 2612}, {'name': 'left-hand-shell', 'bone': 'hand-20-deform', 'kind': 'shell', 'triangles': 2632}, {'name': 'left-thigh-shell', 'bone': 'joint-04', 'kind': 'shell', 'triangles': 9548}, {'name': 'left-shin-shell', 'bone': 'joint-07', 'kind': 'shell', 'triangles': 3572}, {'name': 'left-foot-shell', 'bone': 'joint-10', 'kind': 'shell', 'triangles': 3768}, {'name': 'left-shoulder-ball', 'bone': 'joint-18', 'kind': 'ball', 'triangles': 1216}, {'name': 'left-elbow-ball', 'bone': 'joint-20', 'kind': 'ball', 'triangles': 1216}, {'name': 'left-wrist-ball', 'bone': 'hand-20-deform', 'kind': 'ball', 'triangles': 1216}, {'name': 'left-hip-ball', 'bone': 'joint-04', 'kind': 'ball', 'triangles': 1216}, {'name': 'left-knee-ball', 'bone': 'joint-07', 'kind': 'ball', 'triangles': 1216}, {'name': 'left-ankle-ball', 'bone': 'joint-10', 'kind': 'ball', 'triangles': 1216}, {'name': 'right-upper-arm-shell', 'bone': 'joint-19', 'kind': 'shell', 'triangles': 2000}, {'name': 'right-forearm-shell', 'bone': 'joint-21', 'kind': 'shell', 'triangles': 2612}, {'name': 'right-hand-shell', 'bone': 'hand-21-deform', 'kind': 'shell', 'triangles': 2648}, {'name': 'right-thigh-shell', 'bone': 'joint-05', 'kind': 'shell', 'triangles': 9548}, {'name': 'right-shin-shell', 'bone': 'joint-08', 'kind': 'shell', 'triangles': 3580}, {'name': 'right-foot-shell', 'bone': 'joint-11', 'kind': 'shell', 'triangles': 3732}, {'name': 'right-shoulder-ball', 'bone': 'joint-19', 'kind': 'ball', 'triangles': 1216}, {'name': 'right-elbow-ball', 'bone': 'joint-21', 'kind': 'ball', 'triangles': 1216}, {'name': 'right-wrist-ball', 'bone': 'hand-21-deform', 'kind': 'ball', 'triangles': 1216}, {'name': 'right-hip-ball', 'bone': 'joint-05', 'kind': 'ball', 'triangles': 1216}, {'name': 'right-knee-ball', 'bone': 'joint-08', 'kind': 'ball', 'triangles': 1216}, {'name': 'right-ankle-ball', 'bone': 'joint-11', 'kind': 'ball', 'triangles': 1216}], 'weight_method': '내부 구체 강체 고정 + 외곽 연결부 최대 두 본 혼합', 'unweighted_vertices': 0, 'fps': 20, 'cycle_seconds': 1.2, 'ground_offsets': [-0.0332641638815403, -0.028297454118728638, -0.028408311307430267, -0.034574128687381744, -0.047646984457969666, -0.06841424852609634, -0.07607211917638779, -0.07349152117967606, -0.07091692835092545, -0.07209766656160355, -0.05955713987350464, -0.043467629700899124, -0.029648644849658012, -0.024023912847042084, -0.027853863313794136, -0.02431436814367771, -0.03586394712328911, -0.03651638329029083, -0.04899899661540985, -0.04788213595747948, -0.04411649703979492, -0.06574399024248123, -0.05920246243476868, -0.04271623492240906, -0.0332641638815403], 'render_sample_frames': [1, 4, 7, 10, 13, 16, 19, 22], 'quality_warnings': ['디지털 모션 검수용이며 실물 조립용 공차·내부 고정 구조 미설계', '손가락 개별 리그 없음', '극단 각도에서 셸 간 충돌은 추가 검수 필요']}
