2026-09-23T06:40:02+0900/hunyuan-rig/start 입력=/home/cbsim/ws/slime-workflow/.tmp/2026-09-23_01-02-22/model-review/mannequin.blend, /home/cbsim/ws/slime-workflow/assets/motion-sheet/mannequin-walk-v1/mannequin-motion.npz 출력=/home/cbsim/ws/slime-workflow/.tmp/2026-09-23_06-25-15
2026-09-23T06:40:02+0900/hunyuan-rig/surface-partition head-shell-part
2026-09-23T06:40:02+0900/hunyuan-rig/preserved-surface head-shell-part: 5403
2026-09-23T06:40:02+0900/hunyuan-rig/surface-partition neck-shell-part
2026-09-23T06:40:03+0900/hunyuan-rig/preserved-surface neck-shell-part: 392
2026-09-23T06:40:03+0900/hunyuan-rig/surface-partition chest-shell-part
2026-09-23T06:40:03+0900/hunyuan-rig/preserved-surface chest-shell-part: 3081
2026-09-23T06:40:03+0900/hunyuan-rig/surface-partition abdomen-shell-part
2026-09-23T06:40:03+0900/hunyuan-rig/preserved-surface abdomen-shell-part: 1590
2026-09-23T06:40:03+0900/hunyuan-rig/surface-partition pelvis-shell-part
2026-09-23T06:40:03+0900/hunyuan-rig/preserved-surface pelvis-shell-part: 2768
2026-09-23T06:40:03+0900/hunyuan-rig/surface-partition left-upper-arm-shell
2026-09-23T06:40:03+0900/hunyuan-rig/preserved-surface left-upper-arm-shell: 1144
2026-09-23T06:40:03+0900/hunyuan-rig/surface-partition left-forearm-shell
2026-09-23T06:40:03+0900/hunyuan-rig/preserved-surface left-forearm-shell: 1295
2026-09-23T06:40:03+0900/hunyuan-rig/surface-partition left-hand-shell
2026-09-23T06:40:03+0900/hunyuan-rig/preserved-surface left-hand-shell: 1272
2026-09-23T06:40:03+0900/hunyuan-rig/surface-partition left-thigh-shell
2026-09-23T06:40:03+0900/hunyuan-rig/preserved-surface left-thigh-shell: 2600
2026-09-23T06:40:03+0900/hunyuan-rig/surface-partition left-shin-shell
2026-09-23T06:40:03+0900/hunyuan-rig/preserved-surface left-shin-shell: 1561
2026-09-23T06:40:03+0900/hunyuan-rig/surface-partition left-foot-shell
2026-09-23T06:40:04+0900/hunyuan-rig/preserved-surface left-foot-shell: 1846
2026-09-23T06:40:04+0900/hunyuan-rig/surface-partition right-upper-arm-shell
2026-09-23T06:40:04+0900/hunyuan-rig/preserved-surface right-upper-arm-shell: 1157
2026-09-23T06:40:04+0900/hunyuan-rig/surface-partition right-forearm-shell
2026-09-23T06:40:04+0900/hunyuan-rig/preserved-surface right-forearm-shell: 1304
2026-09-23T06:40:04+0900/hunyuan-rig/surface-partition right-hand-shell
2026-09-23T06:40:04+0900/hunyuan-rig/preserved-surface right-hand-shell: 1260
2026-09-23T06:40:04+0900/hunyuan-rig/surface-partition right-thigh-shell
2026-09-23T06:40:04+0900/hunyuan-rig/preserved-surface right-thigh-shell: 2618
2026-09-23T06:40:04+0900/hunyuan-rig/surface-partition right-shin-shell
2026-09-23T06:40:04+0900/hunyuan-rig/preserved-surface right-shin-shell: 1588
2026-09-23T06:40:04+0900/hunyuan-rig/surface-partition right-foot-shell
2026-09-23T06:40:04+0900/hunyuan-rig/preserved-surface right-foot-shell: 1825
2026-09-23T06:40:04+0900/hunyuan-rig/weights 구체는 단일 본, 외곽 연결부는 최대 두 본 혼합
2026-09-23T06:40:05+0900/hunyuan-rig/retarget-calibration {'joint-03': -13.383407631329897, 'joint-06': 21.32680780392674, 'joint-09': 34.31701910947553, 'joint-12': -47.75663822168655, 'joint-15': 5.472132353100661}
2026-09-23T06:40:05+0900/hunyuan-rig/rigid-socket-lock 고관절·쇄골 보조 본 고정 및 보행 골반 회전 적용
Info: Saved as "rigged-mannequin.blend"
INFO Draco mesh compression is available, use library at /home/cbsim/ws/slime-workflow/.local/blender-runtime/lib/python3.11/site-packages/bpy/4.5/scripts/addons_core/io_scene_gltf2/libextern_draco.so
06:40:05 | INFO: Starting glTF 2.0 export
06:40:05 | INFO: Extracting primitive: abdomen-shell-part-mesh
06:40:05 | INFO: Primitives created: 1
06:40:05 | INFO: Extracting primitive: chest-shell-part-mesh
06:40:05 | INFO: Primitives created: 1
06:40:05 | INFO: Extracting primitive: Sphere
06:40:05 | INFO: Primitives created: 1
06:40:05 | INFO: Extracting primitive: head-shell-part-mesh
06:40:05 | INFO: Primitives created: 1
06:40:05 | INFO: Extracting primitive: Sphere.006
06:40:05 | INFO: Primitives created: 1
06:40:05 | INFO: Extracting primitive: Sphere.002
06:40:05 | INFO: Primitives created: 1
06:40:05 | INFO: Extracting primitive: left-foot-shell-mesh
06:40:05 | INFO: Primitives created: 1
06:40:05 | INFO: Extracting primitive: left-forearm-shell-mesh
06:40:05 | INFO: Primitives created: 1
06:40:05 | INFO: Extracting primitive: left-hand-shell-mesh
06:40:05 | INFO: Primitives created: 1
06:40:05 | INFO: Extracting primitive: Sphere.004
06:40:05 | INFO: Primitives created: 1
06:40:05 | INFO: Extracting primitive: Sphere.005
06:40:05 | INFO: Primitives created: 1
06:40:05 | INFO: Extracting primitive: left-shin-shell-mesh
06:40:05 | INFO: Primitives created: 1
06:40:05 | INFO: Extracting primitive: Sphere.001
06:40:05 | INFO: Primitives created: 1
06:40:05 | INFO: Extracting primitive: left-thigh-shell-mesh
06:40:05 | INFO: Primitives created: 1
06:40:05 | INFO: Extracting primitive: left-upper-arm-shell-mesh
06:40:05 | INFO: Primitives created: 1
06:40:05 | INFO: Extracting primitive: Sphere.003
06:40:05 | INFO: Primitives created: 1
06:40:05 | INFO: Extracting primitive: neck-shell-part-mesh
06:40:05 | INFO: Primitives created: 1
06:40:05 | INFO: Extracting primitive: pelvis-shell-part-mesh
06:40:05 | INFO: Primitives created: 1
06:40:05 | INFO: Extracting primitive: Sphere.012
06:40:06 | INFO: Primitives created: 1
06:40:06 | INFO: Extracting primitive: Sphere.008
06:40:06 | INFO: Primitives created: 1
06:40:06 | INFO: Extracting primitive: right-foot-shell-mesh
06:40:06 | INFO: Primitives created: 1
06:40:06 | INFO: Extracting primitive: right-forearm-shell-mesh
06:40:06 | INFO: Primitives created: 1
06:40:06 | INFO: Extracting primitive: right-hand-shell-mesh
06:40:06 | INFO: Primitives created: 1
06:40:06 | INFO: Extracting primitive: Sphere.010
06:40:06 | INFO: Primitives created: 1
06:40:06 | INFO: Extracting primitive: Sphere.011
06:40:06 | INFO: Primitives created: 1
06:40:06 | INFO: Extracting primitive: right-shin-shell-mesh
06:40:06 | INFO: Primitives created: 1
06:40:06 | INFO: Extracting primitive: Sphere.007
06:40:06 | INFO: Primitives created: 1
06:40:06 | INFO: Extracting primitive: right-thigh-shell-mesh
06:40:06 | INFO: Primitives created: 1
06:40:06 | INFO: Extracting primitive: right-upper-arm-shell-mesh
06:40:06 | INFO: Primitives created: 1
06:40:06 | INFO: Extracting primitive: Sphere.009
06:40:06 | INFO: Primitives created: 1
06:40:06 | INFO: Finished glTF 2.0 export in 0.24777841567993164 s
Read blend: "/home/cbsim/ws/slime-workflow/.tmp/2026-09-23_01-02-22/model-review/mannequin.blend"
Fra:1 Mem:32.52M (Peak 32.52M) | Time:00:00.09 | Mem:0.00M, Peak:0.00M | Scene, ViewLayer | Synchronizing object | key
Fra:1 Mem:32.52M (Peak 32.52M) | Time:00:00.09 | Mem:0.00M, Peak:0.00M | Scene, ViewLayer | Synchronizing object | head-shell-part
Fra:1 Mem:32.52M (Peak 32.52M) | Time:00:00.09 | Mem:0.00M, Peak:0.00M | Scene, ViewLayer | Synchronizing object | chest-shell-part
Fra:1 Mem:32.54M (Peak 32.54M) | Time:00:00.09 | Mem:0.00M, Peak:0.00M | Scene, ViewLayer | Synchronizing object | head-pivot-ball
Fra:1 Mem:34.57M (Peak 34.57M) | Time:00:00.09 | Mem:0.00M, Peak:0.00M | Scene, ViewLayer | Synchronizing object | left-upper-arm-shell
Fra:1 Mem:34.61M (Peak 34.61M) | Time:00:00.09 | Mem:0.00M, Peak:0.00M | Scene, ViewLayer | Synchronizing object | left-hand-shell
Fra:1 Mem:34.62M (Peak 34.62M) | Time:00:00.09 | Mem:0.00M, Peak:0.00M | Scene, ViewLayer | Synchronizing object | left-thigh-shell
Fra:1 Mem:34.63M (Peak 34.63M) | Time:00:00.09 | Mem:0.00M, Peak:0.00M | Scene, ViewLayer | Synchronizing object | left-shin-shell
Fra:1 Mem:34.63M (Peak 34.63M) | Time:00:00.09 | Mem:0.00M, Peak:0.00M | Scene, ViewLayer | Synchronizing object | left-foot-shell
Fra:1 Mem:34.65M (Peak 34.65M) | Time:00:00.09 | Mem:0.00M, Peak:0.00M | Scene, ViewLayer | Synchronizing object | left-elbow-ball
Fra:1 Mem:34.65M (Peak 34.65M) | Time:00:00.09 | Mem:0.00M, Peak:0.00M | Scene, ViewLayer | Synchronizing object | left-wrist-ball
Fra:1 Mem:34.74M (Peak 34.74M) | Time:00:00.09 | Mem:0.00M, Peak:0.00M | Scene, ViewLayer | Synchronizing object | left-ankle-ball
Fra:1 Mem:34.76M (Peak 34.76M) | Time:00:00.09 | Mem:0.00M, Peak:0.00M | Scene, ViewLayer | Synchronizing object | right-shin-shell
Fra:1 Mem:34.76M (Peak 34.76M) | Time:00:00.09 | Mem:0.00M, Peak:0.00M | Scene, ViewLayer | Synchronizing object | right-foot-shell
Fra:1 Mem:36.08M (Peak 36.08M) | Time:00:00.09 | Mem:0.00M, Peak:0.00M | Scene, ViewLayer | Synchronizing object | right-shoulder-ball
Fra:1 Mem:36.55M (Peak 36.55M) | Time:00:00.09 | Mem:0.00M, Peak:0.00M | Scene, ViewLayer | Synchronizing object | right-elbow-ball
Fra:1 Mem:37.54M (Peak 37.54M) | Time:00:00.09 | Mem:0.00M, Peak:0.00M | Scene, ViewLayer | Synchronizing object | right-wrist-ball
Fra:1 Mem:41.96M (Peak 41.96M) | Time:00:00.09 | Mem:0.00M, Peak:0.00M | Scene, ViewLayer | Initializing
Fra:1 Mem:34.83M (Peak 41.96M) | Time:00:00.09 | Mem:0.00M, Peak:0.00M | Scene, ViewLayer | Waiting for render to start
Fra:1 Mem:34.83M (Peak 41.96M) | Time:00:00.09 | Mem:0.00M, Peak:0.00M | Scene, ViewLayer | Updating Scene
Fra:1 Mem:34.83M (Peak 41.96M) | Time:00:00.09 | Mem:0.00M, Peak:0.00M | Scene, ViewLayer | Updating Shaders
Fra:1 Mem:34.83M (Peak 41.96M) | Time:00:00.09 | Mem:0.00M, Peak:0.00M | Scene, ViewLayer | Loading render kernels (may take a few minutes the first time)
Fra:1 Mem:34.92M (Peak 62.94M) | Time:00:00.15 | Mem:0.00M, Peak:0.00M | Scene, ViewLayer | Updating Procedurals
Fra:1 Mem:34.92M (Peak 62.94M) | Time:00:00.15 | Mem:0.00M, Peak:0.00M | Scene, ViewLayer | Updating Background
Fra:1 Mem:34.92M (Peak 62.94M) | Time:00:00.15 | Mem:0.00M, Peak:0.00M | Scene, ViewLayer | Updating Camera
Fra:1 Mem:34.92M (Peak 62.94M) | Time:00:00.15 | Mem:0.00M, Peak:0.00M | Scene, ViewLayer | Updating Meshes Flags
Fra:1 Mem:34.92M (Peak 62.94M) | Time:00:00.15 | Mem:0.00M, Peak:0.00M | Scene, ViewLayer | Updating Objects
Fra:1 Mem:34.92M (Peak 62.94M) | Time:00:00.15 | Mem:0.00M, Peak:0.00M | Scene, ViewLayer | Updating Objects | Copying Transformations to device
Fra:1 Mem:34.92M (Peak 62.94M) | Time:00:00.15 | Mem:0.01M, Peak:0.01M | Scene, ViewLayer | Updating Particle Systems
Fra:1 Mem:34.92M (Peak 62.94M) | Time:00:00.15 | Mem:0.01M, Peak:0.01M | Scene, ViewLayer | Updating Particle Systems | Copying Particles to device
Fra:1 Mem:34.92M (Peak 62.94M) | Time:00:00.15 | Mem:0.01M, Peak:0.01M | Scene, ViewLayer | Updating Meshes
Fra:1 Mem:34.92M (Peak 62.94M) | Time:00:00.15 | Mem:0.01M, Peak:0.01M | Scene, ViewLayer | Updating Objects | Applying Static Transformations
Fra:1 Mem:34.92M (Peak 62.94M) | Time:00:00.15 | Mem:0.01M, Peak:0.01M | Scene, ViewLayer | Updating Mesh | Computing attributes
Fra:1 Mem:35.40M (Peak 62.94M) | Time:00:00.15 | Mem:0.01M, Peak:0.01M | Scene, ViewLayer | Updating Mesh | Copying Attributes to device
Fra:1 Mem:35.39M (Peak 62.94M) | Time:00:00.15 | Mem:0.48M, Peak:0.48M | Scene, ViewLayer | Updating Scene BVH | Building
Fra:1 Mem:35.39M (Peak 62.94M) | Time:00:00.15 | Mem:0.48M, Peak:0.48M | Scene, ViewLayer | Updating Scene BVH | Building BVH
Fra:1 Mem:40.07M (Peak 62.94M) | Time:00:00.15 | Mem:0.48M, Peak:0.48M | Scene, ViewLayer | Updating Scene BVH | Packing BVH triangles and strands
Fra:1 Mem:40.38M (Peak 62.94M) | Time:00:00.15 | Mem:0.48M, Peak:0.48M | Scene, ViewLayer | Updating Scene BVH | Packing BVH nodes
Fra:1 Mem:40.15M (Peak 62.94M) | Time:00:00.16 | Mem:0.48M, Peak:0.48M | Scene, ViewLayer | Updating Scene BVH | Copying BVH to device
Fra:1 Mem:40.15M (Peak 62.94M) | Time:00:00.16 | Mem:2.86M, Peak:2.86M | Scene, ViewLayer | Updating Mesh | Computing normals
Fra:1 Mem:42.33M (Peak 62.94M) | Time:00:00.16 | Mem:2.86M, Peak:2.86M | Scene, ViewLayer | Updating Mesh | Copying Mesh to device
Fra:1 Mem:42.33M (Peak 62.94M) | Time:00:00.16 | Mem:5.04M, Peak:5.04M | Scene, ViewLayer | Updating Objects Flags
Fra:1 Mem:42.33M (Peak 62.94M) | Time:00:00.16 | Mem:5.04M, Peak:5.04M | Scene, ViewLayer | Updating Primitive Offsets
Fra:1 Mem:42.33M (Peak 62.94M) | Time:00:00.16 | Mem:5.04M, Peak:5.04M | Scene, ViewLayer | Updating Images
Fra:1 Mem:42.33M (Peak 62.94M) | Time:00:00.16 | Mem:5.04M, Peak:5.04M | Scene, ViewLayer | Updating Camera Volume
Fra:1 Mem:42.33M (Peak 62.94M) | Time:00:00.16 | Mem:5.04M, Peak:5.04M | Scene, ViewLayer | Updating Lookup Tables
Fra:1 Mem:42.33M (Peak 62.94M) | Time:00:00.16 | Mem:5.12M, Peak:5.12M | Scene, ViewLayer | Updating Lights
Fra:1 Mem:42.33M (Peak 62.94M) | Time:00:00.16 | Mem:5.12M, Peak:5.12M | Scene, ViewLayer | Updating Lights | Computing tree
Fra:1 Mem:42.33M (Peak 62.94M) | Time:00:00.16 | Mem:5.12M, Peak:5.12M | Scene, ViewLayer | Updating Integrator
Fra:1 Mem:42.33M (Peak 62.94M) | Time:00:00.16 | Mem:5.12M, Peak:5.12M | Scene, ViewLayer | Updating Film
Fra:1 Mem:42.33M (Peak 62.94M) | Time:00:00.16 | Mem:5.04M, Peak:5.12M | Scene, ViewLayer | Updating Lookup Tables
Fra:1 Mem:42.33M (Peak 62.94M) | Time:00:00.16 | Mem:5.12M, Peak:5.12M | Scene, ViewLayer | Updating Baking
Fra:1 Mem:42.33M (Peak 62.94M) | Time:00:00.16 | Mem:5.12M, Peak:5.12M | Scene, ViewLayer | Updating Device | Writing constant memory
Fra:1 Mem:42.34M (Peak 62.94M) | Time:00:00.16 | Mem:5.12M, Peak:5.12M | Scene, ViewLayer | Loading denoising kernels (may take a few minutes the first time)
Fra:1 Mem:46.34M (Peak 62.94M) | Time:00:00.16 | Mem:357.13M, Peak:357.13M | Scene, ViewLayer | Sample 0/24
Fra:1 Mem:89.09M (Peak 89.09M) | Time:00:00.17 | Remaining:00:00.13 | Mem:399.88M, Peak:399.88M | Scene, ViewLayer | Sample 1/24
Fra:1 Mem:107.10M (Peak 134.10M) | Time:00:01.63 | Mem:399.88M, Peak:399.88M | Scene, ViewLayer | Sample 24/24
Fra:1 Mem:107.10M (Peak 134.10M) | Time:00:01.63 | Mem:399.88M, Peak:399.88M | Scene, ViewLayer | Finished

2026-09-23T06:40:07+0900/hunyuan-rig/heartbeat {'stage': 'rest-front', 'frame': 25} images=60
Saved: '/home/cbsim/ws/slime-workflow/.tmp/2026-09-23_06-25-15/rest-front.png'
Time: 00:01.79 (Saving: 00:00.07)

Fra:1 Mem:34.52M (Peak 34.52M) | Time:00:00.08 | Mem:0.00M, Peak:0.00M | Scene, ViewLayer | Synchronizing object | key
Fra:1 Mem:34.52M (Peak 34.52M) | Time:00:00.08 | Mem:0.00M, Peak:0.00M | Scene, ViewLayer | Synchronizing object | neck-shell-part
Fra:1 Mem:34.52M (Peak 34.52M) | Time:00:00.08 | Mem:0.00M, Peak:0.00M | Scene, ViewLayer | Synchronizing object | pelvis-shell-part
Fra:1 Mem:34.53M (Peak 34.53M) | Time:00:00.08 | Mem:0.00M, Peak:0.00M | Scene, ViewLayer | Synchronizing object | left-thigh-shell
Fra:1 Mem:34.59M (Peak 34.59M) | Time:00:00.08 | Mem:0.00M, Peak:0.00M | Scene, ViewLayer | Synchronizing object | left-foot-shell
Fra:1 Mem:35.28M (Peak 35.28M) | Time:00:00.08 | Mem:0.00M, Peak:0.00M | Scene, ViewLayer | Synchronizing object | left-wrist-ball
Fra:1 Mem:35.48M (Peak 35.48M) | Time:00:00.08 | Mem:0.00M, Peak:0.00M | Scene, ViewLayer | Synchronizing object | right-forearm-shell
Fra:1 Mem:35.84M (Peak 35.84M) | Time:00:00.08 | Mem:0.00M, Peak:0.00M | Scene, ViewLayer | Synchronizing object | right-thigh-shell
Fra:1 Mem:36.65M (Peak 36.65M) | Time:00:00.08 | Mem:0.00M, Peak:0.00M | Scene, ViewLayer | Synchronizing object | right-shin-shell
Fra:1 Mem:37.11M (Peak 37.11M) | Time:00:00.08 | Mem:0.00M, Peak:0.00M | Scene, ViewLayer | Synchronizing object | right-foot-shell
Fra:1 Mem:37.48M (Peak 37.48M) | Time:00:00.08 | Mem:0.00M, Peak:0.00M | Scene, ViewLayer | Synchronizing object | right-knee-ball
Fra:1 Mem:37.52M (Peak 37.52M) | Time:00:00.08 | Mem:0.00M, Peak:0.00M | Scene, ViewLayer | Synchronizing object | right-hip-ball
Fra:1 Mem:37.61M (Peak 37.61M) | Time:00:00.08 | Mem:0.00M, Peak:0.00M | Scene, ViewLayer | Synchronizing object | right-wrist-ball
Fra:1 Mem:37.81M (Peak 37.81M) | Time:00:00.08 | Mem:0.00M, Peak:0.00M | Scene, ViewLayer | Synchronizing object | right-elbow-ball
Fra:1 Mem:41.96M (Peak 41.96M) | Time:00:00.08 | Mem:0.00M, Peak:0.00M | Scene, ViewLayer | Initializing
Fra:1 Mem:34.83M (Peak 41.96M) | Time:00:00.08 | Mem:0.00M, Peak:0.00M | Scene, ViewLayer | Waiting for render to start
Fra:1 Mem:34.83M (Peak 41.96M) | Time:00:00.08 | Mem:0.00M, Peak:0.00M | Scene, ViewLayer | Updating Scene
Fra:1 Mem:34.83M (Peak 41.96M) | Time:00:00.08 | Mem:0.00M, Peak:0.00M | Scene, ViewLayer | Updating Shaders
Fra:1 Mem:34.83M (Peak 41.96M) | Time:00:00.08 | Mem:0.00M, Peak:0.00M | Scene, ViewLayer | Loading render kernels (may take a few minutes the first time)
Fra:1 Mem:34.92M (Peak 62.94M) | Time:00:00.12 | Mem:0.00M, Peak:0.00M | Scene, ViewLayer | Updating Procedurals
Fra:1 Mem:34.92M (Peak 62.94M) | Time:00:00.12 | Mem:0.00M, Peak:0.00M | Scene, ViewLayer | Updating Background
Fra:1 Mem:34.92M (Peak 62.94M) | Time:00:00.12 | Mem:0.00M, Peak:0.00M | Scene, ViewLayer | Updating Camera
Fra:1 Mem:34.92M (Peak 62.94M) | Time:00:00.12 | Mem:0.00M, Peak:0.00M | Scene, ViewLayer | Updating Meshes Flags
Fra:1 Mem:34.92M (Peak 62.94M) | Time:00:00.12 | Mem:0.00M, Peak:0.00M | Scene, ViewLayer | Updating Objects
Fra:1 Mem:34.92M (Peak 62.94M) | Time:00:00.12 | Mem:0.00M, Peak:0.00M | Scene, ViewLayer | Updating Objects | Copying Transformations to device
Fra:1 Mem:34.92M (Peak 62.94M) | Time:00:00.12 | Mem:0.01M, Peak:0.01M | Scene, ViewLayer | Updating Particle Systems
Fra:1 Mem:34.92M (Peak 62.94M) | Time:00:00.12 | Mem:0.01M, Peak:0.01M | Scene, ViewLayer | Updating Particle Systems | Copying Particles to device
Fra:1 Mem:34.92M (Peak 62.94M) | Time:00:00.12 | Mem:0.01M, Peak:0.01M | Scene, ViewLayer | Updating Meshes
Fra:1 Mem:34.92M (Peak 62.94M) | Time:00:00.12 | Mem:0.01M, Peak:0.01M | Scene, ViewLayer | Updating Objects | Applying Static Transformations
Fra:1 Mem:34.92M (Peak 62.94M) | Time:00:00.12 | Mem:0.01M, Peak:0.01M | Scene, ViewLayer | Updating Mesh | Computing attributes
Fra:1 Mem:35.40M (Peak 62.94M) | Time:00:00.12 | Mem:0.01M, Peak:0.01M | Scene, ViewLayer | Updating Mesh | Copying Attributes to device
Fra:1 Mem:35.39M (Peak 62.94M) | Time:00:00.12 | Mem:0.48M, Peak:0.48M | Scene, ViewLayer | Updating Scene BVH | Building
Fra:1 Mem:35.39M (Peak 62.94M) | Time:00:00.12 | Mem:0.48M, Peak:0.48M | Scene, ViewLayer | Updating Scene BVH | Building BVH
Fra:1 Mem:40.07M (Peak 62.94M) | Time:00:00.13 | Mem:0.48M, Peak:0.48M | Scene, ViewLayer | Updating Scene BVH | Packing BVH triangles and strands
Fra:1 Mem:40.38M (Peak 62.94M) | Time:00:00.13 | Mem:0.48M, Peak:0.48M | Scene, ViewLayer | Updating Scene BVH | Packing BVH nodes
Fra:1 Mem:40.15M (Peak 62.94M) | Time:00:00.13 | Mem:0.48M, Peak:0.48M | Scene, ViewLayer | Updating Scene BVH | Copying BVH to device
Fra:1 Mem:40.15M (Peak 62.94M) | Time:00:00.13 | Mem:2.86M, Peak:2.86M | Scene, ViewLayer | Updating Mesh | Computing normals
Fra:1 Mem:42.33M (Peak 62.94M) | Time:00:00.13 | Mem:2.86M, Peak:2.86M | Scene, ViewLayer | Updating Mesh | Copying Mesh to device
Fra:1 Mem:42.33M (Peak 62.94M) | Time:00:00.13 | Mem:5.04M, Peak:5.04M | Scene, ViewLayer | Updating Objects Flags
Fra:1 Mem:42.33M (Peak 62.94M) | Time:00:00.13 | Mem:5.04M, Peak:5.04M | Scene, ViewLayer | Updating Primitive Offsets
Fra:1 Mem:42.33M (Peak 62.94M) | Time:00:00.13 | Mem:5.04M, Peak:5.04M | Scene, ViewLayer | Updating Images
Fra:1 Mem:42.33M (Peak 62.94M) | Time:00:00.13 | Mem:5.04M, Peak:5.04M | Scene, ViewLayer | Updating Camera Volume
Fra:1 Mem:42.33M (Peak 62.94M) | Time:00:00.13 | Mem:5.04M, Peak:5.04M | Scene, ViewLayer | Updating Lookup Tables
Fra:1 Mem:42.33M (Peak 62.94M) | Time:00:00.13 | Mem:5.12M, Peak:5.12M | Scene, ViewLayer | Updating Lights
Fra:1 Mem:42.33M (Peak 62.94M) | Time:00:00.13 | Mem:5.12M, Peak:5.12M | Scene, ViewLayer | Updating Lights | Computing tree
Fra:1 Mem:42.33M (Peak 62.94M) | Time:00:00.13 | Mem:5.12M, Peak:5.12M | Scene, ViewLayer | Updating Integrator
Fra:1 Mem:42.33M (Peak 62.94M) | Time:00:00.13 | Mem:5.12M, Peak:5.12M | Scene, ViewLayer | Updating Film
Fra:1 Mem:42.33M (Peak 62.94M) | Time:00:00.13 | Mem:5.04M, Peak:5.12M | Scene, ViewLayer | Updating Lookup Tables
Fra:1 Mem:42.33M (Peak 62.94M) | Time:00:00.13 | Mem:5.12M, Peak:5.12M | Scene, ViewLayer | Updating Baking
Fra:1 Mem:42.33M (Peak 62.94M) | Time:00:00.13 | Mem:5.12M, Peak:5.12M | Scene, ViewLayer | Updating Device | Writing constant memory
Fra:1 Mem:42.34M (Peak 62.94M) | Time:00:00.13 | Mem:5.12M, Peak:5.12M | Scene, ViewLayer | Loading denoising kernels (may take a few minutes the first time)
Fra:1 Mem:46.34M (Peak 62.94M) | Time:00:00.14 | Mem:357.13M, Peak:357.13M | Scene, ViewLayer | Sample 0/24
Fra:1 Mem:89.09M (Peak 89.09M) | Time:00:00.14 | Remaining:00:00.11 | Mem:399.88M, Peak:399.88M | Scene, ViewLayer | Sample 1/24
Fra:1 Mem:107.10M (Peak 134.10M) | Time:00:01.58 | Mem:399.88M, Peak:399.88M | Scene, ViewLayer | Sample 24/24
Fra:1 Mem:107.10M (Peak 134.10M) | Time:00:01.59 | Mem:399.88M, Peak:399.88M | Scene, ViewLayer | Finished
Saved: '/home/cbsim/ws/slime-workflow/.tmp/2026-09-23_06-25-15/rest-side.png'
Time: 00:01.71 (Saving: 00:00.03)

Fra:1 Mem:34.51M (Peak 34.51M) | Time:00:00.07 | Mem:0.00M, Peak:0.00M | Scene, ViewLayer | Synchronizing object | key
Fra:1 Mem:34.52M (Peak 34.52M) | Time:00:00.07 | Mem:0.00M, Peak:0.00M | Scene, ViewLayer | Synchronizing object | fill
Fra:1 Mem:34.52M (Peak 34.52M) | Time:00:00.07 | Mem:0.00M, Peak:0.00M | Scene, ViewLayer | Synchronizing object | head-shell-part
Fra:1 Mem:34.52M (Peak 34.52M) | Time:00:00.07 | Mem:0.00M, Peak:0.00M | Scene, ViewLayer | Synchronizing object | abdomen-shell-part
Fra:1 Mem:34.53M (Peak 34.53M) | Time:00:00.07 | Mem:0.00M, Peak:0.00M | Scene, ViewLayer | Synchronizing object | pelvis-shell-part
Fra:1 Mem:34.57M (Peak 34.57M) | Time:00:00.07 | Mem:0.00M, Peak:0.00M | Scene, ViewLayer | Synchronizing object | head-pivot-ball
Fra:1 Mem:34.71M (Peak 34.71M) | Time:00:00.07 | Mem:0.00M, Peak:0.00M | Scene, ViewLayer | Synchronizing object | left-upper-arm-shell
Fra:1 Mem:34.80M (Peak 34.80M) | Time:00:00.07 | Mem:0.00M, Peak:0.00M | Scene, ViewLayer | Synchronizing object | left-hand-shell
Fra:1 Mem:35.63M (Peak 35.63M) | Time:00:00.07 | Mem:0.00M, Peak:0.00M | Scene, ViewLayer | Synchronizing object | left-thigh-shell
Fra:1 Mem:35.80M (Peak 35.80M) | Time:00:00.07 | Mem:0.00M, Peak:0.00M | Scene, ViewLayer | Synchronizing object | left-foot-shell
Fra:1 Mem:35.99M (Peak 35.99M) | Time:00:00.07 | Mem:0.00M, Peak:0.00M | Scene, ViewLayer | Synchronizing object | right-shin-shell
Fra:1 Mem:36.04M (Peak 36.04M) | Time:00:00.07 | Mem:0.00M, Peak:0.00M | Scene, ViewLayer | Synchronizing object | right-foot-shell
Fra:1 Mem:37.53M (Peak 37.53M) | Time:00:00.07 | Mem:0.00M, Peak:0.00M | Scene, ViewLayer | Synchronizing object | right-wrist-ball
Fra:1 Mem:37.84M (Peak 37.84M) | Time:00:00.07 | Mem:0.00M, Peak:0.00M | Scene, ViewLayer | Synchronizing object | right-elbow-ball
Fra:1 Mem:37.89M (Peak 37.89M) | Time:00:00.07 | Mem:0.00M, Peak:0.00M | Scene, ViewLayer | Synchronizing object | right-shoulder-ball
Fra:1 Mem:41.96M (Peak 41.96M) | Time:00:00.08 | Mem:0.00M, Peak:0.00M | Scene, ViewLayer | Initializing
Fra:1 Mem:34.83M (Peak 41.96M) | Time:00:00.08 | Mem:0.00M, Peak:0.00M | Scene, ViewLayer | Waiting for render to start
Fra:1 Mem:34.83M (Peak 41.96M) | Time:00:00.08 | Mem:0.00M, Peak:0.00M | Scene, ViewLayer | Updating Scene
Fra:1 Mem:34.83M (Peak 41.96M) | Time:00:00.08 | Mem:0.00M, Peak:0.00M | Scene, ViewLayer | Updating Shaders
Fra:1 Mem:34.83M (Peak 41.96M) | Time:00:00.08 | Mem:0.00M, Peak:0.00M | Scene, ViewLayer | Loading render kernels (may take a few minutes the first time)
Fra:1 Mem:34.92M (Peak 62.94M) | Time:00:00.12 | Mem:0.00M, Peak:0.00M | Scene, ViewLayer | Updating Procedurals
Fra:1 Mem:34.92M (Peak 62.94M) | Time:00:00.12 | Mem:0.00M, Peak:0.00M | Scene, ViewLayer | Updating Background
Fra:1 Mem:34.92M (Peak 62.94M) | Time:00:00.12 | Mem:0.00M, Peak:0.00M | Scene, ViewLayer | Updating Camera
Fra:1 Mem:34.92M (Peak 62.94M) | Time:00:00.12 | Mem:0.00M, Peak:0.00M | Scene, ViewLayer | Updating Meshes Flags
Fra:1 Mem:34.92M (Peak 62.94M) | Time:00:00.12 | Mem:0.00M, Peak:0.00M | Scene, ViewLayer | Updating Objects
Fra:1 Mem:34.92M (Peak 62.94M) | Time:00:00.12 | Mem:0.00M, Peak:0.00M | Scene, ViewLayer | Updating Objects | Copying Transformations to device
Fra:1 Mem:34.92M (Peak 62.94M) | Time:00:00.12 | Mem:0.01M, Peak:0.01M | Scene, ViewLayer | Updating Particle Systems
Fra:1 Mem:34.92M (Peak 62.94M) | Time:00:00.12 | Mem:0.01M, Peak:0.01M | Scene, ViewLayer | Updating Particle Systems | Copying Particles to device
Fra:1 Mem:34.92M (Peak 62.94M) | Time:00:00.12 | Mem:0.01M, Peak:0.01M | Scene, ViewLayer | Updating Meshes
Fra:1 Mem:34.92M (Peak 62.94M) | Time:00:00.12 | Mem:0.01M, Peak:0.01M | Scene, ViewLayer | Updating Objects | Applying Static Transformations
Fra:1 Mem:34.92M (Peak 62.94M) | Time:00:00.12 | Mem:0.01M, Peak:0.01M | Scene, ViewLayer | Updating Mesh | Computing attributes
Fra:1 Mem:35.40M (Peak 62.94M) | Time:00:00.12 | Mem:0.01M, Peak:0.01M | Scene, ViewLayer | Updating Mesh | Copying Attributes to device
Fra:1 Mem:35.39M (Peak 62.94M) | Time:00:00.12 | Mem:0.48M, Peak:0.48M | Scene, ViewLayer | Updating Scene BVH | Building
Fra:1 Mem:35.39M (Peak 62.94M) | Time:00:00.12 | Mem:0.48M, Peak:0.48M | Scene, ViewLayer | Updating Scene BVH | Building BVH
Fra:1 Mem:40.07M (Peak 62.94M) | Time:00:00.13 | Mem:0.48M, Peak:0.48M | Scene, ViewLayer | Updating Scene BVH | Packing BVH triangles and strands
Fra:1 Mem:40.38M (Peak 62.94M) | Time:00:00.13 | Mem:0.48M, Peak:0.48M | Scene, ViewLayer | Updating Scene BVH | Packing BVH nodes
Fra:1 Mem:40.15M (Peak 62.94M) | Time:00:00.13 | Mem:0.48M, Peak:0.48M | Scene, ViewLayer | Updating Scene BVH | Copying BVH to device
Fra:1 Mem:40.15M (Peak 62.94M) | Time:00:00.13 | Mem:2.86M, Peak:2.86M | Scene, ViewLayer | Updating Mesh | Computing normals
Fra:1 Mem:42.33M (Peak 62.94M) | Time:00:00.13 | Mem:2.86M, Peak:2.86M | Scene, ViewLayer | Updating Mesh | Copying Mesh to device
Fra:1 Mem:42.33M (Peak 62.94M) | Time:00:00.13 | Mem:5.04M, Peak:5.04M | Scene, ViewLayer | Updating Objects Flags
Fra:1 Mem:42.33M (Peak 62.94M) | Time:00:00.13 | Mem:5.04M, Peak:5.04M | Scene, ViewLayer | Updating Primitive Offsets
Fra:1 Mem:42.33M (Peak 62.94M) | Time:00:00.13 | Mem:5.04M, Peak:5.04M | Scene, ViewLayer | Updating Images
Fra:1 Mem:42.33M (Peak 62.94M) | Time:00:00.13 | Mem:5.04M, Peak:5.04M | Scene, ViewLayer | Updating Camera Volume
Fra:1 Mem:42.33M (Peak 62.94M) | Time:00:00.13 | Mem:5.04M, Peak:5.04M | Scene, ViewLayer | Updating Lookup Tables
Fra:1 Mem:42.33M (Peak 62.94M) | Time:00:00.13 | Mem:5.12M, Peak:5.12M | Scene, ViewLayer | Updating Lights
Fra:1 Mem:42.33M (Peak 62.94M) | Time:00:00.13 | Mem:5.12M, Peak:5.12M | Scene, ViewLayer | Updating Lights | Computing tree
Fra:1 Mem:42.33M (Peak 62.94M) | Time:00:00.13 | Mem:5.12M, Peak:5.12M | Scene, ViewLayer | Updating Integrator
Fra:1 Mem:42.33M (Peak 62.94M) | Time:00:00.13 | Mem:5.12M, Peak:5.12M | Scene, ViewLayer | Updating Film
Fra:1 Mem:42.33M (Peak 62.94M) | Time:00:00.13 | Mem:5.04M, Peak:5.12M | Scene, ViewLayer | Updating Lookup Tables
Fra:1 Mem:42.33M (Peak 62.94M) | Time:00:00.13 | Mem:5.12M, Peak:5.12M | Scene, ViewLayer | Updating Baking
Fra:1 Mem:42.33M (Peak 62.94M) | Time:00:00.13 | Mem:5.12M, Peak:5.12M | Scene, ViewLayer | Updating Device | Writing constant memory
Fra:1 Mem:42.34M (Peak 62.94M) | Time:00:00.13 | Mem:5.12M, Peak:5.12M | Scene, ViewLayer | Loading denoising kernels (may take a few minutes the first time)
Fra:1 Mem:46.34M (Peak 62.94M) | Time:00:00.13 | Mem:357.13M, Peak:357.13M | Scene, ViewLayer | Sample 0/24
Fra:1 Mem:89.09M (Peak 89.09M) | Time:00:00.14 | Remaining:00:00.13 | Mem:399.88M, Peak:399.88M | Scene, ViewLayer | Sample 1/24
Fra:1 Mem:107.10M (Peak 134.10M) | Time:00:01.57 | Mem:399.88M, Peak:399.88M | Scene, ViewLayer | Sample 24/24
Fra:1 Mem:107.10M (Peak 134.10M) | Time:00:01.57 | Mem:399.88M, Peak:399.88M | Scene, ViewLayer | Finished
Saved: '/home/cbsim/ws/slime-workflow/.tmp/2026-09-23_06-25-15/rest-back.png'
Time: 00:01.70 (Saving: 00:00.03)

Fra:1 Mem:34.52M (Peak 34.52M) | Time:00:00.08 | Mem:0.00M, Peak:0.00M | Scene, ViewLayer | Synchronizing object | key
Fra:1 Mem:34.52M (Peak 34.52M) | Time:00:00.08 | Mem:0.00M, Peak:0.00M | Scene, ViewLayer | Synchronizing object | neck-shell-part
Fra:1 Mem:34.52M (Peak 34.52M) | Time:00:00.08 | Mem:0.00M, Peak:0.00M | Scene, ViewLayer | Synchronizing object | right-ankle-ball
Fra:1 Mem:34.53M (Peak 34.53M) | Time:00:00.08 | Mem:0.00M, Peak:0.00M | Scene, ViewLayer | Synchronizing object | abdomen-shell-part
Fra:1 Mem:34.64M (Peak 34.64M) | Time:00:00.08 | Mem:0.00M, Peak:0.00M | Scene, ViewLayer | Synchronizing object | pelvis-shell-part
Fra:1 Mem:34.68M (Peak 34.68M) | Time:00:00.08 | Mem:0.00M, Peak:0.00M | Scene, ViewLayer | Synchronizing object | head-pivot-ball
Fra:1 Mem:34.86M (Peak 34.86M) | Time:00:00.08 | Mem:0.00M, Peak:0.00M | Scene, ViewLayer | Synchronizing object | left-hand-shell
Fra:1 Mem:34.94M (Peak 34.94M) | Time:00:00.08 | Mem:0.00M, Peak:0.00M | Scene, ViewLayer | Synchronizing object | left-foot-shell
Fra:1 Mem:35.44M (Peak 35.44M) | Time:00:00.08 | Mem:0.00M, Peak:0.00M | Scene, ViewLayer | Synchronizing object | left-elbow-ball
Fra:1 Mem:35.80M (Peak 35.80M) | Time:00:00.08 | Mem:0.00M, Peak:0.00M | Scene, ViewLayer | Synchronizing object | left-ankle-ball
Fra:1 Mem:35.84M (Peak 35.84M) | Time:00:00.08 | Mem:0.00M, Peak:0.00M | Scene, ViewLayer | Synchronizing object | right-thigh-shell
Fra:1 Mem:35.88M (Peak 35.88M) | Time:00:00.08 | Mem:0.00M, Peak:0.00M | Scene, ViewLayer | Synchronizing object | right-foot-shell
Fra:1 Mem:36.18M (Peak 36.18M) | Time:00:00.08 | Mem:0.00M, Peak:0.00M | Scene, ViewLayer | Synchronizing object | right-shoulder-ball
Fra:1 Mem:36.67M (Peak 36.67M) | Time:00:00.08 | Mem:0.00M, Peak:0.00M | Scene, ViewLayer | Synchronizing object | right-elbow-ball
Fra:1 Mem:36.69M (Peak 36.69M) | Time:00:00.08 | Mem:0.00M, Peak:0.00M | Scene, ViewLayer | Synchronizing object | right-wrist-ball
Fra:1 Mem:36.75M (Peak 36.75M) | Time:00:00.08 | Mem:0.00M, Peak:0.00M | Scene, ViewLayer | Synchronizing object | right-hip-ball
Fra:1 Mem:41.96M (Peak 41.96M) | Time:00:00.08 | Mem:0.00M, Peak:0.00M | Scene, ViewLayer | Initializing
Fra:1 Mem:34.83M (Peak 41.96M) | Time:00:00.08 | Mem:0.00M, Peak:0.00M | Scene, ViewLayer | Waiting for render to start
Fra:1 Mem:34.83M (Peak 41.96M) | Time:00:00.08 | Mem:0.00M, Peak:0.00M | Scene, ViewLayer | Updating Scene
Fra:1 Mem:34.83M (Peak 41.96M) | Time:00:00.08 | Mem:0.00M, Peak:0.00M | Scene, ViewLayer | Updating Shaders
Fra:1 Mem:34.83M (Peak 41.96M) | Time:00:00.08 | Mem:0.00M, Peak:0.00M | Scene, ViewLayer | Loading render kernels (may take a few minutes the first time)
Fra:1 Mem:34.92M (Peak 62.94M) | Time:00:00.12 | Mem:0.00M, Peak:0.00M | Scene, ViewLayer | Updating Procedurals
Fra:1 Mem:34.92M (Peak 62.94M) | Time:00:00.12 | Mem:0.00M, Peak:0.00M | Scene, ViewLayer | Updating Background
Fra:1 Mem:34.92M (Peak 62.94M) | Time:00:00.12 | Mem:0.00M, Peak:0.00M | Scene, ViewLayer | Updating Camera
Fra:1 Mem:34.92M (Peak 62.94M) | Time:00:00.12 | Mem:0.00M, Peak:0.00M | Scene, ViewLayer | Updating Meshes Flags
Fra:1 Mem:34.92M (Peak 62.94M) | Time:00:00.12 | Mem:0.00M, Peak:0.00M | Scene, ViewLayer | Updating Objects
Fra:1 Mem:34.92M (Peak 62.94M) | Time:00:00.12 | Mem:0.00M, Peak:0.00M | Scene, ViewLayer | Updating Objects | Copying Transformations to device
Fra:1 Mem:34.92M (Peak 62.94M) | Time:00:00.12 | Mem:0.01M, Peak:0.01M | Scene, ViewLayer | Updating Particle Systems
Fra:1 Mem:34.92M (Peak 62.94M) | Time:00:00.12 | Mem:0.01M, Peak:0.01M | Scene, ViewLayer | Updating Particle Systems | Copying Particles to device
Fra:1 Mem:34.92M (Peak 62.94M) | Time:00:00.12 | Mem:0.01M, Peak:0.01M | Scene, ViewLayer | Updating Meshes
Fra:1 Mem:34.92M (Peak 62.94M) | Time:00:00.12 | Mem:0.01M, Peak:0.01M | Scene, ViewLayer | Updating Objects | Applying Static Transformations
Fra:1 Mem:34.92M (Peak 62.94M) | Time:00:00.12 | Mem:0.01M, Peak:0.01M | Scene, ViewLayer | Updating Mesh | Computing attributes
Fra:1 Mem:35.40M (Peak 62.94M) | Time:00:00.12 | Mem:0.01M, Peak:0.01M | Scene, ViewLayer | Updating Mesh | Copying Attributes to device
Fra:1 Mem:35.39M (Peak 62.94M) | Time:00:00.12 | Mem:0.48M, Peak:0.48M | Scene, ViewLayer | Updating Scene BVH | Building
Fra:1 Mem:35.39M (Peak 62.94M) | Time:00:00.12 | Mem:0.48M, Peak:0.48M | Scene, ViewLayer | Updating Scene BVH | Building BVH
Fra:1 Mem:40.07M (Peak 62.94M) | Time:00:00.13 | Mem:0.48M, Peak:0.48M | Scene, ViewLayer | Updating Scene BVH | Packing BVH triangles and strands
Fra:1 Mem:40.38M (Peak 62.94M) | Time:00:00.13 | Mem:0.48M, Peak:0.48M | Scene, ViewLayer | Updating Scene BVH | Packing BVH nodes
Fra:1 Mem:40.15M (Peak 62.94M) | Time:00:00.13 | Mem:0.48M, Peak:0.48M | Scene, ViewLayer | Updating Scene BVH | Copying BVH to device
Fra:1 Mem:40.15M (Peak 62.94M) | Time:00:00.13 | Mem:2.86M, Peak:2.86M | Scene, ViewLayer | Updating Mesh | Computing normals
Fra:1 Mem:42.33M (Peak 62.94M) | Time:00:00.13 | Mem:2.86M, Peak:2.86M | Scene, ViewLayer | Updating Mesh | Copying Mesh to device
Fra:1 Mem:42.33M (Peak 62.94M) | Time:00:00.13 | Mem:5.04M, Peak:5.04M | Scene, ViewLayer | Updating Objects Flags
Fra:1 Mem:42.33M (Peak 62.94M) | Time:00:00.13 | Mem:5.04M, Peak:5.04M | Scene, ViewLayer | Updating Primitive Offsets
Fra:1 Mem:42.33M (Peak 62.94M) | Time:00:00.13 | Mem:5.04M, Peak:5.04M | Scene, ViewLayer | Updating Images
Fra:1 Mem:42.33M (Peak 62.94M) | Time:00:00.13 | Mem:5.04M, Peak:5.04M | Scene, ViewLayer | Updating Camera Volume
Fra:1 Mem:42.33M (Peak 62.94M) | Time:00:00.13 | Mem:5.04M, Peak:5.04M | Scene, ViewLayer | Updating Lookup Tables
Fra:1 Mem:42.33M (Peak 62.94M) | Time:00:00.13 | Mem:5.12M, Peak:5.12M | Scene, ViewLayer | Updating Lights
Fra:1 Mem:42.33M (Peak 62.94M) | Time:00:00.13 | Mem:5.12M, Peak:5.12M | Scene, ViewLayer | Updating Lights | Computing tree
Fra:1 Mem:42.33M (Peak 62.94M) | Time:00:00.13 | Mem:5.12M, Peak:5.12M | Scene, ViewLayer | Updating Integrator
Fra:1 Mem:42.33M (Peak 62.94M) | Time:00:00.13 | Mem:5.12M, Peak:5.12M | Scene, ViewLayer | Updating Film
Fra:1 Mem:42.33M (Peak 62.94M) | Time:00:00.13 | Mem:5.04M, Peak:5.12M | Scene, ViewLayer | Updating Lookup Tables
Fra:1 Mem:42.33M (Peak 62.94M) | Time:00:00.13 | Mem:5.12M, Peak:5.12M | Scene, ViewLayer | Updating Baking
Fra:1 Mem:42.33M (Peak 62.94M) | Time:00:00.13 | Mem:5.12M, Peak:5.12M | Scene, ViewLayer | Updating Device | Writing constant memory
Fra:1 Mem:42.34M (Peak 62.94M) | Time:00:00.13 | Mem:5.12M, Peak:5.12M | Scene, ViewLayer | Loading denoising kernels (may take a few minutes the first time)
Fra:1 Mem:46.34M (Peak 62.94M) | Time:00:00.14 | Mem:357.13M, Peak:357.13M | Scene, ViewLayer | Sample 0/24
Fra:1 Mem:89.09M (Peak 89.09M) | Time:00:00.14 | Remaining:00:00.13 | Mem:399.88M, Peak:399.88M | Scene, ViewLayer | Sample 1/24
2026-09-23T06:40:12+0900/hunyuan-rig/heartbeat {'stage': 'rest-three-quarter', 'frame': 25} images=60
Fra:1 Mem:107.10M (Peak 134.10M) | Time:00:01.61 | Mem:399.88M, Peak:399.88M | Scene, ViewLayer | Sample 24/24
Fra:1 Mem:107.10M (Peak 134.10M) | Time:00:01.61 | Mem:399.88M, Peak:399.88M | Scene, ViewLayer | Finished
Saved: '/home/cbsim/ws/slime-workflow/.tmp/2026-09-23_06-25-15/rest-three-quarter.png'
Time: 00:01.74 (Saving: 00:00.03)

Fra:1 Mem:35.44M (Peak 35.44M) | Time:00:00.07 | Mem:0.00M, Peak:0.00M | Scene, ViewLayer | Synchronizing object | key
Fra:1 Mem:35.44M (Peak 35.44M) | Time:00:00.07 | Mem:0.00M, Peak:0.00M | Scene, ViewLayer | Synchronizing object | fill
Fra:1 Mem:35.44M (Peak 35.44M) | Time:00:00.07 | Mem:0.00M, Peak:0.00M | Scene, ViewLayer | Synchronizing object | chest-shell-part
Fra:1 Mem:35.45M (Peak 35.45M) | Time:00:00.07 | Mem:0.00M, Peak:0.00M | Scene, ViewLayer | Synchronizing object | pelvis-shell-part
Fra:1 Mem:35.47M (Peak 35.47M) | Time:00:00.07 | Mem:0.00M, Peak:0.00M | Scene, ViewLayer | Synchronizing object | left-hand-shell
Fra:1 Mem:35.74M (Peak 35.74M) | Time:00:00.07 | Mem:0.00M, Peak:0.00M | Scene, ViewLayer | Synchronizing object | left-thigh-shell
Fra:1 Mem:35.78M (Peak 35.78M) | Time:00:00.07 | Mem:0.00M, Peak:0.00M | Scene, ViewLayer | Synchronizing object | right-ankle-ball
Fra:1 Mem:37.06M (Peak 37.06M) | Time:00:00.07 | Mem:0.00M, Peak:0.00M | Scene, ViewLayer | Synchronizing object | left-shin-shell
Fra:1 Mem:37.35M (Peak 37.35M) | Time:00:00.07 | Mem:0.00M, Peak:0.00M | Scene, ViewLayer | Synchronizing object | left-foot-shell
Fra:1 Mem:37.65M (Peak 37.65M) | Time:00:00.07 | Mem:0.00M, Peak:0.00M | Scene, ViewLayer | Synchronizing object | left-shoulder-ball
Fra:1 Mem:37.90M (Peak 37.90M) | Time:00:00.07 | Mem:0.00M, Peak:0.00M | Scene, ViewLayer | Synchronizing object | left-elbow-ball
Fra:1 Mem:37.91M (Peak 37.91M) | Time:00:00.07 | Mem:0.00M, Peak:0.00M | Scene, ViewLayer | Synchronizing object | right-forearm-shell
Fra:1 Mem:37.99M (Peak 37.99M) | Time:00:00.07 | Mem:0.00M, Peak:0.00M | Scene, ViewLayer | Synchronizing object | right-foot-shell
Fra:1 Mem:38.47M (Peak 38.47M) | Time:00:00.07 | Mem:0.00M, Peak:0.00M | Scene, ViewLayer | Synchronizing object | right-shoulder-ball
Fra:1 Mem:38.59M (Peak 38.59M) | Time:00:00.07 | Mem:0.00M, Peak:0.00M | Scene, ViewLayer | Synchronizing object | right-elbow-ball
Fra:1 Mem:38.72M (Peak 38.72M) | Time:00:00.07 | Mem:0.00M, Peak:0.00M | Scene, ViewLayer | Synchronizing object | right-wrist-ball
Fra:1 Mem:38.88M (Peak 38.88M) | Time:00:00.07 | Mem:0.00M, Peak:0.00M | Scene, ViewLayer | Synchronizing object | right-hip-ball
Fra:1 Mem:38.91M (Peak 38.91M) | Time:00:00.07 | Mem:0.00M, Peak:0.00M | Scene, ViewLayer | Synchronizing object | right-knee-ball
Fra:1 Mem:42.88M (Peak 42.88M) | Time:00:00.08 | Mem:0.00M, Peak:0.00M | Scene, ViewLayer | Initializing
Fra:1 Mem:35.29M (Peak 42.88M) | Time:00:00.08 | Mem:0.00M, Peak:0.00M | Scene, ViewLayer | Waiting for render to start
Fra:1 Mem:35.29M (Peak 42.88M) | Time:00:00.08 | Mem:0.00M, Peak:0.00M | Scene, ViewLayer | Updating Scene
Fra:1 Mem:35.29M (Peak 42.88M) | Time:00:00.08 | Mem:0.00M, Peak:0.00M | Scene, ViewLayer | Updating Shaders
Fra:1 Mem:35.30M (Peak 42.88M) | Time:00:00.08 | Mem:0.00M, Peak:0.00M | Scene, ViewLayer | Loading render kernels (may take a few minutes the first time)
Fra:1 Mem:35.38M (Peak 63.40M) | Time:00:00.12 | Mem:0.00M, Peak:0.00M | Scene, ViewLayer | Updating Procedurals
Fra:1 Mem:35.38M (Peak 63.40M) | Time:00:00.12 | Mem:0.00M, Peak:0.00M | Scene, ViewLayer | Updating Background
Fra:1 Mem:35.38M (Peak 63.40M) | Time:00:00.12 | Mem:0.00M, Peak:0.00M | Scene, ViewLayer | Updating Camera
Fra:1 Mem:35.38M (Peak 63.40M) | Time:00:00.12 | Mem:0.00M, Peak:0.00M | Scene, ViewLayer | Updating Meshes Flags
Fra:1 Mem:35.38M (Peak 63.40M) | Time:00:00.12 | Mem:0.00M, Peak:0.00M | Scene, ViewLayer | Updating Objects
Fra:1 Mem:35.38M (Peak 63.40M) | Time:00:00.12 | Mem:0.00M, Peak:0.00M | Scene, ViewLayer | Updating Objects | Copying Transformations to device
Fra:1 Mem:35.39M (Peak 63.40M) | Time:00:00.12 | Mem:0.01M, Peak:0.01M | Scene, ViewLayer | Updating Particle Systems
Fra:1 Mem:35.39M (Peak 63.40M) | Time:00:00.12 | Mem:0.01M, Peak:0.01M | Scene, ViewLayer | Updating Particle Systems | Copying Particles to device
Fra:1 Mem:35.39M (Peak 63.40M) | Time:00:00.12 | Mem:0.01M, Peak:0.01M | Scene, ViewLayer | Updating Meshes
Fra:1 Mem:35.39M (Peak 63.40M) | Time:00:00.12 | Mem:0.01M, Peak:0.01M | Scene, ViewLayer | Updating Objects | Applying Static Transformations
Fra:1 Mem:35.39M (Peak 63.40M) | Time:00:00.12 | Mem:0.01M, Peak:0.01M | Scene, ViewLayer | Updating Mesh | Computing attributes
Fra:1 Mem:35.86M (Peak 63.40M) | Time:00:00.12 | Mem:0.01M, Peak:0.01M | Scene, ViewLayer | Updating Mesh | Copying Attributes to device
Fra:1 Mem:35.86M (Peak 63.40M) | Time:00:00.12 | Mem:0.48M, Peak:0.48M | Scene, ViewLayer | Updating Scene BVH | Building
Fra:1 Mem:35.86M (Peak 63.40M) | Time:00:00.12 | Mem:0.48M, Peak:0.48M | Scene, ViewLayer | Updating Scene BVH | Building BVH
Fra:1 Mem:40.53M (Peak 63.40M) | Time:00:00.13 | Mem:0.48M, Peak:0.48M | Scene, ViewLayer | Updating Scene BVH | Packing BVH triangles and strands
Fra:1 Mem:40.85M (Peak 63.40M) | Time:00:00.13 | Mem:0.48M, Peak:0.48M | Scene, ViewLayer | Updating Scene BVH | Packing BVH nodes
Fra:1 Mem:40.61M (Peak 63.40M) | Time:00:00.13 | Mem:0.48M, Peak:0.48M | Scene, ViewLayer | Updating Scene BVH | Copying BVH to device
Fra:1 Mem:40.61M (Peak 63.40M) | Time:00:00.13 | Mem:2.86M, Peak:2.86M | Scene, ViewLayer | Updating Mesh | Computing normals
Fra:1 Mem:42.80M (Peak 63.40M) | Time:00:00.13 | Mem:2.86M, Peak:2.86M | Scene, ViewLayer | Updating Mesh | Copying Mesh to device
Fra:1 Mem:42.80M (Peak 63.40M) | Time:00:00.13 | Mem:5.04M, Peak:5.04M | Scene, ViewLayer | Updating Objects Flags
Fra:1 Mem:42.80M (Peak 63.40M) | Time:00:00.13 | Mem:5.04M, Peak:5.04M | Scene, ViewLayer | Updating Primitive Offsets
Fra:1 Mem:42.80M (Peak 63.40M) | Time:00:00.13 | Mem:5.04M, Peak:5.04M | Scene, ViewLayer | Updating Images
Fra:1 Mem:42.80M (Peak 63.40M) | Time:00:00.13 | Mem:5.04M, Peak:5.04M | Scene, ViewLayer | Updating Camera Volume
Fra:1 Mem:42.80M (Peak 63.40M) | Time:00:00.13 | Mem:5.04M, Peak:5.04M | Scene, ViewLayer | Updating Lookup Tables
Fra:1 Mem:42.80M (Peak 63.40M) | Time:00:00.13 | Mem:5.12M, Peak:5.12M | Scene, ViewLayer | Updating Lights
Fra:1 Mem:42.80M (Peak 63.40M) | Time:00:00.13 | Mem:5.12M, Peak:5.12M | Scene, ViewLayer | Updating Lights | Computing tree
Fra:1 Mem:42.80M (Peak 63.40M) | Time:00:00.13 | Mem:5.12M, Peak:5.12M | Scene, ViewLayer | Updating Integrator
Fra:1 Mem:42.80M (Peak 63.40M) | Time:00:00.13 | Mem:5.12M, Peak:5.12M | Scene, ViewLayer | Updating Film
Fra:1 Mem:42.80M (Peak 63.40M) | Time:00:00.13 | Mem:5.04M, Peak:5.12M | Scene, ViewLayer | Updating Lookup Tables
Fra:1 Mem:42.80M (Peak 63.40M) | Time:00:00.13 | Mem:5.13M, Peak:5.13M | Scene, ViewLayer | Updating Baking
Fra:1 Mem:42.80M (Peak 63.40M) | Time:00:00.13 | Mem:5.13M, Peak:5.13M | Scene, ViewLayer | Updating Device | Writing constant memory
Fra:1 Mem:42.80M (Peak 63.40M) | Time:00:00.13 | Mem:5.13M, Peak:5.13M | Scene, ViewLayer | Loading denoising kernels (may take a few minutes the first time)
Fra:1 Mem:46.81M (Peak 63.40M) | Time:00:00.13 | Mem:357.13M, Peak:357.13M | Scene, ViewLayer | Sample 0/24
Fra:1 Mem:89.56M (Peak 89.56M) | Time:00:00.14 | Remaining:00:00.14 | Mem:399.88M, Peak:399.88M | Scene, ViewLayer | Sample 1/24
Fra:1 Mem:107.56M (Peak 134.57M) | Time:00:01.60 | Mem:399.88M, Peak:399.88M | Scene, ViewLayer | Sample 24/24
Fra:1 Mem:107.56M (Peak 134.57M) | Time:00:01.60 | Mem:399.88M, Peak:399.88M | Scene, ViewLayer | Finished
Saved: '/home/cbsim/ws/slime-workflow/.tmp/2026-09-23_06-25-15/down_left-01.png'
Time: 00:01.73 (Saving: 00:00.04)

Fra:4 Mem:35.44M (Peak 35.44M) | Time:00:00.07 | Mem:0.00M, Peak:0.00M | Scene, ViewLayer | Synchronizing object | fill
Fra:4 Mem:35.44M (Peak 35.44M) | Time:00:00.07 | Mem:0.00M, Peak:0.00M | Scene, ViewLayer | Synchronizing object | right-ankle-ball
Fra:4 Mem:35.44M (Peak 35.44M) | Time:00:00.07 | Mem:0.00M, Peak:0.00M | Scene, ViewLayer | Synchronizing object | abdomen-shell-part
Fra:4 Mem:35.44M (Peak 35.44M) | Time:00:00.07 | Mem:0.00M, Peak:0.00M | Scene, ViewLayer | Synchronizing object | left-upper-arm-shell
Fra:4 Mem:35.45M (Peak 35.45M) | Time:00:00.07 | Mem:0.00M, Peak:0.00M | Scene, ViewLayer | Synchronizing object | left-hand-shell
Fra:4 Mem:35.50M (Peak 35.50M) | Time:00:00.07 | Mem:0.00M, Peak:0.00M | Scene, ViewLayer | Synchronizing object | left-foot-shell
Fra:4 Mem:35.71M (Peak 35.71M) | Time:00:00.07 | Mem:0.00M, Peak:0.00M | Scene, ViewLayer | Synchronizing object | left-elbow-ball
Fra:4 Mem:35.95M (Peak 35.95M) | Time:00:00.07 | Mem:0.00M, Peak:0.00M | Scene, ViewLayer | Synchronizing object | left-wrist-ball
Fra:4 Mem:36.40M (Peak 36.40M) | Time:00:00.07 | Mem:0.00M, Peak:0.00M | Scene, ViewLayer | Synchronizing object | left-ankle-ball
Fra:4 Mem:36.78M (Peak 36.78M) | Time:00:00.07 | Mem:0.00M, Peak:0.00M | Scene, ViewLayer | Synchronizing object | right-hand-shell
Fra:4 Mem:36.81M (Peak 36.81M) | Time:00:00.07 | Mem:0.00M, Peak:0.00M | Scene, ViewLayer | Synchronizing object | right-foot-shell
Fra:4 Mem:36.87M (Peak 36.87M) | Time:00:00.07 | Mem:0.00M, Peak:0.00M | Scene, ViewLayer | Synchronizing object | right-shoulder-ball
Fra:4 Mem:37.57M (Peak 37.57M) | Time:00:00.07 | Mem:0.00M, Peak:0.00M | Scene, ViewLayer | Synchronizing object | right-elbow-ball
Fra:4 Mem:37.96M (Peak 37.96M) | Time:00:00.07 | Mem:0.00M, Peak:0.00M | Scene, ViewLayer | Synchronizing object | right-wrist-ball
Fra:4 Mem:38.00M (Peak 38.00M) | Time:00:00.07 | Mem:0.00M, Peak:0.00M | Scene, ViewLayer | Synchronizing object | right-knee-ball
Fra:4 Mem:38.62M (Peak 38.62M) | Time:00:00.07 | Mem:0.00M, Peak:0.00M | Scene, ViewLayer | Synchronizing object | right-hip-ball
Fra:4 Mem:42.88M (Peak 42.88M) | Time:00:00.08 | Mem:0.00M, Peak:0.00M | Scene, ViewLayer | Initializing
Fra:4 Mem:35.29M (Peak 42.88M) | Time:00:00.08 | Mem:0.00M, Peak:0.00M | Scene, ViewLayer | Waiting for render to start
Fra:4 Mem:35.29M (Peak 42.88M) | Time:00:00.08 | Mem:0.00M, Peak:0.00M | Scene, ViewLayer | Updating Scene
Fra:4 Mem:35.29M (Peak 42.88M) | Time:00:00.08 | Mem:0.00M, Peak:0.00M | Scene, ViewLayer | Updating Shaders
Fra:4 Mem:35.30M (Peak 42.88M) | Time:00:00.08 | Mem:0.00M, Peak:0.00M | Scene, ViewLayer | Loading render kernels (may take a few minutes the first time)
Fra:4 Mem:35.38M (Peak 63.40M) | Time:00:00.12 | Mem:0.00M, Peak:0.00M | Scene, ViewLayer | Updating Procedurals
Fra:4 Mem:35.38M (Peak 63.40M) | Time:00:00.12 | Mem:0.00M, Peak:0.00M | Scene, ViewLayer | Updating Background
Fra:4 Mem:35.38M (Peak 63.40M) | Time:00:00.12 | Mem:0.00M, Peak:0.00M | Scene, ViewLayer | Updating Camera
Fra:4 Mem:35.38M (Peak 63.40M) | Time:00:00.12 | Mem:0.00M, Peak:0.00M | Scene, ViewLayer | Updating Meshes Flags
Fra:4 Mem:35.38M (Peak 63.40M) | Time:00:00.12 | Mem:0.00M, Peak:0.00M | Scene, ViewLayer | Updating Objects
Fra:4 Mem:35.38M (Peak 63.40M) | Time:00:00.12 | Mem:0.00M, Peak:0.00M | Scene, ViewLayer | Updating Objects | Copying Transformations to device
Fra:4 Mem:35.39M (Peak 63.40M) | Time:00:00.12 | Mem:0.01M, Peak:0.01M | Scene, ViewLayer | Updating Particle Systems
Fra:4 Mem:35.39M (Peak 63.40M) | Time:00:00.12 | Mem:0.01M, Peak:0.01M | Scene, ViewLayer | Updating Particle Systems | Copying Particles to device
Fra:4 Mem:35.39M (Peak 63.40M) | Time:00:00.12 | Mem:0.01M, Peak:0.01M | Scene, ViewLayer | Updating Meshes
Fra:4 Mem:35.39M (Peak 63.40M) | Time:00:00.12 | Mem:0.01M, Peak:0.01M | Scene, ViewLayer | Updating Objects | Applying Static Transformations
Fra:4 Mem:35.39M (Peak 63.40M) | Time:00:00.12 | Mem:0.01M, Peak:0.01M | Scene, ViewLayer | Updating Mesh | Computing attributes
Fra:4 Mem:35.86M (Peak 63.40M) | Time:00:00.12 | Mem:0.01M, Peak:0.01M | Scene, ViewLayer | Updating Mesh | Copying Attributes to device
Fra:4 Mem:35.86M (Peak 63.40M) | Time:00:00.12 | Mem:0.48M, Peak:0.48M | Scene, ViewLayer | Updating Scene BVH | Building
Fra:4 Mem:35.86M (Peak 63.40M) | Time:00:00.12 | Mem:0.48M, Peak:0.48M | Scene, ViewLayer | Updating Scene BVH | Building BVH
Fra:4 Mem:40.53M (Peak 63.40M) | Time:00:00.12 | Mem:0.48M, Peak:0.48M | Scene, ViewLayer | Updating Scene BVH | Packing BVH triangles and strands
Fra:4 Mem:40.85M (Peak 63.40M) | Time:00:00.12 | Mem:0.48M, Peak:0.48M | Scene, ViewLayer | Updating Scene BVH | Packing BVH nodes
Fra:4 Mem:40.61M (Peak 63.40M) | Time:00:00.13 | Mem:0.48M, Peak:0.48M | Scene, ViewLayer | Updating Scene BVH | Copying BVH to device
Fra:4 Mem:40.61M (Peak 63.40M) | Time:00:00.13 | Mem:2.86M, Peak:2.86M | Scene, ViewLayer | Updating Mesh | Computing normals
Fra:4 Mem:42.79M (Peak 63.40M) | Time:00:00.13 | Mem:2.86M, Peak:2.86M | Scene, ViewLayer | Updating Mesh | Copying Mesh to device
Fra:4 Mem:42.79M (Peak 63.40M) | Time:00:00.13 | Mem:5.04M, Peak:5.04M | Scene, ViewLayer | Updating Objects Flags
Fra:4 Mem:42.79M (Peak 63.40M) | Time:00:00.13 | Mem:5.04M, Peak:5.04M | Scene, ViewLayer | Updating Primitive Offsets
Fra:4 Mem:42.79M (Peak 63.40M) | Time:00:00.13 | Mem:5.04M, Peak:5.04M | Scene, ViewLayer | Updating Images
Fra:4 Mem:42.79M (Peak 63.40M) | Time:00:00.13 | Mem:5.04M, Peak:5.04M | Scene, ViewLayer | Updating Camera Volume
Fra:4 Mem:42.79M (Peak 63.40M) | Time:00:00.13 | Mem:5.04M, Peak:5.04M | Scene, ViewLayer | Updating Lookup Tables
Fra:4 Mem:42.79M (Peak 63.40M) | Time:00:00.13 | Mem:5.12M, Peak:5.12M | Scene, ViewLayer | Updating Lights
Fra:4 Mem:42.79M (Peak 63.40M) | Time:00:00.13 | Mem:5.12M, Peak:5.12M | Scene, ViewLayer | Updating Lights | Computing tree
Fra:4 Mem:42.79M (Peak 63.40M) | Time:00:00.13 | Mem:5.12M, Peak:5.12M | Scene, ViewLayer | Updating Integrator
Fra:4 Mem:42.79M (Peak 63.40M) | Time:00:00.13 | Mem:5.12M, Peak:5.12M | Scene, ViewLayer | Updating Film
Fra:4 Mem:42.80M (Peak 63.40M) | Time:00:00.13 | Mem:5.04M, Peak:5.12M | Scene, ViewLayer | Updating Lookup Tables
Fra:4 Mem:42.80M (Peak 63.40M) | Time:00:00.13 | Mem:5.13M, Peak:5.13M | Scene, ViewLayer | Updating Baking
Fra:4 Mem:42.80M (Peak 63.40M) | Time:00:00.13 | Mem:5.13M, Peak:5.13M | Scene, ViewLayer | Updating Device | Writing constant memory
Fra:4 Mem:42.80M (Peak 63.40M) | Time:00:00.13 | Mem:5.13M, Peak:5.13M | Scene, ViewLayer | Loading denoising kernels (may take a few minutes the first time)
Fra:4 Mem:46.80M (Peak 63.40M) | Time:00:00.13 | Mem:357.13M, Peak:357.13M | Scene, ViewLayer | Sample 0/24
Fra:4 Mem:89.56M (Peak 89.56M) | Time:00:00.14 | Remaining:00:00.14 | Mem:399.88M, Peak:399.88M | Scene, ViewLayer | Sample 1/24
Fra:4 Mem:107.56M (Peak 134.56M) | Time:00:01.62 | Mem:399.88M, Peak:399.88M | Scene, ViewLayer | Sample 24/24
Fra:4 Mem:107.56M (Peak 134.56M) | Time:00:01.62 | Mem:399.88M, Peak:399.88M | Scene, ViewLayer | Finished
Saved: '/home/cbsim/ws/slime-workflow/.tmp/2026-09-23_06-25-15/down_left-02.png'
Time: 00:01.76 (Saving: 00:00.04)

Fra:7 Mem:35.44M (Peak 35.44M) | Time:00:00.08 | Mem:0.00M, Peak:0.00M | Scene, ViewLayer | Synchronizing object | fill
Fra:7 Mem:35.44M (Peak 35.44M) | Time:00:00.08 | Mem:0.00M, Peak:0.00M | Scene, ViewLayer | Synchronizing object | right-ankle-ball
Fra:7 Mem:35.44M (Peak 35.44M) | Time:00:00.08 | Mem:0.00M, Peak:0.00M | Scene, ViewLayer | Synchronizing object | head-shell-part
Fra:7 Mem:35.62M (Peak 35.62M) | Time:00:00.08 | Mem:0.00M, Peak:0.00M | Scene, ViewLayer | Synchronizing object | neck-shell-part
Fra:7 Mem:36.12M (Peak 36.12M) | Time:00:00.08 | Mem:0.00M, Peak:0.00M | Scene, ViewLayer | Synchronizing object | abdomen-shell-part
Fra:7 Mem:36.24M (Peak 36.24M) | Time:00:00.08 | Mem:0.00M, Peak:0.00M | Scene, ViewLayer | Synchronizing object | right-hip-ball
Fra:7 Mem:36.33M (Peak 36.33M) | Time:00:00.08 | Mem:0.00M, Peak:0.00M | Scene, ViewLayer | Synchronizing object | pelvis-shell-part
Fra:7 Mem:36.49M (Peak 36.49M) | Time:00:00.08 | Mem:0.00M, Peak:0.00M | Scene, ViewLayer | Synchronizing object | right-wrist-ball
Fra:7 Mem:36.53M (Peak 36.53M) | Time:00:00.08 | Mem:0.00M, Peak:0.00M | Scene, ViewLayer | Synchronizing object | head-pivot-ball
Fra:7 Mem:36.54M (Peak 36.54M) | Time:00:00.08 | Mem:0.00M, Peak:0.00M | Scene, ViewLayer | Synchronizing object | right-elbow-ball
Fra:7 Mem:36.59M (Peak 36.59M) | Time:00:00.08 | Mem:0.00M, Peak:0.00M | Scene, ViewLayer | Synchronizing object | left-hip-ball
Fra:7 Mem:36.68M (Peak 36.68M) | Time:00:00.08 | Mem:0.00M, Peak:0.00M | Scene, ViewLayer | Synchronizing object | right-shoulder-ball
Fra:7 Mem:36.81M (Peak 36.81M) | Time:00:00.08 | Mem:0.00M, Peak:0.00M | Scene, ViewLayer | Synchronizing object | left-ankle-ball
Fra:7 Mem:37.10M (Peak 37.10M) | Time:00:00.08 | Mem:0.00M, Peak:0.00M | Scene, ViewLayer | Synchronizing object | right-foot-shell
Fra:7 Mem:37.23M (Peak 37.23M) | Time:00:00.08 | Mem:0.00M, Peak:0.00M | Scene, ViewLayer | Synchronizing object | right-upper-arm-shell
Fra:7 Mem:37.59M (Peak 37.59M) | Time:00:00.08 | Mem:0.00M, Peak:0.00M | Scene, ViewLayer | Synchronizing object | right-shin-shell
Fra:7 Mem:42.88M (Peak 42.88M) | Time:00:00.08 | Mem:0.00M, Peak:0.00M | Scene, ViewLayer | Initializing
Fra:7 Mem:35.29M (Peak 42.88M) | Time:00:00.08 | Mem:0.00M, Peak:0.00M | Scene, ViewLayer | Waiting for render to start
Fra:7 Mem:35.29M (Peak 42.88M) | Time:00:00.08 | Mem:0.00M, Peak:0.00M | Scene, ViewLayer | Updating Scene
Fra:7 Mem:35.29M (Peak 42.88M) | Time:00:00.08 | Mem:0.00M, Peak:0.00M | Scene, ViewLayer | Updating Shaders
Fra:7 Mem:35.30M (Peak 42.88M) | Time:00:00.08 | Mem:0.00M, Peak:0.00M | Scene, ViewLayer | Loading render kernels (may take a few minutes the first time)
Fra:7 Mem:35.38M (Peak 63.40M) | Time:00:00.12 | Mem:0.00M, Peak:0.00M | Scene, ViewLayer | Updating Procedurals
Fra:7 Mem:35.38M (Peak 63.40M) | Time:00:00.12 | Mem:0.00M, Peak:0.00M | Scene, ViewLayer | Updating Background
Fra:7 Mem:35.38M (Peak 63.40M) | Time:00:00.12 | Mem:0.00M, Peak:0.00M | Scene, ViewLayer | Updating Camera
Fra:7 Mem:35.38M (Peak 63.40M) | Time:00:00.12 | Mem:0.00M, Peak:0.00M | Scene, ViewLayer | Updating Meshes Flags
Fra:7 Mem:35.38M (Peak 63.40M) | Time:00:00.12 | Mem:0.00M, Peak:0.00M | Scene, ViewLayer | Updating Objects
Fra:7 Mem:35.38M (Peak 63.40M) | Time:00:00.12 | Mem:0.00M, Peak:0.00M | Scene, ViewLayer | Updating Objects | Copying Transformations to device
Fra:7 Mem:35.39M (Peak 63.40M) | Time:00:00.12 | Mem:0.01M, Peak:0.01M | Scene, ViewLayer | Updating Particle Systems
Fra:7 Mem:35.39M (Peak 63.40M) | Time:00:00.12 | Mem:0.01M, Peak:0.01M | Scene, ViewLayer | Updating Particle Systems | Copying Particles to device
Fra:7 Mem:35.39M (Peak 63.40M) | Time:00:00.12 | Mem:0.01M, Peak:0.01M | Scene, ViewLayer | Updating Meshes
Fra:7 Mem:35.39M (Peak 63.40M) | Time:00:00.12 | Mem:0.01M, Peak:0.01M | Scene, ViewLayer | Updating Objects | Applying Static Transformations
Fra:7 Mem:35.39M (Peak 63.40M) | Time:00:00.12 | Mem:0.01M, Peak:0.01M | Scene, ViewLayer | Updating Mesh | Computing attributes
Fra:7 Mem:35.86M (Peak 63.40M) | Time:00:00.12 | Mem:0.01M, Peak:0.01M | Scene, ViewLayer | Updating Mesh | Copying Attributes to device
Fra:7 Mem:35.86M (Peak 63.40M) | Time:00:00.12 | Mem:0.48M, Peak:0.48M | Scene, ViewLayer | Updating Scene BVH | Building
Fra:7 Mem:35.86M (Peak 63.40M) | Time:00:00.12 | Mem:0.48M, Peak:0.48M | Scene, ViewLayer | Updating Scene BVH | Building BVH
Fra:7 Mem:40.53M (Peak 63.40M) | Time:00:00.13 | Mem:0.48M, Peak:0.48M | Scene, ViewLayer | Updating Scene BVH | Packing BVH triangles and strands
Fra:7 Mem:40.85M (Peak 63.40M) | Time:00:00.13 | Mem:0.48M, Peak:0.48M | Scene, ViewLayer | Updating Scene BVH | Packing BVH nodes
Fra:7 Mem:40.60M (Peak 63.40M) | Time:00:00.13 | Mem:0.48M, Peak:0.48M | Scene, ViewLayer | Updating Scene BVH | Copying BVH to device
Fra:7 Mem:40.60M (Peak 63.40M) | Time:00:00.13 | Mem:2.85M, Peak:2.85M | Scene, ViewLayer | Updating Mesh | Computing normals
Fra:7 Mem:42.79M (Peak 63.40M) | Time:00:00.13 | Mem:2.85M, Peak:2.85M | Scene, ViewLayer | Updating Mesh | Copying Mesh to device
Fra:7 Mem:42.79M (Peak 63.40M) | Time:00:00.13 | Mem:5.04M, Peak:5.04M | Scene, ViewLayer | Updating Objects Flags
Fra:7 Mem:42.79M (Peak 63.40M) | Time:00:00.13 | Mem:5.04M, Peak:5.04M | Scene, ViewLayer | Updating Primitive Offsets
Fra:7 Mem:42.79M (Peak 63.40M) | Time:00:00.13 | Mem:5.04M, Peak:5.04M | Scene, ViewLayer | Updating Images
Fra:7 Mem:42.79M (Peak 63.40M) | Time:00:00.13 | Mem:5.04M, Peak:5.04M | Scene, ViewLayer | Updating Camera Volume
Fra:7 Mem:42.79M (Peak 63.40M) | Time:00:00.13 | Mem:5.04M, Peak:5.04M | Scene, ViewLayer | Updating Lookup Tables
Fra:7 Mem:42.79M (Peak 63.40M) | Time:00:00.13 | Mem:5.12M, Peak:5.12M | Scene, ViewLayer | Updating Lights
Fra:7 Mem:42.79M (Peak 63.40M) | Time:00:00.13 | Mem:5.12M, Peak:5.12M | Scene, ViewLayer | Updating Lights | Computing tree
Fra:7 Mem:42.79M (Peak 63.40M) | Time:00:00.13 | Mem:5.12M, Peak:5.12M | Scene, ViewLayer | Updating Integrator
Fra:7 Mem:42.79M (Peak 63.40M) | Time:00:00.13 | Mem:5.12M, Peak:5.12M | Scene, ViewLayer | Updating Film
Fra:7 Mem:42.79M (Peak 63.40M) | Time:00:00.13 | Mem:5.04M, Peak:5.12M | Scene, ViewLayer | Updating Lookup Tables
Fra:7 Mem:42.79M (Peak 63.40M) | Time:00:00.13 | Mem:5.12M, Peak:5.12M | Scene, ViewLayer | Updating Baking
Fra:7 Mem:42.79M (Peak 63.40M) | Time:00:00.13 | Mem:5.12M, Peak:5.12M | Scene, ViewLayer | Updating Device | Writing constant memory
Fra:7 Mem:42.80M (Peak 63.40M) | Time:00:00.13 | Mem:5.12M, Peak:5.12M | Scene, ViewLayer | Loading denoising kernels (may take a few minutes the first time)
Fra:7 Mem:46.80M (Peak 63.40M) | Time:00:00.13 | Mem:357.12M, Peak:357.12M | Scene, ViewLayer | Sample 0/24
Fra:7 Mem:89.55M (Peak 89.55M) | Time:00:00.14 | Remaining:00:00.13 | Mem:399.87M, Peak:399.87M | Scene, ViewLayer | Sample 1/24
2026-09-23T06:40:17+0900/hunyuan-rig/heartbeat {'stage': 'down_left', 'frame': 7} images=60
Fra:7 Mem:107.56M (Peak 134.56M) | Time:00:01.59 | Mem:399.88M, Peak:399.88M | Scene, ViewLayer | Sample 24/24
Fra:7 Mem:107.56M (Peak 134.56M) | Time:00:01.59 | Mem:399.88M, Peak:399.88M | Scene, ViewLayer | Finished
Saved: '/home/cbsim/ws/slime-workflow/.tmp/2026-09-23_06-25-15/down_left-03.png'
Time: 00:01.71 (Saving: 00:00.03)

Fra:10 Mem:35.44M (Peak 35.44M) | Time:00:00.08 | Mem:0.00M, Peak:0.00M | Scene, ViewLayer | Synchronizing object | key
Fra:10 Mem:35.44M (Peak 35.44M) | Time:00:00.08 | Mem:0.00M, Peak:0.00M | Scene, ViewLayer | Synchronizing object | neck-shell-part
Fra:10 Mem:35.44M (Peak 35.44M) | Time:00:00.08 | Mem:0.00M, Peak:0.00M | Scene, ViewLayer | Synchronizing object | head-shell-part
Fra:10 Mem:35.50M (Peak 35.50M) | Time:00:00.08 | Mem:0.00M, Peak:0.00M | Scene, ViewLayer | Synchronizing object | abdomen-shell-part
Fra:10 Mem:35.58M (Peak 35.58M) | Time:00:00.08 | Mem:0.00M, Peak:0.00M | Scene, ViewLayer | Synchronizing object | pelvis-shell-part
Fra:10 Mem:35.74M (Peak 35.74M) | Time:00:00.08 | Mem:0.00M, Peak:0.00M | Scene, ViewLayer | Synchronizing object | left-upper-arm-shell
Fra:10 Mem:36.47M (Peak 36.47M) | Time:00:00.08 | Mem:0.00M, Peak:0.00M | Scene, ViewLayer | Synchronizing object | left-thigh-shell
Fra:10 Mem:36.55M (Peak 36.55M) | Time:00:00.08 | Mem:0.00M, Peak:0.00M | Scene, ViewLayer | Synchronizing object | left-shin-shell
Fra:10 Mem:37.23M (Peak 37.23M) | Time:00:00.08 | Mem:0.00M, Peak:0.00M | Scene, ViewLayer | Synchronizing object | left-knee-ball
Fra:10 Mem:37.27M (Peak 37.27M) | Time:00:00.08 | Mem:0.00M, Peak:0.00M | Scene, ViewLayer | Synchronizing object | right-upper-arm-shell
Fra:10 Mem:37.46M (Peak 37.46M) | Time:00:00.08 | Mem:0.00M, Peak:0.00M | Scene, ViewLayer | Synchronizing object | right-thigh-shell
Fra:10 Mem:38.24M (Peak 38.24M) | Time:00:00.08 | Mem:0.00M, Peak:0.00M | Scene, ViewLayer | Synchronizing object | right-shin-shell
Fra:10 Mem:38.25M (Peak 38.25M) | Time:00:00.08 | Mem:0.00M, Peak:0.00M | Scene, ViewLayer | Synchronizing object | right-shoulder-ball
Fra:10 Mem:38.56M (Peak 38.56M) | Time:00:00.08 | Mem:0.00M, Peak:0.00M | Scene, ViewLayer | Synchronizing object | right-elbow-ball
Fra:10 Mem:38.63M (Peak 38.63M) | Time:00:00.08 | Mem:0.00M, Peak:0.00M | Scene, ViewLayer | Synchronizing object | right-wrist-ball
Fra:10 Mem:38.69M (Peak 38.69M) | Time:00:00.08 | Mem:0.00M, Peak:0.00M | Scene, ViewLayer | Synchronizing object | right-hip-ball
Fra:10 Mem:42.88M (Peak 42.88M) | Time:00:00.08 | Mem:0.00M, Peak:0.00M | Scene, ViewLayer | Initializing
Fra:10 Mem:35.29M (Peak 42.88M) | Time:00:00.08 | Mem:0.00M, Peak:0.00M | Scene, ViewLayer | Waiting for render to start
Fra:10 Mem:35.29M (Peak 42.88M) | Time:00:00.08 | Mem:0.00M, Peak:0.00M | Scene, ViewLayer | Updating Scene
Fra:10 Mem:35.29M (Peak 42.88M) | Time:00:00.08 | Mem:0.00M, Peak:0.00M | Scene, ViewLayer | Updating Shaders
Fra:10 Mem:35.30M (Peak 42.88M) | Time:00:00.08 | Mem:0.00M, Peak:0.00M | Scene, ViewLayer | Loading render kernels (may take a few minutes the first time)
Fra:10 Mem:35.38M (Peak 63.40M) | Time:00:00.12 | Mem:0.00M, Peak:0.00M | Scene, ViewLayer | Updating Procedurals
Fra:10 Mem:35.38M (Peak 63.40M) | Time:00:00.12 | Mem:0.00M, Peak:0.00M | Scene, ViewLayer | Updating Background
Fra:10 Mem:35.38M (Peak 63.40M) | Time:00:00.12 | Mem:0.00M, Peak:0.00M | Scene, ViewLayer | Updating Camera
Fra:10 Mem:35.38M (Peak 63.40M) | Time:00:00.12 | Mem:0.00M, Peak:0.00M | Scene, ViewLayer | Updating Meshes Flags
Fra:10 Mem:35.38M (Peak 63.40M) | Time:00:00.12 | Mem:0.00M, Peak:0.00M | Scene, ViewLayer | Updating Objects
Fra:10 Mem:35.38M (Peak 63.40M) | Time:00:00.12 | Mem:0.00M, Peak:0.00M | Scene, ViewLayer | Updating Objects | Copying Transformations to device
Fra:10 Mem:35.39M (Peak 63.40M) | Time:00:00.12 | Mem:0.01M, Peak:0.01M | Scene, ViewLayer | Updating Particle Systems
Fra:10 Mem:35.39M (Peak 63.40M) | Time:00:00.12 | Mem:0.01M, Peak:0.01M | Scene, ViewLayer | Updating Particle Systems | Copying Particles to device
Fra:10 Mem:35.39M (Peak 63.40M) | Time:00:00.12 | Mem:0.01M, Peak:0.01M | Scene, ViewLayer | Updating Meshes
Fra:10 Mem:35.39M (Peak 63.40M) | Time:00:00.12 | Mem:0.01M, Peak:0.01M | Scene, ViewLayer | Updating Objects | Applying Static Transformations
Fra:10 Mem:35.39M (Peak 63.40M) | Time:00:00.12 | Mem:0.01M, Peak:0.01M | Scene, ViewLayer | Updating Mesh | Computing attributes
Fra:10 Mem:35.86M (Peak 63.40M) | Time:00:00.12 | Mem:0.01M, Peak:0.01M | Scene, ViewLayer | Updating Mesh | Copying Attributes to device
Fra:10 Mem:35.86M (Peak 63.40M) | Time:00:00.12 | Mem:0.48M, Peak:0.48M | Scene, ViewLayer | Updating Scene BVH | Building
Fra:10 Mem:35.86M (Peak 63.40M) | Time:00:00.12 | Mem:0.48M, Peak:0.48M | Scene, ViewLayer | Updating Scene BVH | Building BVH
Fra:10 Mem:40.53M (Peak 63.40M) | Time:00:00.13 | Mem:0.48M, Peak:0.48M | Scene, ViewLayer | Updating Scene BVH | Packing BVH triangles and strands
Fra:10 Mem:40.85M (Peak 63.40M) | Time:00:00.13 | Mem:0.48M, Peak:0.48M | Scene, ViewLayer | Updating Scene BVH | Packing BVH nodes
Fra:10 Mem:40.60M (Peak 63.40M) | Time:00:00.13 | Mem:0.48M, Peak:0.48M | Scene, ViewLayer | Updating Scene BVH | Copying BVH to device
Fra:10 Mem:40.60M (Peak 63.40M) | Time:00:00.13 | Mem:2.85M, Peak:2.85M | Scene, ViewLayer | Updating Mesh | Computing normals
Fra:10 Mem:42.79M (Peak 63.40M) | Time:00:00.13 | Mem:2.85M, Peak:2.85M | Scene, ViewLayer | Updating Mesh | Copying Mesh to device
Fra:10 Mem:42.79M (Peak 63.40M) | Time:00:00.13 | Mem:5.04M, Peak:5.04M | Scene, ViewLayer | Updating Objects Flags
Fra:10 Mem:42.79M (Peak 63.40M) | Time:00:00.13 | Mem:5.04M, Peak:5.04M | Scene, ViewLayer | Updating Primitive Offsets
Fra:10 Mem:42.79M (Peak 63.40M) | Time:00:00.13 | Mem:5.04M, Peak:5.04M | Scene, ViewLayer | Updating Images
Fra:10 Mem:42.79M (Peak 63.40M) | Time:00:00.13 | Mem:5.04M, Peak:5.04M | Scene, ViewLayer | Updating Camera Volume
Fra:10 Mem:42.79M (Peak 63.40M) | Time:00:00.13 | Mem:5.04M, Peak:5.04M | Scene, ViewLayer | Updating Lookup Tables
Fra:10 Mem:42.79M (Peak 63.40M) | Time:00:00.13 | Mem:5.12M, Peak:5.12M | Scene, ViewLayer | Updating Lights
Fra:10 Mem:42.79M (Peak 63.40M) | Time:00:00.13 | Mem:5.12M, Peak:5.12M | Scene, ViewLayer | Updating Lights | Computing tree
Fra:10 Mem:42.79M (Peak 63.40M) | Time:00:00.13 | Mem:5.12M, Peak:5.12M | Scene, ViewLayer | Updating Integrator
Fra:10 Mem:42.79M (Peak 63.40M) | Time:00:00.13 | Mem:5.12M, Peak:5.12M | Scene, ViewLayer | Updating Film
Fra:10 Mem:42.79M (Peak 63.40M) | Time:00:00.13 | Mem:5.04M, Peak:5.12M | Scene, ViewLayer | Updating Lookup Tables
Fra:10 Mem:42.79M (Peak 63.40M) | Time:00:00.13 | Mem:5.12M, Peak:5.12M | Scene, ViewLayer | Updating Baking
Fra:10 Mem:42.79M (Peak 63.40M) | Time:00:00.13 | Mem:5.12M, Peak:5.12M | Scene, ViewLayer | Updating Device | Writing constant memory
Fra:10 Mem:42.80M (Peak 63.40M) | Time:00:00.13 | Mem:5.12M, Peak:5.12M | Scene, ViewLayer | Loading denoising kernels (may take a few minutes the first time)
Fra:10 Mem:46.80M (Peak 63.40M) | Time:00:00.14 | Mem:357.12M, Peak:357.12M | Scene, ViewLayer | Sample 0/24
Fra:10 Mem:89.55M (Peak 89.55M) | Time:00:00.14 | Remaining:00:00.14 | Mem:399.87M, Peak:399.87M | Scene, ViewLayer | Sample 1/24
Fra:10 Mem:107.56M (Peak 134.56M) | Time:00:01.63 | Mem:399.88M, Peak:399.88M | Scene, ViewLayer | Sample 24/24
Fra:10 Mem:107.56M (Peak 134.56M) | Time:00:01.63 | Mem:399.88M, Peak:399.88M | Scene, ViewLayer | Finished
Saved: '/home/cbsim/ws/slime-workflow/.tmp/2026-09-23_06-25-15/down_left-04.png'
Time: 00:01.75 (Saving: 00:00.03)

Fra:13 Mem:35.44M (Peak 35.44M) | Time:00:00.08 | Mem:0.00M, Peak:0.00M | Scene, ViewLayer | Synchronizing object | fill
Fra:13 Mem:35.44M (Peak 35.44M) | Time:00:00.08 | Mem:0.00M, Peak:0.00M | Scene, ViewLayer | Synchronizing object | head-shell-part
Fra:13 Mem:35.46M (Peak 35.46M) | Time:00:00.08 | Mem:0.00M, Peak:0.00M | Scene, ViewLayer | Synchronizing object | neck-shell-part
Fra:13 Mem:35.57M (Peak 35.57M) | Time:00:00.08 | Mem:0.00M, Peak:0.00M | Scene, ViewLayer | Synchronizing object | pelvis-shell-part
Fra:13 Mem:35.63M (Peak 35.63M) | Time:00:00.08 | Mem:0.00M, Peak:0.00M | Scene, ViewLayer | Synchronizing object | head-pivot-ball
Fra:13 Mem:36.18M (Peak 36.18M) | Time:00:00.08 | Mem:0.00M, Peak:0.00M | Scene, ViewLayer | Synchronizing object | right-knee-ball
Fra:13 Mem:36.27M (Peak 36.27M) | Time:00:00.08 | Mem:0.00M, Peak:0.00M | Scene, ViewLayer | Synchronizing object | left-hand-shell
Fra:13 Mem:36.27M (Peak 36.27M) | Time:00:00.08 | Mem:0.00M, Peak:0.00M | Scene, ViewLayer | Synchronizing object | left-thigh-shell
Fra:13 Mem:36.29M (Peak 36.29M) | Time:00:00.08 | Mem:0.00M, Peak:0.00M | Scene, ViewLayer | Synchronizing object | left-hip-ball
Fra:13 Mem:36.51M (Peak 36.51M) | Time:00:00.08 | Mem:0.00M, Peak:0.00M | Scene, ViewLayer | Synchronizing object | right-forearm-shell
Fra:13 Mem:36.81M (Peak 36.81M) | Time:00:00.08 | Mem:0.00M, Peak:0.00M | Scene, ViewLayer | Synchronizing object | right-thigh-shell
Fra:13 Mem:37.03M (Peak 37.03M) | Time:00:00.08 | Mem:0.00M, Peak:0.00M | Scene, ViewLayer | Synchronizing object | right-shin-shell
Fra:13 Mem:37.10M (Peak 37.10M) | Time:00:00.08 | Mem:0.00M, Peak:0.00M | Scene, ViewLayer | Synchronizing object | right-foot-shell
Fra:13 Mem:37.86M (Peak 37.86M) | Time:00:00.08 | Mem:0.00M, Peak:0.00M | Scene, ViewLayer | Synchronizing object | right-shoulder-ball
Fra:13 Mem:38.61M (Peak 38.61M) | Time:00:00.08 | Mem:0.00M, Peak:0.00M | Scene, ViewLayer | Synchronizing object | right-elbow-ball
Fra:13 Mem:42.88M (Peak 42.88M) | Time:00:00.08 | Mem:0.00M, Peak:0.00M | Scene, ViewLayer | Initializing
Fra:13 Mem:35.29M (Peak 42.88M) | Time:00:00.08 | Mem:0.00M, Peak:0.00M | Scene, ViewLayer | Waiting for render to start
Fra:13 Mem:35.29M (Peak 42.88M) | Time:00:00.08 | Mem:0.00M, Peak:0.00M | Scene, ViewLayer | Updating Scene
Fra:13 Mem:35.29M (Peak 42.88M) | Time:00:00.08 | Mem:0.00M, Peak:0.00M | Scene, ViewLayer | Updating Shaders
Fra:13 Mem:35.30M (Peak 42.88M) | Time:00:00.08 | Mem:0.00M, Peak:0.00M | Scene, ViewLayer | Loading render kernels (may take a few minutes the first time)
Fra:13 Mem:35.38M (Peak 63.40M) | Time:00:00.12 | Mem:0.00M, Peak:0.00M | Scene, ViewLayer | Updating Procedurals
Fra:13 Mem:35.38M (Peak 63.40M) | Time:00:00.12 | Mem:0.00M, Peak:0.00M | Scene, ViewLayer | Updating Background
Fra:13 Mem:35.38M (Peak 63.40M) | Time:00:00.12 | Mem:0.00M, Peak:0.00M | Scene, ViewLayer | Updating Camera
Fra:13 Mem:35.38M (Peak 63.40M) | Time:00:00.12 | Mem:0.00M, Peak:0.00M | Scene, ViewLayer | Updating Meshes Flags
Fra:13 Mem:35.38M (Peak 63.40M) | Time:00:00.12 | Mem:0.00M, Peak:0.00M | Scene, ViewLayer | Updating Objects
Fra:13 Mem:35.38M (Peak 63.40M) | Time:00:00.12 | Mem:0.00M, Peak:0.00M | Scene, ViewLayer | Updating Objects | Copying Transformations to device
Fra:13 Mem:35.39M (Peak 63.40M) | Time:00:00.12 | Mem:0.01M, Peak:0.01M | Scene, ViewLayer | Updating Particle Systems
Fra:13 Mem:35.39M (Peak 63.40M) | Time:00:00.12 | Mem:0.01M, Peak:0.01M | Scene, ViewLayer | Updating Particle Systems | Copying Particles to device
Fra:13 Mem:35.39M (Peak 63.40M) | Time:00:00.12 | Mem:0.01M, Peak:0.01M | Scene, ViewLayer | Updating Meshes
Fra:13 Mem:35.39M (Peak 63.40M) | Time:00:00.12 | Mem:0.01M, Peak:0.01M | Scene, ViewLayer | Updating Objects | Applying Static Transformations
Fra:13 Mem:35.39M (Peak 63.40M) | Time:00:00.12 | Mem:0.01M, Peak:0.01M | Scene, ViewLayer | Updating Mesh | Computing attributes
Fra:13 Mem:35.86M (Peak 63.40M) | Time:00:00.12 | Mem:0.01M, Peak:0.01M | Scene, ViewLayer | Updating Mesh | Copying Attributes to device
Fra:13 Mem:35.86M (Peak 63.40M) | Time:00:00.12 | Mem:0.48M, Peak:0.48M | Scene, ViewLayer | Updating Scene BVH | Building
Fra:13 Mem:35.86M (Peak 63.40M) | Time:00:00.12 | Mem:0.48M, Peak:0.48M | Scene, ViewLayer | Updating Scene BVH | Building BVH
Fra:13 Mem:40.53M (Peak 63.40M) | Time:00:00.13 | Mem:0.48M, Peak:0.48M | Scene, ViewLayer | Updating Scene BVH | Packing BVH triangles and strands
Fra:13 Mem:40.85M (Peak 63.40M) | Time:00:00.13 | Mem:0.48M, Peak:0.48M | Scene, ViewLayer | Updating Scene BVH | Packing BVH nodes
Fra:13 Mem:40.61M (Peak 63.40M) | Time:00:00.13 | Mem:0.48M, Peak:0.48M | Scene, ViewLayer | Updating Scene BVH | Copying BVH to device
Fra:13 Mem:40.61M (Peak 63.40M) | Time:00:00.13 | Mem:2.86M, Peak:2.86M | Scene, ViewLayer | Updating Mesh | Computing normals
Fra:13 Mem:42.80M (Peak 63.40M) | Time:00:00.13 | Mem:2.86M, Peak:2.86M | Scene, ViewLayer | Updating Mesh | Copying Mesh to device
Fra:13 Mem:42.80M (Peak 63.40M) | Time:00:00.13 | Mem:5.04M, Peak:5.04M | Scene, ViewLayer | Updating Objects Flags
Fra:13 Mem:42.80M (Peak 63.40M) | Time:00:00.13 | Mem:5.04M, Peak:5.04M | Scene, ViewLayer | Updating Primitive Offsets
Fra:13 Mem:42.80M (Peak 63.40M) | Time:00:00.13 | Mem:5.04M, Peak:5.04M | Scene, ViewLayer | Updating Images
Fra:13 Mem:42.80M (Peak 63.40M) | Time:00:00.13 | Mem:5.04M, Peak:5.04M | Scene, ViewLayer | Updating Camera Volume
Fra:13 Mem:42.80M (Peak 63.40M) | Time:00:00.13 | Mem:5.04M, Peak:5.04M | Scene, ViewLayer | Updating Lookup Tables
Fra:13 Mem:42.80M (Peak 63.40M) | Time:00:00.13 | Mem:5.12M, Peak:5.12M | Scene, ViewLayer | Updating Lights
Fra:13 Mem:42.80M (Peak 63.40M) | Time:00:00.13 | Mem:5.12M, Peak:5.12M | Scene, ViewLayer | Updating Lights | Computing tree
Fra:13 Mem:42.80M (Peak 63.40M) | Time:00:00.14 | Mem:5.12M, Peak:5.12M | Scene, ViewLayer | Updating Integrator
Fra:13 Mem:42.80M (Peak 63.40M) | Time:00:00.14 | Mem:5.12M, Peak:5.12M | Scene, ViewLayer | Updating Film
Fra:13 Mem:42.80M (Peak 63.40M) | Time:00:00.14 | Mem:5.04M, Peak:5.12M | Scene, ViewLayer | Updating Lookup Tables
Fra:13 Mem:42.80M (Peak 63.40M) | Time:00:00.14 | Mem:5.13M, Peak:5.13M | Scene, ViewLayer | Updating Baking
Fra:13 Mem:42.80M (Peak 63.40M) | Time:00:00.14 | Mem:5.13M, Peak:5.13M | Scene, ViewLayer | Updating Device | Writing constant memory
Fra:13 Mem:42.81M (Peak 63.40M) | Time:00:00.14 | Mem:5.13M, Peak:5.13M | Scene, ViewLayer | Loading denoising kernels (may take a few minutes the first time)
Fra:13 Mem:46.81M (Peak 63.40M) | Time:00:00.14 | Mem:357.13M, Peak:357.13M | Scene, ViewLayer | Sample 0/24
Fra:13 Mem:89.56M (Peak 89.56M) | Time:00:00.14 | Remaining:00:00.14 | Mem:399.88M, Peak:399.88M | Scene, ViewLayer | Sample 1/24
Fra:13 Mem:107.57M (Peak 134.57M) | Time:00:01.62 | Mem:399.88M, Peak:399.88M | Scene, ViewLayer | Sample 24/24
Fra:13 Mem:107.57M (Peak 134.57M) | Time:00:01.62 | Mem:399.88M, Peak:399.88M | Scene, ViewLayer | Finished
Saved: '/home/cbsim/ws/slime-workflow/.tmp/2026-09-23_06-25-15/down_left-05.png'
Time: 00:01.74 (Saving: 00:00.03)

Fra:16 Mem:35.44M (Peak 35.44M) | Time:00:00.08 | Mem:0.00M, Peak:0.00M | Scene, ViewLayer | Synchronizing object | key
Fra:16 Mem:35.44M (Peak 35.44M) | Time:00:00.08 | Mem:0.00M, Peak:0.00M | Scene, ViewLayer | Synchronizing object | head-shell-part
Fra:16 Mem:35.44M (Peak 35.44M) | Time:00:00.08 | Mem:0.00M, Peak:0.00M | Scene, ViewLayer | Synchronizing object | pelvis-shell-part
Fra:16 Mem:35.46M (Peak 35.46M) | Time:00:00.08 | Mem:0.00M, Peak:0.00M | Scene, ViewLayer | Synchronizing object | left-hand-shell
Fra:16 Mem:35.66M (Peak 35.66M) | Time:00:00.08 | Mem:0.00M, Peak:0.00M | Scene, ViewLayer | Synchronizing object | left-shoulder-ball
Fra:16 Mem:36.50M (Peak 36.50M) | Time:00:00.08 | Mem:0.00M, Peak:0.00M | Scene, ViewLayer | Synchronizing object | left-elbow-ball
Fra:16 Mem:36.71M (Peak 36.71M) | Time:00:00.08 | Mem:0.00M, Peak:0.00M | Scene, ViewLayer | Synchronizing object | left-hip-ball
Fra:16 Mem:36.74M (Peak 36.74M) | Time:00:00.08 | Mem:0.00M, Peak:0.00M | Scene, ViewLayer | Synchronizing object | left-ankle-ball
Fra:16 Mem:36.76M (Peak 36.76M) | Time:00:00.08 | Mem:0.00M, Peak:0.00M | Scene, ViewLayer | Synchronizing object | right-upper-arm-shell
Fra:16 Mem:36.83M (Peak 36.83M) | Time:00:00.08 | Mem:0.00M, Peak:0.00M | Scene, ViewLayer | Synchronizing object | right-foot-shell
Fra:16 Mem:37.26M (Peak 37.26M) | Time:00:00.08 | Mem:0.00M, Peak:0.00M | Scene, ViewLayer | Synchronizing object | right-shoulder-ball
Fra:16 Mem:37.27M (Peak 37.27M) | Time:00:00.08 | Mem:0.00M, Peak:0.00M | Scene, ViewLayer | Synchronizing object | right-elbow-ball
Fra:16 Mem:37.53M (Peak 37.53M) | Time:00:00.08 | Mem:0.00M, Peak:0.00M | Scene, ViewLayer | Synchronizing object | right-wrist-ball
Fra:16 Mem:37.60M (Peak 37.60M) | Time:00:00.08 | Mem:0.00M, Peak:0.00M | Scene, ViewLayer | Synchronizing object | right-hip-ball
Fra:16 Mem:37.79M (Peak 37.79M) | Time:00:00.08 | Mem:0.00M, Peak:0.00M | Scene, ViewLayer | Synchronizing object | right-knee-ball
Fra:16 Mem:42.88M (Peak 42.88M) | Time:00:00.08 | Mem:0.00M, Peak:0.00M | Scene, ViewLayer | Initializing
Fra:16 Mem:35.29M (Peak 42.88M) | Time:00:00.08 | Mem:0.00M, Peak:0.00M | Scene, ViewLayer | Waiting for render to start
Fra:16 Mem:35.29M (Peak 42.88M) | Time:00:00.08 | Mem:0.00M, Peak:0.00M | Scene, ViewLayer | Updating Scene
Fra:16 Mem:35.29M (Peak 42.88M) | Time:00:00.08 | Mem:0.00M, Peak:0.00M | Scene, ViewLayer | Updating Shaders
Fra:16 Mem:35.30M (Peak 42.88M) | Time:00:00.08 | Mem:0.00M, Peak:0.00M | Scene, ViewLayer | Loading render kernels (may take a few minutes the first time)
Fra:16 Mem:35.38M (Peak 63.40M) | Time:00:00.12 | Mem:0.00M, Peak:0.00M | Scene, ViewLayer | Updating Procedurals
Fra:16 Mem:35.38M (Peak 63.40M) | Time:00:00.12 | Mem:0.00M, Peak:0.00M | Scene, ViewLayer | Updating Background
Fra:16 Mem:35.38M (Peak 63.40M) | Time:00:00.12 | Mem:0.00M, Peak:0.00M | Scene, ViewLayer | Updating Camera
Fra:16 Mem:35.38M (Peak 63.40M) | Time:00:00.12 | Mem:0.00M, Peak:0.00M | Scene, ViewLayer | Updating Meshes Flags
Fra:16 Mem:35.38M (Peak 63.40M) | Time:00:00.12 | Mem:0.00M, Peak:0.00M | Scene, ViewLayer | Updating Objects
Fra:16 Mem:35.38M (Peak 63.40M) | Time:00:00.12 | Mem:0.00M, Peak:0.00M | Scene, ViewLayer | Updating Objects | Copying Transformations to device
Fra:16 Mem:35.39M (Peak 63.40M) | Time:00:00.12 | Mem:0.01M, Peak:0.01M | Scene, ViewLayer | Updating Particle Systems
Fra:16 Mem:35.39M (Peak 63.40M) | Time:00:00.12 | Mem:0.01M, Peak:0.01M | Scene, ViewLayer | Updating Particle Systems | Copying Particles to device
Fra:16 Mem:35.39M (Peak 63.40M) | Time:00:00.12 | Mem:0.01M, Peak:0.01M | Scene, ViewLayer | Updating Meshes
Fra:16 Mem:35.39M (Peak 63.40M) | Time:00:00.12 | Mem:0.01M, Peak:0.01M | Scene, ViewLayer | Updating Objects | Applying Static Transformations
Fra:16 Mem:35.39M (Peak 63.40M) | Time:00:00.12 | Mem:0.01M, Peak:0.01M | Scene, ViewLayer | Updating Mesh | Computing attributes
Fra:16 Mem:35.86M (Peak 63.40M) | Time:00:00.12 | Mem:0.01M, Peak:0.01M | Scene, ViewLayer | Updating Mesh | Copying Attributes to device
Fra:16 Mem:35.86M (Peak 63.40M) | Time:00:00.12 | Mem:0.48M, Peak:0.48M | Scene, ViewLayer | Updating Scene BVH | Building
Fra:16 Mem:35.86M (Peak 63.40M) | Time:00:00.12 | Mem:0.48M, Peak:0.48M | Scene, ViewLayer | Updating Scene BVH | Building BVH
Fra:16 Mem:40.53M (Peak 63.40M) | Time:00:00.13 | Mem:0.48M, Peak:0.48M | Scene, ViewLayer | Updating Scene BVH | Packing BVH triangles and strands
Fra:16 Mem:40.85M (Peak 63.40M) | Time:00:00.13 | Mem:0.48M, Peak:0.48M | Scene, ViewLayer | Updating Scene BVH | Packing BVH nodes
Fra:16 Mem:40.60M (Peak 63.40M) | Time:00:00.13 | Mem:0.48M, Peak:0.48M | Scene, ViewLayer | Updating Scene BVH | Copying BVH to device
Fra:16 Mem:40.60M (Peak 63.40M) | Time:00:00.15 | Mem:2.85M, Peak:2.85M | Scene, ViewLayer | Updating Mesh | Computing normals
Fra:16 Mem:42.78M (Peak 63.40M) | Time:00:00.15 | Mem:2.85M, Peak:2.85M | Scene, ViewLayer | Updating Mesh | Copying Mesh to device
Fra:16 Mem:42.78M (Peak 63.40M) | Time:00:00.15 | Mem:5.03M, Peak:5.03M | Scene, ViewLayer | Updating Objects Flags
Fra:16 Mem:42.78M (Peak 63.40M) | Time:00:00.15 | Mem:5.03M, Peak:5.03M | Scene, ViewLayer | Updating Primitive Offsets
Fra:16 Mem:42.78M (Peak 63.40M) | Time:00:00.15 | Mem:5.03M, Peak:5.03M | Scene, ViewLayer | Updating Images
Fra:16 Mem:42.78M (Peak 63.40M) | Time:00:00.15 | Mem:5.03M, Peak:5.03M | Scene, ViewLayer | Updating Camera Volume
Fra:16 Mem:42.78M (Peak 63.40M) | Time:00:00.15 | Mem:5.03M, Peak:5.03M | Scene, ViewLayer | Updating Lookup Tables
Fra:16 Mem:42.78M (Peak 63.40M) | Time:00:00.15 | Mem:5.12M, Peak:5.12M | Scene, ViewLayer | Updating Lights
Fra:16 Mem:42.78M (Peak 63.40M) | Time:00:00.15 | Mem:5.12M, Peak:5.12M | Scene, ViewLayer | Updating Lights | Computing tree
Fra:16 Mem:42.78M (Peak 63.40M) | Time:00:00.15 | Mem:5.12M, Peak:5.12M | Scene, ViewLayer | Updating Integrator
Fra:16 Mem:42.78M (Peak 63.40M) | Time:00:00.15 | Mem:5.12M, Peak:5.12M | Scene, ViewLayer | Updating Film
Fra:16 Mem:42.79M (Peak 63.40M) | Time:00:00.15 | Mem:5.04M, Peak:5.12M | Scene, ViewLayer | Updating Lookup Tables
Fra:16 Mem:42.79M (Peak 63.40M) | Time:00:00.15 | Mem:5.12M, Peak:5.12M | Scene, ViewLayer | Updating Baking
Fra:16 Mem:42.79M (Peak 63.40M) | Time:00:00.15 | Mem:5.12M, Peak:5.12M | Scene, ViewLayer | Updating Device | Writing constant memory
Fra:16 Mem:42.79M (Peak 63.40M) | Time:00:00.15 | Mem:5.12M, Peak:5.12M | Scene, ViewLayer | Loading denoising kernels (may take a few minutes the first time)
Fra:16 Mem:46.79M (Peak 63.40M) | Time:00:00.15 | Mem:357.12M, Peak:357.12M | Scene, ViewLayer | Sample 0/24
Fra:16 Mem:89.55M (Peak 89.55M) | Time:00:00.16 | Remaining:00:00.14 | Mem:399.87M, Peak:399.87M | Scene, ViewLayer | Sample 1/24
2026-09-23T06:40:22+0900/hunyuan-rig/heartbeat {'stage': 'down_left', 'frame': 16} images=60
Fra:16 Mem:107.55M (Peak 134.55M) | Time:00:01.59 | Mem:399.87M, Peak:399.87M | Scene, ViewLayer | Sample 24/24
Fra:16 Mem:107.55M (Peak 134.55M) | Time:00:01.59 | Mem:399.87M, Peak:399.87M | Scene, ViewLayer | Finished
Saved: '/home/cbsim/ws/slime-workflow/.tmp/2026-09-23_06-25-15/down_left-06.png'
Time: 00:01.72 (Saving: 00:00.03)

Fra:19 Mem:35.44M (Peak 35.44M) | Time:00:00.07 | Mem:0.00M, Peak:0.00M | Scene, ViewLayer | Synchronizing object | key
Fra:19 Mem:35.44M (Peak 35.44M) | Time:00:00.07 | Mem:0.00M, Peak:0.00M | Scene, ViewLayer | Synchronizing object | right-ankle-ball
Fra:19 Mem:35.44M (Peak 35.44M) | Time:00:00.07 | Mem:0.00M, Peak:0.00M | Scene, ViewLayer | Synchronizing object | head-shell-part
Fra:19 Mem:35.49M (Peak 35.49M) | Time:00:00.07 | Mem:0.00M, Peak:0.00M | Scene, ViewLayer | Synchronizing object | right-knee-ball
Fra:19 Mem:35.66M (Peak 35.66M) | Time:00:00.07 | Mem:0.00M, Peak:0.00M | Scene, ViewLayer | Synchronizing object | right-hip-ball
Fra:19 Mem:35.66M (Peak 35.66M) | Time:00:00.07 | Mem:0.00M, Peak:0.00M | Scene, ViewLayer | Synchronizing object | left-upper-arm-shell
Fra:19 Mem:36.25M (Peak 36.25M) | Time:00:00.07 | Mem:0.00M, Peak:0.00M | Scene, ViewLayer | Synchronizing object | left-thigh-shell
Fra:19 Mem:36.68M (Peak 36.68M) | Time:00:00.07 | Mem:0.00M, Peak:0.00M | Scene, ViewLayer | Synchronizing object | left-shin-shell
Fra:19 Mem:36.69M (Peak 36.69M) | Time:00:00.07 | Mem:0.00M, Peak:0.00M | Scene, ViewLayer | Synchronizing object | right-upper-arm-shell
Fra:19 Mem:36.72M (Peak 36.72M) | Time:00:00.07 | Mem:0.00M, Peak:0.00M | Scene, ViewLayer | Synchronizing object | right-thigh-shell
Fra:19 Mem:37.00M (Peak 37.00M) | Time:00:00.07 | Mem:0.00M, Peak:0.00M | Scene, ViewLayer | Synchronizing object | right-shin-shell
Fra:19 Mem:37.06M (Peak 37.06M) | Time:00:00.07 | Mem:0.00M, Peak:0.00M | Scene, ViewLayer | Synchronizing object | right-foot-shell
Fra:19 Mem:37.41M (Peak 37.41M) | Time:00:00.07 | Mem:0.00M, Peak:0.00M | Scene, ViewLayer | Synchronizing object | right-wrist-ball
Fra:19 Mem:37.58M (Peak 37.58M) | Time:00:00.07 | Mem:0.00M, Peak:0.00M | Scene, ViewLayer | Synchronizing object | right-elbow-ball
Fra:19 Mem:37.59M (Peak 37.59M) | Time:00:00.07 | Mem:0.00M, Peak:0.00M | Scene, ViewLayer | Synchronizing object | right-shoulder-ball
Fra:19 Mem:42.88M (Peak 42.88M) | Time:00:00.08 | Mem:0.00M, Peak:0.00M | Scene, ViewLayer | Initializing
Fra:19 Mem:35.29M (Peak 42.88M) | Time:00:00.08 | Mem:0.00M, Peak:0.00M | Scene, ViewLayer | Waiting for render to start
Fra:19 Mem:35.29M (Peak 42.88M) | Time:00:00.08 | Mem:0.00M, Peak:0.00M | Scene, ViewLayer | Updating Scene
Fra:19 Mem:35.29M (Peak 42.88M) | Time:00:00.08 | Mem:0.00M, Peak:0.00M | Scene, ViewLayer | Updating Shaders
Fra:19 Mem:35.30M (Peak 42.88M) | Time:00:00.08 | Mem:0.00M, Peak:0.00M | Scene, ViewLayer | Loading render kernels (may take a few minutes the first time)
Fra:19 Mem:35.38M (Peak 63.40M) | Time:00:00.12 | Mem:0.00M, Peak:0.00M | Scene, ViewLayer | Updating Procedurals
Fra:19 Mem:35.38M (Peak 63.40M) | Time:00:00.12 | Mem:0.00M, Peak:0.00M | Scene, ViewLayer | Updating Background
Fra:19 Mem:35.38M (Peak 63.40M) | Time:00:00.12 | Mem:0.00M, Peak:0.00M | Scene, ViewLayer | Updating Camera
Fra:19 Mem:35.38M (Peak 63.40M) | Time:00:00.12 | Mem:0.00M, Peak:0.00M | Scene, ViewLayer | Updating Meshes Flags
Fra:19 Mem:35.38M (Peak 63.40M) | Time:00:00.12 | Mem:0.00M, Peak:0.00M | Scene, ViewLayer | Updating Objects
Fra:19 Mem:35.38M (Peak 63.40M) | Time:00:00.12 | Mem:0.00M, Peak:0.00M | Scene, ViewLayer | Updating Objects | Copying Transformations to device
Fra:19 Mem:35.39M (Peak 63.40M) | Time:00:00.12 | Mem:0.01M, Peak:0.01M | Scene, ViewLayer | Updating Particle Systems
Fra:19 Mem:35.39M (Peak 63.40M) | Time:00:00.12 | Mem:0.01M, Peak:0.01M | Scene, ViewLayer | Updating Particle Systems | Copying Particles to device
Fra:19 Mem:35.39M (Peak 63.40M) | Time:00:00.12 | Mem:0.01M, Peak:0.01M | Scene, ViewLayer | Updating Meshes
Fra:19 Mem:35.39M (Peak 63.40M) | Time:00:00.12 | Mem:0.01M, Peak:0.01M | Scene, ViewLayer | Updating Objects | Applying Static Transformations
Fra:19 Mem:35.39M (Peak 63.40M) | Time:00:00.12 | Mem:0.01M, Peak:0.01M | Scene, ViewLayer | Updating Mesh | Computing attributes
Fra:19 Mem:35.86M (Peak 63.40M) | Time:00:00.12 | Mem:0.01M, Peak:0.01M | Scene, ViewLayer | Updating Mesh | Copying Attributes to device
Fra:19 Mem:35.86M (Peak 63.40M) | Time:00:00.12 | Mem:0.48M, Peak:0.48M | Scene, ViewLayer | Updating Scene BVH | Building
Fra:19 Mem:35.86M (Peak 63.40M) | Time:00:00.12 | Mem:0.48M, Peak:0.48M | Scene, ViewLayer | Updating Scene BVH | Building BVH
Fra:19 Mem:40.53M (Peak 63.40M) | Time:00:00.13 | Mem:0.48M, Peak:0.48M | Scene, ViewLayer | Updating Scene BVH | Packing BVH triangles and strands
Fra:19 Mem:40.85M (Peak 63.40M) | Time:00:00.13 | Mem:0.48M, Peak:0.48M | Scene, ViewLayer | Updating Scene BVH | Packing BVH nodes
Fra:19 Mem:40.61M (Peak 63.40M) | Time:00:00.13 | Mem:0.48M, Peak:0.48M | Scene, ViewLayer | Updating Scene BVH | Copying BVH to device
Fra:19 Mem:40.61M (Peak 63.40M) | Time:00:00.13 | Mem:2.86M, Peak:2.86M | Scene, ViewLayer | Updating Mesh | Computing normals
Fra:19 Mem:42.79M (Peak 63.40M) | Time:00:00.13 | Mem:2.86M, Peak:2.86M | Scene, ViewLayer | Updating Mesh | Copying Mesh to device
Fra:19 Mem:42.79M (Peak 63.40M) | Time:00:00.13 | Mem:5.04M, Peak:5.04M | Scene, ViewLayer | Updating Objects Flags
Fra:19 Mem:42.79M (Peak 63.40M) | Time:00:00.13 | Mem:5.04M, Peak:5.04M | Scene, ViewLayer | Updating Primitive Offsets
Fra:19 Mem:42.79M (Peak 63.40M) | Time:00:00.13 | Mem:5.04M, Peak:5.04M | Scene, ViewLayer | Updating Images
Fra:19 Mem:42.79M (Peak 63.40M) | Time:00:00.13 | Mem:5.04M, Peak:5.04M | Scene, ViewLayer | Updating Camera Volume
Fra:19 Mem:42.79M (Peak 63.40M) | Time:00:00.13 | Mem:5.04M, Peak:5.04M | Scene, ViewLayer | Updating Lookup Tables
Fra:19 Mem:42.79M (Peak 63.40M) | Time:00:00.13 | Mem:5.12M, Peak:5.12M | Scene, ViewLayer | Updating Lights
Fra:19 Mem:42.79M (Peak 63.40M) | Time:00:00.13 | Mem:5.12M, Peak:5.12M | Scene, ViewLayer | Updating Lights | Computing tree
Fra:19 Mem:42.80M (Peak 63.40M) | Time:00:00.13 | Mem:5.12M, Peak:5.12M | Scene, ViewLayer | Updating Integrator
Fra:19 Mem:42.80M (Peak 63.40M) | Time:00:00.13 | Mem:5.12M, Peak:5.12M | Scene, ViewLayer | Updating Film
Fra:19 Mem:42.80M (Peak 63.40M) | Time:00:00.13 | Mem:5.04M, Peak:5.12M | Scene, ViewLayer | Updating Lookup Tables
Fra:19 Mem:42.80M (Peak 63.40M) | Time:00:00.13 | Mem:5.13M, Peak:5.13M | Scene, ViewLayer | Updating Baking
Fra:19 Mem:42.80M (Peak 63.40M) | Time:00:00.13 | Mem:5.13M, Peak:5.13M | Scene, ViewLayer | Updating Device | Writing constant memory
Fra:19 Mem:42.80M (Peak 63.40M) | Time:00:00.13 | Mem:5.13M, Peak:5.13M | Scene, ViewLayer | Loading denoising kernels (may take a few minutes the first time)
Fra:19 Mem:46.80M (Peak 63.40M) | Time:00:00.13 | Mem:357.13M, Peak:357.13M | Scene, ViewLayer | Sample 0/24
Fra:19 Mem:89.56M (Peak 89.56M) | Time:00:00.14 | Remaining:00:00.13 | Mem:399.88M, Peak:399.88M | Scene, ViewLayer | Sample 1/24
Fra:19 Mem:107.56M (Peak 134.56M) | Time:00:01.65 | Mem:399.88M, Peak:399.88M | Scene, ViewLayer | Sample 24/24
Fra:19 Mem:107.56M (Peak 134.56M) | Time:00:01.65 | Mem:399.88M, Peak:399.88M | Scene, ViewLayer | Finished
Saved: '/home/cbsim/ws/slime-workflow/.tmp/2026-09-23_06-25-15/down_left-07.png'
Time: 00:01.77 (Saving: 00:00.03)

Fra:22 Mem:35.44M (Peak 35.44M) | Time:00:00.08 | Mem:0.00M, Peak:0.00M | Scene, ViewLayer | Synchronizing object | key
Fra:22 Mem:35.44M (Peak 35.44M) | Time:00:00.08 | Mem:0.00M, Peak:0.00M | Scene, ViewLayer | Synchronizing object | right-ankle-ball
Fra:22 Mem:35.44M (Peak 35.44M) | Time:00:00.08 | Mem:0.00M, Peak:0.00M | Scene, ViewLayer | Synchronizing object | head-shell-part
Fra:22 Mem:35.48M (Peak 35.48M) | Time:00:00.08 | Mem:0.00M, Peak:0.00M | Scene, ViewLayer | Synchronizing object | neck-shell-part
Fra:22 Mem:35.51M (Peak 35.51M) | Time:00:00.08 | Mem:0.00M, Peak:0.00M | Scene, ViewLayer | Synchronizing object | right-knee-ball
Fra:22 Mem:35.68M (Peak 35.68M) | Time:00:00.08 | Mem:0.00M, Peak:0.00M | Scene, ViewLayer | Synchronizing object | head-pivot-ball
Fra:22 Mem:36.27M (Peak 36.27M) | Time:00:00.08 | Mem:0.00M, Peak:0.00M | Scene, ViewLayer | Synchronizing object | left-thigh-shell
Fra:22 Mem:36.29M (Peak 36.29M) | Time:00:00.08 | Mem:0.00M, Peak:0.00M | Scene, ViewLayer | Synchronizing object | left-elbow-ball
Fra:22 Mem:36.35M (Peak 36.35M) | Time:00:00.08 | Mem:0.00M, Peak:0.00M | Scene, ViewLayer | Synchronizing object | left-wrist-ball
Fra:22 Mem:36.62M (Peak 36.62M) | Time:00:00.08 | Mem:0.00M, Peak:0.00M | Scene, ViewLayer | Synchronizing object | right-shin-shell
Fra:22 Mem:37.44M (Peak 37.44M) | Time:00:00.08 | Mem:0.00M, Peak:0.00M | Scene, ViewLayer | Synchronizing object | right-wrist-ball
Fra:22 Mem:37.44M (Peak 37.44M) | Time:00:00.08 | Mem:0.00M, Peak:0.00M | Scene, ViewLayer | Synchronizing object | right-foot-shell
Fra:22 Mem:37.86M (Peak 37.86M) | Time:00:00.08 | Mem:0.00M, Peak:0.00M | Scene, ViewLayer | Synchronizing object | right-shoulder-ball
Fra:22 Mem:38.52M (Peak 38.52M) | Time:00:00.08 | Mem:0.00M, Peak:0.00M | Scene, ViewLayer | Synchronizing object | right-elbow-ball
Fra:22 Mem:42.88M (Peak 42.88M) | Time:00:00.08 | Mem:0.00M, Peak:0.00M | Scene, ViewLayer | Initializing
Fra:22 Mem:35.29M (Peak 42.88M) | Time:00:00.08 | Mem:0.00M, Peak:0.00M | Scene, ViewLayer | Waiting for render to start
Fra:22 Mem:35.29M (Peak 42.88M) | Time:00:00.08 | Mem:0.00M, Peak:0.00M | Scene, ViewLayer | Updating Scene
Fra:22 Mem:35.29M (Peak 42.88M) | Time:00:00.08 | Mem:0.00M, Peak:0.00M | Scene, ViewLayer | Updating Shaders
Fra:22 Mem:35.30M (Peak 42.88M) | Time:00:00.08 | Mem:0.00M, Peak:0.00M | Scene, ViewLayer | Loading render kernels (may take a few minutes the first time)
Fra:22 Mem:35.38M (Peak 63.40M) | Time:00:00.12 | Mem:0.00M, Peak:0.00M | Scene, ViewLayer | Updating Procedurals
Fra:22 Mem:35.38M (Peak 63.40M) | Time:00:00.12 | Mem:0.00M, Peak:0.00M | Scene, ViewLayer | Updating Background
Fra:22 Mem:35.38M (Peak 63.40M) | Time:00:00.12 | Mem:0.00M, Peak:0.00M | Scene, ViewLayer | Updating Camera
Fra:22 Mem:35.38M (Peak 63.40M) | Time:00:00.12 | Mem:0.00M, Peak:0.00M | Scene, ViewLayer | Updating Meshes Flags
Fra:22 Mem:35.38M (Peak 63.40M) | Time:00:00.12 | Mem:0.00M, Peak:0.00M | Scene, ViewLayer | Updating Objects
Fra:22 Mem:35.38M (Peak 63.40M) | Time:00:00.12 | Mem:0.00M, Peak:0.00M | Scene, ViewLayer | Updating Objects | Copying Transformations to device
Fra:22 Mem:35.39M (Peak 63.40M) | Time:00:00.12 | Mem:0.01M, Peak:0.01M | Scene, ViewLayer | Updating Particle Systems
Fra:22 Mem:35.39M (Peak 63.40M) | Time:00:00.12 | Mem:0.01M, Peak:0.01M | Scene, ViewLayer | Updating Particle Systems | Copying Particles to device
Fra:22 Mem:35.39M (Peak 63.40M) | Time:00:00.12 | Mem:0.01M, Peak:0.01M | Scene, ViewLayer | Updating Meshes
Fra:22 Mem:35.39M (Peak 63.40M) | Time:00:00.12 | Mem:0.01M, Peak:0.01M | Scene, ViewLayer | Updating Objects | Applying Static Transformations
Fra:22 Mem:35.39M (Peak 63.40M) | Time:00:00.12 | Mem:0.01M, Peak:0.01M | Scene, ViewLayer | Updating Mesh | Computing attributes
Fra:22 Mem:35.86M (Peak 63.40M) | Time:00:00.12 | Mem:0.01M, Peak:0.01M | Scene, ViewLayer | Updating Mesh | Copying Attributes to device
Fra:22 Mem:35.86M (Peak 63.40M) | Time:00:00.12 | Mem:0.48M, Peak:0.48M | Scene, ViewLayer | Updating Scene BVH | Building
Fra:22 Mem:35.86M (Peak 63.40M) | Time:00:00.12 | Mem:0.48M, Peak:0.48M | Scene, ViewLayer | Updating Scene BVH | Building BVH
Fra:22 Mem:40.53M (Peak 63.40M) | Time:00:00.13 | Mem:0.48M, Peak:0.48M | Scene, ViewLayer | Updating Scene BVH | Packing BVH triangles and strands
Fra:22 Mem:40.85M (Peak 63.40M) | Time:00:00.13 | Mem:0.48M, Peak:0.48M | Scene, ViewLayer | Updating Scene BVH | Packing BVH nodes
Fra:22 Mem:40.61M (Peak 63.40M) | Time:00:00.13 | Mem:0.48M, Peak:0.48M | Scene, ViewLayer | Updating Scene BVH | Copying BVH to device
Fra:22 Mem:40.61M (Peak 63.40M) | Time:00:00.13 | Mem:2.85M, Peak:2.85M | Scene, ViewLayer | Updating Mesh | Computing normals
Fra:22 Mem:42.79M (Peak 63.40M) | Time:00:00.13 | Mem:2.85M, Peak:2.85M | Scene, ViewLayer | Updating Mesh | Copying Mesh to device
Fra:22 Mem:42.79M (Peak 63.40M) | Time:00:00.13 | Mem:5.04M, Peak:5.04M | Scene, ViewLayer | Updating Objects Flags
Fra:22 Mem:42.79M (Peak 63.40M) | Time:00:00.13 | Mem:5.04M, Peak:5.04M | Scene, ViewLayer | Updating Primitive Offsets
Fra:22 Mem:42.79M (Peak 63.40M) | Time:00:00.13 | Mem:5.04M, Peak:5.04M | Scene, ViewLayer | Updating Images
Fra:22 Mem:42.79M (Peak 63.40M) | Time:00:00.13 | Mem:5.04M, Peak:5.04M | Scene, ViewLayer | Updating Camera Volume
Fra:22 Mem:42.79M (Peak 63.40M) | Time:00:00.13 | Mem:5.04M, Peak:5.04M | Scene, ViewLayer | Updating Lookup Tables
Fra:22 Mem:42.79M (Peak 63.40M) | Time:00:00.13 | Mem:5.12M, Peak:5.12M | Scene, ViewLayer | Updating Lights
Fra:22 Mem:42.79M (Peak 63.40M) | Time:00:00.13 | Mem:5.12M, Peak:5.12M | Scene, ViewLayer | Updating Lights | Computing tree
Fra:22 Mem:42.79M (Peak 63.40M) | Time:00:00.13 | Mem:5.12M, Peak:5.12M | Scene, ViewLayer | Updating Integrator
Fra:22 Mem:42.79M (Peak 63.40M) | Time:00:00.13 | Mem:5.12M, Peak:5.12M | Scene, ViewLayer | Updating Film
Fra:22 Mem:42.79M (Peak 63.40M) | Time:00:00.13 | Mem:5.04M, Peak:5.12M | Scene, ViewLayer | Updating Lookup Tables
Fra:22 Mem:42.79M (Peak 63.40M) | Time:00:00.13 | Mem:5.12M, Peak:5.12M | Scene, ViewLayer | Updating Baking
Fra:22 Mem:42.79M (Peak 63.40M) | Time:00:00.13 | Mem:5.12M, Peak:5.12M | Scene, ViewLayer | Updating Device | Writing constant memory
Fra:22 Mem:42.80M (Peak 63.40M) | Time:00:00.13 | Mem:5.12M, Peak:5.12M | Scene, ViewLayer | Loading denoising kernels (may take a few minutes the first time)
Fra:22 Mem:46.80M (Peak 63.40M) | Time:00:00.14 | Mem:357.12M, Peak:357.12M | Scene, ViewLayer | Sample 0/24
Fra:22 Mem:89.55M (Peak 89.55M) | Time:00:00.14 | Remaining:00:00.14 | Mem:399.88M, Peak:399.88M | Scene, ViewLayer | Sample 1/24
Fra:22 Mem:107.56M (Peak 134.56M) | Time:00:01.60 | Mem:399.88M, Peak:399.88M | Scene, ViewLayer | Sample 24/24
Fra:22 Mem:107.56M (Peak 134.56M) | Time:00:01.60 | Mem:399.88M, Peak:399.88M | Scene, ViewLayer | Finished
Saved: '/home/cbsim/ws/slime-workflow/.tmp/2026-09-23_06-25-15/down_left-08.png'
Time: 00:01.72 (Saving: 00:00.03)

Fra:1 Mem:35.44M (Peak 35.44M) | Time:00:00.08 | Mem:0.00M, Peak:0.00M | Scene, ViewLayer | Synchronizing object | fill
Fra:1 Mem:35.44M (Peak 35.44M) | Time:00:00.08 | Mem:0.00M, Peak:0.00M | Scene, ViewLayer | Synchronizing object | head-shell-part
Fra:1 Mem:35.57M (Peak 35.57M) | Time:00:00.08 | Mem:0.00M, Peak:0.00M | Scene, ViewLayer | Synchronizing object | neck-shell-part
Fra:1 Mem:35.57M (Peak 35.57M) | Time:00:00.08 | Mem:0.00M, Peak:0.00M | Scene, ViewLayer | Synchronizing object | pelvis-shell-part
Fra:1 Mem:36.21M (Peak 36.21M) | Time:00:00.08 | Mem:0.00M, Peak:0.00M | Scene, ViewLayer | Synchronizing object | head-pivot-ball
Fra:1 Mem:36.59M (Peak 36.59M) | Time:00:00.08 | Mem:0.00M, Peak:0.00M | Scene, ViewLayer | Synchronizing object | left-thigh-shell
Fra:1 Mem:36.64M (Peak 36.64M) | Time:00:00.08 | Mem:0.00M, Peak:0.00M | Scene, ViewLayer | Synchronizing object | left-foot-shell
Fra:1 Mem:36.87M (Peak 36.87M) | Time:00:00.08 | Mem:0.00M, Peak:0.00M | Scene, ViewLayer | Synchronizing object | left-wrist-ball
Fra:1 Mem:36.88M (Peak 36.88M) | Time:00:00.08 | Mem:0.00M, Peak:0.00M | Scene, ViewLayer | Synchronizing object | left-hip-ball
Fra:1 Mem:37.20M (Peak 37.20M) | Time:00:00.08 | Mem:0.00M, Peak:0.00M | Scene, ViewLayer | Synchronizing object | left-knee-ball
Fra:1 Mem:37.43M (Peak 37.43M) | Time:00:00.08 | Mem:0.00M, Peak:0.00M | Scene, ViewLayer | Synchronizing object | right-forearm-shell
Fra:1 Mem:37.49M (Peak 37.49M) | Time:00:00.08 | Mem:0.00M, Peak:0.00M | Scene, ViewLayer | Synchronizing object | right-thigh-shell
Fra:1 Mem:37.53M (Peak 37.53M) | Time:00:00.08 | Mem:0.00M, Peak:0.00M | Scene, ViewLayer | Synchronizing object | right-shin-shell
Fra:1 Mem:37.98M (Peak 37.98M) | Time:00:00.08 | Mem:0.00M, Peak:0.00M | Scene, ViewLayer | Synchronizing object | right-foot-shell
Fra:1 Mem:38.19M (Peak 38.19M) | Time:00:00.08 | Mem:0.00M, Peak:0.00M | Scene, ViewLayer | Synchronizing object | right-shoulder-ball
Fra:1 Mem:38.72M (Peak 38.72M) | Time:00:00.08 | Mem:0.00M, Peak:0.00M | Scene, ViewLayer | Synchronizing object | right-elbow-ball
Fra:1 Mem:38.93M (Peak 38.93M) | Time:00:00.08 | Mem:0.00M, Peak:0.00M | Scene, ViewLayer | Synchronizing object | right-wrist-ball
Fra:1 Mem:42.88M (Peak 42.88M) | Time:00:00.08 | Mem:0.00M, Peak:0.00M | Scene, ViewLayer | Initializing
Fra:1 Mem:35.29M (Peak 42.88M) | Time:00:00.08 | Mem:0.00M, Peak:0.00M | Scene, ViewLayer | Waiting for render to start
Fra:1 Mem:35.29M (Peak 42.88M) | Time:00:00.08 | Mem:0.00M, Peak:0.00M | Scene, ViewLayer | Updating Scene
Fra:1 Mem:35.29M (Peak 42.88M) | Time:00:00.08 | Mem:0.00M, Peak:0.00M | Scene, ViewLayer | Updating Shaders
Fra:1 Mem:35.30M (Peak 42.88M) | Time:00:00.08 | Mem:0.00M, Peak:0.00M | Scene, ViewLayer | Loading render kernels (may take a few minutes the first time)
Fra:1 Mem:35.38M (Peak 63.40M) | Time:00:00.12 | Mem:0.00M, Peak:0.00M | Scene, ViewLayer | Updating Procedurals
Fra:1 Mem:35.38M (Peak 63.40M) | Time:00:00.12 | Mem:0.00M, Peak:0.00M | Scene, ViewLayer | Updating Background
Fra:1 Mem:35.38M (Peak 63.40M) | Time:00:00.12 | Mem:0.00M, Peak:0.00M | Scene, ViewLayer | Updating Camera
Fra:1 Mem:35.38M (Peak 63.40M) | Time:00:00.12 | Mem:0.00M, Peak:0.00M | Scene, ViewLayer | Updating Meshes Flags
Fra:1 Mem:35.38M (Peak 63.40M) | Time:00:00.12 | Mem:0.00M, Peak:0.00M | Scene, ViewLayer | Updating Objects
Fra:1 Mem:35.38M (Peak 63.40M) | Time:00:00.12 | Mem:0.00M, Peak:0.00M | Scene, ViewLayer | Updating Objects | Copying Transformations to device
Fra:1 Mem:35.39M (Peak 63.40M) | Time:00:00.12 | Mem:0.01M, Peak:0.01M | Scene, ViewLayer | Updating Particle Systems
Fra:1 Mem:35.39M (Peak 63.40M) | Time:00:00.12 | Mem:0.01M, Peak:0.01M | Scene, ViewLayer | Updating Particle Systems | Copying Particles to device
Fra:1 Mem:35.39M (Peak 63.40M) | Time:00:00.12 | Mem:0.01M, Peak:0.01M | Scene, ViewLayer | Updating Meshes
Fra:1 Mem:35.39M (Peak 63.40M) | Time:00:00.12 | Mem:0.01M, Peak:0.01M | Scene, ViewLayer | Updating Objects | Applying Static Transformations
Fra:1 Mem:35.39M (Peak 63.40M) | Time:00:00.12 | Mem:0.01M, Peak:0.01M | Scene, ViewLayer | Updating Mesh | Computing attributes
Fra:1 Mem:35.86M (Peak 63.40M) | Time:00:00.12 | Mem:0.01M, Peak:0.01M | Scene, ViewLayer | Updating Mesh | Copying Attributes to device
Fra:1 Mem:35.86M (Peak 63.40M) | Time:00:00.12 | Mem:0.48M, Peak:0.48M | Scene, ViewLayer | Updating Scene BVH | Building
Fra:1 Mem:35.86M (Peak 63.40M) | Time:00:00.12 | Mem:0.48M, Peak:0.48M | Scene, ViewLayer | Updating Scene BVH | Building BVH
Fra:1 Mem:40.53M (Peak 63.40M) | Time:00:00.13 | Mem:0.48M, Peak:0.48M | Scene, ViewLayer | Updating Scene BVH | Packing BVH triangles and strands
Fra:1 Mem:40.85M (Peak 63.40M) | Time:00:00.13 | Mem:0.48M, Peak:0.48M | Scene, ViewLayer | Updating Scene BVH | Packing BVH nodes
Fra:1 Mem:40.61M (Peak 63.40M) | Time:00:00.13 | Mem:0.48M, Peak:0.48M | Scene, ViewLayer | Updating Scene BVH | Copying BVH to device
Fra:1 Mem:40.61M (Peak 63.40M) | Time:00:00.13 | Mem:2.86M, Peak:2.86M | Scene, ViewLayer | Updating Mesh | Computing normals
Fra:1 Mem:42.80M (Peak 63.40M) | Time:00:00.13 | Mem:2.86M, Peak:2.86M | Scene, ViewLayer | Updating Mesh | Copying Mesh to device
Fra:1 Mem:42.80M (Peak 63.40M) | Time:00:00.13 | Mem:5.04M, Peak:5.04M | Scene, ViewLayer | Updating Objects Flags
Fra:1 Mem:42.80M (Peak 63.40M) | Time:00:00.13 | Mem:5.04M, Peak:5.04M | Scene, ViewLayer | Updating Primitive Offsets
Fra:1 Mem:42.80M (Peak 63.40M) | Time:00:00.13 | Mem:5.04M, Peak:5.04M | Scene, ViewLayer | Updating Images
Fra:1 Mem:42.80M (Peak 63.40M) | Time:00:00.13 | Mem:5.04M, Peak:5.04M | Scene, ViewLayer | Updating Camera Volume
Fra:1 Mem:42.80M (Peak 63.40M) | Time:00:00.13 | Mem:5.04M, Peak:5.04M | Scene, ViewLayer | Updating Lookup Tables
Fra:1 Mem:42.80M (Peak 63.40M) | Time:00:00.13 | Mem:5.12M, Peak:5.12M | Scene, ViewLayer | Updating Lights
Fra:1 Mem:42.80M (Peak 63.40M) | Time:00:00.13 | Mem:5.12M, Peak:5.12M | Scene, ViewLayer | Updating Lights | Computing tree
Fra:1 Mem:42.80M (Peak 63.40M) | Time:00:00.13 | Mem:5.12M, Peak:5.12M | Scene, ViewLayer | Updating Integrator
Fra:1 Mem:42.80M (Peak 63.40M) | Time:00:00.13 | Mem:5.12M, Peak:5.12M | Scene, ViewLayer | Updating Film
Fra:1 Mem:42.80M (Peak 63.40M) | Time:00:00.13 | Mem:5.04M, Peak:5.12M | Scene, ViewLayer | Updating Lookup Tables
Fra:1 Mem:42.80M (Peak 63.40M) | Time:00:00.13 | Mem:5.13M, Peak:5.13M | Scene, ViewLayer | Updating Baking
Fra:1 Mem:42.80M (Peak 63.40M) | Time:00:00.13 | Mem:5.13M, Peak:5.13M | Scene, ViewLayer | Updating Device | Writing constant memory
Fra:1 Mem:42.80M (Peak 63.40M) | Time:00:00.13 | Mem:5.13M, Peak:5.13M | Scene, ViewLayer | Loading denoising kernels (may take a few minutes the first time)
Fra:1 Mem:46.81M (Peak 63.40M) | Time:00:00.14 | Mem:357.13M, Peak:357.13M | Scene, ViewLayer | Sample 0/24
Fra:1 Mem:89.56M (Peak 89.56M) | Time:00:00.14 | Remaining:00:00.13 | Mem:399.88M, Peak:399.88M | Scene, ViewLayer | Sample 1/24
2026-09-23T06:40:27+0900/hunyuan-rig/heartbeat {'stage': 'down_right', 'frame': 1} images=60
Fra:1 Mem:107.56M (Peak 134.57M) | Time:00:01.64 | Mem:399.88M, Peak:399.88M | Scene, ViewLayer | Sample 24/24
Fra:1 Mem:107.56M (Peak 134.57M) | Time:00:01.64 | Mem:399.88M, Peak:399.88M | Scene, ViewLayer | Finished
Saved: '/home/cbsim/ws/slime-workflow/.tmp/2026-09-23_06-25-15/down_right-01.png'
Time: 00:01.77 (Saving: 00:00.04)

Fra:4 Mem:35.44M (Peak 35.44M) | Time:00:00.07 | Mem:0.00M, Peak:0.00M | Scene, ViewLayer | Synchronizing object | key
Fra:4 Mem:35.44M (Peak 35.44M) | Time:00:00.07 | Mem:0.00M, Peak:0.00M | Scene, ViewLayer | Synchronizing object | right-ankle-ball
Fra:4 Mem:35.45M (Peak 35.45M) | Time:00:00.07 | Mem:0.00M, Peak:0.00M | Scene, ViewLayer | Synchronizing object | head-shell-part
Fra:4 Mem:35.49M (Peak 35.49M) | Time:00:00.07 | Mem:0.00M, Peak:0.00M | Scene, ViewLayer | Synchronizing object | neck-shell-part
Fra:4 Mem:35.51M (Peak 35.51M) | Time:00:00.07 | Mem:0.00M, Peak:0.00M | Scene, ViewLayer | Synchronizing object | head-pivot-ball
Fra:4 Mem:35.51M (Peak 35.51M) | Time:00:00.07 | Mem:0.00M, Peak:0.00M | Scene, ViewLayer | Synchronizing object | left-upper-arm-shell
Fra:4 Mem:35.62M (Peak 35.62M) | Time:00:00.07 | Mem:0.00M, Peak:0.00M | Scene, ViewLayer | Synchronizing object | left-forearm-shell
Fra:4 Mem:36.45M (Peak 36.45M) | Time:00:00.07 | Mem:0.00M, Peak:0.00M | Scene, ViewLayer | Synchronizing object | left-thigh-shell
Fra:4 Mem:36.76M (Peak 36.76M) | Time:00:00.07 | Mem:0.00M, Peak:0.00M | Scene, ViewLayer | Synchronizing object | left-hip-ball
Fra:4 Mem:36.83M (Peak 36.83M) | Time:00:00.07 | Mem:0.00M, Peak:0.00M | Scene, ViewLayer | Synchronizing object | left-ankle-ball
Fra:4 Mem:36.87M (Peak 36.87M) | Time:00:00.07 | Mem:0.00M, Peak:0.00M | Scene, ViewLayer | Synchronizing object | right-hand-shell
Fra:4 Mem:37.21M (Peak 37.21M) | Time:00:00.07 | Mem:0.00M, Peak:0.00M | Scene, ViewLayer | Synchronizing object | right-thigh-shell
Fra:4 Mem:37.42M (Peak 37.42M) | Time:00:00.07 | Mem:0.00M, Peak:0.00M | Scene, ViewLayer | Synchronizing object | right-foot-shell
Fra:4 Mem:37.48M (Peak 37.48M) | Time:00:00.07 | Mem:0.00M, Peak:0.00M | Scene, ViewLayer | Synchronizing object | right-shoulder-ball
Fra:4 Mem:38.35M (Peak 38.35M) | Time:00:00.07 | Mem:0.00M, Peak:0.00M | Scene, ViewLayer | Synchronizing object | right-elbow-ball
Fra:4 Mem:38.61M (Peak 38.61M) | Time:00:00.07 | Mem:0.00M, Peak:0.00M | Scene, ViewLayer | Synchronizing object | right-wrist-ball
Fra:4 Mem:38.61M (Peak 38.61M) | Time:00:00.07 | Mem:0.00M, Peak:0.00M | Scene, ViewLayer | Synchronizing object | right-hip-ball
Fra:4 Mem:42.88M (Peak 42.88M) | Time:00:00.08 | Mem:0.00M, Peak:0.00M | Scene, ViewLayer | Initializing
Fra:4 Mem:35.29M (Peak 42.88M) | Time:00:00.08 | Mem:0.00M, Peak:0.00M | Scene, ViewLayer | Waiting for render to start
Fra:4 Mem:35.29M (Peak 42.88M) | Time:00:00.08 | Mem:0.00M, Peak:0.00M | Scene, ViewLayer | Updating Scene
Fra:4 Mem:35.29M (Peak 42.88M) | Time:00:00.08 | Mem:0.00M, Peak:0.00M | Scene, ViewLayer | Updating Shaders
Fra:4 Mem:35.30M (Peak 42.88M) | Time:00:00.08 | Mem:0.00M, Peak:0.00M | Scene, ViewLayer | Loading render kernels (may take a few minutes the first time)
Fra:4 Mem:35.38M (Peak 63.40M) | Time:00:00.12 | Mem:0.00M, Peak:0.00M | Scene, ViewLayer | Updating Procedurals
Fra:4 Mem:35.38M (Peak 63.40M) | Time:00:00.12 | Mem:0.00M, Peak:0.00M | Scene, ViewLayer | Updating Background
Fra:4 Mem:35.38M (Peak 63.40M) | Time:00:00.12 | Mem:0.00M, Peak:0.00M | Scene, ViewLayer | Updating Camera
Fra:4 Mem:35.38M (Peak 63.40M) | Time:00:00.12 | Mem:0.00M, Peak:0.00M | Scene, ViewLayer | Updating Meshes Flags
Fra:4 Mem:35.38M (Peak 63.40M) | Time:00:00.12 | Mem:0.00M, Peak:0.00M | Scene, ViewLayer | Updating Objects
Fra:4 Mem:35.38M (Peak 63.40M) | Time:00:00.12 | Mem:0.00M, Peak:0.00M | Scene, ViewLayer | Updating Objects | Copying Transformations to device
Fra:4 Mem:35.39M (Peak 63.40M) | Time:00:00.12 | Mem:0.01M, Peak:0.01M | Scene, ViewLayer | Updating Particle Systems
Fra:4 Mem:35.39M (Peak 63.40M) | Time:00:00.12 | Mem:0.01M, Peak:0.01M | Scene, ViewLayer | Updating Particle Systems | Copying Particles to device
Fra:4 Mem:35.39M (Peak 63.40M) | Time:00:00.12 | Mem:0.01M, Peak:0.01M | Scene, ViewLayer | Updating Meshes
Fra:4 Mem:35.39M (Peak 63.40M) | Time:00:00.12 | Mem:0.01M, Peak:0.01M | Scene, ViewLayer | Updating Objects | Applying Static Transformations
Fra:4 Mem:35.39M (Peak 63.40M) | Time:00:00.12 | Mem:0.01M, Peak:0.01M | Scene, ViewLayer | Updating Mesh | Computing attributes
Fra:4 Mem:35.86M (Peak 63.40M) | Time:00:00.12 | Mem:0.01M, Peak:0.01M | Scene, ViewLayer | Updating Mesh | Copying Attributes to device
Fra:4 Mem:35.86M (Peak 63.40M) | Time:00:00.12 | Mem:0.48M, Peak:0.48M | Scene, ViewLayer | Updating Scene BVH | Building
Fra:4 Mem:35.86M (Peak 63.40M) | Time:00:00.12 | Mem:0.48M, Peak:0.48M | Scene, ViewLayer | Updating Scene BVH | Building BVH
Fra:4 Mem:40.53M (Peak 63.40M) | Time:00:00.13 | Mem:0.48M, Peak:0.48M | Scene, ViewLayer | Updating Scene BVH | Packing BVH triangles and strands
Fra:4 Mem:40.85M (Peak 63.40M) | Time:00:00.13 | Mem:0.48M, Peak:0.48M | Scene, ViewLayer | Updating Scene BVH | Packing BVH nodes
Fra:4 Mem:40.61M (Peak 63.40M) | Time:00:00.13 | Mem:0.48M, Peak:0.48M | Scene, ViewLayer | Updating Scene BVH | Copying BVH to device
Fra:4 Mem:40.61M (Peak 63.40M) | Time:00:00.13 | Mem:2.86M, Peak:2.86M | Scene, ViewLayer | Updating Mesh | Computing normals
Fra:4 Mem:42.79M (Peak 63.40M) | Time:00:00.13 | Mem:2.86M, Peak:2.86M | Scene, ViewLayer | Updating Mesh | Copying Mesh to device
Fra:4 Mem:42.79M (Peak 63.40M) | Time:00:00.13 | Mem:5.04M, Peak:5.04M | Scene, ViewLayer | Updating Objects Flags
Fra:4 Mem:42.79M (Peak 63.40M) | Time:00:00.13 | Mem:5.04M, Peak:5.04M | Scene, ViewLayer | Updating Primitive Offsets
Fra:4 Mem:42.79M (Peak 63.40M) | Time:00:00.13 | Mem:5.04M, Peak:5.04M | Scene, ViewLayer | Updating Images
Fra:4 Mem:42.79M (Peak 63.40M) | Time:00:00.13 | Mem:5.04M, Peak:5.04M | Scene, ViewLayer | Updating Camera Volume
Fra:4 Mem:42.79M (Peak 63.40M) | Time:00:00.13 | Mem:5.04M, Peak:5.04M | Scene, ViewLayer | Updating Lookup Tables
Fra:4 Mem:42.79M (Peak 63.40M) | Time:00:00.13 | Mem:5.12M, Peak:5.12M | Scene, ViewLayer | Updating Lights
Fra:4 Mem:42.79M (Peak 63.40M) | Time:00:00.13 | Mem:5.12M, Peak:5.12M | Scene, ViewLayer | Updating Lights | Computing tree
Fra:4 Mem:42.79M (Peak 63.40M) | Time:00:00.13 | Mem:5.12M, Peak:5.12M | Scene, ViewLayer | Updating Integrator
Fra:4 Mem:42.79M (Peak 63.40M) | Time:00:00.13 | Mem:5.12M, Peak:5.12M | Scene, ViewLayer | Updating Film
Fra:4 Mem:42.80M (Peak 63.40M) | Time:00:00.13 | Mem:5.04M, Peak:5.12M | Scene, ViewLayer | Updating Lookup Tables
Fra:4 Mem:42.80M (Peak 63.40M) | Time:00:00.13 | Mem:5.13M, Peak:5.13M | Scene, ViewLayer | Updating Baking
Fra:4 Mem:42.80M (Peak 63.40M) | Time:00:00.13 | Mem:5.13M, Peak:5.13M | Scene, ViewLayer | Updating Device | Writing constant memory
Fra:4 Mem:42.80M (Peak 63.40M) | Time:00:00.13 | Mem:5.13M, Peak:5.13M | Scene, ViewLayer | Loading denoising kernels (may take a few minutes the first time)
Fra:4 Mem:46.80M (Peak 63.40M) | Time:00:00.14 | Mem:357.13M, Peak:357.13M | Scene, ViewLayer | Sample 0/24
Fra:4 Mem:89.56M (Peak 89.56M) | Time:00:00.14 | Remaining:00:00.14 | Mem:399.88M, Peak:399.88M | Scene, ViewLayer | Sample 1/24
Fra:4 Mem:107.56M (Peak 134.56M) | Time:00:01.60 | Mem:399.88M, Peak:399.88M | Scene, ViewLayer | Sample 24/24
Fra:4 Mem:107.56M (Peak 134.56M) | Time:00:01.60 | Mem:399.88M, Peak:399.88M | Scene, ViewLayer | Finished
Saved: '/home/cbsim/ws/slime-workflow/.tmp/2026-09-23_06-25-15/down_right-02.png'
Time: 00:01.72 (Saving: 00:00.03)

Fra:7 Mem:35.44M (Peak 35.44M) | Time:00:00.08 | Mem:0.00M, Peak:0.00M | Scene, ViewLayer | Synchronizing object | fill
Fra:7 Mem:35.44M (Peak 35.44M) | Time:00:00.08 | Mem:0.00M, Peak:0.00M | Scene, ViewLayer | Synchronizing object | head-shell-part
Fra:7 Mem:35.44M (Peak 35.44M) | Time:00:00.08 | Mem:0.00M, Peak:0.00M | Scene, ViewLayer | Synchronizing object | neck-shell-part
Fra:7 Mem:35.48M (Peak 35.48M) | Time:00:00.08 | Mem:0.00M, Peak:0.00M | Scene, ViewLayer | Synchronizing object | head-pivot-ball
Fra:7 Mem:35.62M (Peak 35.62M) | Time:00:00.08 | Mem:0.00M, Peak:0.00M | Scene, ViewLayer | Synchronizing object | left-forearm-shell
Fra:7 Mem:36.16M (Peak 36.16M) | Time:00:00.08 | Mem:0.00M, Peak:0.00M | Scene, ViewLayer | Synchronizing object | left-hand-shell
Fra:7 Mem:36.20M (Peak 36.20M) | Time:00:00.08 | Mem:0.00M, Peak:0.00M | Scene, ViewLayer | Synchronizing object | left-shin-shell
Fra:7 Mem:36.37M (Peak 36.37M) | Time:00:00.08 | Mem:0.00M, Peak:0.00M | Scene, ViewLayer | Synchronizing object | left-wrist-ball
Fra:7 Mem:36.55M (Peak 36.55M) | Time:00:00.08 | Mem:0.00M, Peak:0.00M | Scene, ViewLayer | Synchronizing object | right-upper-arm-shell
Fra:7 Mem:36.73M (Peak 36.73M) | Time:00:00.08 | Mem:0.00M, Peak:0.00M | Scene, ViewLayer | Synchronizing object | right-hand-shell
Fra:7 Mem:36.74M (Peak 36.74M) | Time:00:00.08 | Mem:0.00M, Peak:0.00M | Scene, ViewLayer | Synchronizing object | right-shin-shell
Fra:7 Mem:36.78M (Peak 36.78M) | Time:00:00.08 | Mem:0.00M, Peak:0.00M | Scene, ViewLayer | Synchronizing object | right-foot-shell
Fra:7 Mem:38.71M (Peak 38.71M) | Time:00:00.08 | Mem:0.00M, Peak:0.00M | Scene, ViewLayer | Synchronizing object | right-shoulder-ball
Fra:7 Mem:38.90M (Peak 38.90M) | Time:00:00.08 | Mem:0.00M, Peak:0.00M | Scene, ViewLayer | Synchronizing object | right-elbow-ball
Fra:7 Mem:39.12M (Peak 39.12M) | Time:00:00.08 | Mem:0.00M, Peak:0.00M | Scene, ViewLayer | Synchronizing object | right-hip-ball
Fra:7 Mem:42.88M (Peak 42.88M) | Time:00:00.08 | Mem:0.00M, Peak:0.00M | Scene, ViewLayer | Initializing
Fra:7 Mem:35.29M (Peak 42.88M) | Time:00:00.08 | Mem:0.00M, Peak:0.00M | Scene, ViewLayer | Waiting for render to start
Fra:7 Mem:35.29M (Peak 42.88M) | Time:00:00.08 | Mem:0.00M, Peak:0.00M | Scene, ViewLayer | Updating Scene
Fra:7 Mem:35.29M (Peak 42.88M) | Time:00:00.08 | Mem:0.00M, Peak:0.00M | Scene, ViewLayer | Updating Shaders
Fra:7 Mem:35.30M (Peak 42.88M) | Time:00:00.08 | Mem:0.00M, Peak:0.00M | Scene, ViewLayer | Loading render kernels (may take a few minutes the first time)
Fra:7 Mem:35.38M (Peak 63.40M) | Time:00:00.12 | Mem:0.00M, Peak:0.00M | Scene, ViewLayer | Updating Procedurals
Fra:7 Mem:35.38M (Peak 63.40M) | Time:00:00.12 | Mem:0.00M, Peak:0.00M | Scene, ViewLayer | Updating Background
Fra:7 Mem:35.38M (Peak 63.40M) | Time:00:00.12 | Mem:0.00M, Peak:0.00M | Scene, ViewLayer | Updating Camera
Fra:7 Mem:35.38M (Peak 63.40M) | Time:00:00.12 | Mem:0.00M, Peak:0.00M | Scene, ViewLayer | Updating Meshes Flags
Fra:7 Mem:35.38M (Peak 63.40M) | Time:00:00.12 | Mem:0.00M, Peak:0.00M | Scene, ViewLayer | Updating Objects
Fra:7 Mem:35.38M (Peak 63.40M) | Time:00:00.12 | Mem:0.00M, Peak:0.00M | Scene, ViewLayer | Updating Objects | Copying Transformations to device
Fra:7 Mem:35.39M (Peak 63.40M) | Time:00:00.12 | Mem:0.01M, Peak:0.01M | Scene, ViewLayer | Updating Particle Systems
Fra:7 Mem:35.39M (Peak 63.40M) | Time:00:00.12 | Mem:0.01M, Peak:0.01M | Scene, ViewLayer | Updating Particle Systems | Copying Particles to device
Fra:7 Mem:35.39M (Peak 63.40M) | Time:00:00.12 | Mem:0.01M, Peak:0.01M | Scene, ViewLayer | Updating Meshes
Fra:7 Mem:35.39M (Peak 63.40M) | Time:00:00.12 | Mem:0.01M, Peak:0.01M | Scene, ViewLayer | Updating Objects | Applying Static Transformations
Fra:7 Mem:35.39M (Peak 63.40M) | Time:00:00.12 | Mem:0.01M, Peak:0.01M | Scene, ViewLayer | Updating Mesh | Computing attributes
Fra:7 Mem:35.86M (Peak 63.40M) | Time:00:00.12 | Mem:0.01M, Peak:0.01M | Scene, ViewLayer | Updating Mesh | Copying Attributes to device
Fra:7 Mem:35.86M (Peak 63.40M) | Time:00:00.12 | Mem:0.48M, Peak:0.48M | Scene, ViewLayer | Updating Scene BVH | Building
Fra:7 Mem:35.86M (Peak 63.40M) | Time:00:00.12 | Mem:0.48M, Peak:0.48M | Scene, ViewLayer | Updating Scene BVH | Building BVH
Fra:7 Mem:40.53M (Peak 63.40M) | Time:00:00.13 | Mem:0.48M, Peak:0.48M | Scene, ViewLayer | Updating Scene BVH | Packing BVH triangles and strands
Fra:7 Mem:40.85M (Peak 63.40M) | Time:00:00.13 | Mem:0.48M, Peak:0.48M | Scene, ViewLayer | Updating Scene BVH | Packing BVH nodes
Fra:7 Mem:40.60M (Peak 63.40M) | Time:00:00.13 | Mem:0.48M, Peak:0.48M | Scene, ViewLayer | Updating Scene BVH | Copying BVH to device
Fra:7 Mem:40.60M (Peak 63.40M) | Time:00:00.13 | Mem:2.85M, Peak:2.85M | Scene, ViewLayer | Updating Mesh | Computing normals
Fra:7 Mem:42.79M (Peak 63.40M) | Time:00:00.13 | Mem:2.85M, Peak:2.85M | Scene, ViewLayer | Updating Mesh | Copying Mesh to device
Fra:7 Mem:42.79M (Peak 63.40M) | Time:00:00.14 | Mem:5.04M, Peak:5.04M | Scene, ViewLayer | Updating Objects Flags
Fra:7 Mem:42.79M (Peak 63.40M) | Time:00:00.14 | Mem:5.04M, Peak:5.04M | Scene, ViewLayer | Updating Primitive Offsets
Fra:7 Mem:42.79M (Peak 63.40M) | Time:00:00.14 | Mem:5.04M, Peak:5.04M | Scene, ViewLayer | Updating Images
Fra:7 Mem:42.79M (Peak 63.40M) | Time:00:00.14 | Mem:5.04M, Peak:5.04M | Scene, ViewLayer | Updating Camera Volume
Fra:7 Mem:42.79M (Peak 63.40M) | Time:00:00.14 | Mem:5.04M, Peak:5.04M | Scene, ViewLayer | Updating Lookup Tables
Fra:7 Mem:42.79M (Peak 63.40M) | Time:00:00.14 | Mem:5.12M, Peak:5.12M | Scene, ViewLayer | Updating Lights
Fra:7 Mem:42.79M (Peak 63.40M) | Time:00:00.14 | Mem:5.12M, Peak:5.12M | Scene, ViewLayer | Updating Lights | Computing tree
Fra:7 Mem:42.79M (Peak 63.40M) | Time:00:00.14 | Mem:5.12M, Peak:5.12M | Scene, ViewLayer | Updating Integrator
Fra:7 Mem:42.79M (Peak 63.40M) | Time:00:00.14 | Mem:5.12M, Peak:5.12M | Scene, ViewLayer | Updating Film
Fra:7 Mem:42.79M (Peak 63.40M) | Time:00:00.14 | Mem:5.04M, Peak:5.12M | Scene, ViewLayer | Updating Lookup Tables
Fra:7 Mem:42.79M (Peak 63.40M) | Time:00:00.14 | Mem:5.12M, Peak:5.12M | Scene, ViewLayer | Updating Baking
Fra:7 Mem:42.79M (Peak 63.40M) | Time:00:00.14 | Mem:5.12M, Peak:5.12M | Scene, ViewLayer | Updating Device | Writing constant memory
Fra:7 Mem:42.80M (Peak 63.40M) | Time:00:00.14 | Mem:5.12M, Peak:5.12M | Scene, ViewLayer | Loading denoising kernels (may take a few minutes the first time)
Fra:7 Mem:46.80M (Peak 63.40M) | Time:00:00.14 | Mem:357.12M, Peak:357.12M | Scene, ViewLayer | Sample 0/24
Fra:7 Mem:89.55M (Peak 89.55M) | Time:00:00.15 | Remaining:00:00.14 | Mem:399.87M, Peak:399.87M | Scene, ViewLayer | Sample 1/24
Fra:7 Mem:107.56M (Peak 134.56M) | Time:00:01.64 | Mem:399.88M, Peak:399.88M | Scene, ViewLayer | Sample 24/24
Fra:7 Mem:107.56M (Peak 134.56M) | Time:00:01.64 | Mem:399.88M, Peak:399.88M | Scene, ViewLayer | Finished
Saved: '/home/cbsim/ws/slime-workflow/.tmp/2026-09-23_06-25-15/down_right-03.png'
Time: 00:01.76 (Saving: 00:00.03)

Fra:10 Mem:35.44M (Peak 35.44M) | Time:00:00.08 | Mem:0.00M, Peak:0.00M | Scene, ViewLayer | Synchronizing object | key
Fra:10 Mem:35.44M (Peak 35.44M) | Time:00:00.08 | Mem:0.00M, Peak:0.00M | Scene, ViewLayer | Synchronizing object | right-ankle-ball
Fra:10 Mem:35.44M (Peak 35.44M) | Time:00:00.08 | Mem:0.00M, Peak:0.00M | Scene, ViewLayer | Synchronizing object | neck-shell-part
Fra:10 Mem:35.44M (Peak 35.44M) | Time:00:00.08 | Mem:0.00M, Peak:0.00M | Scene, ViewLayer | Synchronizing object | chest-shell-part
Fra:10 Mem:35.48M (Peak 35.48M) | Time:00:00.08 | Mem:0.00M, Peak:0.00M | Scene, ViewLayer | Synchronizing object | abdomen-shell-part
Fra:10 Mem:35.58M (Peak 35.58M) | Time:00:00.08 | Mem:0.00M, Peak:0.00M | Scene, ViewLayer | Synchronizing object | left-forearm-shell
Fra:10 Mem:35.90M (Peak 35.90M) | Time:00:00.08 | Mem:0.00M, Peak:0.00M | Scene, ViewLayer | Synchronizing object | left-foot-shell
Fra:10 Mem:36.32M (Peak 36.32M) | Time:00:00.08 | Mem:0.00M, Peak:0.00M | Scene, ViewLayer | Synchronizing object | left-shoulder-ball
Fra:10 Mem:36.54M (Peak 36.54M) | Time:00:00.08 | Mem:0.00M, Peak:0.00M | Scene, ViewLayer | Synchronizing object | left-elbow-ball
Fra:10 Mem:36.58M (Peak 36.58M) | Time:00:00.08 | Mem:0.00M, Peak:0.00M | Scene, ViewLayer | Synchronizing object | left-hip-ball
Fra:10 Mem:36.72M (Peak 36.72M) | Time:00:00.08 | Mem:0.00M, Peak:0.00M | Scene, ViewLayer | Synchronizing object | right-forearm-shell
Fra:10 Mem:36.74M (Peak 36.74M) | Time:00:00.08 | Mem:0.00M, Peak:0.00M | Scene, ViewLayer | Synchronizing object | right-hand-shell
Fra:10 Mem:36.83M (Peak 36.83M) | Time:00:00.08 | Mem:0.00M, Peak:0.00M | Scene, ViewLayer | Synchronizing object | right-foot-shell
Fra:10 Mem:37.00M (Peak 37.00M) | Time:00:00.08 | Mem:0.00M, Peak:0.00M | Scene, ViewLayer | Synchronizing object | right-shoulder-ball
Fra:10 Mem:37.04M (Peak 37.04M) | Time:00:00.08 | Mem:0.00M, Peak:0.00M | Scene, ViewLayer | Synchronizing object | right-elbow-ball
Fra:10 Mem:37.36M (Peak 37.36M) | Time:00:00.08 | Mem:0.00M, Peak:0.00M | Scene, ViewLayer | Synchronizing object | right-wrist-ball
Fra:10 Mem:42.88M (Peak 42.89M) | Time:00:00.08 | Mem:0.00M, Peak:0.00M | Scene, ViewLayer | Initializing
Fra:10 Mem:35.29M (Peak 42.89M) | Time:00:00.08 | Mem:0.00M, Peak:0.00M | Scene, ViewLayer | Waiting for render to start
Fra:10 Mem:35.29M (Peak 42.89M) | Time:00:00.08 | Mem:0.00M, Peak:0.00M | Scene, ViewLayer | Updating Scene
Fra:10 Mem:35.29M (Peak 42.89M) | Time:00:00.08 | Mem:0.00M, Peak:0.00M | Scene, ViewLayer | Updating Shaders
Fra:10 Mem:35.30M (Peak 42.89M) | Time:00:00.08 | Mem:0.00M, Peak:0.00M | Scene, ViewLayer | Loading render kernels (may take a few minutes the first time)
Fra:10 Mem:35.38M (Peak 63.40M) | Time:00:00.12 | Mem:0.00M, Peak:0.00M | Scene, ViewLayer | Updating Procedurals
Fra:10 Mem:35.38M (Peak 63.40M) | Time:00:00.12 | Mem:0.00M, Peak:0.00M | Scene, ViewLayer | Updating Background
Fra:10 Mem:35.38M (Peak 63.40M) | Time:00:00.12 | Mem:0.00M, Peak:0.00M | Scene, ViewLayer | Updating Camera
Fra:10 Mem:35.38M (Peak 63.40M) | Time:00:00.12 | Mem:0.00M, Peak:0.00M | Scene, ViewLayer | Updating Meshes Flags
Fra:10 Mem:35.38M (Peak 63.40M) | Time:00:00.12 | Mem:0.00M, Peak:0.00M | Scene, ViewLayer | Updating Objects
Fra:10 Mem:35.38M (Peak 63.40M) | Time:00:00.12 | Mem:0.00M, Peak:0.00M | Scene, ViewLayer | Updating Objects | Copying Transformations to device
Fra:10 Mem:35.39M (Peak 63.40M) | Time:00:00.12 | Mem:0.01M, Peak:0.01M | Scene, ViewLayer | Updating Particle Systems
Fra:10 Mem:35.39M (Peak 63.40M) | Time:00:00.12 | Mem:0.01M, Peak:0.01M | Scene, ViewLayer | Updating Particle Systems | Copying Particles to device
Fra:10 Mem:35.39M (Peak 63.40M) | Time:00:00.12 | Mem:0.01M, Peak:0.01M | Scene, ViewLayer | Updating Meshes
Fra:10 Mem:35.39M (Peak 63.40M) | Time:00:00.12 | Mem:0.01M, Peak:0.01M | Scene, ViewLayer | Updating Objects | Applying Static Transformations
Fra:10 Mem:35.39M (Peak 63.40M) | Time:00:00.13 | Mem:0.01M, Peak:0.01M | Scene, ViewLayer | Updating Mesh | Computing attributes
Fra:10 Mem:35.86M (Peak 63.40M) | Time:00:00.13 | Mem:0.01M, Peak:0.01M | Scene, ViewLayer | Updating Mesh | Copying Attributes to device
Fra:10 Mem:35.86M (Peak 63.40M) | Time:00:00.13 | Mem:0.48M, Peak:0.48M | Scene, ViewLayer | Updating Scene BVH | Building
Fra:10 Mem:35.86M (Peak 63.40M) | Time:00:00.13 | Mem:0.48M, Peak:0.48M | Scene, ViewLayer | Updating Scene BVH | Building BVH
Fra:10 Mem:40.53M (Peak 63.40M) | Time:00:00.13 | Mem:0.48M, Peak:0.48M | Scene, ViewLayer | Updating Scene BVH | Packing BVH triangles and strands
Fra:10 Mem:40.85M (Peak 63.40M) | Time:00:00.13 | Mem:0.48M, Peak:0.48M | Scene, ViewLayer | Updating Scene BVH | Packing BVH nodes
Fra:10 Mem:40.60M (Peak 63.40M) | Time:00:00.14 | Mem:0.48M, Peak:0.48M | Scene, ViewLayer | Updating Scene BVH | Copying BVH to device
Fra:10 Mem:40.60M (Peak 63.40M) | Time:00:00.14 | Mem:2.85M, Peak:2.85M | Scene, ViewLayer | Updating Mesh | Computing normals
Fra:10 Mem:42.79M (Peak 63.40M) | Time:00:00.14 | Mem:2.85M, Peak:2.85M | Scene, ViewLayer | Updating Mesh | Copying Mesh to device
Fra:10 Mem:42.79M (Peak 63.40M) | Time:00:00.14 | Mem:5.04M, Peak:5.04M | Scene, ViewLayer | Updating Objects Flags
Fra:10 Mem:42.79M (Peak 63.40M) | Time:00:00.14 | Mem:5.04M, Peak:5.04M | Scene, ViewLayer | Updating Primitive Offsets
Fra:10 Mem:42.79M (Peak 63.40M) | Time:00:00.14 | Mem:5.04M, Peak:5.04M | Scene, ViewLayer | Updating Images
Fra:10 Mem:42.79M (Peak 63.40M) | Time:00:00.14 | Mem:5.04M, Peak:5.04M | Scene, ViewLayer | Updating Camera Volume
Fra:10 Mem:42.79M (Peak 63.40M) | Time:00:00.14 | Mem:5.04M, Peak:5.04M | Scene, ViewLayer | Updating Lookup Tables
Fra:10 Mem:42.79M (Peak 63.40M) | Time:00:00.14 | Mem:5.12M, Peak:5.12M | Scene, ViewLayer | Updating Lights
Fra:10 Mem:42.79M (Peak 63.40M) | Time:00:00.14 | Mem:5.12M, Peak:5.12M | Scene, ViewLayer | Updating Lights | Computing tree
Fra:10 Mem:42.79M (Peak 63.40M) | Time:00:00.14 | Mem:5.12M, Peak:5.12M | Scene, ViewLayer | Updating Integrator
Fra:10 Mem:42.79M (Peak 63.40M) | Time:00:00.14 | Mem:5.12M, Peak:5.12M | Scene, ViewLayer | Updating Film
Fra:10 Mem:42.79M (Peak 63.40M) | Time:00:00.14 | Mem:5.04M, Peak:5.12M | Scene, ViewLayer | Updating Lookup Tables
Fra:10 Mem:42.79M (Peak 63.40M) | Time:00:00.14 | Mem:5.12M, Peak:5.12M | Scene, ViewLayer | Updating Baking
Fra:10 Mem:42.79M (Peak 63.40M) | Time:00:00.14 | Mem:5.12M, Peak:5.12M | Scene, ViewLayer | Updating Device | Writing constant memory
Fra:10 Mem:42.80M (Peak 63.40M) | Time:00:00.14 | Mem:5.12M, Peak:5.12M | Scene, ViewLayer | Loading denoising kernels (may take a few minutes the first time)
Fra:10 Mem:46.80M (Peak 63.40M) | Time:00:00.14 | Mem:357.12M, Peak:357.12M | Scene, ViewLayer | Sample 0/24
Fra:10 Mem:89.55M (Peak 89.55M) | Time:00:00.15 | Remaining:00:00.13 | Mem:399.87M, Peak:399.87M | Scene, ViewLayer | Sample 1/24
2026-09-23T06:40:32+0900/hunyuan-rig/heartbeat {'stage': 'down_right', 'frame': 10} images=60
Fra:10 Mem:107.56M (Peak 134.56M) | Time:00:01.63 | Mem:399.88M, Peak:399.88M | Scene, ViewLayer | Sample 24/24
Fra:10 Mem:107.56M (Peak 134.56M) | Time:00:01.63 | Mem:399.88M, Peak:399.88M | Scene, ViewLayer | Finished
Saved: '/home/cbsim/ws/slime-workflow/.tmp/2026-09-23_06-25-15/down_right-04.png'
Time: 00:01.76 (Saving: 00:00.04)

Fra:13 Mem:35.44M (Peak 35.44M) | Time:00:00.08 | Mem:0.00M, Peak:0.00M | Scene, ViewLayer | Synchronizing object | key
Fra:13 Mem:35.44M (Peak 35.44M) | Time:00:00.08 | Mem:0.00M, Peak:0.00M | Scene, ViewLayer | Synchronizing object | head-shell-part
Fra:13 Mem:35.57M (Peak 35.57M) | Time:00:00.08 | Mem:0.00M, Peak:0.00M | Scene, ViewLayer | Synchronizing object | abdomen-shell-part
Fra:13 Mem:35.57M (Peak 35.57M) | Time:00:00.08 | Mem:0.00M, Peak:0.00M | Scene, ViewLayer | Synchronizing object | pelvis-shell-part
Fra:13 Mem:36.12M (Peak 36.12M) | Time:00:00.08 | Mem:0.00M, Peak:0.00M | Scene, ViewLayer | Synchronizing object | left-upper-arm-shell
Fra:13 Mem:36.19M (Peak 36.19M) | Time:00:00.08 | Mem:0.00M, Peak:0.00M | Scene, ViewLayer | Synchronizing object | left-forearm-shell
Fra:13 Mem:36.19M (Peak 36.19M) | Time:00:00.08 | Mem:0.00M, Peak:0.00M | Scene, ViewLayer | Synchronizing object | left-thigh-shell
Fra:13 Mem:36.31M (Peak 36.34M) | Time:00:00.08 | Mem:0.00M, Peak:0.00M | Scene, ViewLayer | Synchronizing object | left-shoulder-ball
Fra:13 Mem:36.35M (Peak 36.35M) | Time:00:00.08 | Mem:0.00M, Peak:0.00M | Scene, ViewLayer | Synchronizing object | left-knee-ball
Fra:13 Mem:36.90M (Peak 36.90M) | Time:00:00.08 | Mem:0.00M, Peak:0.00M | Scene, ViewLayer | Synchronizing object | left-ankle-ball
Fra:13 Mem:36.92M (Peak 36.93M) | Time:00:00.08 | Mem:0.00M, Peak:0.00M | Scene, ViewLayer | Synchronizing object | right-shin-shell
Fra:13 Mem:37.24M (Peak 37.24M) | Time:00:00.08 | Mem:0.00M, Peak:0.00M | Scene, ViewLayer | Synchronizing object | right-foot-shell
Fra:13 Mem:37.71M (Peak 37.71M) | Time:00:00.08 | Mem:0.00M, Peak:0.00M | Scene, ViewLayer | Synchronizing object | right-wrist-ball
Fra:13 Mem:42.88M (Peak 42.88M) | Time:00:00.08 | Mem:0.00M, Peak:0.00M | Scene, ViewLayer | Initializing
Fra:13 Mem:35.29M (Peak 42.88M) | Time:00:00.08 | Mem:0.00M, Peak:0.00M | Scene, ViewLayer | Waiting for render to start
Fra:13 Mem:35.29M (Peak 42.88M) | Time:00:00.08 | Mem:0.00M, Peak:0.00M | Scene, ViewLayer | Updating Scene
Fra:13 Mem:35.29M (Peak 42.88M) | Time:00:00.08 | Mem:0.00M, Peak:0.00M | Scene, ViewLayer | Updating Shaders
Fra:13 Mem:35.30M (Peak 42.88M) | Time:00:00.08 | Mem:0.00M, Peak:0.00M | Scene, ViewLayer | Loading render kernels (may take a few minutes the first time)
Fra:13 Mem:35.38M (Peak 63.40M) | Time:00:00.12 | Mem:0.00M, Peak:0.00M | Scene, ViewLayer | Updating Procedurals
Fra:13 Mem:35.38M (Peak 63.40M) | Time:00:00.12 | Mem:0.00M, Peak:0.00M | Scene, ViewLayer | Updating Background
Fra:13 Mem:35.38M (Peak 63.40M) | Time:00:00.12 | Mem:0.00M, Peak:0.00M | Scene, ViewLayer | Updating Camera
Fra:13 Mem:35.38M (Peak 63.40M) | Time:00:00.12 | Mem:0.00M, Peak:0.00M | Scene, ViewLayer | Updating Meshes Flags
Fra:13 Mem:35.38M (Peak 63.40M) | Time:00:00.12 | Mem:0.00M, Peak:0.00M | Scene, ViewLayer | Updating Objects
Fra:13 Mem:35.38M (Peak 63.40M) | Time:00:00.12 | Mem:0.00M, Peak:0.00M | Scene, ViewLayer | Updating Objects | Copying Transformations to device
Fra:13 Mem:35.39M (Peak 63.40M) | Time:00:00.12 | Mem:0.01M, Peak:0.01M | Scene, ViewLayer | Updating Particle Systems
Fra:13 Mem:35.39M (Peak 63.40M) | Time:00:00.12 | Mem:0.01M, Peak:0.01M | Scene, ViewLayer | Updating Particle Systems | Copying Particles to device
Fra:13 Mem:35.39M (Peak 63.40M) | Time:00:00.12 | Mem:0.01M, Peak:0.01M | Scene, ViewLayer | Updating Meshes
Fra:13 Mem:35.39M (Peak 63.40M) | Time:00:00.12 | Mem:0.01M, Peak:0.01M | Scene, ViewLayer | Updating Objects | Applying Static Transformations
Fra:13 Mem:35.39M (Peak 63.40M) | Time:00:00.12 | Mem:0.01M, Peak:0.01M | Scene, ViewLayer | Updating Mesh | Computing attributes
Fra:13 Mem:35.86M (Peak 63.40M) | Time:00:00.12 | Mem:0.01M, Peak:0.01M | Scene, ViewLayer | Updating Mesh | Copying Attributes to device
Fra:13 Mem:35.86M (Peak 63.40M) | Time:00:00.12 | Mem:0.48M, Peak:0.48M | Scene, ViewLayer | Updating Scene BVH | Building
Fra:13 Mem:35.86M (Peak 63.40M) | Time:00:00.12 | Mem:0.48M, Peak:0.48M | Scene, ViewLayer | Updating Scene BVH | Building BVH
Fra:13 Mem:40.53M (Peak 63.40M) | Time:00:00.13 | Mem:0.48M, Peak:0.48M | Scene, ViewLayer | Updating Scene BVH | Packing BVH triangles and strands
Fra:13 Mem:40.85M (Peak 63.40M) | Time:00:00.13 | Mem:0.48M, Peak:0.48M | Scene, ViewLayer | Updating Scene BVH | Packing BVH nodes
Fra:13 Mem:40.61M (Peak 63.40M) | Time:00:00.13 | Mem:0.48M, Peak:0.48M | Scene, ViewLayer | Updating Scene BVH | Copying BVH to device
Fra:13 Mem:40.61M (Peak 63.40M) | Time:00:00.13 | Mem:2.86M, Peak:2.86M | Scene, ViewLayer | Updating Mesh | Computing normals
Fra:13 Mem:42.80M (Peak 63.40M) | Time:00:00.13 | Mem:2.86M, Peak:2.86M | Scene, ViewLayer | Updating Mesh | Copying Mesh to device
Fra:13 Mem:42.80M (Peak 63.40M) | Time:00:00.13 | Mem:5.04M, Peak:5.04M | Scene, ViewLayer | Updating Objects Flags
Fra:13 Mem:42.80M (Peak 63.40M) | Time:00:00.13 | Mem:5.04M, Peak:5.04M | Scene, ViewLayer | Updating Primitive Offsets
Fra:13 Mem:42.80M (Peak 63.40M) | Time:00:00.13 | Mem:5.04M, Peak:5.04M | Scene, ViewLayer | Updating Images
Fra:13 Mem:42.80M (Peak 63.40M) | Time:00:00.13 | Mem:5.04M, Peak:5.04M | Scene, ViewLayer | Updating Camera Volume
Fra:13 Mem:42.80M (Peak 63.40M) | Time:00:00.13 | Mem:5.04M, Peak:5.04M | Scene, ViewLayer | Updating Lookup Tables
Fra:13 Mem:42.80M (Peak 63.40M) | Time:00:00.13 | Mem:5.12M, Peak:5.12M | Scene, ViewLayer | Updating Lights
Fra:13 Mem:42.80M (Peak 63.40M) | Time:00:00.13 | Mem:5.12M, Peak:5.12M | Scene, ViewLayer | Updating Lights | Computing tree
Fra:13 Mem:42.80M (Peak 63.40M) | Time:00:00.13 | Mem:5.12M, Peak:5.12M | Scene, ViewLayer | Updating Integrator
Fra:13 Mem:42.80M (Peak 63.40M) | Time:00:00.13 | Mem:5.12M, Peak:5.12M | Scene, ViewLayer | Updating Film
Fra:13 Mem:42.80M (Peak 63.40M) | Time:00:00.13 | Mem:5.04M, Peak:5.12M | Scene, ViewLayer | Updating Lookup Tables
Fra:13 Mem:42.80M (Peak 63.40M) | Time:00:00.14 | Mem:5.13M, Peak:5.13M | Scene, ViewLayer | Updating Baking
Fra:13 Mem:42.80M (Peak 63.40M) | Time:00:00.14 | Mem:5.13M, Peak:5.13M | Scene, ViewLayer | Updating Device | Writing constant memory
Fra:13 Mem:42.81M (Peak 63.40M) | Time:00:00.14 | Mem:5.13M, Peak:5.13M | Scene, ViewLayer | Loading denoising kernels (may take a few minutes the first time)
Fra:13 Mem:46.81M (Peak 63.40M) | Time:00:00.14 | Mem:357.13M, Peak:357.13M | Scene, ViewLayer | Sample 0/24
Fra:13 Mem:89.56M (Peak 89.56M) | Time:00:00.14 | Remaining:00:00.13 | Mem:399.88M, Peak:399.88M | Scene, ViewLayer | Sample 1/24
Fra:13 Mem:107.57M (Peak 134.57M) | Time:00:01.61 | Mem:399.88M, Peak:399.88M | Scene, ViewLayer | Sample 24/24
Fra:13 Mem:107.57M (Peak 134.57M) | Time:00:01.61 | Mem:399.88M, Peak:399.88M | Scene, ViewLayer | Finished
Saved: '/home/cbsim/ws/slime-workflow/.tmp/2026-09-23_06-25-15/down_right-05.png'
Time: 00:01.74 (Saving: 00:00.03)

Fra:16 Mem:35.44M (Peak 35.44M) | Time:00:00.08 | Mem:0.00M, Peak:0.00M | Scene, ViewLayer | Synchronizing object | key
Fra:16 Mem:35.44M (Peak 35.44M) | Time:00:00.08 | Mem:0.00M, Peak:0.00M | Scene, ViewLayer | Synchronizing object | neck-shell-part
Fra:16 Mem:35.44M (Peak 35.44M) | Time:00:00.08 | Mem:0.00M, Peak:0.00M | Scene, ViewLayer | Synchronizing object | chest-shell-part
Fra:16 Mem:35.45M (Peak 35.45M) | Time:00:00.08 | Mem:0.00M, Peak:0.00M | Scene, ViewLayer | Synchronizing object | head-pivot-ball
Fra:16 Mem:35.51M (Peak 35.51M) | Time:00:00.08 | Mem:0.00M, Peak:0.00M | Scene, ViewLayer | Synchronizing object | left-shin-shell
Fra:16 Mem:35.53M (Peak 35.53M) | Time:00:00.08 | Mem:0.00M, Peak:0.00M | Scene, ViewLayer | Synchronizing object | left-foot-shell
Fra:16 Mem:36.08M (Peak 36.08M) | Time:00:00.08 | Mem:0.00M, Peak:0.00M | Scene, ViewLayer | Synchronizing object | left-shoulder-ball
Fra:16 Mem:36.71M (Peak 36.71M) | Time:00:00.08 | Mem:0.00M, Peak:0.00M | Scene, ViewLayer | Synchronizing object | right-upper-arm-shell
Fra:16 Mem:36.73M (Peak 36.73M) | Time:00:00.08 | Mem:0.00M, Peak:0.00M | Scene, ViewLayer | Synchronizing object | right-hand-shell
Fra:16 Mem:36.88M (Peak 36.88M) | Time:00:00.08 | Mem:0.00M, Peak:0.00M | Scene, ViewLayer | Synchronizing object | right-foot-shell
Fra:16 Mem:37.31M (Peak 37.31M) | Time:00:00.08 | Mem:0.00M, Peak:0.00M | Scene, ViewLayer | Synchronizing object | right-shoulder-ball
Fra:16 Mem:37.73M (Peak 37.73M) | Time:00:00.08 | Mem:0.00M, Peak:0.00M | Scene, ViewLayer | Synchronizing object | right-elbow-ball
Fra:16 Mem:37.78M (Peak 37.78M) | Time:00:00.08 | Mem:0.00M, Peak:0.00M | Scene, ViewLayer | Synchronizing object | right-wrist-ball
Fra:16 Mem:37.82M (Peak 37.82M) | Time:00:00.08 | Mem:0.00M, Peak:0.00M | Scene, ViewLayer | Synchronizing object | right-hip-ball
Fra:16 Mem:37.87M (Peak 37.87M) | Time:00:00.08 | Mem:0.00M, Peak:0.00M | Scene, ViewLayer | Synchronizing object | right-knee-ball
Fra:16 Mem:42.88M (Peak 42.90M) | Time:00:00.08 | Mem:0.00M, Peak:0.00M | Scene, ViewLayer | Initializing
Fra:16 Mem:35.29M (Peak 42.90M) | Time:00:00.08 | Mem:0.00M, Peak:0.00M | Scene, ViewLayer | Waiting for render to start
Fra:16 Mem:35.29M (Peak 42.90M) | Time:00:00.08 | Mem:0.00M, Peak:0.00M | Scene, ViewLayer | Updating Scene
Fra:16 Mem:35.29M (Peak 42.90M) | Time:00:00.08 | Mem:0.00M, Peak:0.00M | Scene, ViewLayer | Updating Shaders
Fra:16 Mem:35.30M (Peak 42.90M) | Time:00:00.08 | Mem:0.00M, Peak:0.00M | Scene, ViewLayer | Loading render kernels (may take a few minutes the first time)
Fra:16 Mem:35.38M (Peak 63.40M) | Time:00:00.12 | Mem:0.00M, Peak:0.00M | Scene, ViewLayer | Updating Procedurals
Fra:16 Mem:35.38M (Peak 63.40M) | Time:00:00.12 | Mem:0.00M, Peak:0.00M | Scene, ViewLayer | Updating Background
Fra:16 Mem:35.38M (Peak 63.40M) | Time:00:00.12 | Mem:0.00M, Peak:0.00M | Scene, ViewLayer | Updating Camera
Fra:16 Mem:35.38M (Peak 63.40M) | Time:00:00.12 | Mem:0.00M, Peak:0.00M | Scene, ViewLayer | Updating Meshes Flags
Fra:16 Mem:35.38M (Peak 63.40M) | Time:00:00.12 | Mem:0.00M, Peak:0.00M | Scene, ViewLayer | Updating Objects
Fra:16 Mem:35.38M (Peak 63.40M) | Time:00:00.12 | Mem:0.00M, Peak:0.00M | Scene, ViewLayer | Updating Objects | Copying Transformations to device
Fra:16 Mem:35.39M (Peak 63.40M) | Time:00:00.12 | Mem:0.01M, Peak:0.01M | Scene, ViewLayer | Updating Particle Systems
Fra:16 Mem:35.39M (Peak 63.40M) | Time:00:00.12 | Mem:0.01M, Peak:0.01M | Scene, ViewLayer | Updating Particle Systems | Copying Particles to device
Fra:16 Mem:35.39M (Peak 63.40M) | Time:00:00.12 | Mem:0.01M, Peak:0.01M | Scene, ViewLayer | Updating Meshes
Fra:16 Mem:35.39M (Peak 63.40M) | Time:00:00.12 | Mem:0.01M, Peak:0.01M | Scene, ViewLayer | Updating Objects | Applying Static Transformations
Fra:16 Mem:35.39M (Peak 63.40M) | Time:00:00.12 | Mem:0.01M, Peak:0.01M | Scene, ViewLayer | Updating Mesh | Computing attributes
Fra:16 Mem:35.86M (Peak 63.40M) | Time:00:00.12 | Mem:0.01M, Peak:0.01M | Scene, ViewLayer | Updating Mesh | Copying Attributes to device
Fra:16 Mem:35.86M (Peak 63.40M) | Time:00:00.12 | Mem:0.48M, Peak:0.48M | Scene, ViewLayer | Updating Scene BVH | Building
Fra:16 Mem:35.86M (Peak 63.40M) | Time:00:00.12 | Mem:0.48M, Peak:0.48M | Scene, ViewLayer | Updating Scene BVH | Building BVH
Fra:16 Mem:40.53M (Peak 63.40M) | Time:00:00.13 | Mem:0.48M, Peak:0.48M | Scene, ViewLayer | Updating Scene BVH | Packing BVH triangles and strands
Fra:16 Mem:40.85M (Peak 63.40M) | Time:00:00.13 | Mem:0.48M, Peak:0.48M | Scene, ViewLayer | Updating Scene BVH | Packing BVH nodes
Fra:16 Mem:40.60M (Peak 63.40M) | Time:00:00.14 | Mem:0.48M, Peak:0.48M | Scene, ViewLayer | Updating Scene BVH | Copying BVH to device
Fra:16 Mem:40.60M (Peak 63.40M) | Time:00:00.14 | Mem:2.85M, Peak:2.85M | Scene, ViewLayer | Updating Mesh | Computing normals
Fra:16 Mem:42.78M (Peak 63.40M) | Time:00:00.14 | Mem:2.85M, Peak:2.85M | Scene, ViewLayer | Updating Mesh | Copying Mesh to device
Fra:16 Mem:42.78M (Peak 63.40M) | Time:00:00.14 | Mem:5.03M, Peak:5.03M | Scene, ViewLayer | Updating Objects Flags
Fra:16 Mem:42.78M (Peak 63.40M) | Time:00:00.14 | Mem:5.03M, Peak:5.03M | Scene, ViewLayer | Updating Primitive Offsets
Fra:16 Mem:42.78M (Peak 63.40M) | Time:00:00.14 | Mem:5.03M, Peak:5.03M | Scene, ViewLayer | Updating Images
Fra:16 Mem:42.78M (Peak 63.40M) | Time:00:00.14 | Mem:5.03M, Peak:5.03M | Scene, ViewLayer | Updating Camera Volume
Fra:16 Mem:42.78M (Peak 63.40M) | Time:00:00.14 | Mem:5.03M, Peak:5.03M | Scene, ViewLayer | Updating Lookup Tables
Fra:16 Mem:42.78M (Peak 63.40M) | Time:00:00.14 | Mem:5.12M, Peak:5.12M | Scene, ViewLayer | Updating Lights
Fra:16 Mem:42.78M (Peak 63.40M) | Time:00:00.14 | Mem:5.12M, Peak:5.12M | Scene, ViewLayer | Updating Lights | Computing tree
Fra:16 Mem:42.78M (Peak 63.40M) | Time:00:00.14 | Mem:5.12M, Peak:5.12M | Scene, ViewLayer | Updating Integrator
Fra:16 Mem:42.78M (Peak 63.40M) | Time:00:00.14 | Mem:5.12M, Peak:5.12M | Scene, ViewLayer | Updating Film
Fra:16 Mem:42.79M (Peak 63.40M) | Time:00:00.14 | Mem:5.04M, Peak:5.12M | Scene, ViewLayer | Updating Lookup Tables
Fra:16 Mem:42.79M (Peak 63.40M) | Time:00:00.14 | Mem:5.12M, Peak:5.12M | Scene, ViewLayer | Updating Baking
Fra:16 Mem:42.79M (Peak 63.40M) | Time:00:00.14 | Mem:5.12M, Peak:5.12M | Scene, ViewLayer | Updating Device | Writing constant memory
Fra:16 Mem:42.79M (Peak 63.40M) | Time:00:00.14 | Mem:5.12M, Peak:5.12M | Scene, ViewLayer | Loading denoising kernels (may take a few minutes the first time)
Fra:16 Mem:46.79M (Peak 63.40M) | Time:00:00.14 | Mem:357.12M, Peak:357.12M | Scene, ViewLayer | Sample 0/24
Fra:16 Mem:89.55M (Peak 89.55M) | Time:00:00.15 | Remaining:00:00.14 | Mem:399.87M, Peak:399.87M | Scene, ViewLayer | Sample 1/24
Fra:16 Mem:107.55M (Peak 134.55M) | Time:00:01.64 | Mem:399.87M, Peak:399.87M | Scene, ViewLayer | Sample 24/24
Fra:16 Mem:107.55M (Peak 134.55M) | Time:00:01.64 | Mem:399.87M, Peak:399.87M | Scene, ViewLayer | Finished
Saved: '/home/cbsim/ws/slime-workflow/.tmp/2026-09-23_06-25-15/down_right-06.png'
Time: 00:01.76 (Saving: 00:00.03)

Fra:19 Mem:35.44M (Peak 35.44M) | Time:00:00.08 | Mem:0.00M, Peak:0.00M | Scene, ViewLayer | Synchronizing object | key
Fra:19 Mem:35.44M (Peak 35.44M) | Time:00:00.08 | Mem:0.00M, Peak:0.00M | Scene, ViewLayer | Synchronizing object | head-shell-part
Fra:19 Mem:35.44M (Peak 35.44M) | Time:00:00.08 | Mem:0.00M, Peak:0.00M | Scene, ViewLayer | Synchronizing object | right-ankle-ball
Fra:19 Mem:35.62M (Peak 35.62M) | Time:00:00.08 | Mem:0.00M, Peak:0.00M | Scene, ViewLayer | Synchronizing object | right-knee-ball
Fra:19 Mem:36.16M (Peak 36.16M) | Time:00:00.08 | Mem:0.00M, Peak:0.00M | Scene, ViewLayer | Synchronizing object | neck-shell-part
Fra:19 Mem:36.16M (Peak 36.16M) | Time:00:00.08 | Mem:0.00M, Peak:0.00M | Scene, ViewLayer | Synchronizing object | chest-shell-part
Fra:19 Mem:36.25M (Peak 36.25M) | Time:00:00.08 | Mem:0.00M, Peak:0.00M | Scene, ViewLayer | Synchronizing object | head-pivot-ball
Fra:19 Mem:36.32M (Peak 36.32M) | Time:00:00.08 | Mem:0.00M, Peak:0.00M | Scene, ViewLayer | Synchronizing object | left-upper-arm-shell
Fra:19 Mem:36.68M (Peak 36.68M) | Time:00:00.08 | Mem:0.00M, Peak:0.00M | Scene, ViewLayer | Synchronizing object | left-elbow-ball
Fra:19 Mem:36.94M (Peak 36.94M) | Time:00:00.08 | Mem:0.00M, Peak:0.00M | Scene, ViewLayer | Synchronizing object | left-wrist-ball
Fra:19 Mem:37.06M (Peak 37.06M) | Time:00:00.08 | Mem:0.00M, Peak:0.00M | Scene, ViewLayer | Synchronizing object | left-knee-ball
Fra:19 Mem:37.13M (Peak 37.13M) | Time:00:00.08 | Mem:0.00M, Peak:0.00M | Scene, ViewLayer | Synchronizing object | right-upper-arm-shell
Fra:19 Mem:37.21M (Peak 37.21M) | Time:00:00.08 | Mem:0.00M, Peak:0.00M | Scene, ViewLayer | Synchronizing object | right-hand-shell
Fra:19 Mem:37.34M (Peak 37.34M) | Time:00:00.08 | Mem:0.00M, Peak:0.00M | Scene, ViewLayer | Synchronizing object | right-thigh-shell
Fra:19 Mem:37.66M (Peak 37.66M) | Time:00:00.08 | Mem:0.00M, Peak:0.00M | Scene, ViewLayer | Synchronizing object | right-shoulder-ball
Fra:19 Mem:37.78M (Peak 37.78M) | Time:00:00.08 | Mem:0.00M, Peak:0.00M | Scene, ViewLayer | Synchronizing object | right-elbow-ball
Fra:19 Mem:42.88M (Peak 42.88M) | Time:00:00.08 | Mem:0.00M, Peak:0.00M | Scene, ViewLayer | Initializing
Fra:19 Mem:35.29M (Peak 42.88M) | Time:00:00.08 | Mem:0.00M, Peak:0.00M | Scene, ViewLayer | Waiting for render to start
Fra:19 Mem:35.29M (Peak 42.88M) | Time:00:00.08 | Mem:0.00M, Peak:0.00M | Scene, ViewLayer | Updating Scene
Fra:19 Mem:35.29M (Peak 42.88M) | Time:00:00.08 | Mem:0.00M, Peak:0.00M | Scene, ViewLayer | Updating Shaders
Fra:19 Mem:35.30M (Peak 42.88M) | Time:00:00.08 | Mem:0.00M, Peak:0.00M | Scene, ViewLayer | Loading render kernels (may take a few minutes the first time)
Fra:19 Mem:35.38M (Peak 63.40M) | Time:00:00.12 | Mem:0.00M, Peak:0.00M | Scene, ViewLayer | Updating Procedurals
Fra:19 Mem:35.38M (Peak 63.40M) | Time:00:00.12 | Mem:0.00M, Peak:0.00M | Scene, ViewLayer | Updating Background
Fra:19 Mem:35.38M (Peak 63.40M) | Time:00:00.12 | Mem:0.00M, Peak:0.00M | Scene, ViewLayer | Updating Camera
Fra:19 Mem:35.38M (Peak 63.40M) | Time:00:00.12 | Mem:0.00M, Peak:0.00M | Scene, ViewLayer | Updating Meshes Flags
Fra:19 Mem:35.38M (Peak 63.40M) | Time:00:00.12 | Mem:0.00M, Peak:0.00M | Scene, ViewLayer | Updating Objects
Fra:19 Mem:35.38M (Peak 63.40M) | Time:00:00.12 | Mem:0.00M, Peak:0.00M | Scene, ViewLayer | Updating Objects | Copying Transformations to device
Fra:19 Mem:35.39M (Peak 63.40M) | Time:00:00.12 | Mem:0.01M, Peak:0.01M | Scene, ViewLayer | Updating Particle Systems
Fra:19 Mem:35.39M (Peak 63.40M) | Time:00:00.12 | Mem:0.01M, Peak:0.01M | Scene, ViewLayer | Updating Particle Systems | Copying Particles to device
Fra:19 Mem:35.39M (Peak 63.40M) | Time:00:00.12 | Mem:0.01M, Peak:0.01M | Scene, ViewLayer | Updating Meshes
Fra:19 Mem:35.39M (Peak 63.40M) | Time:00:00.12 | Mem:0.01M, Peak:0.01M | Scene, ViewLayer | Updating Objects | Applying Static Transformations
Fra:19 Mem:35.39M (Peak 63.40M) | Time:00:00.12 | Mem:0.01M, Peak:0.01M | Scene, ViewLayer | Updating Mesh | Computing attributes
Fra:19 Mem:35.86M (Peak 63.40M) | Time:00:00.12 | Mem:0.01M, Peak:0.01M | Scene, ViewLayer | Updating Mesh | Copying Attributes to device
Fra:19 Mem:35.86M (Peak 63.40M) | Time:00:00.12 | Mem:0.48M, Peak:0.48M | Scene, ViewLayer | Updating Scene BVH | Building
Fra:19 Mem:35.86M (Peak 63.40M) | Time:00:00.12 | Mem:0.48M, Peak:0.48M | Scene, ViewLayer | Updating Scene BVH | Building BVH
Fra:19 Mem:40.53M (Peak 63.40M) | Time:00:00.13 | Mem:0.48M, Peak:0.48M | Scene, ViewLayer | Updating Scene BVH | Packing BVH triangles and strands
Fra:19 Mem:40.85M (Peak 63.40M) | Time:00:00.13 | Mem:0.48M, Peak:0.48M | Scene, ViewLayer | Updating Scene BVH | Packing BVH nodes
Fra:19 Mem:40.61M (Peak 63.40M) | Time:00:00.13 | Mem:0.48M, Peak:0.48M | Scene, ViewLayer | Updating Scene BVH | Copying BVH to device
Fra:19 Mem:40.61M (Peak 63.40M) | Time:00:00.13 | Mem:2.86M, Peak:2.86M | Scene, ViewLayer | Updating Mesh | Computing normals
Fra:19 Mem:42.79M (Peak 63.40M) | Time:00:00.13 | Mem:2.86M, Peak:2.86M | Scene, ViewLayer | Updating Mesh | Copying Mesh to device
Fra:19 Mem:42.79M (Peak 63.40M) | Time:00:00.13 | Mem:5.04M, Peak:5.04M | Scene, ViewLayer | Updating Objects Flags
Fra:19 Mem:42.79M (Peak 63.40M) | Time:00:00.14 | Mem:5.04M, Peak:5.04M | Scene, ViewLayer | Updating Primitive Offsets
Fra:19 Mem:42.79M (Peak 63.40M) | Time:00:00.14 | Mem:5.04M, Peak:5.04M | Scene, ViewLayer | Updating Images
Fra:19 Mem:42.79M (Peak 63.40M) | Time:00:00.14 | Mem:5.04M, Peak:5.04M | Scene, ViewLayer | Updating Camera Volume
Fra:19 Mem:42.79M (Peak 63.40M) | Time:00:00.14 | Mem:5.04M, Peak:5.04M | Scene, ViewLayer | Updating Lookup Tables
Fra:19 Mem:42.79M (Peak 63.40M) | Time:00:00.14 | Mem:5.12M, Peak:5.12M | Scene, ViewLayer | Updating Lights
Fra:19 Mem:42.79M (Peak 63.40M) | Time:00:00.14 | Mem:5.12M, Peak:5.12M | Scene, ViewLayer | Updating Lights | Computing tree
Fra:19 Mem:42.80M (Peak 63.40M) | Time:00:00.14 | Mem:5.12M, Peak:5.12M | Scene, ViewLayer | Updating Integrator
Fra:19 Mem:42.80M (Peak 63.40M) | Time:00:00.14 | Mem:5.12M, Peak:5.12M | Scene, ViewLayer | Updating Film
Fra:19 Mem:42.80M (Peak 63.40M) | Time:00:00.14 | Mem:5.04M, Peak:5.12M | Scene, ViewLayer | Updating Lookup Tables
Fra:19 Mem:42.80M (Peak 63.40M) | Time:00:00.14 | Mem:5.13M, Peak:5.13M | Scene, ViewLayer | Updating Baking
Fra:19 Mem:42.80M (Peak 63.40M) | Time:00:00.14 | Mem:5.13M, Peak:5.13M | Scene, ViewLayer | Updating Device | Writing constant memory
Fra:19 Mem:42.80M (Peak 63.40M) | Time:00:00.14 | Mem:5.13M, Peak:5.13M | Scene, ViewLayer | Loading denoising kernels (may take a few minutes the first time)
Fra:19 Mem:46.80M (Peak 63.40M) | Time:00:00.14 | Mem:357.13M, Peak:357.13M | Scene, ViewLayer | Sample 0/24
Fra:19 Mem:89.56M (Peak 89.56M) | Time:00:00.14 | Remaining:00:00.14 | Mem:399.88M, Peak:399.88M | Scene, ViewLayer | Sample 1/24
2026-09-23T06:40:37+0900/hunyuan-rig/heartbeat {'stage': 'down_right', 'frame': 19} images=60
Fra:19 Mem:107.56M (Peak 134.56M) | Time:00:01.60 | Mem:399.88M, Peak:399.88M | Scene, ViewLayer | Sample 24/24
Fra:19 Mem:107.56M (Peak 134.56M) | Time:00:01.60 | Mem:399.88M, Peak:399.88M | Scene, ViewLayer | Finished
Saved: '/home/cbsim/ws/slime-workflow/.tmp/2026-09-23_06-25-15/down_right-07.png'
Time: 00:01.72 (Saving: 00:00.03)

Fra:22 Mem:35.44M (Peak 35.44M) | Time:00:00.07 | Mem:0.00M, Peak:0.00M | Scene, ViewLayer | Synchronizing object | key
Fra:22 Mem:35.44M (Peak 35.44M) | Time:00:00.07 | Mem:0.00M, Peak:0.00M | Scene, ViewLayer | Synchronizing object | right-ankle-ball
Fra:22 Mem:35.44M (Peak 35.44M) | Time:00:00.07 | Mem:0.00M, Peak:0.00M | Scene, ViewLayer | Synchronizing object | chest-shell-part
Fra:22 Mem:35.48M (Peak 35.48M) | Time:00:00.07 | Mem:0.00M, Peak:0.00M | Scene, ViewLayer | Synchronizing object | abdomen-shell-part
Fra:22 Mem:35.49M (Peak 35.49M) | Time:00:00.07 | Mem:0.00M, Peak:0.00M | Scene, ViewLayer | Synchronizing object | pelvis-shell-part
Fra:22 Mem:35.51M (Peak 35.51M) | Time:00:00.08 | Mem:0.00M, Peak:0.00M | Scene, ViewLayer | Synchronizing object | right-knee-ball
Fra:22 Mem:35.59M (Peak 35.59M) | Time:00:00.08 | Mem:0.00M, Peak:0.00M | Scene, ViewLayer | Synchronizing object | left-thigh-shell
Fra:22 Mem:35.75M (Peak 35.75M) | Time:00:00.08 | Mem:0.00M, Peak:0.00M | Scene, ViewLayer | Synchronizing object | left-shin-shell
Fra:22 Mem:36.24M (Peak 36.24M) | Time:00:00.08 | Mem:0.00M, Peak:0.00M | Scene, ViewLayer | Synchronizing object | left-shoulder-ball
Fra:22 Mem:36.88M (Peak 36.88M) | Time:00:00.08 | Mem:0.00M, Peak:0.00M | Scene, ViewLayer | Synchronizing object | left-elbow-ball
Fra:22 Mem:37.06M (Peak 37.06M) | Time:00:00.08 | Mem:0.00M, Peak:0.00M | Scene, ViewLayer | Synchronizing object | left-wrist-ball
Fra:22 Mem:37.10M (Peak 37.10M) | Time:00:00.08 | Mem:0.00M, Peak:0.00M | Scene, ViewLayer | Synchronizing object | right-thigh-shell
Fra:22 Mem:37.14M (Peak 37.14M) | Time:00:00.08 | Mem:0.00M, Peak:0.00M | Scene, ViewLayer | Synchronizing object | right-shin-shell
Fra:22 Mem:37.15M (Peak 37.15M) | Time:00:00.08 | Mem:0.00M, Peak:0.00M | Scene, ViewLayer | Synchronizing object | right-foot-shell
Fra:22 Mem:37.65M (Peak 37.65M) | Time:00:00.08 | Mem:0.00M, Peak:0.00M | Scene, ViewLayer | Synchronizing object | right-shoulder-ball
Fra:22 Mem:37.99M (Peak 37.99M) | Time:00:00.08 | Mem:0.00M, Peak:0.00M | Scene, ViewLayer | Synchronizing object | right-elbow-ball
Fra:22 Mem:38.05M (Peak 38.05M) | Time:00:00.08 | Mem:0.00M, Peak:0.00M | Scene, ViewLayer | Synchronizing object | right-wrist-ball
Fra:22 Mem:42.88M (Peak 42.89M) | Time:00:00.08 | Mem:0.00M, Peak:0.00M | Scene, ViewLayer | Initializing
Fra:22 Mem:35.29M (Peak 42.89M) | Time:00:00.08 | Mem:0.00M, Peak:0.00M | Scene, ViewLayer | Waiting for render to start
Fra:22 Mem:35.29M (Peak 42.89M) | Time:00:00.08 | Mem:0.00M, Peak:0.00M | Scene, ViewLayer | Updating Scene
Fra:22 Mem:35.29M (Peak 42.89M) | Time:00:00.08 | Mem:0.00M, Peak:0.00M | Scene, ViewLayer | Updating Shaders
Fra:22 Mem:35.30M (Peak 42.89M) | Time:00:00.08 | Mem:0.00M, Peak:0.00M | Scene, ViewLayer | Loading render kernels (may take a few minutes the first time)
Fra:22 Mem:35.38M (Peak 63.40M) | Time:00:00.12 | Mem:0.00M, Peak:0.00M | Scene, ViewLayer | Updating Procedurals
Fra:22 Mem:35.38M (Peak 63.40M) | Time:00:00.12 | Mem:0.00M, Peak:0.00M | Scene, ViewLayer | Updating Background
Fra:22 Mem:35.38M (Peak 63.40M) | Time:00:00.12 | Mem:0.00M, Peak:0.00M | Scene, ViewLayer | Updating Camera
Fra:22 Mem:35.38M (Peak 63.40M) | Time:00:00.12 | Mem:0.00M, Peak:0.00M | Scene, ViewLayer | Updating Meshes Flags
Fra:22 Mem:35.38M (Peak 63.40M) | Time:00:00.12 | Mem:0.00M, Peak:0.00M | Scene, ViewLayer | Updating Objects
Fra:22 Mem:35.38M (Peak 63.40M) | Time:00:00.12 | Mem:0.00M, Peak:0.00M | Scene, ViewLayer | Updating Objects | Copying Transformations to device
Fra:22 Mem:35.39M (Peak 63.40M) | Time:00:00.12 | Mem:0.01M, Peak:0.01M | Scene, ViewLayer | Updating Particle Systems
Fra:22 Mem:35.39M (Peak 63.40M) | Time:00:00.12 | Mem:0.01M, Peak:0.01M | Scene, ViewLayer | Updating Particle Systems | Copying Particles to device
Fra:22 Mem:35.39M (Peak 63.40M) | Time:00:00.12 | Mem:0.01M, Peak:0.01M | Scene, ViewLayer | Updating Meshes
Fra:22 Mem:35.39M (Peak 63.40M) | Time:00:00.12 | Mem:0.01M, Peak:0.01M | Scene, ViewLayer | Updating Objects | Applying Static Transformations
Fra:22 Mem:35.39M (Peak 63.40M) | Time:00:00.12 | Mem:0.01M, Peak:0.01M | Scene, ViewLayer | Updating Mesh | Computing attributes
Fra:22 Mem:35.86M (Peak 63.40M) | Time:00:00.12 | Mem:0.01M, Peak:0.01M | Scene, ViewLayer | Updating Mesh | Copying Attributes to device
Fra:22 Mem:35.86M (Peak 63.40M) | Time:00:00.12 | Mem:0.48M, Peak:0.48M | Scene, ViewLayer | Updating Scene BVH | Building
Fra:22 Mem:35.86M (Peak 63.40M) | Time:00:00.12 | Mem:0.48M, Peak:0.48M | Scene, ViewLayer | Updating Scene BVH | Building BVH
Fra:22 Mem:40.53M (Peak 63.40M) | Time:00:00.13 | Mem:0.48M, Peak:0.48M | Scene, ViewLayer | Updating Scene BVH | Packing BVH triangles and strands
Fra:22 Mem:40.85M (Peak 63.40M) | Time:00:00.13 | Mem:0.48M, Peak:0.48M | Scene, ViewLayer | Updating Scene BVH | Packing BVH nodes
Fra:22 Mem:40.61M (Peak 63.40M) | Time:00:00.13 | Mem:0.48M, Peak:0.48M | Scene, ViewLayer | Updating Scene BVH | Copying BVH to device
Fra:22 Mem:40.61M (Peak 63.40M) | Time:00:00.13 | Mem:2.85M, Peak:2.85M | Scene, ViewLayer | Updating Mesh | Computing normals
Fra:22 Mem:42.79M (Peak 63.40M) | Time:00:00.13 | Mem:2.85M, Peak:2.85M | Scene, ViewLayer | Updating Mesh | Copying Mesh to device
Fra:22 Mem:42.79M (Peak 63.40M) | Time:00:00.13 | Mem:5.04M, Peak:5.04M | Scene, ViewLayer | Updating Objects Flags
Fra:22 Mem:42.79M (Peak 63.40M) | Time:00:00.13 | Mem:5.04M, Peak:5.04M | Scene, ViewLayer | Updating Primitive Offsets
Fra:22 Mem:42.79M (Peak 63.40M) | Time:00:00.13 | Mem:5.04M, Peak:5.04M | Scene, ViewLayer | Updating Images
Fra:22 Mem:42.79M (Peak 63.40M) | Time:00:00.13 | Mem:5.04M, Peak:5.04M | Scene, ViewLayer | Updating Camera Volume
Fra:22 Mem:42.79M (Peak 63.40M) | Time:00:00.13 | Mem:5.04M, Peak:5.04M | Scene, ViewLayer | Updating Lookup Tables
Fra:22 Mem:42.79M (Peak 63.40M) | Time:00:00.13 | Mem:5.12M, Peak:5.12M | Scene, ViewLayer | Updating Lights
Fra:22 Mem:42.79M (Peak 63.40M) | Time:00:00.13 | Mem:5.12M, Peak:5.12M | Scene, ViewLayer | Updating Lights | Computing tree
Fra:22 Mem:42.79M (Peak 63.40M) | Time:00:00.13 | Mem:5.12M, Peak:5.12M | Scene, ViewLayer | Updating Integrator
Fra:22 Mem:42.79M (Peak 63.40M) | Time:00:00.13 | Mem:5.12M, Peak:5.12M | Scene, ViewLayer | Updating Film
Fra:22 Mem:42.79M (Peak 63.40M) | Time:00:00.13 | Mem:5.04M, Peak:5.12M | Scene, ViewLayer | Updating Lookup Tables
Fra:22 Mem:42.79M (Peak 63.40M) | Time:00:00.13 | Mem:5.12M, Peak:5.12M | Scene, ViewLayer | Updating Baking
Fra:22 Mem:42.79M (Peak 63.40M) | Time:00:00.13 | Mem:5.12M, Peak:5.12M | Scene, ViewLayer | Updating Device | Writing constant memory
Fra:22 Mem:42.80M (Peak 63.40M) | Time:00:00.13 | Mem:5.12M, Peak:5.12M | Scene, ViewLayer | Loading denoising kernels (may take a few minutes the first time)
Fra:22 Mem:46.80M (Peak 63.40M) | Time:00:00.14 | Mem:357.12M, Peak:357.12M | Scene, ViewLayer | Sample 0/24
Fra:22 Mem:89.55M (Peak 89.55M) | Time:00:00.14 | Remaining:00:00.14 | Mem:399.88M, Peak:399.88M | Scene, ViewLayer | Sample 1/24
Fra:22 Mem:107.56M (Peak 134.56M) | Time:00:01.62 | Mem:399.88M, Peak:399.88M | Scene, ViewLayer | Sample 24/24
Fra:22 Mem:107.56M (Peak 134.56M) | Time:00:01.62 | Mem:399.88M, Peak:399.88M | Scene, ViewLayer | Finished
Saved: '/home/cbsim/ws/slime-workflow/.tmp/2026-09-23_06-25-15/down_right-08.png'
Time: 00:01.74 (Saving: 00:00.03)

Fra:1 Mem:35.44M (Peak 35.44M) | Time:00:00.07 | Mem:0.00M, Peak:0.00M | Scene, ViewLayer | Synchronizing object | fill
Fra:1 Mem:35.44M (Peak 35.44M) | Time:00:00.07 | Mem:0.00M, Peak:0.00M | Scene, ViewLayer | Synchronizing object | head-shell-part
Fra:1 Mem:35.44M (Peak 35.44M) | Time:00:00.07 | Mem:0.00M, Peak:0.00M | Scene, ViewLayer | Synchronizing object | neck-shell-part
Fra:1 Mem:35.45M (Peak 35.45M) | Time:00:00.07 | Mem:0.00M, Peak:0.00M | Scene, ViewLayer | Synchronizing object | chest-shell-part
Fra:1 Mem:35.48M (Peak 35.48M) | Time:00:00.07 | Mem:0.00M, Peak:0.00M | Scene, ViewLayer | Synchronizing object | abdomen-shell-part
Fra:1 Mem:35.69M (Peak 35.69M) | Time:00:00.07 | Mem:0.00M, Peak:0.00M | Scene, ViewLayer | Synchronizing object | right-knee-ball
Fra:1 Mem:36.27M (Peak 36.27M) | Time:00:00.07 | Mem:0.00M, Peak:0.00M | Scene, ViewLayer | Synchronizing object | left-forearm-shell
Fra:1 Mem:36.44M (Peak 36.44M) | Time:00:00.07 | Mem:0.00M, Peak:0.00M | Scene, ViewLayer | Synchronizing object | right-hip-ball
Fra:1 Mem:36.48M (Peak 36.48M) | Time:00:00.07 | Mem:0.00M, Peak:0.00M | Scene, ViewLayer | Synchronizing object | left-foot-shell
Fra:1 Mem:36.69M (Peak 36.69M) | Time:00:00.07 | Mem:0.00M, Peak:0.00M | Scene, ViewLayer | Synchronizing object | right-forearm-shell
Fra:1 Mem:37.27M (Peak 37.27M) | Time:00:00.08 | Mem:0.00M, Peak:0.00M | Scene, ViewLayer | Synchronizing object | right-wrist-ball
Fra:1 Mem:37.43M (Peak 37.43M) | Time:00:00.08 | Mem:0.00M, Peak:0.00M | Scene, ViewLayer | Synchronizing object | right-elbow-ball
Fra:1 Mem:37.47M (Peak 37.47M) | Time:00:00.08 | Mem:0.00M, Peak:0.00M | Scene, ViewLayer | Synchronizing object | right-hand-shell
Fra:1 Mem:37.68M (Peak 37.68M) | Time:00:00.08 | Mem:0.00M, Peak:0.00M | Scene, ViewLayer | Synchronizing object | right-shin-shell
Fra:1 Mem:38.54M (Peak 38.54M) | Time:00:00.08 | Mem:0.00M, Peak:0.00M | Scene, ViewLayer | Synchronizing object | right-foot-shell
Fra:1 Mem:42.88M (Peak 42.88M) | Time:00:00.08 | Mem:0.00M, Peak:0.00M | Scene, ViewLayer | Initializing
Fra:1 Mem:35.29M (Peak 42.88M) | Time:00:00.08 | Mem:0.00M, Peak:0.00M | Scene, ViewLayer | Waiting for render to start
Fra:1 Mem:35.29M (Peak 42.88M) | Time:00:00.08 | Mem:0.00M, Peak:0.00M | Scene, ViewLayer | Updating Scene
Fra:1 Mem:35.29M (Peak 42.88M) | Time:00:00.08 | Mem:0.00M, Peak:0.00M | Scene, ViewLayer | Updating Shaders
Fra:1 Mem:35.30M (Peak 42.88M) | Time:00:00.08 | Mem:0.00M, Peak:0.00M | Scene, ViewLayer | Loading render kernels (may take a few minutes the first time)
Fra:1 Mem:35.38M (Peak 63.40M) | Time:00:00.12 | Mem:0.00M, Peak:0.00M | Scene, ViewLayer | Updating Procedurals
Fra:1 Mem:35.38M (Peak 63.40M) | Time:00:00.12 | Mem:0.00M, Peak:0.00M | Scene, ViewLayer | Updating Background
Fra:1 Mem:35.38M (Peak 63.40M) | Time:00:00.12 | Mem:0.00M, Peak:0.00M | Scene, ViewLayer | Updating Camera
Fra:1 Mem:35.38M (Peak 63.40M) | Time:00:00.12 | Mem:0.00M, Peak:0.00M | Scene, ViewLayer | Updating Meshes Flags
Fra:1 Mem:35.38M (Peak 63.40M) | Time:00:00.12 | Mem:0.00M, Peak:0.00M | Scene, ViewLayer | Updating Objects
Fra:1 Mem:35.38M (Peak 63.40M) | Time:00:00.12 | Mem:0.00M, Peak:0.00M | Scene, ViewLayer | Updating Objects | Copying Transformations to device
Fra:1 Mem:35.39M (Peak 63.40M) | Time:00:00.12 | Mem:0.01M, Peak:0.01M | Scene, ViewLayer | Updating Particle Systems
Fra:1 Mem:35.39M (Peak 63.40M) | Time:00:00.12 | Mem:0.01M, Peak:0.01M | Scene, ViewLayer | Updating Particle Systems | Copying Particles to device
Fra:1 Mem:35.39M (Peak 63.40M) | Time:00:00.12 | Mem:0.01M, Peak:0.01M | Scene, ViewLayer | Updating Meshes
Fra:1 Mem:35.39M (Peak 63.40M) | Time:00:00.12 | Mem:0.01M, Peak:0.01M | Scene, ViewLayer | Updating Objects | Applying Static Transformations
Fra:1 Mem:35.39M (Peak 63.40M) | Time:00:00.12 | Mem:0.01M, Peak:0.01M | Scene, ViewLayer | Updating Mesh | Computing attributes
Fra:1 Mem:35.86M (Peak 63.40M) | Time:00:00.12 | Mem:0.01M, Peak:0.01M | Scene, ViewLayer | Updating Mesh | Copying Attributes to device
Fra:1 Mem:35.86M (Peak 63.40M) | Time:00:00.12 | Mem:0.48M, Peak:0.48M | Scene, ViewLayer | Updating Scene BVH | Building
Fra:1 Mem:35.86M (Peak 63.40M) | Time:00:00.12 | Mem:0.48M, Peak:0.48M | Scene, ViewLayer | Updating Scene BVH | Building BVH
Fra:1 Mem:40.53M (Peak 63.40M) | Time:00:00.13 | Mem:0.48M, Peak:0.48M | Scene, ViewLayer | Updating Scene BVH | Packing BVH triangles and strands
Fra:1 Mem:40.85M (Peak 63.40M) | Time:00:00.13 | Mem:0.48M, Peak:0.48M | Scene, ViewLayer | Updating Scene BVH | Packing BVH nodes
Fra:1 Mem:40.61M (Peak 63.40M) | Time:00:00.13 | Mem:0.48M, Peak:0.48M | Scene, ViewLayer | Updating Scene BVH | Copying BVH to device
Fra:1 Mem:40.61M (Peak 63.40M) | Time:00:00.13 | Mem:2.86M, Peak:2.86M | Scene, ViewLayer | Updating Mesh | Computing normals
Fra:1 Mem:42.80M (Peak 63.40M) | Time:00:00.13 | Mem:2.86M, Peak:2.86M | Scene, ViewLayer | Updating Mesh | Copying Mesh to device
Fra:1 Mem:42.80M (Peak 63.40M) | Time:00:00.13 | Mem:5.04M, Peak:5.04M | Scene, ViewLayer | Updating Objects Flags
Fra:1 Mem:42.80M (Peak 63.40M) | Time:00:00.13 | Mem:5.04M, Peak:5.04M | Scene, ViewLayer | Updating Primitive Offsets
Fra:1 Mem:42.80M (Peak 63.40M) | Time:00:00.13 | Mem:5.04M, Peak:5.04M | Scene, ViewLayer | Updating Images
Fra:1 Mem:42.80M (Peak 63.40M) | Time:00:00.13 | Mem:5.04M, Peak:5.04M | Scene, ViewLayer | Updating Camera Volume
Fra:1 Mem:42.80M (Peak 63.40M) | Time:00:00.13 | Mem:5.04M, Peak:5.04M | Scene, ViewLayer | Updating Lookup Tables
Fra:1 Mem:42.80M (Peak 63.40M) | Time:00:00.13 | Mem:5.12M, Peak:5.12M | Scene, ViewLayer | Updating Lights
Fra:1 Mem:42.80M (Peak 63.40M) | Time:00:00.13 | Mem:5.12M, Peak:5.12M | Scene, ViewLayer | Updating Lights | Computing tree
Fra:1 Mem:42.80M (Peak 63.40M) | Time:00:00.13 | Mem:5.12M, Peak:5.12M | Scene, ViewLayer | Updating Integrator
Fra:1 Mem:42.80M (Peak 63.40M) | Time:00:00.13 | Mem:5.12M, Peak:5.12M | Scene, ViewLayer | Updating Film
Fra:1 Mem:42.80M (Peak 63.40M) | Time:00:00.13 | Mem:5.04M, Peak:5.12M | Scene, ViewLayer | Updating Lookup Tables
Fra:1 Mem:42.80M (Peak 63.40M) | Time:00:00.13 | Mem:5.13M, Peak:5.13M | Scene, ViewLayer | Updating Baking
Fra:1 Mem:42.80M (Peak 63.40M) | Time:00:00.13 | Mem:5.13M, Peak:5.13M | Scene, ViewLayer | Updating Device | Writing constant memory
Fra:1 Mem:42.80M (Peak 63.40M) | Time:00:00.13 | Mem:5.13M, Peak:5.13M | Scene, ViewLayer | Loading denoising kernels (may take a few minutes the first time)
Fra:1 Mem:46.81M (Peak 63.40M) | Time:00:00.14 | Mem:357.13M, Peak:357.13M | Scene, ViewLayer | Sample 0/24
Fra:1 Mem:89.56M (Peak 89.56M) | Time:00:00.14 | Remaining:00:00.14 | Mem:399.88M, Peak:399.88M | Scene, ViewLayer | Sample 1/24
Fra:1 Mem:107.56M (Peak 134.57M) | Time:00:01.60 | Mem:399.88M, Peak:399.88M | Scene, ViewLayer | Sample 24/24
Fra:1 Mem:107.56M (Peak 134.57M) | Time:00:01.60 | Mem:399.88M, Peak:399.88M | Scene, ViewLayer | Finished
Saved: '/home/cbsim/ws/slime-workflow/.tmp/2026-09-23_06-25-15/up_left-01.png'
Time: 00:01.72 (Saving: 00:00.03)

2026-09-23T06:40:42+0900/hunyuan-rig/heartbeat {'stage': 'up_left', 'frame': 4} images=60
Fra:4 Mem:35.44M (Peak 35.44M) | Time:00:00.08 | Mem:0.00M, Peak:0.00M | Scene, ViewLayer | Synchronizing object | key
Fra:4 Mem:35.44M (Peak 35.44M) | Time:00:00.08 | Mem:0.00M, Peak:0.00M | Scene, ViewLayer | Synchronizing object | right-ankle-ball
Fra:4 Mem:35.44M (Peak 35.44M) | Time:00:00.08 | Mem:0.00M, Peak:0.00M | Scene, ViewLayer | Synchronizing object | neck-shell-part
Fra:4 Mem:35.53M (Peak 35.53M) | Time:00:00.08 | Mem:0.00M, Peak:0.00M | Scene, ViewLayer | Synchronizing object | chest-shell-part
Fra:4 Mem:35.69M (Peak 35.69M) | Time:00:00.08 | Mem:0.00M, Peak:0.00M | Scene, ViewLayer | Synchronizing object | head-pivot-ball
Fra:4 Mem:35.70M (Peak 35.70M) | Time:00:00.08 | Mem:0.00M, Peak:0.00M | Scene, ViewLayer | Synchronizing object | left-upper-arm-shell
Fra:4 Mem:36.32M (Peak 36.32M) | Time:00:00.08 | Mem:0.00M, Peak:0.00M | Scene, ViewLayer | Synchronizing object | left-forearm-shell
Fra:4 Mem:36.64M (Peak 36.64M) | Time:00:00.08 | Mem:0.00M, Peak:0.00M | Scene, ViewLayer | Synchronizing object | left-hand-shell
Fra:4 Mem:36.84M (Peak 36.84M) | Time:00:00.08 | Mem:0.00M, Peak:0.00M | Scene, ViewLayer | Synchronizing object | right-hip-ball
Fra:4 Mem:37.27M (Peak 37.27M) | Time:00:00.08 | Mem:0.00M, Peak:0.00M | Scene, ViewLayer | Synchronizing object | right-wrist-ball
Fra:4 Mem:37.44M (Peak 37.44M) | Time:00:00.08 | Mem:0.00M, Peak:0.00M | Scene, ViewLayer | Synchronizing object | right-thigh-shell
Fra:4 Mem:37.58M (Peak 37.58M) | Time:00:00.08 | Mem:0.00M, Peak:0.00M | Scene, ViewLayer | Synchronizing object | right-elbow-ball
Fra:4 Mem:37.70M (Peak 37.70M) | Time:00:00.08 | Mem:0.00M, Peak:0.00M | Scene, ViewLayer | Synchronizing object | right-shin-shell
Fra:4 Mem:37.95M (Peak 37.95M) | Time:00:00.08 | Mem:0.00M, Peak:0.00M | Scene, ViewLayer | Synchronizing object | right-foot-shell
Fra:4 Mem:42.88M (Peak 42.88M) | Time:00:00.08 | Mem:0.00M, Peak:0.00M | Scene, ViewLayer | Initializing
Fra:4 Mem:35.29M (Peak 42.88M) | Time:00:00.08 | Mem:0.00M, Peak:0.00M | Scene, ViewLayer | Waiting for render to start
Fra:4 Mem:35.29M (Peak 42.88M) | Time:00:00.08 | Mem:0.00M, Peak:0.00M | Scene, ViewLayer | Updating Scene
Fra:4 Mem:35.29M (Peak 42.88M) | Time:00:00.08 | Mem:0.00M, Peak:0.00M | Scene, ViewLayer | Updating Shaders
Fra:4 Mem:35.30M (Peak 42.88M) | Time:00:00.08 | Mem:0.00M, Peak:0.00M | Scene, ViewLayer | Loading render kernels (may take a few minutes the first time)
Fra:4 Mem:35.38M (Peak 63.40M) | Time:00:00.12 | Mem:0.00M, Peak:0.00M | Scene, ViewLayer | Updating Procedurals
Fra:4 Mem:35.38M (Peak 63.40M) | Time:00:00.12 | Mem:0.00M, Peak:0.00M | Scene, ViewLayer | Updating Background
Fra:4 Mem:35.38M (Peak 63.40M) | Time:00:00.12 | Mem:0.00M, Peak:0.00M | Scene, ViewLayer | Updating Camera
Fra:4 Mem:35.38M (Peak 63.40M) | Time:00:00.12 | Mem:0.00M, Peak:0.00M | Scene, ViewLayer | Updating Meshes Flags
Fra:4 Mem:35.38M (Peak 63.40M) | Time:00:00.12 | Mem:0.00M, Peak:0.00M | Scene, ViewLayer | Updating Objects
Fra:4 Mem:35.38M (Peak 63.40M) | Time:00:00.12 | Mem:0.00M, Peak:0.00M | Scene, ViewLayer | Updating Objects | Copying Transformations to device
Fra:4 Mem:35.39M (Peak 63.40M) | Time:00:00.12 | Mem:0.01M, Peak:0.01M | Scene, ViewLayer | Updating Particle Systems
Fra:4 Mem:35.39M (Peak 63.40M) | Time:00:00.12 | Mem:0.01M, Peak:0.01M | Scene, ViewLayer | Updating Particle Systems | Copying Particles to device
Fra:4 Mem:35.39M (Peak 63.40M) | Time:00:00.12 | Mem:0.01M, Peak:0.01M | Scene, ViewLayer | Updating Meshes
Fra:4 Mem:35.39M (Peak 63.40M) | Time:00:00.12 | Mem:0.01M, Peak:0.01M | Scene, ViewLayer | Updating Objects | Applying Static Transformations
Fra:4 Mem:35.39M (Peak 63.40M) | Time:00:00.12 | Mem:0.01M, Peak:0.01M | Scene, ViewLayer | Updating Mesh | Computing attributes
Fra:4 Mem:35.86M (Peak 63.40M) | Time:00:00.12 | Mem:0.01M, Peak:0.01M | Scene, ViewLayer | Updating Mesh | Copying Attributes to device
Fra:4 Mem:35.86M (Peak 63.40M) | Time:00:00.12 | Mem:0.48M, Peak:0.48M | Scene, ViewLayer | Updating Scene BVH | Building
Fra:4 Mem:35.86M (Peak 63.40M) | Time:00:00.12 | Mem:0.48M, Peak:0.48M | Scene, ViewLayer | Updating Scene BVH | Building BVH
Fra:4 Mem:40.53M (Peak 63.40M) | Time:00:00.13 | Mem:0.48M, Peak:0.48M | Scene, ViewLayer | Updating Scene BVH | Packing BVH triangles and strands
Fra:4 Mem:40.85M (Peak 63.40M) | Time:00:00.13 | Mem:0.48M, Peak:0.48M | Scene, ViewLayer | Updating Scene BVH | Packing BVH nodes
Fra:4 Mem:40.61M (Peak 63.40M) | Time:00:00.13 | Mem:0.48M, Peak:0.48M | Scene, ViewLayer | Updating Scene BVH | Copying BVH to device
Fra:4 Mem:40.61M (Peak 63.40M) | Time:00:00.13 | Mem:2.86M, Peak:2.86M | Scene, ViewLayer | Updating Mesh | Computing normals
Fra:4 Mem:42.79M (Peak 63.40M) | Time:00:00.13 | Mem:2.86M, Peak:2.86M | Scene, ViewLayer | Updating Mesh | Copying Mesh to device
Fra:4 Mem:42.79M (Peak 63.40M) | Time:00:00.13 | Mem:5.04M, Peak:5.04M | Scene, ViewLayer | Updating Objects Flags
Fra:4 Mem:42.79M (Peak 63.40M) | Time:00:00.13 | Mem:5.04M, Peak:5.04M | Scene, ViewLayer | Updating Primitive Offsets
Fra:4 Mem:42.79M (Peak 63.40M) | Time:00:00.13 | Mem:5.04M, Peak:5.04M | Scene, ViewLayer | Updating Images
Fra:4 Mem:42.79M (Peak 63.40M) | Time:00:00.13 | Mem:5.04M, Peak:5.04M | Scene, ViewLayer | Updating Camera Volume
Fra:4 Mem:42.79M (Peak 63.40M) | Time:00:00.13 | Mem:5.04M, Peak:5.04M | Scene, ViewLayer | Updating Lookup Tables
Fra:4 Mem:42.79M (Peak 63.40M) | Time:00:00.13 | Mem:5.12M, Peak:5.12M | Scene, ViewLayer | Updating Lights
Fra:4 Mem:42.79M (Peak 63.40M) | Time:00:00.13 | Mem:5.12M, Peak:5.12M | Scene, ViewLayer | Updating Lights | Computing tree
Fra:4 Mem:42.79M (Peak 63.40M) | Time:00:00.13 | Mem:5.12M, Peak:5.12M | Scene, ViewLayer | Updating Integrator
Fra:4 Mem:42.79M (Peak 63.40M) | Time:00:00.13 | Mem:5.12M, Peak:5.12M | Scene, ViewLayer | Updating Film
Fra:4 Mem:42.80M (Peak 63.40M) | Time:00:00.13 | Mem:5.04M, Peak:5.12M | Scene, ViewLayer | Updating Lookup Tables
Fra:4 Mem:42.80M (Peak 63.40M) | Time:00:00.13 | Mem:5.13M, Peak:5.13M | Scene, ViewLayer | Updating Baking
Fra:4 Mem:42.80M (Peak 63.40M) | Time:00:00.13 | Mem:5.13M, Peak:5.13M | Scene, ViewLayer | Updating Device | Writing constant memory
Fra:4 Mem:42.80M (Peak 63.40M) | Time:00:00.13 | Mem:5.13M, Peak:5.13M | Scene, ViewLayer | Loading denoising kernels (may take a few minutes the first time)
Fra:4 Mem:46.80M (Peak 63.40M) | Time:00:00.14 | Mem:357.13M, Peak:357.13M | Scene, ViewLayer | Sample 0/24
Fra:4 Mem:89.56M (Peak 89.56M) | Time:00:00.14 | Remaining:00:00.14 | Mem:399.88M, Peak:399.88M | Scene, ViewLayer | Sample 1/24
Fra:4 Mem:107.56M (Peak 134.56M) | Time:00:01.62 | Mem:399.88M, Peak:399.88M | Scene, ViewLayer | Sample 24/24
Fra:4 Mem:107.56M (Peak 134.56M) | Time:00:01.62 | Mem:399.88M, Peak:399.88M | Scene, ViewLayer | Finished
Saved: '/home/cbsim/ws/slime-workflow/.tmp/2026-09-23_06-25-15/up_left-02.png'
Time: 00:01.75 (Saving: 00:00.03)

Fra:7 Mem:35.44M (Peak 35.44M) | Time:00:00.08 | Mem:0.00M, Peak:0.00M | Scene, ViewLayer | Synchronizing object | right-ankle-ball
Fra:7 Mem:35.49M (Peak 35.49M) | Time:00:00.08 | Mem:0.00M, Peak:0.00M | Scene, ViewLayer | Synchronizing object | fill
Fra:7 Mem:35.49M (Peak 35.49M) | Time:00:00.08 | Mem:0.00M, Peak:0.00M | Scene, ViewLayer | Synchronizing object | chest-shell-part
Fra:7 Mem:35.49M (Peak 35.49M) | Time:00:00.08 | Mem:0.00M, Peak:0.00M | Scene, ViewLayer | Synchronizing object | head-pivot-ball
Fra:7 Mem:35.52M (Peak 35.52M) | Time:00:00.08 | Mem:0.00M, Peak:0.00M | Scene, ViewLayer | Synchronizing object | left-upper-arm-shell
Fra:7 Mem:35.55M (Peak 35.55M) | Time:00:00.08 | Mem:0.00M, Peak:0.00M | Scene, ViewLayer | Synchronizing object | right-hip-ball
Fra:7 Mem:35.67M (Peak 35.67M) | Time:00:00.08 | Mem:0.00M, Peak:0.00M | Scene, ViewLayer | Synchronizing object | right-wrist-ball
Fra:7 Mem:35.87M (Peak 35.87M) | Time:00:00.08 | Mem:0.00M, Peak:0.00M | Scene, ViewLayer | Synchronizing object | left-thigh-shell
Fra:7 Mem:36.18M (Peak 36.18M) | Time:00:00.08 | Mem:0.00M, Peak:0.00M | Scene, ViewLayer | Synchronizing object | left-knee-ball
Fra:7 Mem:36.19M (Peak 36.19M) | Time:00:00.08 | Mem:0.00M, Peak:0.00M | Scene, ViewLayer | Synchronizing object | right-upper-arm-shell
Fra:7 Mem:36.26M (Peak 36.26M) | Time:00:00.08 | Mem:0.00M, Peak:0.00M | Scene, ViewLayer | Synchronizing object | right-forearm-shell
Fra:7 Mem:36.66M (Peak 36.66M) | Time:00:00.08 | Mem:0.00M, Peak:0.00M | Scene, ViewLayer | Synchronizing object | right-hand-shell
Fra:7 Mem:36.66M (Peak 36.66M) | Time:00:00.08 | Mem:0.00M, Peak:0.00M | Scene, ViewLayer | Synchronizing object | right-thigh-shell
Fra:7 Mem:36.71M (Peak 36.71M) | Time:00:00.08 | Mem:0.00M, Peak:0.00M | Scene, ViewLayer | Synchronizing object | right-foot-shell
Fra:7 Mem:37.38M (Peak 37.38M) | Time:00:00.08 | Mem:0.00M, Peak:0.00M | Scene, ViewLayer | Synchronizing object | right-shoulder-ball
Fra:7 Mem:42.88M (Peak 42.89M) | Time:00:00.09 | Mem:0.00M, Peak:0.00M | Scene, ViewLayer | Initializing
Fra:7 Mem:35.29M (Peak 42.89M) | Time:00:00.09 | Mem:0.00M, Peak:0.00M | Scene, ViewLayer | Waiting for render to start
Fra:7 Mem:35.29M (Peak 42.89M) | Time:00:00.09 | Mem:0.00M, Peak:0.00M | Scene, ViewLayer | Updating Scene
Fra:7 Mem:35.29M (Peak 42.89M) | Time:00:00.09 | Mem:0.00M, Peak:0.00M | Scene, ViewLayer | Updating Shaders
Fra:7 Mem:35.30M (Peak 42.89M) | Time:00:00.09 | Mem:0.00M, Peak:0.00M | Scene, ViewLayer | Loading render kernels (may take a few minutes the first time)
Fra:7 Mem:35.38M (Peak 63.40M) | Time:00:00.13 | Mem:0.00M, Peak:0.00M | Scene, ViewLayer | Updating Procedurals
Fra:7 Mem:35.38M (Peak 63.40M) | Time:00:00.13 | Mem:0.00M, Peak:0.00M | Scene, ViewLayer | Updating Background
Fra:7 Mem:35.38M (Peak 63.40M) | Time:00:00.13 | Mem:0.00M, Peak:0.00M | Scene, ViewLayer | Updating Camera
Fra:7 Mem:35.38M (Peak 63.40M) | Time:00:00.13 | Mem:0.00M, Peak:0.00M | Scene, ViewLayer | Updating Meshes Flags
Fra:7 Mem:35.38M (Peak 63.40M) | Time:00:00.13 | Mem:0.00M, Peak:0.00M | Scene, ViewLayer | Updating Objects
Fra:7 Mem:35.38M (Peak 63.40M) | Time:00:00.13 | Mem:0.00M, Peak:0.00M | Scene, ViewLayer | Updating Objects | Copying Transformations to device
Fra:7 Mem:35.39M (Peak 63.40M) | Time:00:00.13 | Mem:0.01M, Peak:0.01M | Scene, ViewLayer | Updating Particle Systems
Fra:7 Mem:35.39M (Peak 63.40M) | Time:00:00.13 | Mem:0.01M, Peak:0.01M | Scene, ViewLayer | Updating Particle Systems | Copying Particles to device
Fra:7 Mem:35.39M (Peak 63.40M) | Time:00:00.13 | Mem:0.01M, Peak:0.01M | Scene, ViewLayer | Updating Meshes
Fra:7 Mem:35.39M (Peak 63.40M) | Time:00:00.13 | Mem:0.01M, Peak:0.01M | Scene, ViewLayer | Updating Objects | Applying Static Transformations
Fra:7 Mem:35.39M (Peak 63.40M) | Time:00:00.13 | Mem:0.01M, Peak:0.01M | Scene, ViewLayer | Updating Mesh | Computing attributes
Fra:7 Mem:35.86M (Peak 63.40M) | Time:00:00.13 | Mem:0.01M, Peak:0.01M | Scene, ViewLayer | Updating Mesh | Copying Attributes to device
Fra:7 Mem:35.86M (Peak 63.40M) | Time:00:00.13 | Mem:0.48M, Peak:0.48M | Scene, ViewLayer | Updating Scene BVH | Building
Fra:7 Mem:35.86M (Peak 63.40M) | Time:00:00.13 | Mem:0.48M, Peak:0.48M | Scene, ViewLayer | Updating Scene BVH | Building BVH
Fra:7 Mem:40.53M (Peak 63.40M) | Time:00:00.14 | Mem:0.48M, Peak:0.48M | Scene, ViewLayer | Updating Scene BVH | Packing BVH triangles and strands
Fra:7 Mem:40.85M (Peak 63.40M) | Time:00:00.14 | Mem:0.48M, Peak:0.48M | Scene, ViewLayer | Updating Scene BVH | Packing BVH nodes
Fra:7 Mem:40.60M (Peak 63.40M) | Time:00:00.14 | Mem:0.48M, Peak:0.48M | Scene, ViewLayer | Updating Scene BVH | Copying BVH to device
Fra:7 Mem:40.60M (Peak 63.40M) | Time:00:00.14 | Mem:2.85M, Peak:2.85M | Scene, ViewLayer | Updating Mesh | Computing normals
Fra:7 Mem:42.79M (Peak 63.40M) | Time:00:00.14 | Mem:2.85M, Peak:2.85M | Scene, ViewLayer | Updating Mesh | Copying Mesh to device
Fra:7 Mem:42.79M (Peak 63.40M) | Time:00:00.14 | Mem:5.04M, Peak:5.04M | Scene, ViewLayer | Updating Objects Flags
Fra:7 Mem:42.79M (Peak 63.40M) | Time:00:00.14 | Mem:5.04M, Peak:5.04M | Scene, ViewLayer | Updating Primitive Offsets
Fra:7 Mem:42.79M (Peak 63.40M) | Time:00:00.14 | Mem:5.04M, Peak:5.04M | Scene, ViewLayer | Updating Images
Fra:7 Mem:42.79M (Peak 63.40M) | Time:00:00.14 | Mem:5.04M, Peak:5.04M | Scene, ViewLayer | Updating Camera Volume
Fra:7 Mem:42.79M (Peak 63.40M) | Time:00:00.14 | Mem:5.04M, Peak:5.04M | Scene, ViewLayer | Updating Lookup Tables
Fra:7 Mem:42.79M (Peak 63.40M) | Time:00:00.14 | Mem:5.12M, Peak:5.12M | Scene, ViewLayer | Updating Lights
Fra:7 Mem:42.79M (Peak 63.40M) | Time:00:00.14 | Mem:5.12M, Peak:5.12M | Scene, ViewLayer | Updating Lights | Computing tree
Fra:7 Mem:42.79M (Peak 63.40M) | Time:00:00.14 | Mem:5.12M, Peak:5.12M | Scene, ViewLayer | Updating Integrator
Fra:7 Mem:42.79M (Peak 63.40M) | Time:00:00.14 | Mem:5.12M, Peak:5.12M | Scene, ViewLayer | Updating Film
Fra:7 Mem:42.79M (Peak 63.40M) | Time:00:00.14 | Mem:5.04M, Peak:5.12M | Scene, ViewLayer | Updating Lookup Tables
Fra:7 Mem:42.79M (Peak 63.40M) | Time:00:00.14 | Mem:5.12M, Peak:5.12M | Scene, ViewLayer | Updating Baking
Fra:7 Mem:42.79M (Peak 63.40M) | Time:00:00.14 | Mem:5.12M, Peak:5.12M | Scene, ViewLayer | Updating Device | Writing constant memory
Fra:7 Mem:42.80M (Peak 63.40M) | Time:00:00.14 | Mem:5.12M, Peak:5.12M | Scene, ViewLayer | Loading denoising kernels (may take a few minutes the first time)
Fra:7 Mem:46.80M (Peak 63.40M) | Time:00:00.15 | Mem:357.12M, Peak:357.12M | Scene, ViewLayer | Sample 0/24
Fra:7 Mem:89.55M (Peak 89.55M) | Time:00:00.15 | Remaining:00:00.14 | Mem:399.87M, Peak:399.87M | Scene, ViewLayer | Sample 1/24
Fra:7 Mem:107.56M (Peak 134.56M) | Time:00:01.60 | Mem:399.88M, Peak:399.88M | Scene, ViewLayer | Sample 24/24
Fra:7 Mem:107.56M (Peak 134.56M) | Time:00:01.60 | Mem:399.88M, Peak:399.88M | Scene, ViewLayer | Finished
Saved: '/home/cbsim/ws/slime-workflow/.tmp/2026-09-23_06-25-15/up_left-03.png'
Time: 00:01.73 (Saving: 00:00.03)

Fra:10 Mem:35.44M (Peak 35.44M) | Time:00:00.07 | Mem:0.00M, Peak:0.00M | Scene, ViewLayer | Synchronizing object | fill
Fra:10 Mem:35.44M (Peak 35.44M) | Time:00:00.07 | Mem:0.00M, Peak:0.00M | Scene, ViewLayer | Synchronizing object | head-shell-part
Fra:10 Mem:35.44M (Peak 35.44M) | Time:00:00.07 | Mem:0.00M, Peak:0.00M | Scene, ViewLayer | Synchronizing object | neck-shell-part
Fra:10 Mem:35.44M (Peak 35.44M) | Time:00:00.07 | Mem:0.00M, Peak:0.00M | Scene, ViewLayer | Synchronizing object | left-forearm-shell
Fra:10 Mem:35.44M (Peak 35.44M) | Time:00:00.07 | Mem:0.00M, Peak:0.00M | Scene, ViewLayer | Synchronizing object | left-shin-shell
Fra:10 Mem:35.48M (Peak 35.48M) | Time:00:00.07 | Mem:0.00M, Peak:0.00M | Scene, ViewLayer | Synchronizing object | right-ankle-ball
Fra:10 Mem:36.84M (Peak 36.84M) | Time:00:00.07 | Mem:0.00M, Peak:0.00M | Scene, ViewLayer | Synchronizing object | right-knee-ball
Fra:10 Mem:37.41M (Peak 37.40M) | Time:00:00.07 | Mem:0.00M, Peak:0.00M | Scene, ViewLayer | Synchronizing object | left-wrist-ball
Fra:10 Mem:37.54M (Peak 37.54M) | Time:00:00.07 | Mem:0.00M, Peak:0.00M | Scene, ViewLayer | Synchronizing object | left-knee-ball
Fra:10 Mem:37.64M (Peak 37.64M) | Time:00:00.07 | Mem:0.00M, Peak:0.00M | Scene, ViewLayer | Synchronizing object | right-upper-arm-shell
Fra:10 Mem:37.97M (Peak 37.97M) | Time:00:00.07 | Mem:0.00M, Peak:0.00M | Scene, ViewLayer | Synchronizing object | right-thigh-shell
Fra:10 Mem:38.02M (Peak 38.02M) | Time:00:00.07 | Mem:0.00M, Peak:0.00M | Scene, ViewLayer | Synchronizing object | right-foot-shell
Fra:10 Mem:38.63M (Peak 38.63M) | Time:00:00.07 | Mem:0.00M, Peak:0.00M | Scene, ViewLayer | Synchronizing object | right-shoulder-ball
Fra:10 Mem:38.97M (Peak 38.97M) | Time:00:00.07 | Mem:0.00M, Peak:0.00M | Scene, ViewLayer | Synchronizing object | right-elbow-ball
Fra:10 Mem:39.01M (Peak 39.01M) | Time:00:00.07 | Mem:0.00M, Peak:0.00M | Scene, ViewLayer | Synchronizing object | right-wrist-ball
Fra:10 Mem:42.88M (Peak 42.88M) | Time:00:00.08 | Mem:0.00M, Peak:0.00M | Scene, ViewLayer | Initializing
Fra:10 Mem:35.29M (Peak 42.88M) | Time:00:00.08 | Mem:0.00M, Peak:0.00M | Scene, ViewLayer | Waiting for render to start
Fra:10 Mem:35.29M (Peak 42.88M) | Time:00:00.08 | Mem:0.00M, Peak:0.00M | Scene, ViewLayer | Updating Scene
Fra:10 Mem:35.29M (Peak 42.88M) | Time:00:00.08 | Mem:0.00M, Peak:0.00M | Scene, ViewLayer | Updating Shaders
Fra:10 Mem:35.30M (Peak 42.88M) | Time:00:00.08 | Mem:0.00M, Peak:0.00M | Scene, ViewLayer | Loading render kernels (may take a few minutes the first time)
Fra:10 Mem:35.38M (Peak 63.40M) | Time:00:00.12 | Mem:0.00M, Peak:0.00M | Scene, ViewLayer | Updating Procedurals
Fra:10 Mem:35.38M (Peak 63.40M) | Time:00:00.12 | Mem:0.00M, Peak:0.00M | Scene, ViewLayer | Updating Background
Fra:10 Mem:35.38M (Peak 63.40M) | Time:00:00.12 | Mem:0.00M, Peak:0.00M | Scene, ViewLayer | Updating Camera
Fra:10 Mem:35.38M (Peak 63.40M) | Time:00:00.12 | Mem:0.00M, Peak:0.00M | Scene, ViewLayer | Updating Meshes Flags
Fra:10 Mem:35.38M (Peak 63.40M) | Time:00:00.12 | Mem:0.00M, Peak:0.00M | Scene, ViewLayer | Updating Objects
Fra:10 Mem:35.38M (Peak 63.40M) | Time:00:00.12 | Mem:0.00M, Peak:0.00M | Scene, ViewLayer | Updating Objects | Copying Transformations to device
Fra:10 Mem:35.39M (Peak 63.40M) | Time:00:00.12 | Mem:0.01M, Peak:0.01M | Scene, ViewLayer | Updating Particle Systems
Fra:10 Mem:35.39M (Peak 63.40M) | Time:00:00.12 | Mem:0.01M, Peak:0.01M | Scene, ViewLayer | Updating Particle Systems | Copying Particles to device
Fra:10 Mem:35.39M (Peak 63.40M) | Time:00:00.12 | Mem:0.01M, Peak:0.01M | Scene, ViewLayer | Updating Meshes
Fra:10 Mem:35.39M (Peak 63.40M) | Time:00:00.12 | Mem:0.01M, Peak:0.01M | Scene, ViewLayer | Updating Objects | Applying Static Transformations
Fra:10 Mem:35.39M (Peak 63.40M) | Time:00:00.12 | Mem:0.01M, Peak:0.01M | Scene, ViewLayer | Updating Mesh | Computing attributes
Fra:10 Mem:35.86M (Peak 63.40M) | Time:00:00.12 | Mem:0.01M, Peak:0.01M | Scene, ViewLayer | Updating Mesh | Copying Attributes to device
Fra:10 Mem:35.86M (Peak 63.40M) | Time:00:00.12 | Mem:0.48M, Peak:0.48M | Scene, ViewLayer | Updating Scene BVH | Building
Fra:10 Mem:35.86M (Peak 63.40M) | Time:00:00.12 | Mem:0.48M, Peak:0.48M | Scene, ViewLayer | Updating Scene BVH | Building BVH
Fra:10 Mem:40.53M (Peak 63.40M) | Time:00:00.12 | Mem:0.48M, Peak:0.48M | Scene, ViewLayer | Updating Scene BVH | Packing BVH triangles and strands
Fra:10 Mem:40.85M (Peak 63.40M) | Time:00:00.12 | Mem:0.48M, Peak:0.48M | Scene, ViewLayer | Updating Scene BVH | Packing BVH nodes
Fra:10 Mem:40.60M (Peak 63.40M) | Time:00:00.13 | Mem:0.48M, Peak:0.48M | Scene, ViewLayer | Updating Scene BVH | Copying BVH to device
Fra:10 Mem:40.60M (Peak 63.40M) | Time:00:00.13 | Mem:2.85M, Peak:2.85M | Scene, ViewLayer | Updating Mesh | Computing normals
Fra:10 Mem:42.79M (Peak 63.40M) | Time:00:00.13 | Mem:2.85M, Peak:2.85M | Scene, ViewLayer | Updating Mesh | Copying Mesh to device
Fra:10 Mem:42.79M (Peak 63.40M) | Time:00:00.13 | Mem:5.04M, Peak:5.04M | Scene, ViewLayer | Updating Objects Flags
Fra:10 Mem:42.79M (Peak 63.40M) | Time:00:00.13 | Mem:5.04M, Peak:5.04M | Scene, ViewLayer | Updating Primitive Offsets
Fra:10 Mem:42.79M (Peak 63.40M) | Time:00:00.13 | Mem:5.04M, Peak:5.04M | Scene, ViewLayer | Updating Images
Fra:10 Mem:42.79M (Peak 63.40M) | Time:00:00.13 | Mem:5.04M, Peak:5.04M | Scene, ViewLayer | Updating Camera Volume
Fra:10 Mem:42.79M (Peak 63.40M) | Time:00:00.13 | Mem:5.04M, Peak:5.04M | Scene, ViewLayer | Updating Lookup Tables
Fra:10 Mem:42.79M (Peak 63.40M) | Time:00:00.13 | Mem:5.12M, Peak:5.12M | Scene, ViewLayer | Updating Lights
Fra:10 Mem:42.79M (Peak 63.40M) | Time:00:00.13 | Mem:5.12M, Peak:5.12M | Scene, ViewLayer | Updating Lights | Computing tree
Fra:10 Mem:42.79M (Peak 63.40M) | Time:00:00.13 | Mem:5.12M, Peak:5.12M | Scene, ViewLayer | Updating Integrator
Fra:10 Mem:42.79M (Peak 63.40M) | Time:00:00.13 | Mem:5.12M, Peak:5.12M | Scene, ViewLayer | Updating Film
Fra:10 Mem:42.79M (Peak 63.40M) | Time:00:00.13 | Mem:5.04M, Peak:5.12M | Scene, ViewLayer | Updating Lookup Tables
Fra:10 Mem:42.79M (Peak 63.40M) | Time:00:00.13 | Mem:5.12M, Peak:5.12M | Scene, ViewLayer | Updating Baking
Fra:10 Mem:42.79M (Peak 63.40M) | Time:00:00.13 | Mem:5.12M, Peak:5.12M | Scene, ViewLayer | Updating Device | Writing constant memory
Fra:10 Mem:42.80M (Peak 63.40M) | Time:00:00.13 | Mem:5.12M, Peak:5.12M | Scene, ViewLayer | Loading denoising kernels (may take a few minutes the first time)
Fra:10 Mem:46.80M (Peak 63.40M) | Time:00:00.13 | Mem:357.12M, Peak:357.12M | Scene, ViewLayer | Sample 0/24
Fra:10 Mem:89.55M (Peak 89.55M) | Time:00:00.14 | Remaining:00:00.14 | Mem:399.87M, Peak:399.87M | Scene, ViewLayer | Sample 1/24
2026-09-23T06:40:47+0900/hunyuan-rig/heartbeat {'stage': 'up_left', 'frame': 10} images=60
Fra:10 Mem:107.56M (Peak 134.56M) | Time:00:01.61 | Mem:399.88M, Peak:399.88M | Scene, ViewLayer | Sample 24/24
Fra:10 Mem:107.56M (Peak 134.56M) | Time:00:01.61 | Mem:399.88M, Peak:399.88M | Scene, ViewLayer | Finished
Saved: '/home/cbsim/ws/slime-workflow/.tmp/2026-09-23_06-25-15/up_left-04.png'
Time: 00:01.73 (Saving: 00:00.03)

Fra:13 Mem:35.44M (Peak 35.44M) | Time:00:00.08 | Mem:0.00M, Peak:0.00M | Scene, ViewLayer | Synchronizing object | key
Fra:13 Mem:35.44M (Peak 35.44M) | Time:00:00.08 | Mem:0.00M, Peak:0.00M | Scene, ViewLayer | Synchronizing object | fill
Fra:13 Mem:35.44M (Peak 35.44M) | Time:00:00.08 | Mem:0.00M, Peak:0.00M | Scene, ViewLayer | Synchronizing object | head-shell-part
Fra:13 Mem:35.44M (Peak 35.44M) | Time:00:00.08 | Mem:0.00M, Peak:0.00M | Scene, ViewLayer | Synchronizing object | neck-shell-part
Fra:13 Mem:35.47M (Peak 35.47M) | Time:00:00.08 | Mem:0.00M, Peak:0.00M | Scene, ViewLayer | Synchronizing object | chest-shell-part
Fra:13 Mem:35.62M (Peak 35.62M) | Time:00:00.08 | Mem:0.00M, Peak:0.00M | Scene, ViewLayer | Synchronizing object | right-knee-ball
Fra:13 Mem:35.67M (Peak 35.67M) | Time:00:00.08 | Mem:0.00M, Peak:0.00M | Scene, ViewLayer | Synchronizing object | left-upper-arm-shell
Fra:13 Mem:36.25M (Peak 36.25M) | Time:00:00.08 | Mem:0.00M, Peak:0.00M | Scene, ViewLayer | Synchronizing object | left-forearm-shell
Fra:13 Mem:36.26M (Peak 36.26M) | Time:00:00.08 | Mem:0.00M, Peak:0.00M | Scene, ViewLayer | Synchronizing object | left-hand-shell
Fra:13 Mem:36.69M (Peak 36.69M) | Time:00:00.08 | Mem:0.00M, Peak:0.00M | Scene, ViewLayer | Synchronizing object | left-thigh-shell
Fra:13 Mem:37.26M (Peak 37.26M) | Time:00:00.08 | Mem:0.00M, Peak:0.00M | Scene, ViewLayer | Synchronizing object | left-elbow-ball
Fra:13 Mem:37.58M (Peak 37.58M) | Time:00:00.08 | Mem:0.00M, Peak:0.00M | Scene, ViewLayer | Synchronizing object | right-shin-shell
Fra:13 Mem:37.66M (Peak 37.66M) | Time:00:00.08 | Mem:0.00M, Peak:0.00M | Scene, ViewLayer | Synchronizing object | right-foot-shell
Fra:13 Mem:38.79M (Peak 38.79M) | Time:00:00.08 | Mem:0.00M, Peak:0.00M | Scene, ViewLayer | Synchronizing object | right-shoulder-ball
Fra:13 Mem:38.91M (Peak 38.91M) | Time:00:00.08 | Mem:0.00M, Peak:0.00M | Scene, ViewLayer | Synchronizing object | right-elbow-ball
Fra:13 Mem:39.22M (Peak 39.22M) | Time:00:00.08 | Mem:0.00M, Peak:0.00M | Scene, ViewLayer | Synchronizing object | right-wrist-ball
Fra:13 Mem:42.88M (Peak 42.88M) | Time:00:00.08 | Mem:0.00M, Peak:0.00M | Scene, ViewLayer | Initializing
Fra:13 Mem:35.29M (Peak 42.88M) | Time:00:00.08 | Mem:0.00M, Peak:0.00M | Scene, ViewLayer | Waiting for render to start
Fra:13 Mem:35.29M (Peak 42.88M) | Time:00:00.08 | Mem:0.00M, Peak:0.00M | Scene, ViewLayer | Updating Scene
Fra:13 Mem:35.29M (Peak 42.88M) | Time:00:00.08 | Mem:0.00M, Peak:0.00M | Scene, ViewLayer | Updating Shaders
Fra:13 Mem:35.30M (Peak 42.88M) | Time:00:00.08 | Mem:0.00M, Peak:0.00M | Scene, ViewLayer | Loading render kernels (may take a few minutes the first time)
Fra:13 Mem:35.38M (Peak 63.40M) | Time:00:00.12 | Mem:0.00M, Peak:0.00M | Scene, ViewLayer | Updating Procedurals
Fra:13 Mem:35.38M (Peak 63.40M) | Time:00:00.12 | Mem:0.00M, Peak:0.00M | Scene, ViewLayer | Updating Background
Fra:13 Mem:35.38M (Peak 63.40M) | Time:00:00.12 | Mem:0.00M, Peak:0.00M | Scene, ViewLayer | Updating Camera
Fra:13 Mem:35.38M (Peak 63.40M) | Time:00:00.12 | Mem:0.00M, Peak:0.00M | Scene, ViewLayer | Updating Meshes Flags
Fra:13 Mem:35.38M (Peak 63.40M) | Time:00:00.12 | Mem:0.00M, Peak:0.00M | Scene, ViewLayer | Updating Objects
Fra:13 Mem:35.38M (Peak 63.40M) | Time:00:00.12 | Mem:0.00M, Peak:0.00M | Scene, ViewLayer | Updating Objects | Copying Transformations to device
Fra:13 Mem:35.39M (Peak 63.40M) | Time:00:00.12 | Mem:0.01M, Peak:0.01M | Scene, ViewLayer | Updating Particle Systems
Fra:13 Mem:35.39M (Peak 63.40M) | Time:00:00.12 | Mem:0.01M, Peak:0.01M | Scene, ViewLayer | Updating Particle Systems | Copying Particles to device
Fra:13 Mem:35.39M (Peak 63.40M) | Time:00:00.12 | Mem:0.01M, Peak:0.01M | Scene, ViewLayer | Updating Meshes
Fra:13 Mem:35.39M (Peak 63.40M) | Time:00:00.12 | Mem:0.01M, Peak:0.01M | Scene, ViewLayer | Updating Objects | Applying Static Transformations
Fra:13 Mem:35.39M (Peak 63.40M) | Time:00:00.12 | Mem:0.01M, Peak:0.01M | Scene, ViewLayer | Updating Mesh | Computing attributes
Fra:13 Mem:35.86M (Peak 63.40M) | Time:00:00.12 | Mem:0.01M, Peak:0.01M | Scene, ViewLayer | Updating Mesh | Copying Attributes to device
Fra:13 Mem:35.86M (Peak 63.40M) | Time:00:00.12 | Mem:0.48M, Peak:0.48M | Scene, ViewLayer | Updating Scene BVH | Building
Fra:13 Mem:35.86M (Peak 63.40M) | Time:00:00.12 | Mem:0.48M, Peak:0.48M | Scene, ViewLayer | Updating Scene BVH | Building BVH
Fra:13 Mem:40.53M (Peak 63.40M) | Time:00:00.13 | Mem:0.48M, Peak:0.48M | Scene, ViewLayer | Updating Scene BVH | Packing BVH triangles and strands
Fra:13 Mem:40.85M (Peak 63.40M) | Time:00:00.13 | Mem:0.48M, Peak:0.48M | Scene, ViewLayer | Updating Scene BVH | Packing BVH nodes
Fra:13 Mem:40.61M (Peak 63.40M) | Time:00:00.13 | Mem:0.48M, Peak:0.48M | Scene, ViewLayer | Updating Scene BVH | Copying BVH to device
Fra:13 Mem:40.61M (Peak 63.40M) | Time:00:00.13 | Mem:2.86M, Peak:2.86M | Scene, ViewLayer | Updating Mesh | Computing normals
Fra:13 Mem:42.80M (Peak 63.40M) | Time:00:00.13 | Mem:2.86M, Peak:2.86M | Scene, ViewLayer | Updating Mesh | Copying Mesh to device
Fra:13 Mem:42.80M (Peak 63.40M) | Time:00:00.13 | Mem:5.04M, Peak:5.04M | Scene, ViewLayer | Updating Objects Flags
Fra:13 Mem:42.80M (Peak 63.40M) | Time:00:00.14 | Mem:5.04M, Peak:5.04M | Scene, ViewLayer | Updating Primitive Offsets
Fra:13 Mem:42.80M (Peak 63.40M) | Time:00:00.14 | Mem:5.04M, Peak:5.04M | Scene, ViewLayer | Updating Images
Fra:13 Mem:42.80M (Peak 63.40M) | Time:00:00.14 | Mem:5.04M, Peak:5.04M | Scene, ViewLayer | Updating Camera Volume
Fra:13 Mem:42.80M (Peak 63.40M) | Time:00:00.14 | Mem:5.04M, Peak:5.04M | Scene, ViewLayer | Updating Lookup Tables
Fra:13 Mem:42.80M (Peak 63.40M) | Time:00:00.14 | Mem:5.12M, Peak:5.12M | Scene, ViewLayer | Updating Lights
Fra:13 Mem:42.80M (Peak 63.40M) | Time:00:00.14 | Mem:5.12M, Peak:5.12M | Scene, ViewLayer | Updating Lights | Computing tree
Fra:13 Mem:42.80M (Peak 63.40M) | Time:00:00.14 | Mem:5.12M, Peak:5.12M | Scene, ViewLayer | Updating Integrator
Fra:13 Mem:42.80M (Peak 63.40M) | Time:00:00.14 | Mem:5.12M, Peak:5.12M | Scene, ViewLayer | Updating Film
Fra:13 Mem:42.80M (Peak 63.40M) | Time:00:00.14 | Mem:5.04M, Peak:5.12M | Scene, ViewLayer | Updating Lookup Tables
Fra:13 Mem:42.80M (Peak 63.40M) | Time:00:00.14 | Mem:5.13M, Peak:5.13M | Scene, ViewLayer | Updating Baking
Fra:13 Mem:42.80M (Peak 63.40M) | Time:00:00.14 | Mem:5.13M, Peak:5.13M | Scene, ViewLayer | Updating Device | Writing constant memory
Fra:13 Mem:42.81M (Peak 63.40M) | Time:00:00.14 | Mem:5.13M, Peak:5.13M | Scene, ViewLayer | Loading denoising kernels (may take a few minutes the first time)
Fra:13 Mem:46.81M (Peak 63.40M) | Time:00:00.14 | Mem:357.13M, Peak:357.13M | Scene, ViewLayer | Sample 0/24
Fra:13 Mem:89.56M (Peak 89.56M) | Time:00:00.15 | Remaining:00:00.14 | Mem:399.88M, Peak:399.88M | Scene, ViewLayer | Sample 1/24
Fra:13 Mem:107.57M (Peak 134.57M) | Time:00:01.61 | Mem:399.88M, Peak:399.88M | Scene, ViewLayer | Sample 24/24
Fra:13 Mem:107.57M (Peak 134.57M) | Time:00:01.61 | Mem:399.88M, Peak:399.88M | Scene, ViewLayer | Finished
Saved: '/home/cbsim/ws/slime-workflow/.tmp/2026-09-23_06-25-15/up_left-05.png'
Time: 00:01.73 (Saving: 00:00.03)

Fra:16 Mem:35.44M (Peak 35.44M) | Time:00:00.08 | Mem:0.00M, Peak:0.00M | Scene, ViewLayer | Synchronizing object | key
Fra:16 Mem:35.44M (Peak 35.44M) | Time:00:00.08 | Mem:0.00M, Peak:0.00M | Scene, ViewLayer | Synchronizing object | head-shell-part
Fra:16 Mem:35.44M (Peak 35.44M) | Time:00:00.08 | Mem:0.00M, Peak:0.00M | Scene, ViewLayer | Synchronizing object | chest-shell-part
Fra:16 Mem:35.45M (Peak 35.45M) | Time:00:00.08 | Mem:0.00M, Peak:0.00M | Scene, ViewLayer | Synchronizing object | pelvis-shell-part
Fra:16 Mem:35.51M (Peak 35.51M) | Time:00:00.08 | Mem:0.00M, Peak:0.00M | Scene, ViewLayer | Synchronizing object | left-upper-arm-shell
Fra:16 Mem:35.63M (Peak 35.63M) | Time:00:00.08 | Mem:0.00M, Peak:0.00M | Scene, ViewLayer | Synchronizing object | left-forearm-shell
Fra:16 Mem:36.51M (Peak 36.51M) | Time:00:00.08 | Mem:0.00M, Peak:0.00M | Scene, ViewLayer | Synchronizing object | left-shoulder-ball
Fra:16 Mem:36.67M (Peak 36.67M) | Time:00:00.08 | Mem:0.00M, Peak:0.00M | Scene, ViewLayer | Synchronizing object | left-elbow-ball
Fra:16 Mem:36.83M (Peak 36.83M) | Time:00:00.08 | Mem:0.00M, Peak:0.00M | Scene, ViewLayer | Synchronizing object | left-wrist-ball
Fra:16 Mem:36.94M (Peak 36.94M) | Time:00:00.08 | Mem:0.00M, Peak:0.00M | Scene, ViewLayer | Synchronizing object | left-hip-ball
Fra:16 Mem:36.96M (Peak 36.96M) | Time:00:00.08 | Mem:0.00M, Peak:0.00M | Scene, ViewLayer | Synchronizing object | right-forearm-shell
Fra:16 Mem:37.04M (Peak 37.04M) | Time:00:00.08 | Mem:0.00M, Peak:0.00M | Scene, ViewLayer | Synchronizing object | right-foot-shell
Fra:16 Mem:37.96M (Peak 37.96M) | Time:00:00.08 | Mem:0.00M, Peak:0.00M | Scene, ViewLayer | Synchronizing object | right-shoulder-ball
Fra:16 Mem:38.10M (Peak 38.10M) | Time:00:00.08 | Mem:0.00M, Peak:0.00M | Scene, ViewLayer | Synchronizing object | right-elbow-ball
Fra:16 Mem:38.31M (Peak 38.31M) | Time:00:00.08 | Mem:0.00M, Peak:0.00M | Scene, ViewLayer | Synchronizing object | right-wrist-ball
Fra:16 Mem:42.88M (Peak 42.88M) | Time:00:00.08 | Mem:0.00M, Peak:0.00M | Scene, ViewLayer | Initializing
Fra:16 Mem:35.29M (Peak 42.88M) | Time:00:00.08 | Mem:0.00M, Peak:0.00M | Scene, ViewLayer | Waiting for render to start
Fra:16 Mem:35.29M (Peak 42.88M) | Time:00:00.08 | Mem:0.00M, Peak:0.00M | Scene, ViewLayer | Updating Scene
Fra:16 Mem:35.29M (Peak 42.88M) | Time:00:00.08 | Mem:0.00M, Peak:0.00M | Scene, ViewLayer | Updating Shaders
Fra:16 Mem:35.30M (Peak 42.88M) | Time:00:00.08 | Mem:0.00M, Peak:0.00M | Scene, ViewLayer | Loading render kernels (may take a few minutes the first time)
Fra:16 Mem:35.38M (Peak 63.40M) | Time:00:00.12 | Mem:0.00M, Peak:0.00M | Scene, ViewLayer | Updating Procedurals
Fra:16 Mem:35.38M (Peak 63.40M) | Time:00:00.12 | Mem:0.00M, Peak:0.00M | Scene, ViewLayer | Updating Background
Fra:16 Mem:35.38M (Peak 63.40M) | Time:00:00.12 | Mem:0.00M, Peak:0.00M | Scene, ViewLayer | Updating Camera
Fra:16 Mem:35.38M (Peak 63.40M) | Time:00:00.12 | Mem:0.00M, Peak:0.00M | Scene, ViewLayer | Updating Meshes Flags
Fra:16 Mem:35.38M (Peak 63.40M) | Time:00:00.12 | Mem:0.00M, Peak:0.00M | Scene, ViewLayer | Updating Objects
Fra:16 Mem:35.38M (Peak 63.40M) | Time:00:00.12 | Mem:0.00M, Peak:0.00M | Scene, ViewLayer | Updating Objects | Copying Transformations to device
Fra:16 Mem:35.39M (Peak 63.40M) | Time:00:00.12 | Mem:0.01M, Peak:0.01M | Scene, ViewLayer | Updating Particle Systems
Fra:16 Mem:35.39M (Peak 63.40M) | Time:00:00.12 | Mem:0.01M, Peak:0.01M | Scene, ViewLayer | Updating Particle Systems | Copying Particles to device
Fra:16 Mem:35.39M (Peak 63.40M) | Time:00:00.12 | Mem:0.01M, Peak:0.01M | Scene, ViewLayer | Updating Meshes
Fra:16 Mem:35.39M (Peak 63.40M) | Time:00:00.12 | Mem:0.01M, Peak:0.01M | Scene, ViewLayer | Updating Objects | Applying Static Transformations
Fra:16 Mem:35.39M (Peak 63.40M) | Time:00:00.12 | Mem:0.01M, Peak:0.01M | Scene, ViewLayer | Updating Mesh | Computing attributes
Fra:16 Mem:35.86M (Peak 63.40M) | Time:00:00.12 | Mem:0.01M, Peak:0.01M | Scene, ViewLayer | Updating Mesh | Copying Attributes to device
Fra:16 Mem:35.86M (Peak 63.40M) | Time:00:00.12 | Mem:0.48M, Peak:0.48M | Scene, ViewLayer | Updating Scene BVH | Building
Fra:16 Mem:35.86M (Peak 63.40M) | Time:00:00.12 | Mem:0.48M, Peak:0.48M | Scene, ViewLayer | Updating Scene BVH | Building BVH
Fra:16 Mem:40.53M (Peak 63.40M) | Time:00:00.13 | Mem:0.48M, Peak:0.48M | Scene, ViewLayer | Updating Scene BVH | Packing BVH triangles and strands
Fra:16 Mem:40.85M (Peak 63.40M) | Time:00:00.13 | Mem:0.48M, Peak:0.48M | Scene, ViewLayer | Updating Scene BVH | Packing BVH nodes
Fra:16 Mem:40.60M (Peak 63.40M) | Time:00:00.13 | Mem:0.48M, Peak:0.48M | Scene, ViewLayer | Updating Scene BVH | Copying BVH to device
Fra:16 Mem:40.60M (Peak 63.40M) | Time:00:00.13 | Mem:2.85M, Peak:2.85M | Scene, ViewLayer | Updating Mesh | Computing normals
Fra:16 Mem:42.78M (Peak 63.40M) | Time:00:00.13 | Mem:2.85M, Peak:2.85M | Scene, ViewLayer | Updating Mesh | Copying Mesh to device
Fra:16 Mem:42.78M (Peak 63.40M) | Time:00:00.13 | Mem:5.03M, Peak:5.03M | Scene, ViewLayer | Updating Objects Flags
Fra:16 Mem:42.78M (Peak 63.40M) | Time:00:00.13 | Mem:5.03M, Peak:5.03M | Scene, ViewLayer | Updating Primitive Offsets
Fra:16 Mem:42.78M (Peak 63.40M) | Time:00:00.13 | Mem:5.03M, Peak:5.03M | Scene, ViewLayer | Updating Images
Fra:16 Mem:42.78M (Peak 63.40M) | Time:00:00.13 | Mem:5.03M, Peak:5.03M | Scene, ViewLayer | Updating Camera Volume
Fra:16 Mem:42.78M (Peak 63.40M) | Time:00:00.13 | Mem:5.03M, Peak:5.03M | Scene, ViewLayer | Updating Lookup Tables
Fra:16 Mem:42.78M (Peak 63.40M) | Time:00:00.13 | Mem:5.12M, Peak:5.12M | Scene, ViewLayer | Updating Lights
Fra:16 Mem:42.78M (Peak 63.40M) | Time:00:00.13 | Mem:5.12M, Peak:5.12M | Scene, ViewLayer | Updating Lights | Computing tree
Fra:16 Mem:42.78M (Peak 63.40M) | Time:00:00.13 | Mem:5.12M, Peak:5.12M | Scene, ViewLayer | Updating Integrator
Fra:16 Mem:42.78M (Peak 63.40M) | Time:00:00.13 | Mem:5.12M, Peak:5.12M | Scene, ViewLayer | Updating Film
Fra:16 Mem:42.79M (Peak 63.40M) | Time:00:00.13 | Mem:5.04M, Peak:5.12M | Scene, ViewLayer | Updating Lookup Tables
Fra:16 Mem:42.79M (Peak 63.40M) | Time:00:00.13 | Mem:5.12M, Peak:5.12M | Scene, ViewLayer | Updating Baking
Fra:16 Mem:42.79M (Peak 63.40M) | Time:00:00.13 | Mem:5.12M, Peak:5.12M | Scene, ViewLayer | Updating Device | Writing constant memory
Fra:16 Mem:42.79M (Peak 63.40M) | Time:00:00.13 | Mem:5.12M, Peak:5.12M | Scene, ViewLayer | Loading denoising kernels (may take a few minutes the first time)
Fra:16 Mem:46.79M (Peak 63.40M) | Time:00:00.14 | Mem:357.12M, Peak:357.12M | Scene, ViewLayer | Sample 0/24
Fra:16 Mem:89.55M (Peak 89.55M) | Time:00:00.14 | Remaining:00:00.14 | Mem:399.87M, Peak:399.87M | Scene, ViewLayer | Sample 1/24
Fra:16 Mem:107.55M (Peak 134.55M) | Time:00:01.60 | Mem:399.87M, Peak:399.87M | Scene, ViewLayer | Sample 24/24
Fra:16 Mem:107.55M (Peak 134.55M) | Time:00:01.60 | Mem:399.87M, Peak:399.87M | Scene, ViewLayer | Finished
Saved: '/home/cbsim/ws/slime-workflow/.tmp/2026-09-23_06-25-15/up_left-06.png'
Time: 00:01.71 (Saving: 00:00.03)

Fra:19 Mem:35.44M (Peak 35.44M) | Time:00:00.08 | Mem:0.00M, Peak:0.00M | Scene, ViewLayer | Synchronizing object | key
Fra:19 Mem:35.44M (Peak 35.44M) | Time:00:00.08 | Mem:0.00M, Peak:0.00M | Scene, ViewLayer | Synchronizing object | head-shell-part
Fra:19 Mem:35.44M (Peak 35.44M) | Time:00:00.08 | Mem:0.00M, Peak:0.00M | Scene, ViewLayer | Synchronizing object | chest-shell-part
Fra:19 Mem:35.45M (Peak 35.45M) | Time:00:00.08 | Mem:0.00M, Peak:0.00M | Scene, ViewLayer | Synchronizing object | left-upper-arm-shell
Fra:19 Mem:35.62M (Peak 35.62M) | Time:00:00.08 | Mem:0.00M, Peak:0.00M | Scene, ViewLayer | Synchronizing object | left-hand-shell
Fra:19 Mem:35.78M (Peak 35.78M) | Time:00:00.08 | Mem:0.00M, Peak:0.00M | Scene, ViewLayer | Synchronizing object | right-knee-ball
Fra:19 Mem:36.62M (Peak 36.62M) | Time:00:00.08 | Mem:0.00M, Peak:0.00M | Scene, ViewLayer | Synchronizing object | left-shin-shell
Fra:19 Mem:36.67M (Peak 36.67M) | Time:00:00.08 | Mem:0.00M, Peak:0.00M | Scene, ViewLayer | Synchronizing object | right-hip-ball
Fra:19 Mem:36.89M (Peak 36.89M) | Time:00:00.08 | Mem:0.00M, Peak:0.00M | Scene, ViewLayer | Synchronizing object | left-knee-ball
Fra:19 Mem:37.05M (Peak 37.05M) | Time:00:00.08 | Mem:0.00M, Peak:0.00M | Scene, ViewLayer | Synchronizing object | right-upper-arm-shell
Fra:19 Mem:37.09M (Peak 37.09M) | Time:00:00.08 | Mem:0.00M, Peak:0.00M | Scene, ViewLayer | Synchronizing object | right-thigh-shell
Fra:19 Mem:37.26M (Peak 37.26M) | Time:00:00.08 | Mem:0.00M, Peak:0.00M | Scene, ViewLayer | Synchronizing object | right-shin-shell
Fra:19 Mem:37.79M (Peak 37.79M) | Time:00:00.08 | Mem:0.00M, Peak:0.00M | Scene, ViewLayer | Synchronizing object | right-foot-shell
Fra:19 Mem:38.48M (Peak 38.48M) | Time:00:00.08 | Mem:0.00M, Peak:0.00M | Scene, ViewLayer | Synchronizing object | right-shoulder-ball
Fra:19 Mem:38.91M (Peak 38.91M) | Time:00:00.08 | Mem:0.00M, Peak:0.00M | Scene, ViewLayer | Synchronizing object | right-elbow-ball
Fra:19 Mem:42.88M (Peak 42.88M) | Time:00:00.08 | Mem:0.00M, Peak:0.00M | Scene, ViewLayer | Initializing
Fra:19 Mem:35.29M (Peak 42.88M) | Time:00:00.08 | Mem:0.00M, Peak:0.00M | Scene, ViewLayer | Waiting for render to start
Fra:19 Mem:35.29M (Peak 42.88M) | Time:00:00.08 | Mem:0.00M, Peak:0.00M | Scene, ViewLayer | Updating Scene
Fra:19 Mem:35.29M (Peak 42.88M) | Time:00:00.08 | Mem:0.00M, Peak:0.00M | Scene, ViewLayer | Updating Shaders
Fra:19 Mem:35.30M (Peak 42.88M) | Time:00:00.08 | Mem:0.00M, Peak:0.00M | Scene, ViewLayer | Loading render kernels (may take a few minutes the first time)
Fra:19 Mem:35.38M (Peak 63.40M) | Time:00:00.12 | Mem:0.00M, Peak:0.00M | Scene, ViewLayer | Updating Procedurals
Fra:19 Mem:35.38M (Peak 63.40M) | Time:00:00.12 | Mem:0.00M, Peak:0.00M | Scene, ViewLayer | Updating Background
Fra:19 Mem:35.38M (Peak 63.40M) | Time:00:00.12 | Mem:0.00M, Peak:0.00M | Scene, ViewLayer | Updating Camera
Fra:19 Mem:35.38M (Peak 63.40M) | Time:00:00.12 | Mem:0.00M, Peak:0.00M | Scene, ViewLayer | Updating Meshes Flags
Fra:19 Mem:35.38M (Peak 63.40M) | Time:00:00.12 | Mem:0.00M, Peak:0.00M | Scene, ViewLayer | Updating Objects
Fra:19 Mem:35.38M (Peak 63.40M) | Time:00:00.12 | Mem:0.00M, Peak:0.00M | Scene, ViewLayer | Updating Objects | Copying Transformations to device
Fra:19 Mem:35.39M (Peak 63.40M) | Time:00:00.12 | Mem:0.01M, Peak:0.01M | Scene, ViewLayer | Updating Particle Systems
Fra:19 Mem:35.39M (Peak 63.40M) | Time:00:00.12 | Mem:0.01M, Peak:0.01M | Scene, ViewLayer | Updating Particle Systems | Copying Particles to device
Fra:19 Mem:35.39M (Peak 63.40M) | Time:00:00.12 | Mem:0.01M, Peak:0.01M | Scene, ViewLayer | Updating Meshes
Fra:19 Mem:35.39M (Peak 63.40M) | Time:00:00.12 | Mem:0.01M, Peak:0.01M | Scene, ViewLayer | Updating Objects | Applying Static Transformations
Fra:19 Mem:35.39M (Peak 63.40M) | Time:00:00.12 | Mem:0.01M, Peak:0.01M | Scene, ViewLayer | Updating Mesh | Computing attributes
Fra:19 Mem:35.86M (Peak 63.40M) | Time:00:00.12 | Mem:0.01M, Peak:0.01M | Scene, ViewLayer | Updating Mesh | Copying Attributes to device
Fra:19 Mem:35.86M (Peak 63.40M) | Time:00:00.12 | Mem:0.48M, Peak:0.48M | Scene, ViewLayer | Updating Scene BVH | Building
Fra:19 Mem:35.86M (Peak 63.40M) | Time:00:00.12 | Mem:0.48M, Peak:0.48M | Scene, ViewLayer | Updating Scene BVH | Building BVH
Fra:19 Mem:40.53M (Peak 63.40M) | Time:00:00.13 | Mem:0.48M, Peak:0.48M | Scene, ViewLayer | Updating Scene BVH | Packing BVH triangles and strands
Fra:19 Mem:40.85M (Peak 63.40M) | Time:00:00.13 | Mem:0.48M, Peak:0.48M | Scene, ViewLayer | Updating Scene BVH | Packing BVH nodes
Fra:19 Mem:40.61M (Peak 63.40M) | Time:00:00.14 | Mem:0.48M, Peak:0.48M | Scene, ViewLayer | Updating Scene BVH | Copying BVH to device
Fra:19 Mem:40.61M (Peak 63.40M) | Time:00:00.14 | Mem:2.86M, Peak:2.86M | Scene, ViewLayer | Updating Mesh | Computing normals
Fra:19 Mem:42.79M (Peak 63.40M) | Time:00:00.14 | Mem:2.86M, Peak:2.86M | Scene, ViewLayer | Updating Mesh | Copying Mesh to device
Fra:19 Mem:42.79M (Peak 63.40M) | Time:00:00.14 | Mem:5.04M, Peak:5.04M | Scene, ViewLayer | Updating Objects Flags
Fra:19 Mem:42.79M (Peak 63.40M) | Time:00:00.14 | Mem:5.04M, Peak:5.04M | Scene, ViewLayer | Updating Primitive Offsets
Fra:19 Mem:42.79M (Peak 63.40M) | Time:00:00.14 | Mem:5.04M, Peak:5.04M | Scene, ViewLayer | Updating Images
Fra:19 Mem:42.79M (Peak 63.40M) | Time:00:00.14 | Mem:5.04M, Peak:5.04M | Scene, ViewLayer | Updating Camera Volume
Fra:19 Mem:42.79M (Peak 63.40M) | Time:00:00.14 | Mem:5.04M, Peak:5.04M | Scene, ViewLayer | Updating Lookup Tables
Fra:19 Mem:42.79M (Peak 63.40M) | Time:00:00.14 | Mem:5.12M, Peak:5.12M | Scene, ViewLayer | Updating Lights
Fra:19 Mem:42.79M (Peak 63.40M) | Time:00:00.14 | Mem:5.12M, Peak:5.12M | Scene, ViewLayer | Updating Lights | Computing tree
Fra:19 Mem:42.80M (Peak 63.40M) | Time:00:00.14 | Mem:5.12M, Peak:5.12M | Scene, ViewLayer | Updating Integrator
Fra:19 Mem:42.80M (Peak 63.40M) | Time:00:00.14 | Mem:5.12M, Peak:5.12M | Scene, ViewLayer | Updating Film
Fra:19 Mem:42.80M (Peak 63.40M) | Time:00:00.14 | Mem:5.04M, Peak:5.12M | Scene, ViewLayer | Updating Lookup Tables
Fra:19 Mem:42.80M (Peak 63.40M) | Time:00:00.14 | Mem:5.13M, Peak:5.13M | Scene, ViewLayer | Updating Baking
Fra:19 Mem:42.80M (Peak 63.40M) | Time:00:00.14 | Mem:5.13M, Peak:5.13M | Scene, ViewLayer | Updating Device | Writing constant memory
Fra:19 Mem:42.80M (Peak 63.40M) | Time:00:00.14 | Mem:5.13M, Peak:5.13M | Scene, ViewLayer | Loading denoising kernels (may take a few minutes the first time)
Fra:19 Mem:46.80M (Peak 63.40M) | Time:00:00.14 | Mem:357.13M, Peak:357.13M | Scene, ViewLayer | Sample 0/24
Fra:19 Mem:89.56M (Peak 89.56M) | Time:00:00.15 | Remaining:00:00.14 | Mem:399.88M, Peak:399.88M | Scene, ViewLayer | Sample 1/24
2026-09-23T06:40:52+0900/hunyuan-rig/heartbeat {'stage': 'up_left', 'frame': 19} images=60
Fra:19 Mem:107.56M (Peak 134.56M) | Time:00:01.65 | Mem:399.88M, Peak:399.88M | Scene, ViewLayer | Sample 24/24
Fra:19 Mem:107.56M (Peak 134.56M) | Time:00:01.65 | Mem:399.88M, Peak:399.88M | Scene, ViewLayer | Finished
Saved: '/home/cbsim/ws/slime-workflow/.tmp/2026-09-23_06-25-15/up_left-07.png'
Time: 00:01.77 (Saving: 00:00.03)

Fra:22 Mem:35.44M (Peak 35.44M) | Time:00:00.08 | Mem:0.00M, Peak:0.00M | Scene, ViewLayer | Synchronizing object | fill
Fra:22 Mem:35.44M (Peak 35.44M) | Time:00:00.08 | Mem:0.00M, Peak:0.00M | Scene, ViewLayer | Synchronizing object | head-shell-part
Fra:22 Mem:35.44M (Peak 35.44M) | Time:00:00.08 | Mem:0.00M, Peak:0.00M | Scene, ViewLayer | Synchronizing object | right-ankle-ball
Fra:22 Mem:35.52M (Peak 35.52M) | Time:00:00.08 | Mem:0.00M, Peak:0.00M | Scene, ViewLayer | Synchronizing object | chest-shell-part
Fra:22 Mem:35.58M (Peak 35.58M) | Time:00:00.08 | Mem:0.00M, Peak:0.00M | Scene, ViewLayer | Synchronizing object | pelvis-shell-part
Fra:22 Mem:35.58M (Peak 35.58M) | Time:00:00.08 | Mem:0.00M, Peak:0.00M | Scene, ViewLayer | Synchronizing object | left-forearm-shell
Fra:22 Mem:36.55M (Peak 36.55M) | Time:00:00.08 | Mem:0.00M, Peak:0.00M | Scene, ViewLayer | Synchronizing object | left-thigh-shell
Fra:22 Mem:36.55M (Peak 36.55M) | Time:00:00.08 | Mem:0.00M, Peak:0.00M | Scene, ViewLayer | Synchronizing object | left-elbow-ball
Fra:22 Mem:36.56M (Peak 36.56M) | Time:00:00.08 | Mem:0.00M, Peak:0.00M | Scene, ViewLayer | Synchronizing object | right-upper-arm-shell
Fra:22 Mem:36.65M (Peak 36.65M) | Time:00:00.08 | Mem:0.00M, Peak:0.00M | Scene, ViewLayer | Synchronizing object | right-forearm-shell
Fra:22 Mem:36.96M (Peak 36.96M) | Time:00:00.08 | Mem:0.00M, Peak:0.00M | Scene, ViewLayer | Synchronizing object | right-hip-ball
Fra:22 Mem:37.07M (Peak 37.06M) | Time:00:00.08 | Mem:0.00M, Peak:0.00M | Scene, ViewLayer | Synchronizing object | right-hand-shell
Fra:22 Mem:37.42M (Peak 37.42M) | Time:00:00.08 | Mem:0.00M, Peak:0.00M | Scene, ViewLayer | Synchronizing object | right-thigh-shell
Fra:22 Mem:37.46M (Peak 37.46M) | Time:00:00.08 | Mem:0.00M, Peak:0.00M | Scene, ViewLayer | Synchronizing object | right-shin-shell
Fra:22 Mem:37.90M (Peak 37.90M) | Time:00:00.08 | Mem:0.00M, Peak:0.00M | Scene, ViewLayer | Synchronizing object | right-shoulder-ball
Fra:22 Mem:38.56M (Peak 38.56M) | Time:00:00.08 | Mem:0.00M, Peak:0.00M | Scene, ViewLayer | Synchronizing object | right-elbow-ball
Fra:22 Mem:42.88M (Peak 42.88M) | Time:00:00.08 | Mem:0.00M, Peak:0.00M | Scene, ViewLayer | Initializing
Fra:22 Mem:35.29M (Peak 42.88M) | Time:00:00.08 | Mem:0.00M, Peak:0.00M | Scene, ViewLayer | Waiting for render to start
Fra:22 Mem:35.29M (Peak 42.88M) | Time:00:00.08 | Mem:0.00M, Peak:0.00M | Scene, ViewLayer | Updating Scene
Fra:22 Mem:35.29M (Peak 42.88M) | Time:00:00.08 | Mem:0.00M, Peak:0.00M | Scene, ViewLayer | Updating Shaders
Fra:22 Mem:35.30M (Peak 42.88M) | Time:00:00.08 | Mem:0.00M, Peak:0.00M | Scene, ViewLayer | Loading render kernels (may take a few minutes the first time)
Fra:22 Mem:35.38M (Peak 63.40M) | Time:00:00.12 | Mem:0.00M, Peak:0.00M | Scene, ViewLayer | Updating Procedurals
Fra:22 Mem:35.38M (Peak 63.40M) | Time:00:00.12 | Mem:0.00M, Peak:0.00M | Scene, ViewLayer | Updating Background
Fra:22 Mem:35.38M (Peak 63.40M) | Time:00:00.12 | Mem:0.00M, Peak:0.00M | Scene, ViewLayer | Updating Camera
Fra:22 Mem:35.38M (Peak 63.40M) | Time:00:00.12 | Mem:0.00M, Peak:0.00M | Scene, ViewLayer | Updating Meshes Flags
Fra:22 Mem:35.38M (Peak 63.40M) | Time:00:00.12 | Mem:0.00M, Peak:0.00M | Scene, ViewLayer | Updating Objects
Fra:22 Mem:35.38M (Peak 63.40M) | Time:00:00.12 | Mem:0.00M, Peak:0.00M | Scene, ViewLayer | Updating Objects | Copying Transformations to device
Fra:22 Mem:35.39M (Peak 63.40M) | Time:00:00.12 | Mem:0.01M, Peak:0.01M | Scene, ViewLayer | Updating Particle Systems
Fra:22 Mem:35.39M (Peak 63.40M) | Time:00:00.12 | Mem:0.01M, Peak:0.01M | Scene, ViewLayer | Updating Particle Systems | Copying Particles to device
Fra:22 Mem:35.39M (Peak 63.40M) | Time:00:00.12 | Mem:0.01M, Peak:0.01M | Scene, ViewLayer | Updating Meshes
Fra:22 Mem:35.39M (Peak 63.40M) | Time:00:00.12 | Mem:0.01M, Peak:0.01M | Scene, ViewLayer | Updating Objects | Applying Static Transformations
Fra:22 Mem:35.39M (Peak 63.40M) | Time:00:00.12 | Mem:0.01M, Peak:0.01M | Scene, ViewLayer | Updating Mesh | Computing attributes
Fra:22 Mem:35.86M (Peak 63.40M) | Time:00:00.12 | Mem:0.01M, Peak:0.01M | Scene, ViewLayer | Updating Mesh | Copying Attributes to device
Fra:22 Mem:35.86M (Peak 63.40M) | Time:00:00.12 | Mem:0.48M, Peak:0.48M | Scene, ViewLayer | Updating Scene BVH | Building
Fra:22 Mem:35.86M (Peak 63.40M) | Time:00:00.12 | Mem:0.48M, Peak:0.48M | Scene, ViewLayer | Updating Scene BVH | Building BVH
Fra:22 Mem:40.53M (Peak 63.40M) | Time:00:00.13 | Mem:0.48M, Peak:0.48M | Scene, ViewLayer | Updating Scene BVH | Packing BVH triangles and strands
Fra:22 Mem:40.85M (Peak 63.40M) | Time:00:00.13 | Mem:0.48M, Peak:0.48M | Scene, ViewLayer | Updating Scene BVH | Packing BVH nodes
Fra:22 Mem:40.61M (Peak 63.40M) | Time:00:00.13 | Mem:0.48M, Peak:0.48M | Scene, ViewLayer | Updating Scene BVH | Copying BVH to device
Fra:22 Mem:40.61M (Peak 63.40M) | Time:00:00.13 | Mem:2.85M, Peak:2.85M | Scene, ViewLayer | Updating Mesh | Computing normals
Fra:22 Mem:42.79M (Peak 63.40M) | Time:00:00.13 | Mem:2.85M, Peak:2.85M | Scene, ViewLayer | Updating Mesh | Copying Mesh to device
Fra:22 Mem:42.79M (Peak 63.40M) | Time:00:00.13 | Mem:5.04M, Peak:5.04M | Scene, ViewLayer | Updating Objects Flags
Fra:22 Mem:42.79M (Peak 63.40M) | Time:00:00.13 | Mem:5.04M, Peak:5.04M | Scene, ViewLayer | Updating Primitive Offsets
Fra:22 Mem:42.79M (Peak 63.40M) | Time:00:00.13 | Mem:5.04M, Peak:5.04M | Scene, ViewLayer | Updating Images
Fra:22 Mem:42.79M (Peak 63.40M) | Time:00:00.13 | Mem:5.04M, Peak:5.04M | Scene, ViewLayer | Updating Camera Volume
Fra:22 Mem:42.79M (Peak 63.40M) | Time:00:00.13 | Mem:5.04M, Peak:5.04M | Scene, ViewLayer | Updating Lookup Tables
Fra:22 Mem:42.79M (Peak 63.40M) | Time:00:00.13 | Mem:5.12M, Peak:5.12M | Scene, ViewLayer | Updating Lights
Fra:22 Mem:42.79M (Peak 63.40M) | Time:00:00.13 | Mem:5.12M, Peak:5.12M | Scene, ViewLayer | Updating Lights | Computing tree
Fra:22 Mem:42.79M (Peak 63.40M) | Time:00:00.13 | Mem:5.12M, Peak:5.12M | Scene, ViewLayer | Updating Integrator
Fra:22 Mem:42.79M (Peak 63.40M) | Time:00:00.13 | Mem:5.12M, Peak:5.12M | Scene, ViewLayer | Updating Film
Fra:22 Mem:42.79M (Peak 63.40M) | Time:00:00.13 | Mem:5.04M, Peak:5.12M | Scene, ViewLayer | Updating Lookup Tables
Fra:22 Mem:42.79M (Peak 63.40M) | Time:00:00.13 | Mem:5.12M, Peak:5.12M | Scene, ViewLayer | Updating Baking
Fra:22 Mem:42.79M (Peak 63.40M) | Time:00:00.13 | Mem:5.12M, Peak:5.12M | Scene, ViewLayer | Updating Device | Writing constant memory
Fra:22 Mem:42.80M (Peak 63.40M) | Time:00:00.13 | Mem:5.12M, Peak:5.12M | Scene, ViewLayer | Loading denoising kernels (may take a few minutes the first time)
Fra:22 Mem:46.80M (Peak 63.40M) | Time:00:00.14 | Mem:357.12M, Peak:357.12M | Scene, ViewLayer | Sample 0/24
Fra:22 Mem:89.55M (Peak 89.55M) | Time:00:00.14 | Remaining:00:00.14 | Mem:399.88M, Peak:399.88M | Scene, ViewLayer | Sample 1/24
Fra:22 Mem:107.56M (Peak 134.56M) | Time:00:01.62 | Mem:399.88M, Peak:399.88M | Scene, ViewLayer | Sample 24/24
Fra:22 Mem:107.56M (Peak 134.56M) | Time:00:01.62 | Mem:399.88M, Peak:399.88M | Scene, ViewLayer | Finished
Saved: '/home/cbsim/ws/slime-workflow/.tmp/2026-09-23_06-25-15/up_left-08.png'
Time: 00:01.74 (Saving: 00:00.03)

Fra:1 Mem:35.44M (Peak 35.44M) | Time:00:00.08 | Mem:0.00M, Peak:0.00M | Scene, ViewLayer | Synchronizing object | key
Fra:1 Mem:35.44M (Peak 35.44M) | Time:00:00.08 | Mem:0.00M, Peak:0.00M | Scene, ViewLayer | Synchronizing object | fill
Fra:1 Mem:35.45M (Peak 35.45M) | Time:00:00.08 | Mem:0.00M, Peak:0.00M | Scene, ViewLayer | Synchronizing object | chest-shell-part
Fra:1 Mem:35.49M (Peak 35.49M) | Time:00:00.08 | Mem:0.00M, Peak:0.00M | Scene, ViewLayer | Synchronizing object | right-knee-ball
Fra:1 Mem:35.55M (Peak 35.55M) | Time:00:00.08 | Mem:0.00M, Peak:0.00M | Scene, ViewLayer | Synchronizing object | pelvis-shell-part
Fra:1 Mem:35.67M (Peak 35.67M) | Time:00:00.08 | Mem:0.00M, Peak:0.00M | Scene, ViewLayer | Synchronizing object | head-pivot-ball
Fra:1 Mem:36.25M (Peak 36.25M) | Time:00:00.08 | Mem:0.00M, Peak:0.00M | Scene, ViewLayer | Synchronizing object | left-forearm-shell
Fra:1 Mem:36.28M (Peak 36.28M) | Time:00:00.08 | Mem:0.00M, Peak:0.00M | Scene, ViewLayer | Synchronizing object | left-foot-shell
Fra:1 Mem:36.32M (Peak 36.32M) | Time:00:00.08 | Mem:0.00M, Peak:0.00M | Scene, ViewLayer | Synchronizing object | left-elbow-ball
Fra:1 Mem:36.79M (Peak 36.79M) | Time:00:00.08 | Mem:0.00M, Peak:0.00M | Scene, ViewLayer | Synchronizing object | left-hip-ball
Fra:1 Mem:36.83M (Peak 36.83M) | Time:00:00.08 | Mem:0.00M, Peak:0.00M | Scene, ViewLayer | Synchronizing object | right-upper-arm-shell
Fra:1 Mem:36.87M (Peak 36.87M) | Time:00:00.08 | Mem:0.00M, Peak:0.00M | Scene, ViewLayer | Synchronizing object | right-foot-shell
Fra:1 Mem:36.88M (Peak 36.88M) | Time:00:00.08 | Mem:0.00M, Peak:0.00M | Scene, ViewLayer | Synchronizing object | right-shoulder-ball
Fra:1 Mem:36.96M (Peak 36.96M) | Time:00:00.08 | Mem:0.00M, Peak:0.00M | Scene, ViewLayer | Synchronizing object | right-elbow-ball
Fra:1 Mem:42.88M (Peak 42.88M) | Time:00:00.08 | Mem:0.00M, Peak:0.00M | Scene, ViewLayer | Initializing
Fra:1 Mem:35.29M (Peak 42.88M) | Time:00:00.08 | Mem:0.00M, Peak:0.00M | Scene, ViewLayer | Waiting for render to start
Fra:1 Mem:35.29M (Peak 42.88M) | Time:00:00.08 | Mem:0.00M, Peak:0.00M | Scene, ViewLayer | Updating Scene
Fra:1 Mem:35.29M (Peak 42.88M) | Time:00:00.08 | Mem:0.00M, Peak:0.00M | Scene, ViewLayer | Updating Shaders
Fra:1 Mem:35.30M (Peak 42.88M) | Time:00:00.08 | Mem:0.00M, Peak:0.00M | Scene, ViewLayer | Loading render kernels (may take a few minutes the first time)
Fra:1 Mem:35.38M (Peak 63.40M) | Time:00:00.12 | Mem:0.00M, Peak:0.00M | Scene, ViewLayer | Updating Procedurals
Fra:1 Mem:35.38M (Peak 63.40M) | Time:00:00.12 | Mem:0.00M, Peak:0.00M | Scene, ViewLayer | Updating Background
Fra:1 Mem:35.38M (Peak 63.40M) | Time:00:00.12 | Mem:0.00M, Peak:0.00M | Scene, ViewLayer | Updating Camera
Fra:1 Mem:35.38M (Peak 63.40M) | Time:00:00.12 | Mem:0.00M, Peak:0.00M | Scene, ViewLayer | Updating Meshes Flags
Fra:1 Mem:35.38M (Peak 63.40M) | Time:00:00.12 | Mem:0.00M, Peak:0.00M | Scene, ViewLayer | Updating Objects
Fra:1 Mem:35.38M (Peak 63.40M) | Time:00:00.12 | Mem:0.00M, Peak:0.00M | Scene, ViewLayer | Updating Objects | Copying Transformations to device
Fra:1 Mem:35.39M (Peak 63.40M) | Time:00:00.12 | Mem:0.01M, Peak:0.01M | Scene, ViewLayer | Updating Particle Systems
Fra:1 Mem:35.39M (Peak 63.40M) | Time:00:00.12 | Mem:0.01M, Peak:0.01M | Scene, ViewLayer | Updating Particle Systems | Copying Particles to device
Fra:1 Mem:35.39M (Peak 63.40M) | Time:00:00.12 | Mem:0.01M, Peak:0.01M | Scene, ViewLayer | Updating Meshes
Fra:1 Mem:35.39M (Peak 63.40M) | Time:00:00.12 | Mem:0.01M, Peak:0.01M | Scene, ViewLayer | Updating Objects | Applying Static Transformations
Fra:1 Mem:35.39M (Peak 63.40M) | Time:00:00.12 | Mem:0.01M, Peak:0.01M | Scene, ViewLayer | Updating Mesh | Computing attributes
Fra:1 Mem:35.86M (Peak 63.40M) | Time:00:00.12 | Mem:0.01M, Peak:0.01M | Scene, ViewLayer | Updating Mesh | Copying Attributes to device
Fra:1 Mem:35.86M (Peak 63.40M) | Time:00:00.12 | Mem:0.48M, Peak:0.48M | Scene, ViewLayer | Updating Scene BVH | Building
Fra:1 Mem:35.86M (Peak 63.40M) | Time:00:00.12 | Mem:0.48M, Peak:0.48M | Scene, ViewLayer | Updating Scene BVH | Building BVH
Fra:1 Mem:40.53M (Peak 63.40M) | Time:00:00.13 | Mem:0.48M, Peak:0.48M | Scene, ViewLayer | Updating Scene BVH | Packing BVH triangles and strands
Fra:1 Mem:40.85M (Peak 63.40M) | Time:00:00.13 | Mem:0.48M, Peak:0.48M | Scene, ViewLayer | Updating Scene BVH | Packing BVH nodes
Fra:1 Mem:40.61M (Peak 63.40M) | Time:00:00.13 | Mem:0.48M, Peak:0.48M | Scene, ViewLayer | Updating Scene BVH | Copying BVH to device
Fra:1 Mem:40.61M (Peak 63.40M) | Time:00:00.13 | Mem:2.86M, Peak:2.86M | Scene, ViewLayer | Updating Mesh | Computing normals
Fra:1 Mem:42.80M (Peak 63.40M) | Time:00:00.13 | Mem:2.86M, Peak:2.86M | Scene, ViewLayer | Updating Mesh | Copying Mesh to device
Fra:1 Mem:42.80M (Peak 63.40M) | Time:00:00.13 | Mem:5.04M, Peak:5.04M | Scene, ViewLayer | Updating Objects Flags
Fra:1 Mem:42.80M (Peak 63.40M) | Time:00:00.13 | Mem:5.04M, Peak:5.04M | Scene, ViewLayer | Updating Primitive Offsets
Fra:1 Mem:42.80M (Peak 63.40M) | Time:00:00.13 | Mem:5.04M, Peak:5.04M | Scene, ViewLayer | Updating Images
Fra:1 Mem:42.80M (Peak 63.40M) | Time:00:00.13 | Mem:5.04M, Peak:5.04M | Scene, ViewLayer | Updating Camera Volume
Fra:1 Mem:42.80M (Peak 63.40M) | Time:00:00.13 | Mem:5.04M, Peak:5.04M | Scene, ViewLayer | Updating Lookup Tables
Fra:1 Mem:42.80M (Peak 63.40M) | Time:00:00.13 | Mem:5.12M, Peak:5.12M | Scene, ViewLayer | Updating Lights
Fra:1 Mem:42.80M (Peak 63.40M) | Time:00:00.13 | Mem:5.12M, Peak:5.12M | Scene, ViewLayer | Updating Lights | Computing tree
Fra:1 Mem:42.80M (Peak 63.40M) | Time:00:00.13 | Mem:5.12M, Peak:5.12M | Scene, ViewLayer | Updating Integrator
Fra:1 Mem:42.80M (Peak 63.40M) | Time:00:00.13 | Mem:5.12M, Peak:5.12M | Scene, ViewLayer | Updating Film
Fra:1 Mem:42.80M (Peak 63.40M) | Time:00:00.13 | Mem:5.04M, Peak:5.12M | Scene, ViewLayer | Updating Lookup Tables
Fra:1 Mem:42.80M (Peak 63.40M) | Time:00:00.14 | Mem:5.13M, Peak:5.13M | Scene, ViewLayer | Updating Baking
Fra:1 Mem:42.80M (Peak 63.40M) | Time:00:00.14 | Mem:5.13M, Peak:5.13M | Scene, ViewLayer | Updating Device | Writing constant memory
Fra:1 Mem:42.80M (Peak 63.40M) | Time:00:00.14 | Mem:5.13M, Peak:5.13M | Scene, ViewLayer | Loading denoising kernels (may take a few minutes the first time)
Fra:1 Mem:46.81M (Peak 63.40M) | Time:00:00.14 | Mem:357.13M, Peak:357.13M | Scene, ViewLayer | Sample 0/24
Fra:1 Mem:89.56M (Peak 89.56M) | Time:00:00.14 | Remaining:00:00.14 | Mem:399.88M, Peak:399.88M | Scene, ViewLayer | Sample 1/24
Fra:1 Mem:107.56M (Peak 134.57M) | Time:00:01.63 | Mem:399.88M, Peak:399.88M | Scene, ViewLayer | Sample 24/24
Fra:1 Mem:107.56M (Peak 134.57M) | Time:00:01.63 | Mem:399.88M, Peak:399.88M | Scene, ViewLayer | Finished
Saved: '/home/cbsim/ws/slime-workflow/.tmp/2026-09-23_06-25-15/up_right-01.png'
Time: 00:01.75 (Saving: 00:00.03)

Fra:4 Mem:35.44M (Peak 35.44M) | Time:00:00.07 | Mem:0.00M, Peak:0.00M | Scene, ViewLayer | Synchronizing object | key
Fra:4 Mem:35.44M (Peak 35.44M) | Time:00:00.07 | Mem:0.00M, Peak:0.00M | Scene, ViewLayer | Synchronizing object | right-ankle-ball
Fra:4 Mem:35.44M (Peak 35.44M) | Time:00:00.07 | Mem:0.00M, Peak:0.00M | Scene, ViewLayer | Synchronizing object | head-shell-part
Fra:4 Mem:35.44M (Peak 35.44M) | Time:00:00.07 | Mem:0.00M, Peak:0.00M | Scene, ViewLayer | Synchronizing object | chest-shell-part
Fra:4 Mem:35.48M (Peak 35.48M) | Time:00:00.07 | Mem:0.00M, Peak:0.00M | Scene, ViewLayer | Synchronizing object | abdomen-shell-part
Fra:4 Mem:35.50M (Peak 35.50M) | Time:00:00.07 | Mem:0.00M, Peak:0.00M | Scene, ViewLayer | Synchronizing object | head-pivot-ball
Fra:4 Mem:35.64M (Peak 35.64M) | Time:00:00.07 | Mem:0.00M, Peak:0.00M | Scene, ViewLayer | Synchronizing object | left-hand-shell
Fra:4 Mem:36.00M (Peak 36.00M) | Time:00:00.07 | Mem:0.00M, Peak:0.00M | Scene, ViewLayer | Synchronizing object | left-shin-shell
Fra:4 Mem:36.05M (Peak 36.05M) | Time:00:00.07 | Mem:0.00M, Peak:0.00M | Scene, ViewLayer | Synchronizing object | left-shoulder-ball
Fra:4 Mem:36.21M (Peak 36.21M) | Time:00:00.07 | Mem:0.00M, Peak:0.00M | Scene, ViewLayer | Synchronizing object | left-ankle-ball
Fra:4 Mem:36.25M (Peak 36.25M) | Time:00:00.07 | Mem:0.00M, Peak:0.00M | Scene, ViewLayer | Synchronizing object | right-forearm-shell
Fra:4 Mem:36.29M (Peak 36.29M) | Time:00:00.07 | Mem:0.00M, Peak:0.00M | Scene, ViewLayer | Synchronizing object | right-shin-shell
Fra:4 Mem:36.38M (Peak 36.38M) | Time:00:00.07 | Mem:0.00M, Peak:0.00M | Scene, ViewLayer | Synchronizing object | right-foot-shell
Fra:4 Mem:37.01M (Peak 37.01M) | Time:00:00.07 | Mem:0.00M, Peak:0.00M | Scene, ViewLayer | Synchronizing object | right-elbow-ball
Fra:4 Mem:37.18M (Peak 37.18M) | Time:00:00.07 | Mem:0.00M, Peak:0.00M | Scene, ViewLayer | Synchronizing object | right-wrist-ball
Fra:4 Mem:42.88M (Peak 42.88M) | Time:00:00.08 | Mem:0.00M, Peak:0.00M | Scene, ViewLayer | Initializing
Fra:4 Mem:35.29M (Peak 42.88M) | Time:00:00.08 | Mem:0.00M, Peak:0.00M | Scene, ViewLayer | Waiting for render to start
Fra:4 Mem:35.29M (Peak 42.88M) | Time:00:00.08 | Mem:0.00M, Peak:0.00M | Scene, ViewLayer | Updating Scene
Fra:4 Mem:35.29M (Peak 42.88M) | Time:00:00.08 | Mem:0.00M, Peak:0.00M | Scene, ViewLayer | Updating Shaders
Fra:4 Mem:35.30M (Peak 42.88M) | Time:00:00.08 | Mem:0.00M, Peak:0.00M | Scene, ViewLayer | Loading render kernels (may take a few minutes the first time)
Fra:4 Mem:35.38M (Peak 63.40M) | Time:00:00.12 | Mem:0.00M, Peak:0.00M | Scene, ViewLayer | Updating Procedurals
Fra:4 Mem:35.38M (Peak 63.40M) | Time:00:00.12 | Mem:0.00M, Peak:0.00M | Scene, ViewLayer | Updating Background
Fra:4 Mem:35.38M (Peak 63.40M) | Time:00:00.12 | Mem:0.00M, Peak:0.00M | Scene, ViewLayer | Updating Camera
Fra:4 Mem:35.38M (Peak 63.40M) | Time:00:00.12 | Mem:0.00M, Peak:0.00M | Scene, ViewLayer | Updating Meshes Flags
Fra:4 Mem:35.38M (Peak 63.40M) | Time:00:00.12 | Mem:0.00M, Peak:0.00M | Scene, ViewLayer | Updating Objects
Fra:4 Mem:35.38M (Peak 63.40M) | Time:00:00.12 | Mem:0.00M, Peak:0.00M | Scene, ViewLayer | Updating Objects | Copying Transformations to device
Fra:4 Mem:35.39M (Peak 63.40M) | Time:00:00.12 | Mem:0.01M, Peak:0.01M | Scene, ViewLayer | Updating Particle Systems
Fra:4 Mem:35.39M (Peak 63.40M) | Time:00:00.12 | Mem:0.01M, Peak:0.01M | Scene, ViewLayer | Updating Particle Systems | Copying Particles to device
Fra:4 Mem:35.39M (Peak 63.40M) | Time:00:00.12 | Mem:0.01M, Peak:0.01M | Scene, ViewLayer | Updating Meshes
Fra:4 Mem:35.39M (Peak 63.40M) | Time:00:00.12 | Mem:0.01M, Peak:0.01M | Scene, ViewLayer | Updating Objects | Applying Static Transformations
Fra:4 Mem:35.39M (Peak 63.40M) | Time:00:00.12 | Mem:0.01M, Peak:0.01M | Scene, ViewLayer | Updating Mesh | Computing attributes
Fra:4 Mem:35.86M (Peak 63.40M) | Time:00:00.12 | Mem:0.01M, Peak:0.01M | Scene, ViewLayer | Updating Mesh | Copying Attributes to device
Fra:4 Mem:35.86M (Peak 63.40M) | Time:00:00.12 | Mem:0.48M, Peak:0.48M | Scene, ViewLayer | Updating Scene BVH | Building
Fra:4 Mem:35.86M (Peak 63.40M) | Time:00:00.12 | Mem:0.48M, Peak:0.48M | Scene, ViewLayer | Updating Scene BVH | Building BVH
Fra:4 Mem:40.53M (Peak 63.40M) | Time:00:00.13 | Mem:0.48M, Peak:0.48M | Scene, ViewLayer | Updating Scene BVH | Packing BVH triangles and strands
Fra:4 Mem:40.85M (Peak 63.40M) | Time:00:00.13 | Mem:0.48M, Peak:0.48M | Scene, ViewLayer | Updating Scene BVH | Packing BVH nodes
Fra:4 Mem:40.61M (Peak 63.40M) | Time:00:00.13 | Mem:0.48M, Peak:0.48M | Scene, ViewLayer | Updating Scene BVH | Copying BVH to device
Fra:4 Mem:40.61M (Peak 63.40M) | Time:00:00.13 | Mem:2.86M, Peak:2.86M | Scene, ViewLayer | Updating Mesh | Computing normals
Fra:4 Mem:42.79M (Peak 63.40M) | Time:00:00.13 | Mem:2.86M, Peak:2.86M | Scene, ViewLayer | Updating Mesh | Copying Mesh to device
Fra:4 Mem:42.79M (Peak 63.40M) | Time:00:00.13 | Mem:5.04M, Peak:5.04M | Scene, ViewLayer | Updating Objects Flags
Fra:4 Mem:42.79M (Peak 63.40M) | Time:00:00.13 | Mem:5.04M, Peak:5.04M | Scene, ViewLayer | Updating Primitive Offsets
Fra:4 Mem:42.79M (Peak 63.40M) | Time:00:00.13 | Mem:5.04M, Peak:5.04M | Scene, ViewLayer | Updating Images
Fra:4 Mem:42.79M (Peak 63.40M) | Time:00:00.13 | Mem:5.04M, Peak:5.04M | Scene, ViewLayer | Updating Camera Volume
Fra:4 Mem:42.79M (Peak 63.40M) | Time:00:00.13 | Mem:5.04M, Peak:5.04M | Scene, ViewLayer | Updating Lookup Tables
Fra:4 Mem:42.79M (Peak 63.40M) | Time:00:00.13 | Mem:5.12M, Peak:5.12M | Scene, ViewLayer | Updating Lights
Fra:4 Mem:42.79M (Peak 63.40M) | Time:00:00.13 | Mem:5.12M, Peak:5.12M | Scene, ViewLayer | Updating Lights | Computing tree
Fra:4 Mem:42.79M (Peak 63.40M) | Time:00:00.13 | Mem:5.12M, Peak:5.12M | Scene, ViewLayer | Updating Integrator
Fra:4 Mem:42.79M (Peak 63.40M) | Time:00:00.13 | Mem:5.12M, Peak:5.12M | Scene, ViewLayer | Updating Film
Fra:4 Mem:42.80M (Peak 63.40M) | Time:00:00.13 | Mem:5.04M, Peak:5.12M | Scene, ViewLayer | Updating Lookup Tables
Fra:4 Mem:42.80M (Peak 63.40M) | Time:00:00.13 | Mem:5.13M, Peak:5.13M | Scene, ViewLayer | Updating Baking
Fra:4 Mem:42.80M (Peak 63.40M) | Time:00:00.13 | Mem:5.13M, Peak:5.13M | Scene, ViewLayer | Updating Device | Writing constant memory
Fra:4 Mem:42.80M (Peak 63.40M) | Time:00:00.13 | Mem:5.13M, Peak:5.13M | Scene, ViewLayer | Loading denoising kernels (may take a few minutes the first time)
Fra:4 Mem:46.80M (Peak 63.40M) | Time:00:00.14 | Mem:357.13M, Peak:357.13M | Scene, ViewLayer | Sample 0/24
Fra:4 Mem:89.56M (Peak 89.56M) | Time:00:00.14 | Remaining:00:00.14 | Mem:399.88M, Peak:399.88M | Scene, ViewLayer | Sample 1/24
2026-09-23T06:40:57+0900/hunyuan-rig/heartbeat {'stage': 'up_right', 'frame': 4} images=60
Fra:4 Mem:107.56M (Peak 134.56M) | Time:00:01.62 | Mem:399.88M, Peak:399.88M | Scene, ViewLayer | Sample 24/24
Fra:4 Mem:107.56M (Peak 134.56M) | Time:00:01.62 | Mem:399.88M, Peak:399.88M | Scene, ViewLayer | Finished
Saved: '/home/cbsim/ws/slime-workflow/.tmp/2026-09-23_06-25-15/up_right-02.png'
Time: 00:01.75 (Saving: 00:00.04)

Fra:7 Mem:35.44M (Peak 35.44M) | Time:00:00.08 | Mem:0.00M, Peak:0.00M | Scene, ViewLayer | Synchronizing object | key
Fra:7 Mem:35.44M (Peak 35.44M) | Time:00:00.08 | Mem:0.00M, Peak:0.00M | Scene, ViewLayer | Synchronizing object | head-shell-part
Fra:7 Mem:35.46M (Peak 35.46M) | Time:00:00.08 | Mem:0.00M, Peak:0.00M | Scene, ViewLayer | Synchronizing object | neck-shell-part
Fra:7 Mem:35.58M (Peak 35.58M) | Time:00:00.08 | Mem:0.00M, Peak:0.00M | Scene, ViewLayer | Synchronizing object | pelvis-shell-part
Fra:7 Mem:35.59M (Peak 35.60M) | Time:00:00.08 | Mem:0.00M, Peak:0.00M | Scene, ViewLayer | Synchronizing object | left-upper-arm-shell
Fra:7 Mem:36.28M (Peak 36.28M) | Time:00:00.08 | Mem:0.00M, Peak:0.00M | Scene, ViewLayer | Synchronizing object | left-thigh-shell
Fra:7 Mem:36.27M (Peak 36.28M) | Time:00:00.08 | Mem:0.00M, Peak:0.00M | Scene, ViewLayer | Synchronizing object | right-knee-ball
Fra:7 Mem:37.20M (Peak 37.20M) | Time:00:00.08 | Mem:0.00M, Peak:0.00M | Scene, ViewLayer | Synchronizing object | left-elbow-ball
Fra:7 Mem:37.28M (Peak 37.28M) | Time:00:00.08 | Mem:0.00M, Peak:0.00M | Scene, ViewLayer | Synchronizing object | left-wrist-ball
Fra:7 Mem:37.32M (Peak 37.32M) | Time:00:00.08 | Mem:0.00M, Peak:0.00M | Scene, ViewLayer | Synchronizing object | left-hip-ball
Fra:7 Mem:37.37M (Peak 37.37M) | Time:00:00.08 | Mem:0.00M, Peak:0.00M | Scene, ViewLayer | Synchronizing object | left-knee-ball
Fra:7 Mem:37.41M (Peak 37.41M) | Time:00:00.08 | Mem:0.00M, Peak:0.00M | Scene, ViewLayer | Synchronizing object | left-ankle-ball
Fra:7 Mem:37.46M (Peak 37.46M) | Time:00:00.08 | Mem:0.00M, Peak:0.00M | Scene, ViewLayer | Synchronizing object | right-upper-arm-shell
Fra:7 Mem:37.62M (Peak 37.62M) | Time:00:00.08 | Mem:0.00M, Peak:0.00M | Scene, ViewLayer | Synchronizing object | right-forearm-shell
Fra:7 Mem:37.79M (Peak 37.79M) | Time:00:00.08 | Mem:0.00M, Peak:0.00M | Scene, ViewLayer | Synchronizing object | right-hand-shell
Fra:7 Mem:37.95M (Peak 37.95M) | Time:00:00.08 | Mem:0.00M, Peak:0.00M | Scene, ViewLayer | Synchronizing object | right-hip-ball
Fra:7 Mem:42.88M (Peak 42.88M) | Time:00:00.08 | Mem:0.00M, Peak:0.00M | Scene, ViewLayer | Initializing
Fra:7 Mem:35.29M (Peak 42.88M) | Time:00:00.08 | Mem:0.00M, Peak:0.00M | Scene, ViewLayer | Waiting for render to start
Fra:7 Mem:35.29M (Peak 42.88M) | Time:00:00.08 | Mem:0.00M, Peak:0.00M | Scene, ViewLayer | Updating Scene
Fra:7 Mem:35.29M (Peak 42.88M) | Time:00:00.08 | Mem:0.00M, Peak:0.00M | Scene, ViewLayer | Updating Shaders
Fra:7 Mem:35.30M (Peak 42.88M) | Time:00:00.08 | Mem:0.00M, Peak:0.00M | Scene, ViewLayer | Loading render kernels (may take a few minutes the first time)
Fra:7 Mem:35.38M (Peak 63.40M) | Time:00:00.12 | Mem:0.00M, Peak:0.00M | Scene, ViewLayer | Updating Procedurals
Fra:7 Mem:35.38M (Peak 63.40M) | Time:00:00.12 | Mem:0.00M, Peak:0.00M | Scene, ViewLayer | Updating Background
Fra:7 Mem:35.38M (Peak 63.40M) | Time:00:00.12 | Mem:0.00M, Peak:0.00M | Scene, ViewLayer | Updating Camera
Fra:7 Mem:35.38M (Peak 63.40M) | Time:00:00.12 | Mem:0.00M, Peak:0.00M | Scene, ViewLayer | Updating Meshes Flags
Fra:7 Mem:35.38M (Peak 63.40M) | Time:00:00.12 | Mem:0.00M, Peak:0.00M | Scene, ViewLayer | Updating Objects
Fra:7 Mem:35.38M (Peak 63.40M) | Time:00:00.12 | Mem:0.00M, Peak:0.00M | Scene, ViewLayer | Updating Objects | Copying Transformations to device
Fra:7 Mem:35.39M (Peak 63.40M) | Time:00:00.12 | Mem:0.01M, Peak:0.01M | Scene, ViewLayer | Updating Particle Systems
Fra:7 Mem:35.39M (Peak 63.40M) | Time:00:00.12 | Mem:0.01M, Peak:0.01M | Scene, ViewLayer | Updating Particle Systems | Copying Particles to device
Fra:7 Mem:35.39M (Peak 63.40M) | Time:00:00.12 | Mem:0.01M, Peak:0.01M | Scene, ViewLayer | Updating Meshes
Fra:7 Mem:35.39M (Peak 63.40M) | Time:00:00.12 | Mem:0.01M, Peak:0.01M | Scene, ViewLayer | Updating Objects | Applying Static Transformations
Fra:7 Mem:35.39M (Peak 63.40M) | Time:00:00.12 | Mem:0.01M, Peak:0.01M | Scene, ViewLayer | Updating Mesh | Computing attributes
Fra:7 Mem:35.86M (Peak 63.40M) | Time:00:00.12 | Mem:0.01M, Peak:0.01M | Scene, ViewLayer | Updating Mesh | Copying Attributes to device
Fra:7 Mem:35.86M (Peak 63.40M) | Time:00:00.12 | Mem:0.48M, Peak:0.48M | Scene, ViewLayer | Updating Scene BVH | Building
Fra:7 Mem:35.86M (Peak 63.40M) | Time:00:00.12 | Mem:0.48M, Peak:0.48M | Scene, ViewLayer | Updating Scene BVH | Building BVH
Fra:7 Mem:40.53M (Peak 63.40M) | Time:00:00.13 | Mem:0.48M, Peak:0.48M | Scene, ViewLayer | Updating Scene BVH | Packing BVH triangles and strands
Fra:7 Mem:40.85M (Peak 63.40M) | Time:00:00.13 | Mem:0.48M, Peak:0.48M | Scene, ViewLayer | Updating Scene BVH | Packing BVH nodes
Fra:7 Mem:40.60M (Peak 63.40M) | Time:00:00.13 | Mem:0.48M, Peak:0.48M | Scene, ViewLayer | Updating Scene BVH | Copying BVH to device
Fra:7 Mem:40.60M (Peak 63.40M) | Time:00:00.13 | Mem:2.85M, Peak:2.85M | Scene, ViewLayer | Updating Mesh | Computing normals
Fra:7 Mem:42.79M (Peak 63.40M) | Time:00:00.13 | Mem:2.85M, Peak:2.85M | Scene, ViewLayer | Updating Mesh | Copying Mesh to device
Fra:7 Mem:42.79M (Peak 63.40M) | Time:00:00.13 | Mem:5.04M, Peak:5.04M | Scene, ViewLayer | Updating Objects Flags
Fra:7 Mem:42.79M (Peak 63.40M) | Time:00:00.13 | Mem:5.04M, Peak:5.04M | Scene, ViewLayer | Updating Primitive Offsets
Fra:7 Mem:42.79M (Peak 63.40M) | Time:00:00.13 | Mem:5.04M, Peak:5.04M | Scene, ViewLayer | Updating Images
Fra:7 Mem:42.79M (Peak 63.40M) | Time:00:00.13 | Mem:5.04M, Peak:5.04M | Scene, ViewLayer | Updating Camera Volume
Fra:7 Mem:42.79M (Peak 63.40M) | Time:00:00.13 | Mem:5.04M, Peak:5.04M | Scene, ViewLayer | Updating Lookup Tables
Fra:7 Mem:42.79M (Peak 63.40M) | Time:00:00.13 | Mem:5.12M, Peak:5.12M | Scene, ViewLayer | Updating Lights
Fra:7 Mem:42.79M (Peak 63.40M) | Time:00:00.13 | Mem:5.12M, Peak:5.12M | Scene, ViewLayer | Updating Lights | Computing tree
Fra:7 Mem:42.79M (Peak 63.40M) | Time:00:00.13 | Mem:5.12M, Peak:5.12M | Scene, ViewLayer | Updating Integrator
Fra:7 Mem:42.79M (Peak 63.40M) | Time:00:00.13 | Mem:5.12M, Peak:5.12M | Scene, ViewLayer | Updating Film
Fra:7 Mem:42.79M (Peak 63.40M) | Time:00:00.13 | Mem:5.04M, Peak:5.12M | Scene, ViewLayer | Updating Lookup Tables
Fra:7 Mem:42.79M (Peak 63.40M) | Time:00:00.13 | Mem:5.12M, Peak:5.12M | Scene, ViewLayer | Updating Baking
Fra:7 Mem:42.79M (Peak 63.40M) | Time:00:00.13 | Mem:5.12M, Peak:5.12M | Scene, ViewLayer | Updating Device | Writing constant memory
Fra:7 Mem:42.80M (Peak 63.40M) | Time:00:00.13 | Mem:5.12M, Peak:5.12M | Scene, ViewLayer | Loading denoising kernels (may take a few minutes the first time)
Fra:7 Mem:46.80M (Peak 63.40M) | Time:00:00.14 | Mem:357.12M, Peak:357.12M | Scene, ViewLayer | Sample 0/24
Fra:7 Mem:89.55M (Peak 89.55M) | Time:00:00.14 | Remaining:00:00.13 | Mem:399.87M, Peak:399.87M | Scene, ViewLayer | Sample 1/24
Fra:7 Mem:107.56M (Peak 134.56M) | Time:00:01.62 | Mem:399.88M, Peak:399.88M | Scene, ViewLayer | Sample 24/24
Fra:7 Mem:107.56M (Peak 134.56M) | Time:00:01.62 | Mem:399.88M, Peak:399.88M | Scene, ViewLayer | Finished
Saved: '/home/cbsim/ws/slime-workflow/.tmp/2026-09-23_06-25-15/up_right-03.png'
Time: 00:01.74 (Saving: 00:00.03)

Fra:10 Mem:35.44M (Peak 35.44M) | Time:00:00.08 | Mem:0.00M, Peak:0.00M | Scene, ViewLayer | Synchronizing object | key
Fra:10 Mem:35.44M (Peak 35.44M) | Time:00:00.08 | Mem:0.00M, Peak:0.00M | Scene, ViewLayer | Synchronizing object | fill
Fra:10 Mem:35.44M (Peak 35.44M) | Time:00:00.08 | Mem:0.00M, Peak:0.00M | Scene, ViewLayer | Synchronizing object | head-shell-part
Fra:10 Mem:35.46M (Peak 35.46M) | Time:00:00.08 | Mem:0.00M, Peak:0.00M | Scene, ViewLayer | Synchronizing object | neck-shell-part
Fra:10 Mem:35.58M (Peak 35.58M) | Time:00:00.08 | Mem:0.00M, Peak:0.00M | Scene, ViewLayer | Synchronizing object | head-pivot-ball
Fra:10 Mem:36.09M (Peak 36.09M) | Time:00:00.08 | Mem:0.00M, Peak:0.00M | Scene, ViewLayer | Synchronizing object | left-foot-shell
Fra:10 Mem:36.23M (Peak 36.23M) | Time:00:00.08 | Mem:0.00M, Peak:0.00M | Scene, ViewLayer | Synchronizing object | left-wrist-ball
Fra:10 Mem:36.31M (Peak 36.31M) | Time:00:00.08 | Mem:0.00M, Peak:0.00M | Scene, ViewLayer | Synchronizing object | left-hip-ball
Fra:10 Mem:37.31M (Peak 37.31M) | Time:00:00.08 | Mem:0.00M, Peak:0.00M | Scene, ViewLayer | Synchronizing object | left-knee-ball
Fra:10 Mem:37.32M (Peak 37.32M) | Time:00:00.08 | Mem:0.00M, Peak:0.00M | Scene, ViewLayer | Synchronizing object | right-hand-shell
Fra:10 Mem:37.35M (Peak 37.35M) | Time:00:00.08 | Mem:0.00M, Peak:0.00M | Scene, ViewLayer | Synchronizing object | right-shin-shell
Fra:10 Mem:37.48M (Peak 37.48M) | Time:00:00.08 | Mem:0.00M, Peak:0.00M | Scene, ViewLayer | Synchronizing object | right-foot-shell
Fra:10 Mem:37.92M (Peak 37.92M) | Time:00:00.08 | Mem:0.00M, Peak:0.00M | Scene, ViewLayer | Synchronizing object | right-elbow-ball
Fra:10 Mem:37.92M (Peak 37.92M) | Time:00:00.08 | Mem:0.00M, Peak:0.00M | Scene, ViewLayer | Synchronizing object | right-wrist-ball
Fra:10 Mem:38.30M (Peak 38.30M) | Time:00:00.08 | Mem:0.00M, Peak:0.00M | Scene, ViewLayer | Synchronizing object | right-knee-ball
Fra:10 Mem:38.52M (Peak 38.52M) | Time:00:00.08 | Mem:0.00M, Peak:0.00M | Scene, ViewLayer | Synchronizing object | right-hip-ball
Fra:10 Mem:42.88M (Peak 42.88M) | Time:00:00.08 | Mem:0.00M, Peak:0.00M | Scene, ViewLayer | Initializing
Fra:10 Mem:35.29M (Peak 42.88M) | Time:00:00.08 | Mem:0.00M, Peak:0.00M | Scene, ViewLayer | Waiting for render to start
Fra:10 Mem:35.29M (Peak 42.88M) | Time:00:00.08 | Mem:0.00M, Peak:0.00M | Scene, ViewLayer | Updating Scene
Fra:10 Mem:35.29M (Peak 42.88M) | Time:00:00.08 | Mem:0.00M, Peak:0.00M | Scene, ViewLayer | Updating Shaders
Fra:10 Mem:35.30M (Peak 42.88M) | Time:00:00.08 | Mem:0.00M, Peak:0.00M | Scene, ViewLayer | Loading render kernels (may take a few minutes the first time)
Fra:10 Mem:35.38M (Peak 63.40M) | Time:00:00.12 | Mem:0.00M, Peak:0.00M | Scene, ViewLayer | Updating Procedurals
Fra:10 Mem:35.38M (Peak 63.40M) | Time:00:00.12 | Mem:0.00M, Peak:0.00M | Scene, ViewLayer | Updating Background
Fra:10 Mem:35.38M (Peak 63.40M) | Time:00:00.12 | Mem:0.00M, Peak:0.00M | Scene, ViewLayer | Updating Camera
Fra:10 Mem:35.38M (Peak 63.40M) | Time:00:00.12 | Mem:0.00M, Peak:0.00M | Scene, ViewLayer | Updating Meshes Flags
Fra:10 Mem:35.38M (Peak 63.40M) | Time:00:00.12 | Mem:0.00M, Peak:0.00M | Scene, ViewLayer | Updating Objects
Fra:10 Mem:35.38M (Peak 63.40M) | Time:00:00.12 | Mem:0.00M, Peak:0.00M | Scene, ViewLayer | Updating Objects | Copying Transformations to device
Fra:10 Mem:35.39M (Peak 63.40M) | Time:00:00.12 | Mem:0.01M, Peak:0.01M | Scene, ViewLayer | Updating Particle Systems
Fra:10 Mem:35.39M (Peak 63.40M) | Time:00:00.12 | Mem:0.01M, Peak:0.01M | Scene, ViewLayer | Updating Particle Systems | Copying Particles to device
Fra:10 Mem:35.39M (Peak 63.40M) | Time:00:00.12 | Mem:0.01M, Peak:0.01M | Scene, ViewLayer | Updating Meshes
Fra:10 Mem:35.39M (Peak 63.40M) | Time:00:00.12 | Mem:0.01M, Peak:0.01M | Scene, ViewLayer | Updating Objects | Applying Static Transformations
Fra:10 Mem:35.39M (Peak 63.40M) | Time:00:00.12 | Mem:0.01M, Peak:0.01M | Scene, ViewLayer | Updating Mesh | Computing attributes
Fra:10 Mem:35.86M (Peak 63.40M) | Time:00:00.12 | Mem:0.01M, Peak:0.01M | Scene, ViewLayer | Updating Mesh | Copying Attributes to device
Fra:10 Mem:35.86M (Peak 63.40M) | Time:00:00.12 | Mem:0.48M, Peak:0.48M | Scene, ViewLayer | Updating Scene BVH | Building
Fra:10 Mem:35.86M (Peak 63.40M) | Time:00:00.12 | Mem:0.48M, Peak:0.48M | Scene, ViewLayer | Updating Scene BVH | Building BVH
Fra:10 Mem:40.53M (Peak 63.40M) | Time:00:00.13 | Mem:0.48M, Peak:0.48M | Scene, ViewLayer | Updating Scene BVH | Packing BVH triangles and strands
Fra:10 Mem:40.85M (Peak 63.40M) | Time:00:00.13 | Mem:0.48M, Peak:0.48M | Scene, ViewLayer | Updating Scene BVH | Packing BVH nodes
Fra:10 Mem:40.60M (Peak 63.40M) | Time:00:00.14 | Mem:0.48M, Peak:0.48M | Scene, ViewLayer | Updating Scene BVH | Copying BVH to device
Fra:10 Mem:40.60M (Peak 63.40M) | Time:00:00.14 | Mem:2.85M, Peak:2.85M | Scene, ViewLayer | Updating Mesh | Computing normals
Fra:10 Mem:42.79M (Peak 63.40M) | Time:00:00.14 | Mem:2.85M, Peak:2.85M | Scene, ViewLayer | Updating Mesh | Copying Mesh to device
Fra:10 Mem:42.79M (Peak 63.40M) | Time:00:00.14 | Mem:5.04M, Peak:5.04M | Scene, ViewLayer | Updating Objects Flags
Fra:10 Mem:42.79M (Peak 63.40M) | Time:00:00.14 | Mem:5.04M, Peak:5.04M | Scene, ViewLayer | Updating Primitive Offsets
Fra:10 Mem:42.79M (Peak 63.40M) | Time:00:00.14 | Mem:5.04M, Peak:5.04M | Scene, ViewLayer | Updating Images
Fra:10 Mem:42.79M (Peak 63.40M) | Time:00:00.14 | Mem:5.04M, Peak:5.04M | Scene, ViewLayer | Updating Camera Volume
Fra:10 Mem:42.79M (Peak 63.40M) | Time:00:00.14 | Mem:5.04M, Peak:5.04M | Scene, ViewLayer | Updating Lookup Tables
Fra:10 Mem:42.79M (Peak 63.40M) | Time:00:00.14 | Mem:5.12M, Peak:5.12M | Scene, ViewLayer | Updating Lights
Fra:10 Mem:42.79M (Peak 63.40M) | Time:00:00.14 | Mem:5.12M, Peak:5.12M | Scene, ViewLayer | Updating Lights | Computing tree
Fra:10 Mem:42.79M (Peak 63.40M) | Time:00:00.14 | Mem:5.12M, Peak:5.12M | Scene, ViewLayer | Updating Integrator
Fra:10 Mem:42.79M (Peak 63.40M) | Time:00:00.14 | Mem:5.12M, Peak:5.12M | Scene, ViewLayer | Updating Film
Fra:10 Mem:42.79M (Peak 63.40M) | Time:00:00.14 | Mem:5.04M, Peak:5.12M | Scene, ViewLayer | Updating Lookup Tables
Fra:10 Mem:42.79M (Peak 63.40M) | Time:00:00.14 | Mem:5.12M, Peak:5.12M | Scene, ViewLayer | Updating Baking
Fra:10 Mem:42.79M (Peak 63.40M) | Time:00:00.14 | Mem:5.12M, Peak:5.12M | Scene, ViewLayer | Updating Device | Writing constant memory
Fra:10 Mem:42.80M (Peak 63.40M) | Time:00:00.14 | Mem:5.12M, Peak:5.12M | Scene, ViewLayer | Loading denoising kernels (may take a few minutes the first time)
Fra:10 Mem:46.80M (Peak 63.40M) | Time:00:00.14 | Mem:357.12M, Peak:357.12M | Scene, ViewLayer | Sample 0/24
Fra:10 Mem:89.55M (Peak 89.55M) | Time:00:00.15 | Remaining:00:00.14 | Mem:399.87M, Peak:399.87M | Scene, ViewLayer | Sample 1/24
Fra:10 Mem:107.56M (Peak 134.56M) | Time:00:01.62 | Mem:399.88M, Peak:399.88M | Scene, ViewLayer | Sample 24/24
Fra:10 Mem:107.56M (Peak 134.56M) | Time:00:01.62 | Mem:399.88M, Peak:399.88M | Scene, ViewLayer | Finished
Saved: '/home/cbsim/ws/slime-workflow/.tmp/2026-09-23_06-25-15/up_right-04.png'
Time: 00:01.74 (Saving: 00:00.03)

Fra:13 Mem:35.44M (Peak 35.44M) | Time:00:00.07 | Mem:0.00M, Peak:0.00M | Scene, ViewLayer | Synchronizing object | key
Fra:13 Mem:35.44M (Peak 35.44M) | Time:00:00.07 | Mem:0.00M, Peak:0.00M | Scene, ViewLayer | Synchronizing object | right-ankle-ball
Fra:13 Mem:35.44M (Peak 35.44M) | Time:00:00.07 | Mem:0.00M, Peak:0.00M | Scene, ViewLayer | Synchronizing object | head-shell-part
Fra:13 Mem:35.51M (Peak 35.51M) | Time:00:00.07 | Mem:0.00M, Peak:0.00M | Scene, ViewLayer | Synchronizing object | chest-shell-part
Fra:13 Mem:35.52M (Peak 35.52M) | Time:00:00.07 | Mem:0.00M, Peak:0.00M | Scene, ViewLayer | Synchronizing object | abdomen-shell-part
Fra:13 Mem:35.91M (Peak 35.91M) | Time:00:00.07 | Mem:0.00M, Peak:0.00M | Scene, ViewLayer | Synchronizing object | left-hand-shell
Fra:13 Mem:35.93M (Peak 35.93M) | Time:00:00.07 | Mem:0.00M, Peak:0.00M | Scene, ViewLayer | Synchronizing object | left-thigh-shell
Fra:13 Mem:36.03M (Peak 36.03M) | Time:00:00.07 | Mem:0.00M, Peak:0.00M | Scene, ViewLayer | Synchronizing object | left-shin-shell
Fra:13 Mem:36.16M (Peak 36.16M) | Time:00:00.07 | Mem:0.00M, Peak:0.00M | Scene, ViewLayer | Synchronizing object | left-foot-shell
Fra:13 Mem:36.56M (Peak 36.56M) | Time:00:00.07 | Mem:0.00M, Peak:0.00M | Scene, ViewLayer | Synchronizing object | left-wrist-ball
Fra:13 Mem:36.87M (Peak 36.86M) | Time:00:00.07 | Mem:0.00M, Peak:0.00M | Scene, ViewLayer | Synchronizing object | right-upper-arm-shell
Fra:13 Mem:37.08M (Peak 37.08M) | Time:00:00.07 | Mem:0.00M, Peak:0.00M | Scene, ViewLayer | Synchronizing object | right-forearm-shell
Fra:13 Mem:37.29M (Peak 37.29M) | Time:00:00.07 | Mem:0.00M, Peak:0.00M | Scene, ViewLayer | Synchronizing object | right-thigh-shell
Fra:13 Mem:37.32M (Peak 37.32M) | Time:00:00.07 | Mem:0.00M, Peak:0.00M | Scene, ViewLayer | Synchronizing object | right-foot-shell
Fra:13 Mem:37.45M (Peak 37.45M) | Time:00:00.07 | Mem:0.00M, Peak:0.00M | Scene, ViewLayer | Synchronizing object | right-shoulder-ball
Fra:13 Mem:37.54M (Peak 37.54M) | Time:00:00.07 | Mem:0.00M, Peak:0.00M | Scene, ViewLayer | Synchronizing object | right-hip-ball
Fra:13 Mem:37.59M (Peak 37.59M) | Time:00:00.07 | Mem:0.00M, Peak:0.00M | Scene, ViewLayer | Synchronizing object | right-wrist-ball
Fra:13 Mem:42.88M (Peak 42.88M) | Time:00:00.08 | Mem:0.00M, Peak:0.00M | Scene, ViewLayer | Initializing
Fra:13 Mem:35.29M (Peak 42.88M) | Time:00:00.08 | Mem:0.00M, Peak:0.00M | Scene, ViewLayer | Waiting for render to start
Fra:13 Mem:35.29M (Peak 42.88M) | Time:00:00.08 | Mem:0.00M, Peak:0.00M | Scene, ViewLayer | Updating Scene
Fra:13 Mem:35.29M (Peak 42.88M) | Time:00:00.08 | Mem:0.00M, Peak:0.00M | Scene, ViewLayer | Updating Shaders
Fra:13 Mem:35.30M (Peak 42.88M) | Time:00:00.08 | Mem:0.00M, Peak:0.00M | Scene, ViewLayer | Loading render kernels (may take a few minutes the first time)
Fra:13 Mem:35.38M (Peak 63.40M) | Time:00:00.12 | Mem:0.00M, Peak:0.00M | Scene, ViewLayer | Updating Procedurals
Fra:13 Mem:35.38M (Peak 63.40M) | Time:00:00.12 | Mem:0.00M, Peak:0.00M | Scene, ViewLayer | Updating Background
Fra:13 Mem:35.38M (Peak 63.40M) | Time:00:00.12 | Mem:0.00M, Peak:0.00M | Scene, ViewLayer | Updating Camera
Fra:13 Mem:35.38M (Peak 63.40M) | Time:00:00.12 | Mem:0.00M, Peak:0.00M | Scene, ViewLayer | Updating Meshes Flags
Fra:13 Mem:35.38M (Peak 63.40M) | Time:00:00.12 | Mem:0.00M, Peak:0.00M | Scene, ViewLayer | Updating Objects
Fra:13 Mem:35.38M (Peak 63.40M) | Time:00:00.12 | Mem:0.00M, Peak:0.00M | Scene, ViewLayer | Updating Objects | Copying Transformations to device
Fra:13 Mem:35.39M (Peak 63.40M) | Time:00:00.12 | Mem:0.01M, Peak:0.01M | Scene, ViewLayer | Updating Particle Systems
Fra:13 Mem:35.39M (Peak 63.40M) | Time:00:00.12 | Mem:0.01M, Peak:0.01M | Scene, ViewLayer | Updating Particle Systems | Copying Particles to device
Fra:13 Mem:35.39M (Peak 63.40M) | Time:00:00.12 | Mem:0.01M, Peak:0.01M | Scene, ViewLayer | Updating Meshes
Fra:13 Mem:35.39M (Peak 63.40M) | Time:00:00.12 | Mem:0.01M, Peak:0.01M | Scene, ViewLayer | Updating Objects | Applying Static Transformations
Fra:13 Mem:35.39M (Peak 63.40M) | Time:00:00.12 | Mem:0.01M, Peak:0.01M | Scene, ViewLayer | Updating Mesh | Computing attributes
Fra:13 Mem:35.86M (Peak 63.40M) | Time:00:00.12 | Mem:0.01M, Peak:0.01M | Scene, ViewLayer | Updating Mesh | Copying Attributes to device
Fra:13 Mem:35.86M (Peak 63.40M) | Time:00:00.12 | Mem:0.48M, Peak:0.48M | Scene, ViewLayer | Updating Scene BVH | Building
Fra:13 Mem:35.86M (Peak 63.40M) | Time:00:00.12 | Mem:0.48M, Peak:0.48M | Scene, ViewLayer | Updating Scene BVH | Building BVH
Fra:13 Mem:40.53M (Peak 63.40M) | Time:00:00.13 | Mem:0.48M, Peak:0.48M | Scene, ViewLayer | Updating Scene BVH | Packing BVH triangles and strands
Fra:13 Mem:40.85M (Peak 63.40M) | Time:00:00.13 | Mem:0.48M, Peak:0.48M | Scene, ViewLayer | Updating Scene BVH | Packing BVH nodes
Fra:13 Mem:40.61M (Peak 63.40M) | Time:00:00.13 | Mem:0.48M, Peak:0.48M | Scene, ViewLayer | Updating Scene BVH | Copying BVH to device
Fra:13 Mem:40.61M (Peak 63.40M) | Time:00:00.13 | Mem:2.86M, Peak:2.86M | Scene, ViewLayer | Updating Mesh | Computing normals
Fra:13 Mem:42.80M (Peak 63.40M) | Time:00:00.13 | Mem:2.86M, Peak:2.86M | Scene, ViewLayer | Updating Mesh | Copying Mesh to device
Fra:13 Mem:42.80M (Peak 63.40M) | Time:00:00.13 | Mem:5.04M, Peak:5.04M | Scene, ViewLayer | Updating Objects Flags
Fra:13 Mem:42.80M (Peak 63.40M) | Time:00:00.13 | Mem:5.04M, Peak:5.04M | Scene, ViewLayer | Updating Primitive Offsets
Fra:13 Mem:42.80M (Peak 63.40M) | Time:00:00.13 | Mem:5.04M, Peak:5.04M | Scene, ViewLayer | Updating Images
Fra:13 Mem:42.80M (Peak 63.40M) | Time:00:00.13 | Mem:5.04M, Peak:5.04M | Scene, ViewLayer | Updating Camera Volume
Fra:13 Mem:42.80M (Peak 63.40M) | Time:00:00.13 | Mem:5.04M, Peak:5.04M | Scene, ViewLayer | Updating Lookup Tables
Fra:13 Mem:42.80M (Peak 63.40M) | Time:00:00.13 | Mem:5.12M, Peak:5.12M | Scene, ViewLayer | Updating Lights
Fra:13 Mem:42.80M (Peak 63.40M) | Time:00:00.13 | Mem:5.12M, Peak:5.12M | Scene, ViewLayer | Updating Lights | Computing tree
Fra:13 Mem:42.80M (Peak 63.40M) | Time:00:00.13 | Mem:5.12M, Peak:5.12M | Scene, ViewLayer | Updating Integrator
Fra:13 Mem:42.80M (Peak 63.40M) | Time:00:00.13 | Mem:5.12M, Peak:5.12M | Scene, ViewLayer | Updating Film
Fra:13 Mem:42.80M (Peak 63.40M) | Time:00:00.13 | Mem:5.04M, Peak:5.12M | Scene, ViewLayer | Updating Lookup Tables
Fra:13 Mem:42.80M (Peak 63.40M) | Time:00:00.13 | Mem:5.13M, Peak:5.13M | Scene, ViewLayer | Updating Baking
Fra:13 Mem:42.80M (Peak 63.40M) | Time:00:00.13 | Mem:5.13M, Peak:5.13M | Scene, ViewLayer | Updating Device | Writing constant memory
Fra:13 Mem:42.81M (Peak 63.40M) | Time:00:00.13 | Mem:5.13M, Peak:5.13M | Scene, ViewLayer | Loading denoising kernels (may take a few minutes the first time)
Fra:13 Mem:46.81M (Peak 63.40M) | Time:00:00.14 | Mem:357.13M, Peak:357.13M | Scene, ViewLayer | Sample 0/24
Fra:13 Mem:89.56M (Peak 89.56M) | Time:00:00.14 | Remaining:00:00.14 | Mem:399.88M, Peak:399.88M | Scene, ViewLayer | Sample 1/24
2026-09-23T06:41:02+0900/hunyuan-rig/heartbeat {'stage': 'up_right', 'frame': 13} images=60
Fra:13 Mem:107.57M (Peak 134.57M) | Time:00:01.63 | Mem:399.88M, Peak:399.88M | Scene, ViewLayer | Sample 24/24
Fra:13 Mem:107.57M (Peak 134.57M) | Time:00:01.63 | Mem:399.88M, Peak:399.88M | Scene, ViewLayer | Finished
Saved: '/home/cbsim/ws/slime-workflow/.tmp/2026-09-23_06-25-15/up_right-05.png'
Time: 00:01.76 (Saving: 00:00.04)

Fra:16 Mem:35.44M (Peak 35.44M) | Time:00:00.08 | Mem:0.00M, Peak:0.00M | Scene, ViewLayer | Synchronizing object | key
Fra:16 Mem:35.44M (Peak 35.44M) | Time:00:00.08 | Mem:0.00M, Peak:0.00M | Scene, ViewLayer | Synchronizing object | neck-shell-part
Fra:16 Mem:35.44M (Peak 35.44M) | Time:00:00.08 | Mem:0.00M, Peak:0.00M | Scene, ViewLayer | Synchronizing object | head-pivot-ball
Fra:16 Mem:35.45M (Peak 35.45M) | Time:00:00.08 | Mem:0.00M, Peak:0.00M | Scene, ViewLayer | Synchronizing object | right-ankle-ball
Fra:16 Mem:35.52M (Peak 35.52M) | Time:00:00.08 | Mem:0.00M, Peak:0.00M | Scene, ViewLayer | Synchronizing object | left-upper-arm-shell
Fra:16 Mem:35.68M (Peak 35.68M) | Time:00:00.08 | Mem:0.00M, Peak:0.00M | Scene, ViewLayer | Synchronizing object | left-foot-shell
Fra:16 Mem:36.43M (Peak 36.43M) | Time:00:00.08 | Mem:0.00M, Peak:0.00M | Scene, ViewLayer | Synchronizing object | left-elbow-ball
Fra:16 Mem:36.47M (Peak 36.47M) | Time:00:00.08 | Mem:0.00M, Peak:0.00M | Scene, ViewLayer | Synchronizing object | left-ankle-ball
Fra:16 Mem:36.66M (Peak 36.67M) | Time:00:00.08 | Mem:0.00M, Peak:0.00M | Scene, ViewLayer | Synchronizing object | right-upper-arm-shell
Fra:16 Mem:36.72M (Peak 36.72M) | Time:00:00.08 | Mem:0.00M, Peak:0.00M | Scene, ViewLayer | Synchronizing object | right-forearm-shell
Fra:16 Mem:36.76M (Peak 36.76M) | Time:00:00.08 | Mem:0.00M, Peak:0.00M | Scene, ViewLayer | Synchronizing object | right-hand-shell
Fra:16 Mem:36.89M (Peak 36.89M) | Time:00:00.08 | Mem:0.00M, Peak:0.00M | Scene, ViewLayer | Synchronizing object | right-thigh-shell
Fra:16 Mem:37.34M (Peak 37.34M) | Time:00:00.08 | Mem:0.00M, Peak:0.00M | Scene, ViewLayer | Synchronizing object | right-shin-shell
Fra:16 Mem:37.94M (Peak 37.94M) | Time:00:00.08 | Mem:0.00M, Peak:0.00M | Scene, ViewLayer | Synchronizing object | right-foot-shell
Fra:16 Mem:38.82M (Peak 38.82M) | Time:00:00.08 | Mem:0.00M, Peak:0.00M | Scene, ViewLayer | Synchronizing object | right-shoulder-ball
Fra:16 Mem:39.15M (Peak 39.15M) | Time:00:00.08 | Mem:0.00M, Peak:0.00M | Scene, ViewLayer | Synchronizing object | right-elbow-ball
Fra:16 Mem:39.27M (Peak 39.27M) | Time:00:00.08 | Mem:0.00M, Peak:0.00M | Scene, ViewLayer | Synchronizing object | right-wrist-ball
Fra:16 Mem:39.37M (Peak 39.37M) | Time:00:00.08 | Mem:0.00M, Peak:0.00M | Scene, ViewLayer | Synchronizing object | right-hip-ball
Fra:16 Mem:42.88M (Peak 42.88M) | Time:00:00.08 | Mem:0.00M, Peak:0.00M | Scene, ViewLayer | Initializing
Fra:16 Mem:35.29M (Peak 42.88M) | Time:00:00.08 | Mem:0.00M, Peak:0.00M | Scene, ViewLayer | Waiting for render to start
Fra:16 Mem:35.29M (Peak 42.88M) | Time:00:00.08 | Mem:0.00M, Peak:0.00M | Scene, ViewLayer | Updating Scene
Fra:16 Mem:35.29M (Peak 42.88M) | Time:00:00.08 | Mem:0.00M, Peak:0.00M | Scene, ViewLayer | Updating Shaders
Fra:16 Mem:35.30M (Peak 42.88M) | Time:00:00.08 | Mem:0.00M, Peak:0.00M | Scene, ViewLayer | Loading render kernels (may take a few minutes the first time)
Fra:16 Mem:35.38M (Peak 63.40M) | Time:00:00.13 | Mem:0.00M, Peak:0.00M | Scene, ViewLayer | Updating Procedurals
Fra:16 Mem:35.38M (Peak 63.40M) | Time:00:00.13 | Mem:0.00M, Peak:0.00M | Scene, ViewLayer | Updating Background
Fra:16 Mem:35.38M (Peak 63.40M) | Time:00:00.13 | Mem:0.00M, Peak:0.00M | Scene, ViewLayer | Updating Camera
Fra:16 Mem:35.38M (Peak 63.40M) | Time:00:00.13 | Mem:0.00M, Peak:0.00M | Scene, ViewLayer | Updating Meshes Flags
Fra:16 Mem:35.38M (Peak 63.40M) | Time:00:00.13 | Mem:0.00M, Peak:0.00M | Scene, ViewLayer | Updating Objects
Fra:16 Mem:35.38M (Peak 63.40M) | Time:00:00.13 | Mem:0.00M, Peak:0.00M | Scene, ViewLayer | Updating Objects | Copying Transformations to device
Fra:16 Mem:35.39M (Peak 63.40M) | Time:00:00.13 | Mem:0.01M, Peak:0.01M | Scene, ViewLayer | Updating Particle Systems
Fra:16 Mem:35.39M (Peak 63.40M) | Time:00:00.13 | Mem:0.01M, Peak:0.01M | Scene, ViewLayer | Updating Particle Systems | Copying Particles to device
Fra:16 Mem:35.39M (Peak 63.40M) | Time:00:00.13 | Mem:0.01M, Peak:0.01M | Scene, ViewLayer | Updating Meshes
Fra:16 Mem:35.39M (Peak 63.40M) | Time:00:00.13 | Mem:0.01M, Peak:0.01M | Scene, ViewLayer | Updating Objects | Applying Static Transformations
Fra:16 Mem:35.39M (Peak 63.40M) | Time:00:00.13 | Mem:0.01M, Peak:0.01M | Scene, ViewLayer | Updating Mesh | Computing attributes
Fra:16 Mem:35.86M (Peak 63.40M) | Time:00:00.13 | Mem:0.01M, Peak:0.01M | Scene, ViewLayer | Updating Mesh | Copying Attributes to device
Fra:16 Mem:35.86M (Peak 63.40M) | Time:00:00.13 | Mem:0.48M, Peak:0.48M | Scene, ViewLayer | Updating Scene BVH | Building
Fra:16 Mem:35.86M (Peak 63.40M) | Time:00:00.13 | Mem:0.48M, Peak:0.48M | Scene, ViewLayer | Updating Scene BVH | Building BVH
Fra:16 Mem:40.53M (Peak 63.40M) | Time:00:00.13 | Mem:0.48M, Peak:0.48M | Scene, ViewLayer | Updating Scene BVH | Packing BVH triangles and strands
Fra:16 Mem:40.85M (Peak 63.40M) | Time:00:00.13 | Mem:0.48M, Peak:0.48M | Scene, ViewLayer | Updating Scene BVH | Packing BVH nodes
Fra:16 Mem:40.60M (Peak 63.40M) | Time:00:00.14 | Mem:0.48M, Peak:0.48M | Scene, ViewLayer | Updating Scene BVH | Copying BVH to device
Fra:16 Mem:40.60M (Peak 63.40M) | Time:00:00.14 | Mem:2.85M, Peak:2.85M | Scene, ViewLayer | Updating Mesh | Computing normals
Fra:16 Mem:42.78M (Peak 63.40M) | Time:00:00.14 | Mem:2.85M, Peak:2.85M | Scene, ViewLayer | Updating Mesh | Copying Mesh to device
Fra:16 Mem:42.78M (Peak 63.40M) | Time:00:00.14 | Mem:5.03M, Peak:5.03M | Scene, ViewLayer | Updating Objects Flags
Fra:16 Mem:42.78M (Peak 63.40M) | Time:00:00.14 | Mem:5.03M, Peak:5.03M | Scene, ViewLayer | Updating Primitive Offsets
Fra:16 Mem:42.78M (Peak 63.40M) | Time:00:00.14 | Mem:5.03M, Peak:5.03M | Scene, ViewLayer | Updating Images
Fra:16 Mem:42.78M (Peak 63.40M) | Time:00:00.14 | Mem:5.03M, Peak:5.03M | Scene, ViewLayer | Updating Camera Volume
Fra:16 Mem:42.78M (Peak 63.40M) | Time:00:00.14 | Mem:5.03M, Peak:5.03M | Scene, ViewLayer | Updating Lookup Tables
Fra:16 Mem:42.78M (Peak 63.40M) | Time:00:00.14 | Mem:5.12M, Peak:5.12M | Scene, ViewLayer | Updating Lights
Fra:16 Mem:42.78M (Peak 63.40M) | Time:00:00.14 | Mem:5.12M, Peak:5.12M | Scene, ViewLayer | Updating Lights | Computing tree
Fra:16 Mem:42.78M (Peak 63.40M) | Time:00:00.14 | Mem:5.12M, Peak:5.12M | Scene, ViewLayer | Updating Integrator
Fra:16 Mem:42.78M (Peak 63.40M) | Time:00:00.14 | Mem:5.12M, Peak:5.12M | Scene, ViewLayer | Updating Film
Fra:16 Mem:42.79M (Peak 63.40M) | Time:00:00.14 | Mem:5.04M, Peak:5.12M | Scene, ViewLayer | Updating Lookup Tables
Fra:16 Mem:42.79M (Peak 63.40M) | Time:00:00.14 | Mem:5.12M, Peak:5.12M | Scene, ViewLayer | Updating Baking
Fra:16 Mem:42.79M (Peak 63.40M) | Time:00:00.14 | Mem:5.12M, Peak:5.12M | Scene, ViewLayer | Updating Device | Writing constant memory
Fra:16 Mem:42.79M (Peak 63.40M) | Time:00:00.14 | Mem:5.12M, Peak:5.12M | Scene, ViewLayer | Loading denoising kernels (may take a few minutes the first time)
Fra:16 Mem:46.79M (Peak 63.40M) | Time:00:00.14 | Mem:357.12M, Peak:357.12M | Scene, ViewLayer | Sample 0/24
Fra:16 Mem:89.55M (Peak 89.55M) | Time:00:00.15 | Remaining:00:00.14 | Mem:399.87M, Peak:399.87M | Scene, ViewLayer | Sample 1/24
Fra:16 Mem:107.55M (Peak 134.55M) | Time:00:01.64 | Mem:399.87M, Peak:399.87M | Scene, ViewLayer | Sample 24/24
Fra:16 Mem:107.55M (Peak 134.55M) | Time:00:01.64 | Mem:399.87M, Peak:399.87M | Scene, ViewLayer | Finished
Saved: '/home/cbsim/ws/slime-workflow/.tmp/2026-09-23_06-25-15/up_right-06.png'
Time: 00:01.76 (Saving: 00:00.03)

Fra:19 Mem:35.44M (Peak 35.44M) | Time:00:00.07 | Mem:0.00M, Peak:0.00M | Scene, ViewLayer | Synchronizing object | fill
Fra:19 Mem:35.44M (Peak 35.44M) | Time:00:00.07 | Mem:0.00M, Peak:0.00M | Scene, ViewLayer | Synchronizing object | head-shell-part
Fra:19 Mem:35.44M (Peak 35.44M) | Time:00:00.07 | Mem:0.00M, Peak:0.00M | Scene, ViewLayer | Synchronizing object | neck-shell-part
Fra:19 Mem:35.46M (Peak 35.46M) | Time:00:00.07 | Mem:0.00M, Peak:0.00M | Scene, ViewLayer | Synchronizing object | abdomen-shell-part
Fra:19 Mem:35.57M (Peak 35.57M) | Time:00:00.07 | Mem:0.00M, Peak:0.00M | Scene, ViewLayer | Synchronizing object | pelvis-shell-part
Fra:19 Mem:35.62M (Peak 35.62M) | Time:00:00.07 | Mem:0.00M, Peak:0.00M | Scene, ViewLayer | Synchronizing object | head-pivot-ball
Fra:19 Mem:36.17M (Peak 36.17M) | Time:00:00.07 | Mem:0.00M, Peak:0.00M | Scene, ViewLayer | Synchronizing object | left-thigh-shell
Fra:19 Mem:36.47M (Peak 36.47M) | Time:00:00.07 | Mem:0.00M, Peak:0.00M | Scene, ViewLayer | Synchronizing object | left-foot-shell
Fra:19 Mem:36.72M (Peak 36.72M) | Time:00:00.07 | Mem:0.00M, Peak:0.00M | Scene, ViewLayer | Synchronizing object | left-wrist-ball
Fra:19 Mem:36.76M (Peak 36.76M) | Time:00:00.07 | Mem:0.00M, Peak:0.00M | Scene, ViewLayer | Synchronizing object | right-thigh-shell
Fra:19 Mem:36.91M (Peak 36.91M) | Time:00:00.07 | Mem:0.00M, Peak:0.00M | Scene, ViewLayer | Synchronizing object | right-shin-shell
Fra:19 Mem:37.17M (Peak 37.17M) | Time:00:00.07 | Mem:0.00M, Peak:0.00M | Scene, ViewLayer | Synchronizing object | right-shoulder-ball
Fra:19 Mem:37.29M (Peak 37.29M) | Time:00:00.07 | Mem:0.00M, Peak:0.00M | Scene, ViewLayer | Synchronizing object | right-hip-ball
Fra:19 Mem:37.52M (Peak 37.52M) | Time:00:00.07 | Mem:0.00M, Peak:0.00M | Scene, ViewLayer | Synchronizing object | right-wrist-ball
Fra:19 Mem:37.79M (Peak 37.79M) | Time:00:00.07 | Mem:0.00M, Peak:0.00M | Scene, ViewLayer | Synchronizing object | right-elbow-ball
Fra:19 Mem:42.88M (Peak 42.88M) | Time:00:00.08 | Mem:0.00M, Peak:0.00M | Scene, ViewLayer | Initializing
Fra:19 Mem:35.29M (Peak 42.88M) | Time:00:00.08 | Mem:0.00M, Peak:0.00M | Scene, ViewLayer | Waiting for render to start
Fra:19 Mem:35.29M (Peak 42.88M) | Time:00:00.08 | Mem:0.00M, Peak:0.00M | Scene, ViewLayer | Updating Scene
Fra:19 Mem:35.29M (Peak 42.88M) | Time:00:00.08 | Mem:0.00M, Peak:0.00M | Scene, ViewLayer | Updating Shaders
Fra:19 Mem:35.30M (Peak 42.88M) | Time:00:00.08 | Mem:0.00M, Peak:0.00M | Scene, ViewLayer | Loading render kernels (may take a few minutes the first time)
Fra:19 Mem:35.38M (Peak 63.40M) | Time:00:00.12 | Mem:0.00M, Peak:0.00M | Scene, ViewLayer | Updating Procedurals
Fra:19 Mem:35.38M (Peak 63.40M) | Time:00:00.12 | Mem:0.00M, Peak:0.00M | Scene, ViewLayer | Updating Background
Fra:19 Mem:35.38M (Peak 63.40M) | Time:00:00.12 | Mem:0.00M, Peak:0.00M | Scene, ViewLayer | Updating Camera
Fra:19 Mem:35.38M (Peak 63.40M) | Time:00:00.12 | Mem:0.00M, Peak:0.00M | Scene, ViewLayer | Updating Meshes Flags
Fra:19 Mem:35.38M (Peak 63.40M) | Time:00:00.12 | Mem:0.00M, Peak:0.00M | Scene, ViewLayer | Updating Objects
Fra:19 Mem:35.38M (Peak 63.40M) | Time:00:00.12 | Mem:0.00M, Peak:0.00M | Scene, ViewLayer | Updating Objects | Copying Transformations to device
Fra:19 Mem:35.39M (Peak 63.40M) | Time:00:00.12 | Mem:0.01M, Peak:0.01M | Scene, ViewLayer | Updating Particle Systems
Fra:19 Mem:35.39M (Peak 63.40M) | Time:00:00.12 | Mem:0.01M, Peak:0.01M | Scene, ViewLayer | Updating Particle Systems | Copying Particles to device
Fra:19 Mem:35.39M (Peak 63.40M) | Time:00:00.12 | Mem:0.01M, Peak:0.01M | Scene, ViewLayer | Updating Meshes
Fra:19 Mem:35.39M (Peak 63.40M) | Time:00:00.12 | Mem:0.01M, Peak:0.01M | Scene, ViewLayer | Updating Objects | Applying Static Transformations
Fra:19 Mem:35.39M (Peak 63.40M) | Time:00:00.12 | Mem:0.01M, Peak:0.01M | Scene, ViewLayer | Updating Mesh | Computing attributes
Fra:19 Mem:35.86M (Peak 63.40M) | Time:00:00.12 | Mem:0.01M, Peak:0.01M | Scene, ViewLayer | Updating Mesh | Copying Attributes to device
Fra:19 Mem:35.86M (Peak 63.40M) | Time:00:00.12 | Mem:0.48M, Peak:0.48M | Scene, ViewLayer | Updating Scene BVH | Building
Fra:19 Mem:35.86M (Peak 63.40M) | Time:00:00.12 | Mem:0.48M, Peak:0.48M | Scene, ViewLayer | Updating Scene BVH | Building BVH
Fra:19 Mem:40.53M (Peak 63.40M) | Time:00:00.13 | Mem:0.48M, Peak:0.48M | Scene, ViewLayer | Updating Scene BVH | Packing BVH triangles and strands
Fra:19 Mem:40.85M (Peak 63.40M) | Time:00:00.13 | Mem:0.48M, Peak:0.48M | Scene, ViewLayer | Updating Scene BVH | Packing BVH nodes
Fra:19 Mem:40.61M (Peak 63.40M) | Time:00:00.13 | Mem:0.48M, Peak:0.48M | Scene, ViewLayer | Updating Scene BVH | Copying BVH to device
Fra:19 Mem:40.61M (Peak 63.40M) | Time:00:00.13 | Mem:2.86M, Peak:2.86M | Scene, ViewLayer | Updating Mesh | Computing normals
Fra:19 Mem:42.79M (Peak 63.40M) | Time:00:00.13 | Mem:2.86M, Peak:2.86M | Scene, ViewLayer | Updating Mesh | Copying Mesh to device
Fra:19 Mem:42.79M (Peak 63.40M) | Time:00:00.13 | Mem:5.04M, Peak:5.04M | Scene, ViewLayer | Updating Objects Flags
Fra:19 Mem:42.79M (Peak 63.40M) | Time:00:00.13 | Mem:5.04M, Peak:5.04M | Scene, ViewLayer | Updating Primitive Offsets
Fra:19 Mem:42.79M (Peak 63.40M) | Time:00:00.13 | Mem:5.04M, Peak:5.04M | Scene, ViewLayer | Updating Images
Fra:19 Mem:42.79M (Peak 63.40M) | Time:00:00.13 | Mem:5.04M, Peak:5.04M | Scene, ViewLayer | Updating Camera Volume
Fra:19 Mem:42.79M (Peak 63.40M) | Time:00:00.13 | Mem:5.04M, Peak:5.04M | Scene, ViewLayer | Updating Lookup Tables
Fra:19 Mem:42.79M (Peak 63.40M) | Time:00:00.13 | Mem:5.12M, Peak:5.12M | Scene, ViewLayer | Updating Lights
Fra:19 Mem:42.79M (Peak 63.40M) | Time:00:00.13 | Mem:5.12M, Peak:5.12M | Scene, ViewLayer | Updating Lights | Computing tree
Fra:19 Mem:42.80M (Peak 63.40M) | Time:00:00.13 | Mem:5.12M, Peak:5.12M | Scene, ViewLayer | Updating Integrator
Fra:19 Mem:42.80M (Peak 63.40M) | Time:00:00.13 | Mem:5.12M, Peak:5.12M | Scene, ViewLayer | Updating Film
Fra:19 Mem:42.80M (Peak 63.40M) | Time:00:00.13 | Mem:5.04M, Peak:5.12M | Scene, ViewLayer | Updating Lookup Tables
Fra:19 Mem:42.80M (Peak 63.40M) | Time:00:00.13 | Mem:5.13M, Peak:5.13M | Scene, ViewLayer | Updating Baking
Fra:19 Mem:42.80M (Peak 63.40M) | Time:00:00.13 | Mem:5.13M, Peak:5.13M | Scene, ViewLayer | Updating Device | Writing constant memory
Fra:19 Mem:42.80M (Peak 63.40M) | Time:00:00.13 | Mem:5.13M, Peak:5.13M | Scene, ViewLayer | Loading denoising kernels (may take a few minutes the first time)
Fra:19 Mem:46.80M (Peak 63.40M) | Time:00:00.14 | Mem:357.13M, Peak:357.13M | Scene, ViewLayer | Sample 0/24
Fra:19 Mem:89.56M (Peak 89.56M) | Time:00:00.14 | Remaining:00:00.14 | Mem:399.88M, Peak:399.88M | Scene, ViewLayer | Sample 1/24
Fra:19 Mem:107.56M (Peak 134.56M) | Time:00:01.60 | Mem:399.88M, Peak:399.88M | Scene, ViewLayer | Sample 24/24
Fra:19 Mem:107.56M (Peak 134.56M) | Time:00:01.60 | Mem:399.88M, Peak:399.88M | Scene, ViewLayer | Finished
Saved: '/home/cbsim/ws/slime-workflow/.tmp/2026-09-23_06-25-15/up_right-07.png'
Time: 00:01.71 (Saving: 00:00.03)

Fra:22 Mem:35.44M (Peak 35.44M) | Time:00:00.07 | Mem:0.00M, Peak:0.00M | Scene, ViewLayer | Synchronizing object | key
Fra:22 Mem:35.44M (Peak 35.44M) | Time:00:00.07 | Mem:0.00M, Peak:0.00M | Scene, ViewLayer | Synchronizing object | right-ankle-ball
Fra:22 Mem:35.44M (Peak 35.44M) | Time:00:00.07 | Mem:0.00M, Peak:0.00M | Scene, ViewLayer | Synchronizing object | head-shell-part
Fra:22 Mem:35.48M (Peak 35.48M) | Time:00:00.07 | Mem:0.00M, Peak:0.00M | Scene, ViewLayer | Synchronizing object | neck-shell-part
Fra:22 Mem:35.51M (Peak 35.51M) | Time:00:00.07 | Mem:0.00M, Peak:0.00M | Scene, ViewLayer | Synchronizing object | head-pivot-ball
Fra:22 Mem:35.69M (Peak 35.69M) | Time:00:00.07 | Mem:0.00M, Peak:0.00M | Scene, ViewLayer | Synchronizing object | left-forearm-shell
Fra:22 Mem:36.23M (Peak 36.23M) | Time:00:00.07 | Mem:0.00M, Peak:0.00M | Scene, ViewLayer | Synchronizing object | left-foot-shell
Fra:22 Mem:36.27M (Peak 36.27M) | Time:00:00.07 | Mem:0.00M, Peak:0.00M | Scene, ViewLayer | Synchronizing object | left-wrist-ball
Fra:22 Mem:36.50M (Peak 36.50M) | Time:00:00.07 | Mem:0.00M, Peak:0.00M | Scene, ViewLayer | Synchronizing object | right-hip-ball
Fra:22 Mem:36.54M (Peak 36.54M) | Time:00:00.07 | Mem:0.00M, Peak:0.00M | Scene, ViewLayer | Synchronizing object | left-hip-ball
Fra:22 Mem:36.81M (Peak 36.81M) | Time:00:00.07 | Mem:0.00M, Peak:0.00M | Scene, ViewLayer | Synchronizing object | right-forearm-shell
Fra:22 Mem:36.99M (Peak 36.99M) | Time:00:00.07 | Mem:0.00M, Peak:0.00M | Scene, ViewLayer | Synchronizing object | right-shin-shell
Fra:22 Mem:37.73M (Peak 37.73M) | Time:00:00.07 | Mem:0.00M, Peak:0.00M | Scene, ViewLayer | Synchronizing object | right-foot-shell
Fra:22 Mem:38.33M (Peak 38.33M) | Time:00:00.07 | Mem:0.00M, Peak:0.00M | Scene, ViewLayer | Synchronizing object | right-shoulder-ball
Fra:22 Mem:38.65M (Peak 38.65M) | Time:00:00.07 | Mem:0.00M, Peak:0.00M | Scene, ViewLayer | Synchronizing object | right-elbow-ball
Fra:22 Mem:42.88M (Peak 42.88M) | Time:00:00.08 | Mem:0.00M, Peak:0.00M | Scene, ViewLayer | Initializing
Fra:22 Mem:35.29M (Peak 42.88M) | Time:00:00.08 | Mem:0.00M, Peak:0.00M | Scene, ViewLayer | Waiting for render to start
Fra:22 Mem:35.29M (Peak 42.88M) | Time:00:00.08 | Mem:0.00M, Peak:0.00M | Scene, ViewLayer | Updating Scene
Fra:22 Mem:35.29M (Peak 42.88M) | Time:00:00.08 | Mem:0.00M, Peak:0.00M | Scene, ViewLayer | Updating Shaders
Fra:22 Mem:35.30M (Peak 42.88M) | Time:00:00.08 | Mem:0.00M, Peak:0.00M | Scene, ViewLayer | Loading render kernels (may take a few minutes the first time)
Fra:22 Mem:35.38M (Peak 63.40M) | Time:00:00.12 | Mem:0.00M, Peak:0.00M | Scene, ViewLayer | Updating Procedurals
Fra:22 Mem:35.38M (Peak 63.40M) | Time:00:00.12 | Mem:0.00M, Peak:0.00M | Scene, ViewLayer | Updating Background
Fra:22 Mem:35.38M (Peak 63.40M) | Time:00:00.12 | Mem:0.00M, Peak:0.00M | Scene, ViewLayer | Updating Camera
Fra:22 Mem:35.38M (Peak 63.40M) | Time:00:00.12 | Mem:0.00M, Peak:0.00M | Scene, ViewLayer | Updating Meshes Flags
Fra:22 Mem:35.38M (Peak 63.40M) | Time:00:00.12 | Mem:0.00M, Peak:0.00M | Scene, ViewLayer | Updating Objects
Fra:22 Mem:35.38M (Peak 63.40M) | Time:00:00.12 | Mem:0.00M, Peak:0.00M | Scene, ViewLayer | Updating Objects | Copying Transformations to device
Fra:22 Mem:35.39M (Peak 63.40M) | Time:00:00.12 | Mem:0.01M, Peak:0.01M | Scene, ViewLayer | Updating Particle Systems
Fra:22 Mem:35.39M (Peak 63.40M) | Time:00:00.12 | Mem:0.01M, Peak:0.01M | Scene, ViewLayer | Updating Particle Systems | Copying Particles to device
Fra:22 Mem:35.39M (Peak 63.40M) | Time:00:00.12 | Mem:0.01M, Peak:0.01M | Scene, ViewLayer | Updating Meshes
Fra:22 Mem:35.39M (Peak 63.40M) | Time:00:00.12 | Mem:0.01M, Peak:0.01M | Scene, ViewLayer | Updating Objects | Applying Static Transformations
Fra:22 Mem:35.39M (Peak 63.40M) | Time:00:00.12 | Mem:0.01M, Peak:0.01M | Scene, ViewLayer | Updating Mesh | Computing attributes
Fra:22 Mem:35.86M (Peak 63.40M) | Time:00:00.12 | Mem:0.01M, Peak:0.01M | Scene, ViewLayer | Updating Mesh | Copying Attributes to device
Fra:22 Mem:35.86M (Peak 63.40M) | Time:00:00.12 | Mem:0.48M, Peak:0.48M | Scene, ViewLayer | Updating Scene BVH | Building
Fra:22 Mem:35.86M (Peak 63.40M) | Time:00:00.12 | Mem:0.48M, Peak:0.48M | Scene, ViewLayer | Updating Scene BVH | Building BVH
Fra:22 Mem:40.53M (Peak 63.40M) | Time:00:00.12 | Mem:0.48M, Peak:0.48M | Scene, ViewLayer | Updating Scene BVH | Packing BVH triangles and strands
Fra:22 Mem:40.85M (Peak 63.40M) | Time:00:00.12 | Mem:0.48M, Peak:0.48M | Scene, ViewLayer | Updating Scene BVH | Packing BVH nodes
Fra:22 Mem:40.61M (Peak 63.40M) | Time:00:00.13 | Mem:0.48M, Peak:0.48M | Scene, ViewLayer | Updating Scene BVH | Copying BVH to device
Fra:22 Mem:40.61M (Peak 63.40M) | Time:00:00.13 | Mem:2.85M, Peak:2.85M | Scene, ViewLayer | Updating Mesh | Computing normals
Fra:22 Mem:42.79M (Peak 63.40M) | Time:00:00.13 | Mem:2.85M, Peak:2.85M | Scene, ViewLayer | Updating Mesh | Copying Mesh to device
Fra:22 Mem:42.79M (Peak 63.40M) | Time:00:00.13 | Mem:5.04M, Peak:5.04M | Scene, ViewLayer | Updating Objects Flags
Fra:22 Mem:42.79M (Peak 63.40M) | Time:00:00.13 | Mem:5.04M, Peak:5.04M | Scene, ViewLayer | Updating Primitive Offsets
Fra:22 Mem:42.79M (Peak 63.40M) | Time:00:00.13 | Mem:5.04M, Peak:5.04M | Scene, ViewLayer | Updating Images
Fra:22 Mem:42.79M (Peak 63.40M) | Time:00:00.13 | Mem:5.04M, Peak:5.04M | Scene, ViewLayer | Updating Camera Volume
Fra:22 Mem:42.79M (Peak 63.40M) | Time:00:00.13 | Mem:5.04M, Peak:5.04M | Scene, ViewLayer | Updating Lookup Tables
Fra:22 Mem:42.79M (Peak 63.40M) | Time:00:00.13 | Mem:5.12M, Peak:5.12M | Scene, ViewLayer | Updating Lights
Fra:22 Mem:42.79M (Peak 63.40M) | Time:00:00.13 | Mem:5.12M, Peak:5.12M | Scene, ViewLayer | Updating Lights | Computing tree
Fra:22 Mem:42.79M (Peak 63.40M) | Time:00:00.13 | Mem:5.12M, Peak:5.12M | Scene, ViewLayer | Updating Integrator
Fra:22 Mem:42.79M (Peak 63.40M) | Time:00:00.13 | Mem:5.12M, Peak:5.12M | Scene, ViewLayer | Updating Film
Fra:22 Mem:42.79M (Peak 63.40M) | Time:00:00.13 | Mem:5.04M, Peak:5.12M | Scene, ViewLayer | Updating Lookup Tables
Fra:22 Mem:42.79M (Peak 63.40M) | Time:00:00.13 | Mem:5.12M, Peak:5.12M | Scene, ViewLayer | Updating Baking
Fra:22 Mem:42.79M (Peak 63.40M) | Time:00:00.13 | Mem:5.12M, Peak:5.12M | Scene, ViewLayer | Updating Device | Writing constant memory
Fra:22 Mem:42.80M (Peak 63.40M) | Time:00:00.13 | Mem:5.12M, Peak:5.12M | Scene, ViewLayer | Loading denoising kernels (may take a few minutes the first time)
Fra:22 Mem:46.80M (Peak 63.40M) | Time:00:00.13 | Mem:357.12M, Peak:357.12M | Scene, ViewLayer | Sample 0/24
Fra:22 Mem:89.55M (Peak 89.55M) | Time:00:00.14 | Remaining:00:00.14 | Mem:399.88M, Peak:399.88M | Scene, ViewLayer | Sample 1/24
2026-09-23T06:41:07+0900/hunyuan-rig/heartbeat {'stage': 'up_right', 'frame': 22} images=60
Fra:22 Mem:107.56M (Peak 134.56M) | Time:00:01.63 | Mem:399.88M, Peak:399.88M | Scene, ViewLayer | Sample 24/24
Fra:22 Mem:107.56M (Peak 134.56M) | Time:00:01.63 | Mem:399.88M, Peak:399.88M | Scene, ViewLayer | Finished
Saved: '/home/cbsim/ws/slime-workflow/.tmp/2026-09-23_06-25-15/up_right-08.png'
Time: 00:01.75 (Saving: 00:00.03)

2026-09-23T06:41:09+0900/hunyuan-rig/complete {'status': 'rigged_ball_joint_candidate', 'source_mesh_sha256': 'c7d203381d12221945b9d6a7483ab2ef10dc6216295232e8827c77f6a0be8310', 'source_motion_id': 'mannequin-walk/v1', 'source_motion_sha256': '5ab353ed313a2395c00389f2f94ed3dff9a5d2187dd3f3f4d0f08862ad1866d6', 'bones': 24, 'parts': [{'name': 'head-shell-part', 'bone': 'joint-15', 'kind': 'shell', 'triangles': 10964}, {'name': 'neck-shell-part', 'bone': 'joint-12', 'kind': 'shell', 'triangles': 1184}, {'name': 'chest-shell-part', 'bone': 'joint-09', 'kind': 'shell', 'triangles': 7248}, {'name': 'abdomen-shell-part', 'bone': 'joint-06', 'kind': 'shell', 'triangles': 3732}, {'name': 'pelvis-shell-part', 'bone': 'body-root-control', 'kind': 'shell', 'triangles': 6308}, {'name': 'head-pivot-ball', 'bone': 'joint-15', 'kind': 'ball', 'triangles': 720}, {'name': 'left-upper-arm-shell', 'bone': 'joint-18', 'kind': 'shell', 'triangles': 2704}, {'name': 'left-forearm-shell', 'bone': 'joint-20', 'kind': 'shell', 'triangles': 3020}, {'name': 'left-hand-shell', 'bone': 'hand-20-deform', 'kind': 'shell', 'triangles': 2736}, {'name': 'left-thigh-shell', 'bone': 'joint-04', 'kind': 'shell', 'triangles': 5684}, {'name': 'left-shin-shell', 'bone': 'joint-07', 'kind': 'shell', 'triangles': 3460}, {'name': 'left-foot-shell', 'bone': 'joint-10', 'kind': 'shell', 'triangles': 3828}, {'name': 'left-shoulder-ball', 'bone': 'joint-18', 'kind': 'ball', 'triangles': 720}, {'name': 'left-elbow-ball', 'bone': 'joint-20', 'kind': 'ball', 'triangles': 720}, {'name': 'left-wrist-ball', 'bone': 'hand-20-deform', 'kind': 'ball', 'triangles': 720}, {'name': 'left-hip-ball', 'bone': 'joint-04', 'kind': 'ball', 'triangles': 720}, {'name': 'left-knee-ball', 'bone': 'joint-07', 'kind': 'ball', 'triangles': 720}, {'name': 'left-ankle-ball', 'bone': 'joint-10', 'kind': 'ball', 'triangles': 720}, {'name': 'right-upper-arm-shell', 'bone': 'joint-19', 'kind': 'shell', 'triangles': 2728}, {'name': 'right-forearm-shell', 'bone': 'joint-21', 'kind': 'shell', 'triangles': 3028}, {'name': 'right-hand-shell', 'bone': 'hand-21-deform', 'kind': 'shell', 'triangles': 2712}, {'name': 'right-thigh-shell', 'bone': 'joint-05', 'kind': 'shell', 'triangles': 5724}, {'name': 'right-shin-shell', 'bone': 'joint-08', 'kind': 'shell', 'triangles': 3528}, {'name': 'right-foot-shell', 'bone': 'joint-11', 'kind': 'shell', 'triangles': 3796}, {'name': 'right-shoulder-ball', 'bone': 'joint-19', 'kind': 'ball', 'triangles': 720}, {'name': 'right-elbow-ball', 'bone': 'joint-21', 'kind': 'ball', 'triangles': 720}, {'name': 'right-wrist-ball', 'bone': 'hand-21-deform', 'kind': 'ball', 'triangles': 720}, {'name': 'right-hip-ball', 'bone': 'joint-05', 'kind': 'ball', 'triangles': 720}, {'name': 'right-knee-ball', 'bone': 'joint-08', 'kind': 'ball', 'triangles': 720}, {'name': 'right-ankle-ball', 'bone': 'joint-11', 'kind': 'ball', 'triangles': 720}], 'weight_method': '내부 구체 강체 고정 + 외곽 연결부 최대 두 본 혼합', 'unweighted_vertices': 0, 'fps': 20, 'cycle_seconds': 1.2, 'ground_offsets': [-0.024669693782925606, -0.02158254198729992, -0.02381104603409767, -0.03219566121697426, -0.04390759393572807, -0.06553639471530914, -0.06967870891094208, -0.06729169189929962, -0.06391546875238419, -0.06386199593544006, -0.050963204354047775, -0.035547345876693726, -0.023149199783802032, -0.01885116845369339, -0.023060718551278114, -0.010730074718594551, -0.02683456987142563, -0.029597869142889977, -0.04277795925736427, -0.0419960618019104, -0.03767009824514389, -0.05626875162124634, -0.04881254956126213, -0.03290306031703949, -0.024669693782925606], 'render_sample_frames': [1, 4, 7, 10, 13, 16, 19, 22], 'quality_warnings': ['디지털 모션 검수용이며 실물 조립용 공차·내부 고정 구조 미설계', '손가락 개별 리그 없음', '극단 각도에서 셸 간 충돌은 추가 검수 필요']}
Freeing memory after the leak detector has run. This can happen when using static variables in C++ that are defined outside of functions. To fix this error, use the 'construct on first use' idiom.
Freeing memory after the leak detector has run. This can happen when using static variables in C++ that are defined outside of functions. To fix this error, use the 'construct on first use' idiom.
Freeing memory after the leak detector has run. This can happen when using static variables in C++ that are defined outside of functions. To fix this error, use the 'construct on first use' idiom.
Freeing memory after the leak detector has run. This can happen when using static variables in C++ that are defined outside of functions. To fix this error, use the 'construct on first use' idiom.
Freeing memory after the leak detector has run. This can happen when using static variables in C++ that are defined outside of functions. To fix this error, use the 'construct on first use' idiom.
Freeing memory after the leak detector has run. This can happen when using static variables in C++ that are defined outside of functions. To fix this error, use the 'construct on first use' idiom.
Freeing memory after the leak detector has run. This can happen when using static variables in C++ that are defined outside of functions. To fix this error, use the 'construct on first use' idiom.
Freeing memory after the leak detector has run. This can happen when using static variables in C++ that are defined outside of functions. To fix this error, use the 'construct on first use' idiom.
Freeing memory after the leak detector has run. This can happen when using static variables in C++ that are defined outside of functions. To fix this error, use the 'construct on first use' idiom.
