2026-09-23T06:30:13+0900/hunyuan-rig/start 입력=/home/cbsim/ws/slime-workflow/.tmp/2026-09-23_01-02-22/model-review/mannequin.blend, /home/cbsim/ws/slime-workflow/assets/motion-sheet/mannequin-walk-v1/mannequin-motion.npz 출력=/home/cbsim/ws/slime-workflow/.tmp/2026-09-23_06-25-15
2026-09-23T06:30:13+0900/hunyuan-rig/surface-partition head-shell-part
2026-09-23T06:30:13+0900/hunyuan-rig/before-socket head-shell-part: 5404
2026-09-23T06:30:13+0900/hunyuan-rig/after-socket head-shell-part: 5573
2026-09-23T06:30:13+0900/hunyuan-rig/surface-partition neck-shell-part
2026-09-23T06:30:13+0900/hunyuan-rig/before-socket neck-shell-part: 393
2026-09-23T06:30:13+0900/hunyuan-rig/after-socket neck-shell-part: 393
2026-09-23T06:30:13+0900/hunyuan-rig/surface-partition chest-shell-part
2026-09-23T06:30:13+0900/hunyuan-rig/before-socket chest-shell-part: 3084
2026-09-23T06:30:13+0900/hunyuan-rig/after-socket chest-shell-part: 3586
2026-09-23T06:30:13+0900/hunyuan-rig/surface-partition abdomen-shell-part
2026-09-23T06:30:13+0900/hunyuan-rig/before-socket abdomen-shell-part: 1824
2026-09-23T06:30:13+0900/hunyuan-rig/after-socket abdomen-shell-part: 1824
2026-09-23T06:30:13+0900/hunyuan-rig/surface-partition pelvis-shell-part
2026-09-23T06:30:14+0900/hunyuan-rig/before-socket pelvis-shell-part: 2980
2026-09-23T06:30:14+0900/hunyuan-rig/after-socket pelvis-shell-part: 3741
2026-09-23T06:30:14+0900/hunyuan-rig/surface-partition left-upper-arm-shell
2026-09-23T06:30:14+0900/hunyuan-rig/before-socket left-upper-arm-shell: 1145
2026-09-23T06:30:14+0900/hunyuan-rig/after-socket left-upper-arm-shell: 1648
2026-09-23T06:30:14+0900/hunyuan-rig/surface-partition left-forearm-shell
2026-09-23T06:30:14+0900/hunyuan-rig/before-socket left-forearm-shell: 1297
2026-09-23T06:30:14+0900/hunyuan-rig/after-socket left-forearm-shell: 1734
2026-09-23T06:30:14+0900/hunyuan-rig/surface-partition left-hand-shell
2026-09-23T06:30:14+0900/hunyuan-rig/before-socket left-hand-shell: 1274
2026-09-23T06:30:14+0900/hunyuan-rig/after-socket left-hand-shell: 1470
2026-09-23T06:30:14+0900/hunyuan-rig/surface-partition left-thigh-shell
2026-09-23T06:30:14+0900/hunyuan-rig/before-socket left-thigh-shell: 2627
2026-09-23T06:30:14+0900/hunyuan-rig/after-socket left-thigh-shell: 2954
2026-09-23T06:30:14+0900/hunyuan-rig/surface-partition left-shin-shell
2026-09-23T06:30:14+0900/hunyuan-rig/before-socket left-shin-shell: 1563
2026-09-23T06:30:15+0900/hunyuan-rig/after-socket left-shin-shell: 1984
2026-09-23T06:30:15+0900/hunyuan-rig/surface-partition left-foot-shell
2026-09-23T06:30:15+0900/hunyuan-rig/before-socket left-foot-shell: 1847
2026-09-23T06:30:15+0900/hunyuan-rig/after-socket left-foot-shell: 2061
2026-09-23T06:30:15+0900/hunyuan-rig/surface-partition right-upper-arm-shell
2026-09-23T06:30:15+0900/hunyuan-rig/before-socket right-upper-arm-shell: 1157
2026-09-23T06:30:15+0900/hunyuan-rig/after-socket right-upper-arm-shell: 1510
2026-09-23T06:30:15+0900/hunyuan-rig/surface-partition right-forearm-shell
2026-09-23T06:30:15+0900/hunyuan-rig/before-socket right-forearm-shell: 1306
2026-09-23T06:30:15+0900/hunyuan-rig/after-socket right-forearm-shell: 1734
2026-09-23T06:30:15+0900/hunyuan-rig/surface-partition right-hand-shell
2026-09-23T06:30:15+0900/hunyuan-rig/before-socket right-hand-shell: 1262
2026-09-23T06:30:15+0900/hunyuan-rig/after-socket right-hand-shell: 1459
2026-09-23T06:30:15+0900/hunyuan-rig/surface-partition right-thigh-shell
2026-09-23T06:30:15+0900/hunyuan-rig/before-socket right-thigh-shell: 2650
2026-09-23T06:30:15+0900/hunyuan-rig/after-socket right-thigh-shell: 2990
2026-09-23T06:30:15+0900/hunyuan-rig/surface-partition right-shin-shell
2026-09-23T06:30:15+0900/hunyuan-rig/before-socket right-shin-shell: 1590
2026-09-23T06:30:15+0900/hunyuan-rig/after-socket right-shin-shell: 2007
2026-09-23T06:30:15+0900/hunyuan-rig/surface-partition right-foot-shell
2026-09-23T06:30:15+0900/hunyuan-rig/before-socket right-foot-shell: 1826
2026-09-23T06:30:15+0900/hunyuan-rig/after-socket right-foot-shell: 2040
2026-09-23T06:30:16+0900/hunyuan-rig/weights 독립 부품=32 각 정점 단일 본 가중치 1.0
2026-09-23T06:30:16+0900/hunyuan-rig/retarget-calibration {'joint-03': -13.383407631329897, 'joint-06': 21.32680780392674, 'joint-09': 34.31701910947553, 'joint-12': -47.75663822168655, 'joint-15': 5.472132353100661}
2026-09-23T06:30:16+0900/hunyuan-rig/rigid-socket-lock 고관절·쇄골 보조 본 고정 및 보행 골반 회전 적용
Info: Saved as "rigged-mannequin.blend"
INFO Draco mesh compression is available, use library at /home/cbsim/ws/slime-workflow/.local/blender-runtime/lib/python3.11/site-packages/bpy/4.5/scripts/addons_core/io_scene_gltf2/libextern_draco.so
06:30:16 | INFO: Starting glTF 2.0 export
06:30:16 | INFO: Extracting primitive: abdomen-shell-part-mesh
06:30:16 | INFO: Primitives created: 1
06:30:16 | INFO: Extracting primitive: Sphere.007
06:30:16 | INFO: Primitives created: 1
06:30:16 | WARNING: Mesh chest-shell-part-mesh is not valid, and may be exported wrongly
06:30:16 | INFO: Extracting primitive: chest-shell-part-mesh
06:30:16 | INFO: Primitives created: 1
06:30:16 | INFO: Extracting primitive: Sphere.005
06:30:16 | INFO: Primitives created: 1
06:30:16 | INFO: Extracting primitive: head-shell-part-mesh
06:30:16 | INFO: Primitives created: 1
06:30:16 | INFO: Extracting primitive: Sphere.023
06:30:16 | INFO: Primitives created: 1
06:30:16 | INFO: Extracting primitive: Sphere.019
06:30:16 | INFO: Primitives created: 1
06:30:16 | INFO: Extracting primitive: left-foot-shell-mesh
06:30:16 | INFO: Primitives created: 1
06:30:16 | WARNING: Mesh left-forearm-shell-mesh is not valid, and may be exported wrongly
06:30:16 | INFO: Extracting primitive: left-forearm-shell-mesh
06:30:16 | INFO: Primitives created: 1
06:30:16 | INFO: Extracting primitive: left-hand-shell-mesh
06:30:16 | INFO: Primitives created: 1
06:30:16 | INFO: Extracting primitive: Sphere.021
06:30:16 | INFO: Primitives created: 1
06:30:16 | INFO: Extracting primitive: Sphere.022
06:30:16 | INFO: Primitives created: 1
06:30:16 | INFO: Extracting primitive: left-shin-shell-mesh
06:30:16 | INFO: Primitives created: 1
06:30:16 | INFO: Extracting primitive: Sphere.018
06:30:16 | INFO: Primitives created: 1
06:30:16 | INFO: Extracting primitive: left-thigh-shell-mesh
06:30:16 | INFO: Primitives created: 1
06:30:16 | INFO: Extracting primitive: left-upper-arm-shell-mesh
06:30:16 | INFO: Primitives created: 1
06:30:16 | INFO: Extracting primitive: Sphere.020
06:30:16 | INFO: Primitives created: 1
06:30:16 | INFO: Extracting primitive: neck-shell-part-mesh
06:30:16 | INFO: Primitives created: 1
06:30:16 | WARNING: Mesh pelvis-shell-part-mesh is not valid, and may be exported wrongly
06:30:16 | INFO: Extracting primitive: pelvis-shell-part-mesh
06:30:16 | INFO: Primitives created: 1
06:30:16 | INFO: Extracting primitive: Sphere.039
06:30:16 | INFO: Primitives created: 1
06:30:16 | INFO: Extracting primitive: Sphere.035
06:30:16 | INFO: Primitives created: 1
06:30:16 | INFO: Extracting primitive: right-foot-shell-mesh
06:30:16 | INFO: Primitives created: 1
06:30:16 | WARNING: Mesh right-forearm-shell-mesh is not valid, and may be exported wrongly
06:30:16 | INFO: Extracting primitive: right-forearm-shell-mesh
06:30:16 | INFO: Primitives created: 1
06:30:16 | INFO: Extracting primitive: right-hand-shell-mesh
06:30:16 | INFO: Primitives created: 1
06:30:16 | INFO: Extracting primitive: Sphere.037
06:30:16 | INFO: Primitives created: 1
06:30:16 | INFO: Extracting primitive: Sphere.038
06:30:16 | INFO: Primitives created: 1
06:30:16 | WARNING: Mesh right-shin-shell-mesh is not valid, and may be exported wrongly
06:30:16 | INFO: Extracting primitive: right-shin-shell-mesh
06:30:16 | INFO: Primitives created: 1
06:30:16 | INFO: Extracting primitive: Sphere.034
06:30:16 | INFO: Primitives created: 1
06:30:16 | WARNING: Mesh right-thigh-shell-mesh is not valid, and may be exported wrongly
06:30:16 | INFO: Extracting primitive: right-thigh-shell-mesh
06:30:16 | INFO: Primitives created: 1
06:30:16 | INFO: Extracting primitive: right-upper-arm-shell-mesh
06:30:16 | INFO: Primitives created: 1
06:30:16 | INFO: Extracting primitive: Sphere.036
06:30:16 | INFO: Primitives created: 1
06:30:16 | INFO: Extracting primitive: Sphere.006
06:30:16 | INFO: Primitives created: 1
06:30:16 | INFO: Finished glTF 2.0 export in 0.17171716690063477 s
Read blend: "/home/cbsim/ws/slime-workflow/.tmp/2026-09-23_01-02-22/model-review/mannequin.blend"
Fra:1 Mem:25.46M (Peak 25.46M) | Time:00:00.10 | Mem:0.00M, Peak:0.00M | Scene, ViewLayer | Synchronizing object | key
Fra:1 Mem:25.46M (Peak 25.46M) | Time:00:00.10 | Mem:0.00M, Peak:0.00M | Scene, ViewLayer | Synchronizing object | fill
Fra:1 Mem:25.49M (Peak 25.49M) | Time:00:00.10 | Mem:0.00M, Peak:0.00M | Scene, ViewLayer | Synchronizing object | chest-shell-part
Fra:1 Mem:25.50M (Peak 25.50M) | Time:00:00.10 | Mem:0.00M, Peak:0.00M | Scene, ViewLayer | Synchronizing object | pelvis-shell-part
Fra:1 Mem:25.63M (Peak 25.63M) | Time:00:00.10 | Mem:0.00M, Peak:0.00M | Scene, ViewLayer | Synchronizing object | head-pivot-ball
Fra:1 Mem:25.66M (Peak 25.66M) | Time:00:00.10 | Mem:0.00M, Peak:0.00M | Scene, ViewLayer | Synchronizing object | waist-internal-core
Fra:1 Mem:25.70M (Peak 25.70M) | Time:00:00.10 | Mem:0.00M, Peak:0.00M | Scene, ViewLayer | Synchronizing object | left-forearm-shell
Fra:1 Mem:25.91M (Peak 25.91M) | Time:00:00.10 | Mem:0.00M, Peak:0.00M | Scene, ViewLayer | Synchronizing object | left-foot-shell
Fra:1 Mem:26.11M (Peak 26.11M) | Time:00:00.10 | Mem:0.00M, Peak:0.00M | Scene, ViewLayer | Synchronizing object | left-shoulder-ball
Fra:1 Mem:26.19M (Peak 26.18M) | Time:00:00.10 | Mem:0.00M, Peak:0.00M | Scene, ViewLayer | Synchronizing object | left-hip-ball
Fra:1 Mem:26.37M (Peak 26.37M) | Time:00:00.10 | Mem:0.00M, Peak:0.00M | Scene, ViewLayer | Synchronizing object | left-knee-ball
Fra:1 Mem:26.77M (Peak 26.77M) | Time:00:00.10 | Mem:0.00M, Peak:0.00M | Scene, ViewLayer | Synchronizing object | left-ankle-ball
Fra:1 Mem:27.10M (Peak 27.10M) | Time:00:00.10 | Mem:0.00M, Peak:0.00M | Scene, ViewLayer | Synchronizing object | right-upper-arm-shell
Fra:1 Mem:27.14M (Peak 27.14M) | Time:00:00.10 | Mem:0.00M, Peak:0.00M | Scene, ViewLayer | Synchronizing object | right-hand-shell
Fra:1 Mem:27.57M (Peak 27.57M) | Time:00:00.10 | Mem:0.00M, Peak:0.00M | Scene, ViewLayer | Synchronizing object | right-shoulder-ball
Fra:1 Mem:27.88M (Peak 27.88M) | Time:00:00.10 | Mem:0.00M, Peak:0.00M | Scene, ViewLayer | Synchronizing object | right-elbow-ball
Fra:1 Mem:28.07M (Peak 28.07M) | Time:00:00.10 | Mem:0.00M, Peak:0.00M | Scene, ViewLayer | Synchronizing object | right-wrist-ball
Fra:1 Mem:29.30M (Peak 29.30M) | Time:00:00.10 | Mem:0.00M, Peak:0.00M | Scene, ViewLayer | Initializing
Fra:1 Mem:25.42M (Peak 29.30M) | Time:00:00.10 | Mem:0.00M, Peak:0.00M | Scene, ViewLayer | Waiting for render to start
Fra:1 Mem:25.42M (Peak 29.30M) | Time:00:00.10 | Mem:0.00M, Peak:0.00M | Scene, ViewLayer | Updating Scene
Fra:1 Mem:25.42M (Peak 29.30M) | Time:00:00.10 | Mem:0.00M, Peak:0.00M | Scene, ViewLayer | Updating Shaders
Fra:1 Mem:25.42M (Peak 29.30M) | Time:00:00.10 | Mem:0.00M, Peak:0.00M | Scene, ViewLayer | Loading render kernels (may take a few minutes the first time)
Fra:1 Mem:25.50M (Peak 53.52M) | Time:00:00.16 | Mem:0.00M, Peak:0.00M | Scene, ViewLayer | Updating Procedurals
Fra:1 Mem:25.50M (Peak 53.52M) | Time:00:00.16 | Mem:0.00M, Peak:0.00M | Scene, ViewLayer | Updating Background
Fra:1 Mem:25.50M (Peak 53.52M) | Time:00:00.16 | Mem:0.00M, Peak:0.00M | Scene, ViewLayer | Updating Camera
Fra:1 Mem:25.50M (Peak 53.52M) | Time:00:00.16 | Mem:0.00M, Peak:0.00M | Scene, ViewLayer | Updating Meshes Flags
Fra:1 Mem:25.50M (Peak 53.52M) | Time:00:00.16 | Mem:0.00M, Peak:0.00M | Scene, ViewLayer | Updating Objects
Fra:1 Mem:25.50M (Peak 53.52M) | Time:00:00.16 | Mem:0.00M, Peak:0.00M | Scene, ViewLayer | Updating Objects | Copying Transformations to device
Fra:1 Mem:25.51M (Peak 53.52M) | Time:00:00.16 | Mem:0.01M, Peak:0.01M | Scene, ViewLayer | Updating Particle Systems
Fra:1 Mem:25.51M (Peak 53.52M) | Time:00:00.16 | Mem:0.01M, Peak:0.01M | Scene, ViewLayer | Updating Particle Systems | Copying Particles to device
Fra:1 Mem:25.51M (Peak 53.52M) | Time:00:00.16 | Mem:0.01M, Peak:0.01M | Scene, ViewLayer | Updating Meshes
Fra:1 Mem:25.51M (Peak 53.52M) | Time:00:00.16 | Mem:0.01M, Peak:0.01M | Scene, ViewLayer | Updating Objects | Applying Static Transformations
Fra:1 Mem:25.51M (Peak 53.52M) | Time:00:00.16 | Mem:0.01M, Peak:0.01M | Scene, ViewLayer | Updating Mesh | Computing attributes
Fra:1 Mem:25.86M (Peak 53.52M) | Time:00:00.16 | Mem:0.01M, Peak:0.01M | Scene, ViewLayer | Updating Mesh | Copying Attributes to device
Fra:1 Mem:25.85M (Peak 53.52M) | Time:00:00.16 | Mem:0.35M, Peak:0.35M | Scene, ViewLayer | Updating Scene BVH | Building
Fra:1 Mem:25.85M (Peak 53.52M) | Time:00:00.16 | Mem:0.35M, Peak:0.35M | Scene, ViewLayer | Updating Scene BVH | Building BVH
Fra:1 Mem:29.23M (Peak 53.52M) | Time:00:00.16 | Mem:0.35M, Peak:0.35M | Scene, ViewLayer | Updating Scene BVH | Packing BVH triangles and strands
Fra:1 Mem:29.45M (Peak 53.52M) | Time:00:00.16 | Mem:0.35M, Peak:0.35M | Scene, ViewLayer | Updating Scene BVH | Packing BVH nodes
Fra:1 Mem:29.38M (Peak 53.52M) | Time:00:00.16 | Mem:0.35M, Peak:0.35M | Scene, ViewLayer | Updating Scene BVH | Copying BVH to device
Fra:1 Mem:29.38M (Peak 53.52M) | Time:00:00.16 | Mem:2.12M, Peak:2.12M | Scene, ViewLayer | Updating Mesh | Computing normals
Fra:1 Mem:30.97M (Peak 53.52M) | Time:00:00.16 | Mem:2.12M, Peak:2.12M | Scene, ViewLayer | Updating Mesh | Copying Mesh to device
Fra:1 Mem:30.97M (Peak 53.52M) | Time:00:00.16 | Mem:3.70M, Peak:3.70M | Scene, ViewLayer | Updating Objects Flags
Fra:1 Mem:30.97M (Peak 53.52M) | Time:00:00.16 | Mem:3.70M, Peak:3.70M | Scene, ViewLayer | Updating Primitive Offsets
Fra:1 Mem:30.97M (Peak 53.52M) | Time:00:00.16 | Mem:3.70M, Peak:3.70M | Scene, ViewLayer | Updating Images
Fra:1 Mem:30.97M (Peak 53.52M) | Time:00:00.16 | Mem:3.70M, Peak:3.70M | Scene, ViewLayer | Updating Camera Volume
Fra:1 Mem:30.97M (Peak 53.52M) | Time:00:00.16 | Mem:3.70M, Peak:3.70M | Scene, ViewLayer | Updating Lookup Tables
Fra:1 Mem:30.97M (Peak 53.52M) | Time:00:00.16 | Mem:3.78M, Peak:3.78M | Scene, ViewLayer | Updating Lights
Fra:1 Mem:30.97M (Peak 53.52M) | Time:00:00.16 | Mem:3.78M, Peak:3.78M | Scene, ViewLayer | Updating Lights | Computing tree
Fra:1 Mem:30.97M (Peak 53.52M) | Time:00:00.16 | Mem:3.78M, Peak:3.78M | Scene, ViewLayer | Updating Integrator
Fra:1 Mem:30.97M (Peak 53.52M) | Time:00:00.16 | Mem:3.78M, Peak:3.78M | Scene, ViewLayer | Updating Film
Fra:1 Mem:30.97M (Peak 53.52M) | Time:00:00.16 | Mem:3.70M, Peak:3.78M | Scene, ViewLayer | Updating Lookup Tables
Fra:1 Mem:30.97M (Peak 53.52M) | Time:00:00.17 | Mem:3.79M, Peak:3.79M | Scene, ViewLayer | Updating Baking
Fra:1 Mem:30.97M (Peak 53.52M) | Time:00:00.17 | Mem:3.79M, Peak:3.79M | Scene, ViewLayer | Updating Device | Writing constant memory
Fra:1 Mem:30.97M (Peak 53.52M) | Time:00:00.17 | Mem:3.79M, Peak:3.79M | Scene, ViewLayer | Loading denoising kernels (may take a few minutes the first time)
Fra:1 Mem:34.98M (Peak 53.52M) | Time:00:00.17 | Mem:355.79M, Peak:355.79M | Scene, ViewLayer | Sample 0/24
Fra:1 Mem:77.73M (Peak 77.73M) | Time:00:00.17 | Remaining:00:00.13 | Mem:398.54M, Peak:398.54M | Scene, ViewLayer | Sample 1/24

2026-09-23T06:30:18+0900/hunyuan-rig/heartbeat {'stage': 'rest-front', 'frame': 25} images=36
Fra:1 Mem:95.73M (Peak 122.74M) | Time:00:01.63 | Mem:398.54M, Peak:398.54M | Scene, ViewLayer | Sample 24/24
Fra:1 Mem:95.73M (Peak 122.74M) | Time:00:01.63 | Mem:398.54M, Peak:398.54M | Scene, ViewLayer | Finished
Saved: '/home/cbsim/ws/slime-workflow/.tmp/2026-09-23_06-25-15/rest-front.png'
Time: 00:01.78 (Saving: 00:00.07)

Fra:1 Mem:25.45M (Peak 25.45M) | Time:00:00.08 | Mem:0.00M, Peak:0.00M | Scene, ViewLayer | Synchronizing object | key
Fra:1 Mem:25.46M (Peak 25.46M) | Time:00:00.08 | Mem:0.00M, Peak:0.00M | Scene, ViewLayer | Synchronizing object | right-ankle-ball
Fra:1 Mem:25.46M (Peak 25.46M) | Time:00:00.08 | Mem:0.00M, Peak:0.00M | Scene, ViewLayer | Synchronizing object | head-shell-part
Fra:1 Mem:25.52M (Peak 25.52M) | Time:00:00.08 | Mem:0.00M, Peak:0.00M | Scene, ViewLayer | Synchronizing object | chest-shell-part
Fra:1 Mem:25.53M (Peak 25.58M) | Time:00:00.08 | Mem:0.00M, Peak:0.00M | Scene, ViewLayer | Synchronizing object | waist-internal-core
Fra:1 Mem:25.64M (Peak 25.64M) | Time:00:00.08 | Mem:0.00M, Peak:0.00M | Scene, ViewLayer | Synchronizing object | left-upper-arm-shell
Fra:1 Mem:25.64M (Peak 25.64M) | Time:00:00.08 | Mem:0.00M, Peak:0.00M | Scene, ViewLayer | Synchronizing object | left-forearm-shell
Fra:1 Mem:25.74M (Peak 25.74M) | Time:00:00.08 | Mem:0.00M, Peak:0.00M | Scene, ViewLayer | Synchronizing object | left-hand-shell
Fra:1 Mem:25.77M (Peak 25.77M) | Time:00:00.08 | Mem:0.00M, Peak:0.00M | Scene, ViewLayer | Synchronizing object | left-shin-shell
Fra:1 Mem:25.82M (Peak 25.83M) | Time:00:00.08 | Mem:0.00M, Peak:0.00M | Scene, ViewLayer | Synchronizing object | left-foot-shell
Fra:1 Mem:25.99M (Peak 25.99M) | Time:00:00.08 | Mem:0.00M, Peak:0.00M | Scene, ViewLayer | Synchronizing object | right-upper-arm-shell
Fra:1 Mem:26.39M (Peak 26.39M) | Time:00:00.08 | Mem:0.00M, Peak:0.00M | Scene, ViewLayer | Synchronizing object | right-hand-shell
Fra:1 Mem:26.69M (Peak 26.69M) | Time:00:00.08 | Mem:0.00M, Peak:0.00M | Scene, ViewLayer | Synchronizing object | right-thigh-shell
Fra:1 Mem:26.98M (Peak 26.98M) | Time:00:00.08 | Mem:0.00M, Peak:0.00M | Scene, ViewLayer | Synchronizing object | right-shin-shell
Fra:1 Mem:27.35M (Peak 27.35M) | Time:00:00.08 | Mem:0.00M, Peak:0.00M | Scene, ViewLayer | Synchronizing object | right-foot-shell
Fra:1 Mem:27.46M (Peak 27.46M) | Time:00:00.08 | Mem:0.00M, Peak:0.00M | Scene, ViewLayer | Synchronizing object | right-shoulder-ball
Fra:1 Mem:27.52M (Peak 27.52M) | Time:00:00.08 | Mem:0.00M, Peak:0.00M | Scene, ViewLayer | Synchronizing object | right-elbow-ball
Fra:1 Mem:27.60M (Peak 27.60M) | Time:00:00.08 | Mem:0.00M, Peak:0.00M | Scene, ViewLayer | Synchronizing object | right-wrist-ball
Fra:1 Mem:29.30M (Peak 29.30M) | Time:00:00.08 | Mem:0.00M, Peak:0.00M | Scene, ViewLayer | Initializing
Fra:1 Mem:25.42M (Peak 29.30M) | Time:00:00.08 | Mem:0.00M, Peak:0.00M | Scene, ViewLayer | Waiting for render to start
Fra:1 Mem:25.42M (Peak 29.30M) | Time:00:00.08 | Mem:0.00M, Peak:0.00M | Scene, ViewLayer | Updating Scene
Fra:1 Mem:25.42M (Peak 29.30M) | Time:00:00.08 | Mem:0.00M, Peak:0.00M | Scene, ViewLayer | Updating Shaders
Fra:1 Mem:25.42M (Peak 29.30M) | Time:00:00.08 | Mem:0.00M, Peak:0.00M | Scene, ViewLayer | Loading render kernels (may take a few minutes the first time)
Fra:1 Mem:25.50M (Peak 53.52M) | Time:00:00.12 | Mem:0.00M, Peak:0.00M | Scene, ViewLayer | Updating Procedurals
Fra:1 Mem:25.50M (Peak 53.52M) | Time:00:00.12 | Mem:0.00M, Peak:0.00M | Scene, ViewLayer | Updating Background
Fra:1 Mem:25.50M (Peak 53.52M) | Time:00:00.12 | Mem:0.00M, Peak:0.00M | Scene, ViewLayer | Updating Camera
Fra:1 Mem:25.50M (Peak 53.52M) | Time:00:00.12 | Mem:0.00M, Peak:0.00M | Scene, ViewLayer | Updating Meshes Flags
Fra:1 Mem:25.50M (Peak 53.52M) | Time:00:00.12 | Mem:0.00M, Peak:0.00M | Scene, ViewLayer | Updating Objects
Fra:1 Mem:25.50M (Peak 53.52M) | Time:00:00.12 | Mem:0.00M, Peak:0.00M | Scene, ViewLayer | Updating Objects | Copying Transformations to device
Fra:1 Mem:25.51M (Peak 53.52M) | Time:00:00.12 | Mem:0.01M, Peak:0.01M | Scene, ViewLayer | Updating Particle Systems
Fra:1 Mem:25.51M (Peak 53.52M) | Time:00:00.12 | Mem:0.01M, Peak:0.01M | Scene, ViewLayer | Updating Particle Systems | Copying Particles to device
Fra:1 Mem:25.51M (Peak 53.52M) | Time:00:00.12 | Mem:0.01M, Peak:0.01M | Scene, ViewLayer | Updating Meshes
Fra:1 Mem:25.51M (Peak 53.52M) | Time:00:00.12 | Mem:0.01M, Peak:0.01M | Scene, ViewLayer | Updating Objects | Applying Static Transformations
Fra:1 Mem:25.51M (Peak 53.52M) | Time:00:00.12 | Mem:0.01M, Peak:0.01M | Scene, ViewLayer | Updating Mesh | Computing attributes
Fra:1 Mem:25.86M (Peak 53.52M) | Time:00:00.12 | Mem:0.01M, Peak:0.01M | Scene, ViewLayer | Updating Mesh | Copying Attributes to device
Fra:1 Mem:25.85M (Peak 53.52M) | Time:00:00.12 | Mem:0.35M, Peak:0.35M | Scene, ViewLayer | Updating Scene BVH | Building
Fra:1 Mem:25.85M (Peak 53.52M) | Time:00:00.12 | Mem:0.35M, Peak:0.35M | Scene, ViewLayer | Updating Scene BVH | Building BVH
Fra:1 Mem:29.23M (Peak 53.52M) | Time:00:00.13 | Mem:0.35M, Peak:0.35M | Scene, ViewLayer | Updating Scene BVH | Packing BVH triangles and strands
Fra:1 Mem:29.45M (Peak 53.52M) | Time:00:00.13 | Mem:0.35M, Peak:0.35M | Scene, ViewLayer | Updating Scene BVH | Packing BVH nodes
Fra:1 Mem:29.38M (Peak 53.52M) | Time:00:00.13 | Mem:0.35M, Peak:0.35M | Scene, ViewLayer | Updating Scene BVH | Copying BVH to device
Fra:1 Mem:29.38M (Peak 53.52M) | Time:00:00.13 | Mem:2.12M, Peak:2.12M | Scene, ViewLayer | Updating Mesh | Computing normals
Fra:1 Mem:30.97M (Peak 53.52M) | Time:00:00.13 | Mem:2.12M, Peak:2.12M | Scene, ViewLayer | Updating Mesh | Copying Mesh to device
Fra:1 Mem:30.97M (Peak 53.52M) | Time:00:00.13 | Mem:3.70M, Peak:3.70M | Scene, ViewLayer | Updating Objects Flags
Fra:1 Mem:30.97M (Peak 53.52M) | Time:00:00.13 | Mem:3.70M, Peak:3.70M | Scene, ViewLayer | Updating Primitive Offsets
Fra:1 Mem:30.97M (Peak 53.52M) | Time:00:00.13 | Mem:3.70M, Peak:3.70M | Scene, ViewLayer | Updating Images
Fra:1 Mem:30.97M (Peak 53.52M) | Time:00:00.13 | Mem:3.70M, Peak:3.70M | Scene, ViewLayer | Updating Camera Volume
Fra:1 Mem:30.97M (Peak 53.52M) | Time:00:00.13 | Mem:3.70M, Peak:3.70M | Scene, ViewLayer | Updating Lookup Tables
Fra:1 Mem:30.97M (Peak 53.52M) | Time:00:00.13 | Mem:3.78M, Peak:3.78M | Scene, ViewLayer | Updating Lights
Fra:1 Mem:30.97M (Peak 53.52M) | Time:00:00.13 | Mem:3.78M, Peak:3.78M | Scene, ViewLayer | Updating Lights | Computing tree
Fra:1 Mem:30.97M (Peak 53.52M) | Time:00:00.13 | Mem:3.78M, Peak:3.78M | Scene, ViewLayer | Updating Integrator
Fra:1 Mem:30.97M (Peak 53.52M) | Time:00:00.13 | Mem:3.78M, Peak:3.78M | Scene, ViewLayer | Updating Film
Fra:1 Mem:30.97M (Peak 53.52M) | Time:00:00.13 | Mem:3.70M, Peak:3.78M | Scene, ViewLayer | Updating Lookup Tables
Fra:1 Mem:30.97M (Peak 53.52M) | Time:00:00.13 | Mem:3.79M, Peak:3.79M | Scene, ViewLayer | Updating Baking
Fra:1 Mem:30.97M (Peak 53.52M) | Time:00:00.13 | Mem:3.79M, Peak:3.79M | Scene, ViewLayer | Updating Device | Writing constant memory
Fra:1 Mem:30.97M (Peak 53.52M) | Time:00:00.13 | Mem:3.79M, Peak:3.79M | Scene, ViewLayer | Loading denoising kernels (may take a few minutes the first time)
Fra:1 Mem:34.98M (Peak 53.52M) | Time:00:00.13 | Mem:355.79M, Peak:355.79M | Scene, ViewLayer | Sample 0/24
Fra:1 Mem:77.73M (Peak 77.73M) | Time:00:00.14 | Remaining:00:00.11 | Mem:398.54M, Peak:398.54M | Scene, ViewLayer | Sample 1/24
Fra:1 Mem:95.73M (Peak 122.74M) | Time:00:01.55 | Mem:398.54M, Peak:398.54M | Scene, ViewLayer | Sample 24/24
Fra:1 Mem:95.73M (Peak 122.74M) | Time:00:01.55 | Mem:398.54M, Peak:398.54M | Scene, ViewLayer | Finished
Saved: '/home/cbsim/ws/slime-workflow/.tmp/2026-09-23_06-25-15/rest-side.png'
Time: 00:01.68 (Saving: 00:00.03)

Fra:1 Mem:25.45M (Peak 25.45M) | Time:00:00.07 | Mem:0.00M, Peak:0.00M | Scene, ViewLayer | Synchronizing object | key
Fra:1 Mem:25.45M (Peak 25.45M) | Time:00:00.07 | Mem:0.00M, Peak:0.00M | Scene, ViewLayer | Synchronizing object | head-shell-part
Fra:1 Mem:25.45M (Peak 25.45M) | Time:00:00.07 | Mem:0.00M, Peak:0.00M | Scene, ViewLayer | Synchronizing object | neck-shell-part
Fra:1 Mem:25.54M (Peak 25.54M) | Time:00:00.07 | Mem:0.00M, Peak:0.00M | Scene, ViewLayer | Synchronizing object | pelvis-shell-part
Fra:1 Mem:25.73M (Peak 25.73M) | Time:00:00.07 | Mem:0.00M, Peak:0.00M | Scene, ViewLayer | Synchronizing object | left-forearm-shell
Fra:1 Mem:25.91M (Peak 25.91M) | Time:00:00.07 | Mem:0.00M, Peak:0.00M | Scene, ViewLayer | Synchronizing object | left-thigh-shell
Fra:1 Mem:25.98M (Peak 25.98M) | Time:00:00.07 | Mem:0.00M, Peak:0.00M | Scene, ViewLayer | Synchronizing object | right-ankle-ball
Fra:1 Mem:26.40M (Peak 26.40M) | Time:00:00.07 | Mem:0.00M, Peak:0.00M | Scene, ViewLayer | Synchronizing object | left-elbow-ball
Fra:1 Mem:26.40M (Peak 26.40M) | Time:00:00.07 | Mem:0.00M, Peak:0.00M | Scene, ViewLayer | Synchronizing object | left-ankle-ball
Fra:1 Mem:26.64M (Peak 26.64M) | Time:00:00.07 | Mem:0.00M, Peak:0.00M | Scene, ViewLayer | Synchronizing object | right-upper-arm-shell
Fra:1 Mem:26.64M (Peak 26.64M) | Time:00:00.07 | Mem:0.00M, Peak:0.00M | Scene, ViewLayer | Synchronizing object | right-shoulder-ball
Fra:1 Mem:26.74M (Peak 26.74M) | Time:00:00.07 | Mem:0.00M, Peak:0.00M | Scene, ViewLayer | Synchronizing object | right-elbow-ball
Fra:1 Mem:26.87M (Peak 26.87M) | Time:00:00.07 | Mem:0.00M, Peak:0.00M | Scene, ViewLayer | Synchronizing object | right-hip-ball
Fra:1 Mem:27.03M (Peak 27.03M) | Time:00:00.07 | Mem:0.00M, Peak:0.00M | Scene, ViewLayer | Synchronizing object | right-knee-ball
Fra:1 Mem:29.30M (Peak 29.30M) | Time:00:00.08 | Mem:0.00M, Peak:0.00M | Scene, ViewLayer | Initializing
Fra:1 Mem:25.42M (Peak 29.30M) | Time:00:00.08 | Mem:0.00M, Peak:0.00M | Scene, ViewLayer | Waiting for render to start
Fra:1 Mem:25.42M (Peak 29.30M) | Time:00:00.08 | Mem:0.00M, Peak:0.00M | Scene, ViewLayer | Updating Scene
Fra:1 Mem:25.42M (Peak 29.30M) | Time:00:00.08 | Mem:0.00M, Peak:0.00M | Scene, ViewLayer | Updating Shaders
Fra:1 Mem:25.42M (Peak 29.30M) | Time:00:00.08 | Mem:0.00M, Peak:0.00M | Scene, ViewLayer | Loading render kernels (may take a few minutes the first time)
Fra:1 Mem:25.50M (Peak 53.52M) | Time:00:00.11 | Mem:0.00M, Peak:0.00M | Scene, ViewLayer | Updating Procedurals
Fra:1 Mem:25.50M (Peak 53.52M) | Time:00:00.11 | Mem:0.00M, Peak:0.00M | Scene, ViewLayer | Updating Background
Fra:1 Mem:25.50M (Peak 53.52M) | Time:00:00.11 | Mem:0.00M, Peak:0.00M | Scene, ViewLayer | Updating Camera
Fra:1 Mem:25.50M (Peak 53.52M) | Time:00:00.11 | Mem:0.00M, Peak:0.00M | Scene, ViewLayer | Updating Meshes Flags
Fra:1 Mem:25.50M (Peak 53.52M) | Time:00:00.11 | Mem:0.00M, Peak:0.00M | Scene, ViewLayer | Updating Objects
Fra:1 Mem:25.50M (Peak 53.52M) | Time:00:00.11 | Mem:0.00M, Peak:0.00M | Scene, ViewLayer | Updating Objects | Copying Transformations to device
Fra:1 Mem:25.51M (Peak 53.52M) | Time:00:00.11 | Mem:0.01M, Peak:0.01M | Scene, ViewLayer | Updating Particle Systems
Fra:1 Mem:25.51M (Peak 53.52M) | Time:00:00.11 | Mem:0.01M, Peak:0.01M | Scene, ViewLayer | Updating Particle Systems | Copying Particles to device
Fra:1 Mem:25.51M (Peak 53.52M) | Time:00:00.11 | Mem:0.01M, Peak:0.01M | Scene, ViewLayer | Updating Meshes
Fra:1 Mem:25.51M (Peak 53.52M) | Time:00:00.11 | Mem:0.01M, Peak:0.01M | Scene, ViewLayer | Updating Objects | Applying Static Transformations
Fra:1 Mem:25.51M (Peak 53.52M) | Time:00:00.11 | Mem:0.01M, Peak:0.01M | Scene, ViewLayer | Updating Mesh | Computing attributes
Fra:1 Mem:25.86M (Peak 53.52M) | Time:00:00.11 | Mem:0.01M, Peak:0.01M | Scene, ViewLayer | Updating Mesh | Copying Attributes to device
Fra:1 Mem:25.85M (Peak 53.52M) | Time:00:00.12 | Mem:0.35M, Peak:0.35M | Scene, ViewLayer | Updating Scene BVH | Building
Fra:1 Mem:25.85M (Peak 53.52M) | Time:00:00.12 | Mem:0.35M, Peak:0.35M | Scene, ViewLayer | Updating Scene BVH | Building BVH
Fra:1 Mem:29.23M (Peak 53.52M) | Time:00:00.12 | Mem:0.35M, Peak:0.35M | Scene, ViewLayer | Updating Scene BVH | Packing BVH triangles and strands
Fra:1 Mem:29.45M (Peak 53.52M) | Time:00:00.12 | Mem:0.35M, Peak:0.35M | Scene, ViewLayer | Updating Scene BVH | Packing BVH nodes
Fra:1 Mem:29.38M (Peak 53.52M) | Time:00:00.12 | Mem:0.35M, Peak:0.35M | Scene, ViewLayer | Updating Scene BVH | Copying BVH to device
Fra:1 Mem:29.38M (Peak 53.52M) | Time:00:00.12 | Mem:2.12M, Peak:2.12M | Scene, ViewLayer | Updating Mesh | Computing normals
Fra:1 Mem:30.97M (Peak 53.52M) | Time:00:00.12 | Mem:2.12M, Peak:2.12M | Scene, ViewLayer | Updating Mesh | Copying Mesh to device
Fra:1 Mem:30.97M (Peak 53.52M) | Time:00:00.12 | Mem:3.70M, Peak:3.70M | Scene, ViewLayer | Updating Objects Flags
Fra:1 Mem:30.97M (Peak 53.52M) | Time:00:00.12 | Mem:3.70M, Peak:3.70M | Scene, ViewLayer | Updating Primitive Offsets
Fra:1 Mem:30.97M (Peak 53.52M) | Time:00:00.12 | Mem:3.70M, Peak:3.70M | Scene, ViewLayer | Updating Images
Fra:1 Mem:30.97M (Peak 53.52M) | Time:00:00.12 | Mem:3.70M, Peak:3.70M | Scene, ViewLayer | Updating Camera Volume
Fra:1 Mem:30.97M (Peak 53.52M) | Time:00:00.12 | Mem:3.70M, Peak:3.70M | Scene, ViewLayer | Updating Lookup Tables
Fra:1 Mem:30.97M (Peak 53.52M) | Time:00:00.12 | Mem:3.78M, Peak:3.78M | Scene, ViewLayer | Updating Lights
Fra:1 Mem:30.97M (Peak 53.52M) | Time:00:00.12 | Mem:3.78M, Peak:3.78M | Scene, ViewLayer | Updating Lights | Computing tree
Fra:1 Mem:30.97M (Peak 53.52M) | Time:00:00.12 | Mem:3.78M, Peak:3.78M | Scene, ViewLayer | Updating Integrator
Fra:1 Mem:30.97M (Peak 53.52M) | Time:00:00.12 | Mem:3.78M, Peak:3.78M | Scene, ViewLayer | Updating Film
Fra:1 Mem:30.97M (Peak 53.52M) | Time:00:00.12 | Mem:3.70M, Peak:3.78M | Scene, ViewLayer | Updating Lookup Tables
Fra:1 Mem:30.97M (Peak 53.52M) | Time:00:00.12 | Mem:3.79M, Peak:3.79M | Scene, ViewLayer | Updating Baking
Fra:1 Mem:30.97M (Peak 53.52M) | Time:00:00.12 | Mem:3.79M, Peak:3.79M | Scene, ViewLayer | Updating Device | Writing constant memory
Fra:1 Mem:30.97M (Peak 53.52M) | Time:00:00.12 | Mem:3.79M, Peak:3.79M | Scene, ViewLayer | Loading denoising kernels (may take a few minutes the first time)
Fra:1 Mem:34.98M (Peak 53.52M) | Time:00:00.13 | Mem:355.79M, Peak:355.79M | Scene, ViewLayer | Sample 0/24
Fra:1 Mem:77.73M (Peak 77.73M) | Time:00:00.13 | Remaining:00:00.13 | Mem:398.54M, Peak:398.54M | Scene, ViewLayer | Sample 1/24
Fra:1 Mem:95.73M (Peak 122.74M) | Time:00:01.59 | Mem:398.54M, Peak:398.54M | Scene, ViewLayer | Sample 24/24
Fra:1 Mem:95.73M (Peak 122.74M) | Time:00:01.59 | Mem:398.54M, Peak:398.54M | Scene, ViewLayer | Finished
Saved: '/home/cbsim/ws/slime-workflow/.tmp/2026-09-23_06-25-15/rest-back.png'
Time: 00:01.71 (Saving: 00:00.03)

Fra:1 Mem:25.45M (Peak 25.45M) | Time:00:00.08 | Mem:0.00M, Peak:0.00M | Scene, ViewLayer | Synchronizing object | key
Fra:1 Mem:25.46M (Peak 25.46M) | Time:00:00.08 | Mem:0.00M, Peak:0.00M | Scene, ViewLayer | Synchronizing object | head-shell-part
Fra:1 Mem:25.46M (Peak 25.46M) | Time:00:00.08 | Mem:0.00M, Peak:0.00M | Scene, ViewLayer | Synchronizing object | neck-shell-part
Fra:1 Mem:25.46M (Peak 25.46M) | Time:00:00.08 | Mem:0.00M, Peak:0.00M | Scene, ViewLayer | Synchronizing object | chest-shell-part
Fra:1 Mem:25.64M (Peak 25.64M) | Time:00:00.08 | Mem:0.00M, Peak:0.00M | Scene, ViewLayer | Synchronizing object | pelvis-shell-part
Fra:1 Mem:25.63M (Peak 25.64M) | Time:00:00.08 | Mem:0.00M, Peak:0.00M | Scene, ViewLayer | Synchronizing object | head-pivot-ball
Fra:1 Mem:25.82M (Peak 25.82M) | Time:00:00.08 | Mem:0.00M, Peak:0.00M | Scene, ViewLayer | Synchronizing object | waist-internal-core
Fra:1 Mem:25.98M (Peak 25.98M) | Time:00:00.08 | Mem:0.00M, Peak:0.00M | Scene, ViewLayer | Synchronizing object | chest-internal-core
Fra:1 Mem:26.00M (Peak 26.00M) | Time:00:00.08 | Mem:0.00M, Peak:0.00M | Scene, ViewLayer | Synchronizing object | left-hip-ball
Fra:1 Mem:26.36M (Peak 26.36M) | Time:00:00.08 | Mem:0.00M, Peak:0.00M | Scene, ViewLayer | Synchronizing object | right-hip-ball
Fra:1 Mem:26.44M (Peak 26.44M) | Time:00:00.08 | Mem:0.00M, Peak:0.00M | Scene, ViewLayer | Synchronizing object | left-knee-ball
Fra:1 Mem:26.47M (Peak 26.47M) | Time:00:00.08 | Mem:0.00M, Peak:0.00M | Scene, ViewLayer | Synchronizing object | left-ankle-ball
Fra:1 Mem:26.57M (Peak 26.57M) | Time:00:00.08 | Mem:0.00M, Peak:0.00M | Scene, ViewLayer | Synchronizing object | right-upper-arm-shell
Fra:1 Mem:26.66M (Peak 26.66M) | Time:00:00.08 | Mem:0.00M, Peak:0.00M | Scene, ViewLayer | Synchronizing object | right-forearm-shell
Fra:1 Mem:26.78M (Peak 26.78M) | Time:00:00.08 | Mem:0.00M, Peak:0.00M | Scene, ViewLayer | Synchronizing object | right-hand-shell
Fra:1 Mem:26.83M (Peak 26.83M) | Time:00:00.08 | Mem:0.00M, Peak:0.00M | Scene, ViewLayer | Synchronizing object | right-shin-shell
Fra:1 Mem:27.00M (Peak 27.00M) | Time:00:00.08 | Mem:0.00M, Peak:0.00M | Scene, ViewLayer | Synchronizing object | right-foot-shell
Fra:1 Mem:27.26M (Peak 27.26M) | Time:00:00.08 | Mem:0.00M, Peak:0.00M | Scene, ViewLayer | Synchronizing object | right-elbow-ball
Fra:1 Mem:29.30M (Peak 29.30M) | Time:00:00.08 | Mem:0.00M, Peak:0.00M | Scene, ViewLayer | Initializing
Fra:1 Mem:25.42M (Peak 29.30M) | Time:00:00.08 | Mem:0.00M, Peak:0.00M | Scene, ViewLayer | Waiting for render to start
Fra:1 Mem:25.42M (Peak 29.30M) | Time:00:00.08 | Mem:0.00M, Peak:0.00M | Scene, ViewLayer | Updating Scene
Fra:1 Mem:25.42M (Peak 29.30M) | Time:00:00.08 | Mem:0.00M, Peak:0.00M | Scene, ViewLayer | Updating Shaders
Fra:1 Mem:25.42M (Peak 29.30M) | Time:00:00.08 | Mem:0.00M, Peak:0.00M | Scene, ViewLayer | Loading render kernels (may take a few minutes the first time)
Fra:1 Mem:25.50M (Peak 53.52M) | Time:00:00.12 | Mem:0.00M, Peak:0.00M | Scene, ViewLayer | Updating Procedurals
Fra:1 Mem:25.50M (Peak 53.52M) | Time:00:00.12 | Mem:0.00M, Peak:0.00M | Scene, ViewLayer | Updating Background
Fra:1 Mem:25.50M (Peak 53.52M) | Time:00:00.12 | Mem:0.00M, Peak:0.00M | Scene, ViewLayer | Updating Camera
Fra:1 Mem:25.50M (Peak 53.52M) | Time:00:00.12 | Mem:0.00M, Peak:0.00M | Scene, ViewLayer | Updating Meshes Flags
Fra:1 Mem:25.50M (Peak 53.52M) | Time:00:00.12 | Mem:0.00M, Peak:0.00M | Scene, ViewLayer | Updating Objects
Fra:1 Mem:25.50M (Peak 53.52M) | Time:00:00.12 | Mem:0.00M, Peak:0.00M | Scene, ViewLayer | Updating Objects | Copying Transformations to device
Fra:1 Mem:25.51M (Peak 53.52M) | Time:00:00.12 | Mem:0.01M, Peak:0.01M | Scene, ViewLayer | Updating Particle Systems
Fra:1 Mem:25.51M (Peak 53.52M) | Time:00:00.12 | Mem:0.01M, Peak:0.01M | Scene, ViewLayer | Updating Particle Systems | Copying Particles to device
Fra:1 Mem:25.51M (Peak 53.52M) | Time:00:00.12 | Mem:0.01M, Peak:0.01M | Scene, ViewLayer | Updating Meshes
Fra:1 Mem:25.51M (Peak 53.52M) | Time:00:00.12 | Mem:0.01M, Peak:0.01M | Scene, ViewLayer | Updating Objects | Applying Static Transformations
Fra:1 Mem:25.51M (Peak 53.52M) | Time:00:00.12 | Mem:0.01M, Peak:0.01M | Scene, ViewLayer | Updating Mesh | Computing attributes
Fra:1 Mem:25.86M (Peak 53.52M) | Time:00:00.12 | Mem:0.01M, Peak:0.01M | Scene, ViewLayer | Updating Mesh | Copying Attributes to device
Fra:1 Mem:25.85M (Peak 53.52M) | Time:00:00.12 | Mem:0.35M, Peak:0.35M | Scene, ViewLayer | Updating Scene BVH | Building
Fra:1 Mem:25.85M (Peak 53.52M) | Time:00:00.12 | Mem:0.35M, Peak:0.35M | Scene, ViewLayer | Updating Scene BVH | Building BVH
Fra:1 Mem:29.23M (Peak 53.52M) | Time:00:00.12 | Mem:0.35M, Peak:0.35M | Scene, ViewLayer | Updating Scene BVH | Packing BVH triangles and strands
Fra:1 Mem:29.45M (Peak 53.52M) | Time:00:00.12 | Mem:0.35M, Peak:0.35M | Scene, ViewLayer | Updating Scene BVH | Packing BVH nodes
Fra:1 Mem:29.38M (Peak 53.52M) | Time:00:00.13 | Mem:0.35M, Peak:0.35M | Scene, ViewLayer | Updating Scene BVH | Copying BVH to device
Fra:1 Mem:29.38M (Peak 53.52M) | Time:00:00.13 | Mem:2.12M, Peak:2.12M | Scene, ViewLayer | Updating Mesh | Computing normals
Fra:1 Mem:30.97M (Peak 53.52M) | Time:00:00.13 | Mem:2.12M, Peak:2.12M | Scene, ViewLayer | Updating Mesh | Copying Mesh to device
Fra:1 Mem:30.97M (Peak 53.52M) | Time:00:00.13 | Mem:3.70M, Peak:3.70M | Scene, ViewLayer | Updating Objects Flags
Fra:1 Mem:30.97M (Peak 53.52M) | Time:00:00.13 | Mem:3.70M, Peak:3.70M | Scene, ViewLayer | Updating Primitive Offsets
Fra:1 Mem:30.97M (Peak 53.52M) | Time:00:00.13 | Mem:3.70M, Peak:3.70M | Scene, ViewLayer | Updating Images
Fra:1 Mem:30.97M (Peak 53.52M) | Time:00:00.13 | Mem:3.70M, Peak:3.70M | Scene, ViewLayer | Updating Camera Volume
Fra:1 Mem:30.97M (Peak 53.52M) | Time:00:00.13 | Mem:3.70M, Peak:3.70M | Scene, ViewLayer | Updating Lookup Tables
Fra:1 Mem:30.97M (Peak 53.52M) | Time:00:00.13 | Mem:3.78M, Peak:3.78M | Scene, ViewLayer | Updating Lights
Fra:1 Mem:30.97M (Peak 53.52M) | Time:00:00.13 | Mem:3.78M, Peak:3.78M | Scene, ViewLayer | Updating Lights | Computing tree
Fra:1 Mem:30.97M (Peak 53.52M) | Time:00:00.13 | Mem:3.78M, Peak:3.78M | Scene, ViewLayer | Updating Integrator
Fra:1 Mem:30.97M (Peak 53.52M) | Time:00:00.13 | Mem:3.78M, Peak:3.78M | Scene, ViewLayer | Updating Film
Fra:1 Mem:30.97M (Peak 53.52M) | Time:00:00.13 | Mem:3.70M, Peak:3.78M | Scene, ViewLayer | Updating Lookup Tables
Fra:1 Mem:30.97M (Peak 53.52M) | Time:00:00.13 | Mem:3.79M, Peak:3.79M | Scene, ViewLayer | Updating Baking
Fra:1 Mem:30.97M (Peak 53.52M) | Time:00:00.13 | Mem:3.79M, Peak:3.79M | Scene, ViewLayer | Updating Device | Writing constant memory
Fra:1 Mem:30.97M (Peak 53.52M) | Time:00:00.13 | Mem:3.79M, Peak:3.79M | Scene, ViewLayer | Loading denoising kernels (may take a few minutes the first time)
Fra:1 Mem:34.98M (Peak 53.52M) | Time:00:00.13 | Mem:355.79M, Peak:355.79M | Scene, ViewLayer | Sample 0/24
Fra:1 Mem:77.73M (Peak 77.73M) | Time:00:00.14 | Remaining:00:00.13 | Mem:398.54M, Peak:398.54M | Scene, ViewLayer | Sample 1/24
2026-09-23T06:30:23+0900/hunyuan-rig/heartbeat {'stage': 'rest-three-quarter', 'frame': 25} images=36
Fra:1 Mem:95.73M (Peak 122.74M) | Time:00:01.58 | Mem:398.54M, Peak:398.54M | Scene, ViewLayer | Sample 24/24
Fra:1 Mem:95.73M (Peak 122.74M) | Time:00:01.58 | Mem:398.54M, Peak:398.54M | Scene, ViewLayer | Finished
Saved: '/home/cbsim/ws/slime-workflow/.tmp/2026-09-23_06-25-15/rest-three-quarter.png'
Time: 00:01.71 (Saving: 00:00.03)

Fra:1 Mem:26.37M (Peak 26.37M) | Time:00:00.08 | Mem:0.00M, Peak:0.00M | Scene, ViewLayer | Synchronizing object | key
Fra:1 Mem:26.37M (Peak 26.37M) | Time:00:00.08 | Mem:0.00M, Peak:0.00M | Scene, ViewLayer | Synchronizing object | neck-shell-part
Fra:1 Mem:26.39M (Peak 26.39M) | Time:00:00.08 | Mem:0.00M, Peak:0.00M | Scene, ViewLayer | Synchronizing object | chest-shell-part
Fra:1 Mem:26.40M (Peak 26.40M) | Time:00:00.08 | Mem:0.00M, Peak:0.00M | Scene, ViewLayer | Synchronizing object | waist-internal-core
Fra:1 Mem:26.45M (Peak 26.45M) | Time:00:00.08 | Mem:0.00M, Peak:0.00M | Scene, ViewLayer | Synchronizing object | left-thigh-shell
Fra:1 Mem:26.61M (Peak 26.61M) | Time:00:00.08 | Mem:0.00M, Peak:0.00M | Scene, ViewLayer | Synchronizing object | left-shin-shell
Fra:1 Mem:26.62M (Peak 26.62M) | Time:00:00.08 | Mem:0.00M, Peak:0.00M | Scene, ViewLayer | Synchronizing object | left-shoulder-ball
Fra:1 Mem:27.05M (Peak 27.05M) | Time:00:00.08 | Mem:0.00M, Peak:0.00M | Scene, ViewLayer | Synchronizing object | left-ankle-ball
Fra:1 Mem:27.27M (Peak 27.27M) | Time:00:00.08 | Mem:0.00M, Peak:0.00M | Scene, ViewLayer | Synchronizing object | right-thigh-shell
Fra:1 Mem:27.33M (Peak 27.33M) | Time:00:00.08 | Mem:0.00M, Peak:0.00M | Scene, ViewLayer | Synchronizing object | right-shin-shell
Fra:1 Mem:27.57M (Peak 27.57M) | Time:00:00.08 | Mem:0.00M, Peak:0.00M | Scene, ViewLayer | Synchronizing object | right-foot-shell
Fra:1 Mem:27.82M (Peak 27.82M) | Time:00:00.08 | Mem:0.00M, Peak:0.00M | Scene, ViewLayer | Synchronizing object | right-shoulder-ball
Fra:1 Mem:27.93M (Peak 27.93M) | Time:00:00.08 | Mem:0.00M, Peak:0.00M | Scene, ViewLayer | Synchronizing object | right-elbow-ball
Fra:1 Mem:28.04M (Peak 28.04M) | Time:00:00.08 | Mem:0.00M, Peak:0.00M | Scene, ViewLayer | Synchronizing object | right-wrist-ball
Fra:1 Mem:28.08M (Peak 28.08M) | Time:00:00.08 | Mem:0.00M, Peak:0.00M | Scene, ViewLayer | Synchronizing object | right-hip-ball
Fra:1 Mem:30.22M (Peak 30.22M) | Time:00:00.08 | Mem:0.00M, Peak:0.00M | Scene, ViewLayer | Initializing
Fra:1 Mem:25.88M (Peak 30.22M) | Time:00:00.08 | Mem:0.00M, Peak:0.00M | Scene, ViewLayer | Waiting for render to start
Fra:1 Mem:25.88M (Peak 30.22M) | Time:00:00.08 | Mem:0.00M, Peak:0.00M | Scene, ViewLayer | Updating Scene
Fra:1 Mem:25.88M (Peak 30.22M) | Time:00:00.08 | Mem:0.00M, Peak:0.00M | Scene, ViewLayer | Updating Shaders
Fra:1 Mem:25.88M (Peak 30.22M) | Time:00:00.08 | Mem:0.00M, Peak:0.00M | Scene, ViewLayer | Loading render kernels (may take a few minutes the first time)
Fra:1 Mem:25.96M (Peak 53.98M) | Time:00:00.12 | Mem:0.00M, Peak:0.00M | Scene, ViewLayer | Updating Procedurals
Fra:1 Mem:25.96M (Peak 53.98M) | Time:00:00.12 | Mem:0.00M, Peak:0.00M | Scene, ViewLayer | Updating Background
Fra:1 Mem:25.96M (Peak 53.98M) | Time:00:00.12 | Mem:0.00M, Peak:0.00M | Scene, ViewLayer | Updating Camera
Fra:1 Mem:25.96M (Peak 53.98M) | Time:00:00.12 | Mem:0.00M, Peak:0.00M | Scene, ViewLayer | Updating Meshes Flags
Fra:1 Mem:25.96M (Peak 53.98M) | Time:00:00.12 | Mem:0.00M, Peak:0.00M | Scene, ViewLayer | Updating Objects
Fra:1 Mem:25.96M (Peak 53.98M) | Time:00:00.12 | Mem:0.00M, Peak:0.00M | Scene, ViewLayer | Updating Objects | Copying Transformations to device
Fra:1 Mem:25.97M (Peak 53.98M) | Time:00:00.12 | Mem:0.01M, Peak:0.01M | Scene, ViewLayer | Updating Particle Systems
Fra:1 Mem:25.97M (Peak 53.98M) | Time:00:00.12 | Mem:0.01M, Peak:0.01M | Scene, ViewLayer | Updating Particle Systems | Copying Particles to device
Fra:1 Mem:25.97M (Peak 53.98M) | Time:00:00.12 | Mem:0.01M, Peak:0.01M | Scene, ViewLayer | Updating Meshes
Fra:1 Mem:25.97M (Peak 53.98M) | Time:00:00.12 | Mem:0.01M, Peak:0.01M | Scene, ViewLayer | Updating Objects | Applying Static Transformations
Fra:1 Mem:25.97M (Peak 53.98M) | Time:00:00.12 | Mem:0.01M, Peak:0.01M | Scene, ViewLayer | Updating Mesh | Computing attributes
Fra:1 Mem:26.31M (Peak 53.98M) | Time:00:00.12 | Mem:0.01M, Peak:0.01M | Scene, ViewLayer | Updating Mesh | Copying Attributes to device
Fra:1 Mem:26.31M (Peak 53.98M) | Time:00:00.12 | Mem:0.35M, Peak:0.35M | Scene, ViewLayer | Updating Scene BVH | Building
Fra:1 Mem:26.31M (Peak 53.98M) | Time:00:00.12 | Mem:0.35M, Peak:0.35M | Scene, ViewLayer | Updating Scene BVH | Building BVH
Fra:1 Mem:29.68M (Peak 53.98M) | Time:00:00.13 | Mem:0.35M, Peak:0.35M | Scene, ViewLayer | Updating Scene BVH | Packing BVH triangles and strands
Fra:1 Mem:29.91M (Peak 53.98M) | Time:00:00.13 | Mem:0.35M, Peak:0.35M | Scene, ViewLayer | Updating Scene BVH | Packing BVH nodes
Fra:1 Mem:29.84M (Peak 53.98M) | Time:00:00.13 | Mem:0.35M, Peak:0.35M | Scene, ViewLayer | Updating Scene BVH | Copying BVH to device
Fra:1 Mem:29.84M (Peak 53.98M) | Time:00:00.13 | Mem:2.12M, Peak:2.12M | Scene, ViewLayer | Updating Mesh | Computing normals
Fra:1 Mem:31.42M (Peak 53.98M) | Time:00:00.13 | Mem:2.12M, Peak:2.12M | Scene, ViewLayer | Updating Mesh | Copying Mesh to device
Fra:1 Mem:31.42M (Peak 53.98M) | Time:00:00.13 | Mem:3.70M, Peak:3.70M | Scene, ViewLayer | Updating Objects Flags
Fra:1 Mem:31.42M (Peak 53.98M) | Time:00:00.13 | Mem:3.70M, Peak:3.70M | Scene, ViewLayer | Updating Primitive Offsets
Fra:1 Mem:31.42M (Peak 53.98M) | Time:00:00.13 | Mem:3.70M, Peak:3.70M | Scene, ViewLayer | Updating Images
Fra:1 Mem:31.42M (Peak 53.98M) | Time:00:00.13 | Mem:3.70M, Peak:3.70M | Scene, ViewLayer | Updating Camera Volume
Fra:1 Mem:31.42M (Peak 53.98M) | Time:00:00.13 | Mem:3.70M, Peak:3.70M | Scene, ViewLayer | Updating Lookup Tables
Fra:1 Mem:31.42M (Peak 53.98M) | Time:00:00.13 | Mem:3.78M, Peak:3.78M | Scene, ViewLayer | Updating Lights
Fra:1 Mem:31.42M (Peak 53.98M) | Time:00:00.13 | Mem:3.78M, Peak:3.78M | Scene, ViewLayer | Updating Lights | Computing tree
Fra:1 Mem:31.42M (Peak 53.98M) | Time:00:00.13 | Mem:3.78M, Peak:3.78M | Scene, ViewLayer | Updating Integrator
Fra:1 Mem:31.42M (Peak 53.98M) | Time:00:00.13 | Mem:3.78M, Peak:3.78M | Scene, ViewLayer | Updating Film
Fra:1 Mem:31.42M (Peak 53.98M) | Time:00:00.13 | Mem:3.70M, Peak:3.78M | Scene, ViewLayer | Updating Lookup Tables
Fra:1 Mem:31.42M (Peak 53.98M) | Time:00:00.13 | Mem:3.78M, Peak:3.78M | Scene, ViewLayer | Updating Baking
Fra:1 Mem:31.42M (Peak 53.98M) | Time:00:00.13 | Mem:3.78M, Peak:3.78M | Scene, ViewLayer | Updating Device | Writing constant memory
Fra:1 Mem:31.43M (Peak 53.98M) | Time:00:00.13 | Mem:3.78M, Peak:3.78M | Scene, ViewLayer | Loading denoising kernels (may take a few minutes the first time)
Fra:1 Mem:35.43M (Peak 53.98M) | Time:00:00.13 | Mem:355.78M, Peak:355.78M | Scene, ViewLayer | Sample 0/24
Fra:1 Mem:78.18M (Peak 78.18M) | Time:00:00.14 | Remaining:00:00.13 | Mem:398.54M, Peak:398.54M | Scene, ViewLayer | Sample 1/24
Fra:1 Mem:96.19M (Peak 123.19M) | Time:00:01.69 | Mem:398.54M, Peak:398.54M | Scene, ViewLayer | Sample 24/24
Fra:1 Mem:96.19M (Peak 123.19M) | Time:00:01.69 | Mem:398.54M, Peak:398.54M | Scene, ViewLayer | Finished
Saved: '/home/cbsim/ws/slime-workflow/.tmp/2026-09-23_06-25-15/down_left-01.png'
Time: 00:01.81 (Saving: 00:00.03)

Fra:4 Mem:26.37M (Peak 26.37M) | Time:00:00.08 | Mem:0.00M, Peak:0.00M | Scene, ViewLayer | Synchronizing object | key
Fra:4 Mem:26.37M (Peak 26.37M) | Time:00:00.08 | Mem:0.00M, Peak:0.00M | Scene, ViewLayer | Synchronizing object | head-shell-part
Fra:4 Mem:26.44M (Peak 26.44M) | Time:00:00.08 | Mem:0.00M, Peak:0.00M | Scene, ViewLayer | Synchronizing object | right-ankle-ball
Fra:4 Mem:26.48M (Peak 26.48M) | Time:00:00.08 | Mem:0.00M, Peak:0.00M | Scene, ViewLayer | Synchronizing object | chest-shell-part
Fra:4 Mem:26.67M (Peak 26.67M) | Time:00:00.08 | Mem:0.00M, Peak:0.00M | Scene, ViewLayer | Synchronizing object | pelvis-shell-part
Fra:4 Mem:26.89M (Peak 26.89M) | Time:00:00.08 | Mem:0.00M, Peak:0.00M | Scene, ViewLayer | Synchronizing object | head-pivot-ball
Fra:4 Mem:26.90M (Peak 26.90M) | Time:00:00.08 | Mem:0.00M, Peak:0.00M | Scene, ViewLayer | Synchronizing object | waist-internal-core
Fra:4 Mem:26.91M (Peak 26.91M) | Time:00:00.08 | Mem:0.00M, Peak:0.00M | Scene, ViewLayer | Synchronizing object | left-upper-arm-shell
Fra:4 Mem:27.28M (Peak 27.27M) | Time:00:00.08 | Mem:0.00M, Peak:0.00M | Scene, ViewLayer | Synchronizing object | left-forearm-shell
Fra:4 Mem:27.33M (Peak 27.33M) | Time:00:00.08 | Mem:0.00M, Peak:0.00M | Scene, ViewLayer | Synchronizing object | left-elbow-ball
Fra:4 Mem:27.36M (Peak 27.36M) | Time:00:00.08 | Mem:0.00M, Peak:0.00M | Scene, ViewLayer | Synchronizing object | left-wrist-ball
Fra:4 Mem:27.79M (Peak 27.79M) | Time:00:00.08 | Mem:0.00M, Peak:0.00M | Scene, ViewLayer | Synchronizing object | left-ankle-ball
Fra:4 Mem:27.81M (Peak 27.81M) | Time:00:00.08 | Mem:0.00M, Peak:0.00M | Scene, ViewLayer | Synchronizing object | right-forearm-shell
Fra:4 Mem:27.91M (Peak 27.91M) | Time:00:00.08 | Mem:0.00M, Peak:0.00M | Scene, ViewLayer | Synchronizing object | right-thigh-shell
Fra:4 Mem:28.63M (Peak 28.63M) | Time:00:00.08 | Mem:0.00M, Peak:0.00M | Scene, ViewLayer | Synchronizing object | right-shin-shell
Fra:4 Mem:28.69M (Peak 28.69M) | Time:00:00.08 | Mem:0.00M, Peak:0.00M | Scene, ViewLayer | Synchronizing object | right-foot-shell
Fra:4 Mem:28.80M (Peak 28.80M) | Time:00:00.08 | Mem:0.00M, Peak:0.00M | Scene, ViewLayer | Synchronizing object | right-shoulder-ball
Fra:4 Mem:28.98M (Peak 29.00M) | Time:00:00.08 | Mem:0.00M, Peak:0.00M | Scene, ViewLayer | Synchronizing object | right-wrist-ball
Fra:4 Mem:29.11M (Peak 29.11M) | Time:00:00.08 | Mem:0.00M, Peak:0.00M | Scene, ViewLayer | Synchronizing object | right-hip-ball
Fra:4 Mem:30.22M (Peak 30.22M) | Time:00:00.08 | Mem:0.00M, Peak:0.00M | Scene, ViewLayer | Initializing
Fra:4 Mem:25.88M (Peak 30.22M) | Time:00:00.08 | Mem:0.00M, Peak:0.00M | Scene, ViewLayer | Waiting for render to start
Fra:4 Mem:25.88M (Peak 30.22M) | Time:00:00.08 | Mem:0.00M, Peak:0.00M | Scene, ViewLayer | Updating Scene
Fra:4 Mem:25.88M (Peak 30.22M) | Time:00:00.08 | Mem:0.00M, Peak:0.00M | Scene, ViewLayer | Updating Shaders
Fra:4 Mem:25.88M (Peak 30.22M) | Time:00:00.08 | Mem:0.00M, Peak:0.00M | Scene, ViewLayer | Loading render kernels (may take a few minutes the first time)
Fra:4 Mem:25.96M (Peak 53.98M) | Time:00:00.12 | Mem:0.00M, Peak:0.00M | Scene, ViewLayer | Updating Procedurals
Fra:4 Mem:25.96M (Peak 53.98M) | Time:00:00.12 | Mem:0.00M, Peak:0.00M | Scene, ViewLayer | Updating Background
Fra:4 Mem:25.96M (Peak 53.98M) | Time:00:00.12 | Mem:0.00M, Peak:0.00M | Scene, ViewLayer | Updating Camera
Fra:4 Mem:25.96M (Peak 53.98M) | Time:00:00.12 | Mem:0.00M, Peak:0.00M | Scene, ViewLayer | Updating Meshes Flags
Fra:4 Mem:25.96M (Peak 53.98M) | Time:00:00.12 | Mem:0.00M, Peak:0.00M | Scene, ViewLayer | Updating Objects
Fra:4 Mem:25.96M (Peak 53.98M) | Time:00:00.12 | Mem:0.00M, Peak:0.00M | Scene, ViewLayer | Updating Objects | Copying Transformations to device
Fra:4 Mem:25.97M (Peak 53.98M) | Time:00:00.12 | Mem:0.01M, Peak:0.01M | Scene, ViewLayer | Updating Particle Systems
Fra:4 Mem:25.97M (Peak 53.98M) | Time:00:00.12 | Mem:0.01M, Peak:0.01M | Scene, ViewLayer | Updating Particle Systems | Copying Particles to device
Fra:4 Mem:25.97M (Peak 53.98M) | Time:00:00.12 | Mem:0.01M, Peak:0.01M | Scene, ViewLayer | Updating Meshes
Fra:4 Mem:25.97M (Peak 53.98M) | Time:00:00.12 | Mem:0.01M, Peak:0.01M | Scene, ViewLayer | Updating Objects | Applying Static Transformations
Fra:4 Mem:25.97M (Peak 53.98M) | Time:00:00.12 | Mem:0.01M, Peak:0.01M | Scene, ViewLayer | Updating Mesh | Computing attributes
Fra:4 Mem:26.31M (Peak 53.98M) | Time:00:00.12 | Mem:0.01M, Peak:0.01M | Scene, ViewLayer | Updating Mesh | Copying Attributes to device
Fra:4 Mem:26.31M (Peak 53.98M) | Time:00:00.12 | Mem:0.35M, Peak:0.35M | Scene, ViewLayer | Updating Scene BVH | Building
Fra:4 Mem:26.31M (Peak 53.98M) | Time:00:00.12 | Mem:0.35M, Peak:0.35M | Scene, ViewLayer | Updating Scene BVH | Building BVH
Fra:4 Mem:29.68M (Peak 53.98M) | Time:00:00.13 | Mem:0.35M, Peak:0.35M | Scene, ViewLayer | Updating Scene BVH | Packing BVH triangles and strands
Fra:4 Mem:29.91M (Peak 53.98M) | Time:00:00.13 | Mem:0.35M, Peak:0.35M | Scene, ViewLayer | Updating Scene BVH | Packing BVH nodes
Fra:4 Mem:29.83M (Peak 53.98M) | Time:00:00.13 | Mem:0.35M, Peak:0.35M | Scene, ViewLayer | Updating Scene BVH | Copying BVH to device
Fra:4 Mem:29.83M (Peak 53.98M) | Time:00:00.13 | Mem:2.11M, Peak:2.11M | Scene, ViewLayer | Updating Mesh | Computing normals
Fra:4 Mem:31.41M (Peak 53.98M) | Time:00:00.13 | Mem:2.11M, Peak:2.11M | Scene, ViewLayer | Updating Mesh | Copying Mesh to device
Fra:4 Mem:31.41M (Peak 53.98M) | Time:00:00.13 | Mem:3.69M, Peak:3.69M | Scene, ViewLayer | Updating Objects Flags
Fra:4 Mem:31.41M (Peak 53.98M) | Time:00:00.13 | Mem:3.69M, Peak:3.69M | Scene, ViewLayer | Updating Primitive Offsets
Fra:4 Mem:31.41M (Peak 53.98M) | Time:00:00.13 | Mem:3.69M, Peak:3.69M | Scene, ViewLayer | Updating Images
Fra:4 Mem:31.41M (Peak 53.98M) | Time:00:00.13 | Mem:3.69M, Peak:3.69M | Scene, ViewLayer | Updating Camera Volume
Fra:4 Mem:31.41M (Peak 53.98M) | Time:00:00.13 | Mem:3.69M, Peak:3.69M | Scene, ViewLayer | Updating Lookup Tables
Fra:4 Mem:31.41M (Peak 53.98M) | Time:00:00.13 | Mem:3.77M, Peak:3.77M | Scene, ViewLayer | Updating Lights
Fra:4 Mem:31.41M (Peak 53.98M) | Time:00:00.13 | Mem:3.77M, Peak:3.77M | Scene, ViewLayer | Updating Lights | Computing tree
Fra:4 Mem:31.41M (Peak 53.98M) | Time:00:00.13 | Mem:3.77M, Peak:3.77M | Scene, ViewLayer | Updating Integrator
Fra:4 Mem:31.41M (Peak 53.98M) | Time:00:00.13 | Mem:3.77M, Peak:3.77M | Scene, ViewLayer | Updating Film
Fra:4 Mem:31.41M (Peak 53.98M) | Time:00:00.13 | Mem:3.69M, Peak:3.77M | Scene, ViewLayer | Updating Lookup Tables
Fra:4 Mem:31.41M (Peak 53.98M) | Time:00:00.13 | Mem:3.78M, Peak:3.78M | Scene, ViewLayer | Updating Baking
Fra:4 Mem:31.41M (Peak 53.98M) | Time:00:00.13 | Mem:3.78M, Peak:3.78M | Scene, ViewLayer | Updating Device | Writing constant memory
Fra:4 Mem:31.42M (Peak 53.98M) | Time:00:00.13 | Mem:3.78M, Peak:3.78M | Scene, ViewLayer | Loading denoising kernels (may take a few minutes the first time)
Fra:4 Mem:35.42M (Peak 53.98M) | Time:00:00.14 | Mem:355.78M, Peak:355.78M | Scene, ViewLayer | Sample 0/24
Fra:4 Mem:78.17M (Peak 78.17M) | Time:00:00.14 | Remaining:00:00.14 | Mem:398.53M, Peak:398.53M | Scene, ViewLayer | Sample 1/24
Fra:4 Mem:96.18M (Peak 123.18M) | Time:00:01.59 | Mem:398.53M, Peak:398.53M | Scene, ViewLayer | Sample 24/24
Fra:4 Mem:96.18M (Peak 123.18M) | Time:00:01.59 | Mem:398.53M, Peak:398.53M | Scene, ViewLayer | Finished
Saved: '/home/cbsim/ws/slime-workflow/.tmp/2026-09-23_06-25-15/down_left-02.png'
Time: 00:01.71 (Saving: 00:00.03)

Fra:7 Mem:26.37M (Peak 26.37M) | Time:00:00.07 | Mem:0.00M, Peak:0.00M | Scene, ViewLayer | Synchronizing object | fill
Fra:7 Mem:26.37M (Peak 26.37M) | Time:00:00.07 | Mem:0.00M, Peak:0.00M | Scene, ViewLayer | Synchronizing object | key
Fra:7 Mem:26.37M (Peak 26.37M) | Time:00:00.07 | Mem:0.00M, Peak:0.00M | Scene, ViewLayer | Synchronizing object | head-shell-part
Fra:7 Mem:26.37M (Peak 26.37M) | Time:00:00.07 | Mem:0.00M, Peak:0.00M | Scene, ViewLayer | Synchronizing object | neck-shell-part
Fra:7 Mem:26.50M (Peak 26.50M) | Time:00:00.07 | Mem:0.00M, Peak:0.00M | Scene, ViewLayer | Synchronizing object | chest-shell-part
Fra:7 Mem:26.51M (Peak 26.51M) | Time:00:00.07 | Mem:0.00M, Peak:0.00M | Scene, ViewLayer | Synchronizing object | right-knee-ball
Fra:7 Mem:26.64M (Peak 26.64M) | Time:00:00.07 | Mem:0.00M, Peak:0.00M | Scene, ViewLayer | Synchronizing object | right-hip-ball
Fra:7 Mem:26.86M (Peak 26.86M) | Time:00:00.07 | Mem:0.00M, Peak:0.00M | Scene, ViewLayer | Synchronizing object | waist-internal-core
Fra:7 Mem:26.96M (Peak 26.96M) | Time:00:00.07 | Mem:0.00M, Peak:0.00M | Scene, ViewLayer | Synchronizing object | left-shoulder-ball
Fra:7 Mem:27.00M (Peak 27.00M) | Time:00:00.07 | Mem:0.00M, Peak:0.00M | Scene, ViewLayer | Synchronizing object | left-wrist-ball
Fra:7 Mem:27.28M (Peak 27.28M) | Time:00:00.07 | Mem:0.00M, Peak:0.00M | Scene, ViewLayer | Synchronizing object | right-elbow-ball
Fra:7 Mem:27.32M (Peak 27.32M) | Time:00:00.07 | Mem:0.00M, Peak:0.00M | Scene, ViewLayer | Synchronizing object | right-shoulder-ball
Fra:7 Mem:27.37M (Peak 27.37M) | Time:00:00.07 | Mem:0.00M, Peak:0.00M | Scene, ViewLayer | Synchronizing object | left-hip-ball
Fra:7 Mem:27.37M (Peak 27.37M) | Time:00:00.07 | Mem:0.00M, Peak:0.00M | Scene, ViewLayer | Synchronizing object | left-ankle-ball
Fra:7 Mem:27.37M (Peak 27.37M) | Time:00:00.07 | Mem:0.00M, Peak:0.00M | Scene, ViewLayer | Synchronizing object | right-forearm-shell
Fra:7 Mem:27.51M (Peak 27.51M) | Time:00:00.07 | Mem:0.00M, Peak:0.00M | Scene, ViewLayer | Synchronizing object | right-hand-shell
Fra:7 Mem:27.59M (Peak 27.59M) | Time:00:00.07 | Mem:0.00M, Peak:0.00M | Scene, ViewLayer | Synchronizing object | right-shin-shell
Fra:7 Mem:30.22M (Peak 30.22M) | Time:00:00.08 | Mem:0.00M, Peak:0.00M | Scene, ViewLayer | Initializing
Fra:7 Mem:25.88M (Peak 30.22M) | Time:00:00.08 | Mem:0.00M, Peak:0.00M | Scene, ViewLayer | Waiting for render to start
Fra:7 Mem:25.88M (Peak 30.22M) | Time:00:00.08 | Mem:0.00M, Peak:0.00M | Scene, ViewLayer | Updating Scene
Fra:7 Mem:25.88M (Peak 30.22M) | Time:00:00.08 | Mem:0.00M, Peak:0.00M | Scene, ViewLayer | Updating Shaders
Fra:7 Mem:25.88M (Peak 30.22M) | Time:00:00.08 | Mem:0.00M, Peak:0.00M | Scene, ViewLayer | Loading render kernels (may take a few minutes the first time)
Fra:7 Mem:25.96M (Peak 53.98M) | Time:00:00.12 | Mem:0.00M, Peak:0.00M | Scene, ViewLayer | Updating Procedurals
Fra:7 Mem:25.96M (Peak 53.98M) | Time:00:00.12 | Mem:0.00M, Peak:0.00M | Scene, ViewLayer | Updating Background
Fra:7 Mem:25.96M (Peak 53.98M) | Time:00:00.12 | Mem:0.00M, Peak:0.00M | Scene, ViewLayer | Updating Camera
Fra:7 Mem:25.96M (Peak 53.98M) | Time:00:00.12 | Mem:0.00M, Peak:0.00M | Scene, ViewLayer | Updating Meshes Flags
Fra:7 Mem:25.96M (Peak 53.98M) | Time:00:00.12 | Mem:0.00M, Peak:0.00M | Scene, ViewLayer | Updating Objects
Fra:7 Mem:25.96M (Peak 53.98M) | Time:00:00.12 | Mem:0.00M, Peak:0.00M | Scene, ViewLayer | Updating Objects | Copying Transformations to device
Fra:7 Mem:25.97M (Peak 53.98M) | Time:00:00.12 | Mem:0.01M, Peak:0.01M | Scene, ViewLayer | Updating Particle Systems
Fra:7 Mem:25.97M (Peak 53.98M) | Time:00:00.12 | Mem:0.01M, Peak:0.01M | Scene, ViewLayer | Updating Particle Systems | Copying Particles to device
Fra:7 Mem:25.97M (Peak 53.98M) | Time:00:00.12 | Mem:0.01M, Peak:0.01M | Scene, ViewLayer | Updating Meshes
Fra:7 Mem:25.97M (Peak 53.98M) | Time:00:00.12 | Mem:0.01M, Peak:0.01M | Scene, ViewLayer | Updating Objects | Applying Static Transformations
Fra:7 Mem:25.97M (Peak 53.98M) | Time:00:00.12 | Mem:0.01M, Peak:0.01M | Scene, ViewLayer | Updating Mesh | Computing attributes
Fra:7 Mem:26.31M (Peak 53.98M) | Time:00:00.12 | Mem:0.01M, Peak:0.01M | Scene, ViewLayer | Updating Mesh | Copying Attributes to device
Fra:7 Mem:26.31M (Peak 53.98M) | Time:00:00.12 | Mem:0.35M, Peak:0.35M | Scene, ViewLayer | Updating Scene BVH | Building
Fra:7 Mem:26.31M (Peak 53.98M) | Time:00:00.12 | Mem:0.35M, Peak:0.35M | Scene, ViewLayer | Updating Scene BVH | Building BVH
Fra:7 Mem:29.68M (Peak 53.98M) | Time:00:00.12 | Mem:0.35M, Peak:0.35M | Scene, ViewLayer | Updating Scene BVH | Packing BVH triangles and strands
Fra:7 Mem:29.91M (Peak 53.98M) | Time:00:00.12 | Mem:0.35M, Peak:0.35M | Scene, ViewLayer | Updating Scene BVH | Packing BVH nodes
Fra:7 Mem:29.83M (Peak 53.98M) | Time:00:00.13 | Mem:0.35M, Peak:0.35M | Scene, ViewLayer | Updating Scene BVH | Copying BVH to device
Fra:7 Mem:29.83M (Peak 53.98M) | Time:00:00.13 | Mem:2.11M, Peak:2.11M | Scene, ViewLayer | Updating Mesh | Computing normals
Fra:7 Mem:31.41M (Peak 53.98M) | Time:00:00.13 | Mem:2.11M, Peak:2.11M | Scene, ViewLayer | Updating Mesh | Copying Mesh to device
Fra:7 Mem:31.41M (Peak 53.98M) | Time:00:00.13 | Mem:3.69M, Peak:3.69M | Scene, ViewLayer | Updating Objects Flags
Fra:7 Mem:31.41M (Peak 53.98M) | Time:00:00.13 | Mem:3.69M, Peak:3.69M | Scene, ViewLayer | Updating Primitive Offsets
Fra:7 Mem:31.41M (Peak 53.98M) | Time:00:00.13 | Mem:3.69M, Peak:3.69M | Scene, ViewLayer | Updating Images
Fra:7 Mem:31.41M (Peak 53.98M) | Time:00:00.13 | Mem:3.69M, Peak:3.69M | Scene, ViewLayer | Updating Camera Volume
Fra:7 Mem:31.41M (Peak 53.98M) | Time:00:00.13 | Mem:3.69M, Peak:3.69M | Scene, ViewLayer | Updating Lookup Tables
Fra:7 Mem:31.41M (Peak 53.98M) | Time:00:00.13 | Mem:3.78M, Peak:3.78M | Scene, ViewLayer | Updating Lights
Fra:7 Mem:31.41M (Peak 53.98M) | Time:00:00.13 | Mem:3.78M, Peak:3.78M | Scene, ViewLayer | Updating Lights | Computing tree
Fra:7 Mem:31.41M (Peak 53.98M) | Time:00:00.13 | Mem:3.78M, Peak:3.78M | Scene, ViewLayer | Updating Integrator
Fra:7 Mem:31.41M (Peak 53.98M) | Time:00:00.13 | Mem:3.78M, Peak:3.78M | Scene, ViewLayer | Updating Film
Fra:7 Mem:31.42M (Peak 53.98M) | Time:00:00.13 | Mem:3.70M, Peak:3.78M | Scene, ViewLayer | Updating Lookup Tables
Fra:7 Mem:31.42M (Peak 53.98M) | Time:00:00.13 | Mem:3.78M, Peak:3.78M | Scene, ViewLayer | Updating Baking
Fra:7 Mem:31.42M (Peak 53.98M) | Time:00:00.13 | Mem:3.78M, Peak:3.78M | Scene, ViewLayer | Updating Device | Writing constant memory
Fra:7 Mem:31.42M (Peak 53.98M) | Time:00:00.13 | Mem:3.78M, Peak:3.78M | Scene, ViewLayer | Loading denoising kernels (may take a few minutes the first time)
Fra:7 Mem:35.42M (Peak 53.98M) | Time:00:00.13 | Mem:355.78M, Peak:355.78M | Scene, ViewLayer | Sample 0/24
Fra:7 Mem:78.17M (Peak 78.17M) | Time:00:00.14 | Remaining:00:00.13 | Mem:398.53M, Peak:398.53M | Scene, ViewLayer | Sample 1/24
2026-09-23T06:30:28+0900/hunyuan-rig/heartbeat {'stage': 'down_left', 'frame': 7} images=36
Fra:7 Mem:96.18M (Peak 123.18M) | Time:00:01.61 | Mem:398.53M, Peak:398.53M | Scene, ViewLayer | Sample 24/24
Fra:7 Mem:96.18M (Peak 123.18M) | Time:00:01.61 | Mem:398.53M, Peak:398.53M | Scene, ViewLayer | Finished
Saved: '/home/cbsim/ws/slime-workflow/.tmp/2026-09-23_06-25-15/down_left-03.png'
Time: 00:01.73 (Saving: 00:00.03)

Fra:10 Mem:26.37M (Peak 26.37M) | Time:00:00.08 | Mem:0.00M, Peak:0.00M | Scene, ViewLayer | Synchronizing object | key
Fra:10 Mem:26.37M (Peak 26.37M) | Time:00:00.08 | Mem:0.00M, Peak:0.00M | Scene, ViewLayer | Synchronizing object | right-ankle-ball
Fra:10 Mem:26.37M (Peak 26.37M) | Time:00:00.08 | Mem:0.00M, Peak:0.00M | Scene, ViewLayer | Synchronizing object | head-shell-part
Fra:10 Mem:26.41M (Peak 26.41M) | Time:00:00.08 | Mem:0.00M, Peak:0.00M | Scene, ViewLayer | Synchronizing object | neck-shell-part
Fra:10 Mem:26.48M (Peak 26.48M) | Time:00:00.08 | Mem:0.00M, Peak:0.00M | Scene, ViewLayer | Synchronizing object | right-knee-ball
Fra:10 Mem:26.57M (Peak 26.57M) | Time:00:00.08 | Mem:0.00M, Peak:0.00M | Scene, ViewLayer | Synchronizing object | abdomen-shell-part
Fra:10 Mem:26.62M (Peak 26.62M) | Time:00:00.08 | Mem:0.00M, Peak:0.00M | Scene, ViewLayer | Synchronizing object | right-hip-ball
Fra:10 Mem:26.87M (Peak 26.87M) | Time:00:00.08 | Mem:0.00M, Peak:0.00M | Scene, ViewLayer | Synchronizing object | pelvis-shell-part
Fra:10 Mem:27.02M (Peak 27.02M) | Time:00:00.08 | Mem:0.00M, Peak:0.00M | Scene, ViewLayer | Synchronizing object | right-wrist-ball
Fra:10 Mem:27.17M (Peak 27.17M) | Time:00:00.08 | Mem:0.00M, Peak:0.00M | Scene, ViewLayer | Synchronizing object | left-upper-arm-shell
Fra:10 Mem:27.29M (Peak 27.29M) | Time:00:00.08 | Mem:0.00M, Peak:0.00M | Scene, ViewLayer | Synchronizing object | left-hand-shell
Fra:10 Mem:27.56M (Peak 27.56M) | Time:00:00.08 | Mem:0.00M, Peak:0.00M | Scene, ViewLayer | Synchronizing object | left-shin-shell
Fra:10 Mem:27.68M (Peak 27.68M) | Time:00:00.08 | Mem:0.00M, Peak:0.00M | Scene, ViewLayer | Synchronizing object | left-foot-shell
Fra:10 Mem:27.81M (Peak 27.81M) | Time:00:00.08 | Mem:0.00M, Peak:0.00M | Scene, ViewLayer | Synchronizing object | right-elbow-ball
Fra:10 Mem:27.91M (Peak 27.91M) | Time:00:00.08 | Mem:0.00M, Peak:0.00M | Scene, ViewLayer | Synchronizing object | left-knee-ball
Fra:10 Mem:28.14M (Peak 28.14M) | Time:00:00.08 | Mem:0.00M, Peak:0.00M | Scene, ViewLayer | Synchronizing object | right-upper-arm-shell
Fra:10 Mem:28.18M (Peak 28.17M) | Time:00:00.08 | Mem:0.00M, Peak:0.00M | Scene, ViewLayer | Synchronizing object | right-forearm-shell
Fra:10 Mem:28.34M (Peak 28.34M) | Time:00:00.08 | Mem:0.00M, Peak:0.00M | Scene, ViewLayer | Synchronizing object | right-thigh-shell
Fra:10 Mem:28.34M (Peak 28.34M) | Time:00:00.08 | Mem:0.00M, Peak:0.00M | Scene, ViewLayer | Synchronizing object | right-foot-shell
Fra:10 Mem:30.22M (Peak 30.22M) | Time:00:00.08 | Mem:0.00M, Peak:0.00M | Scene, ViewLayer | Initializing
Fra:10 Mem:25.88M (Peak 30.22M) | Time:00:00.08 | Mem:0.00M, Peak:0.00M | Scene, ViewLayer | Waiting for render to start
Fra:10 Mem:25.88M (Peak 30.22M) | Time:00:00.08 | Mem:0.00M, Peak:0.00M | Scene, ViewLayer | Updating Scene
Fra:10 Mem:25.88M (Peak 30.22M) | Time:00:00.08 | Mem:0.00M, Peak:0.00M | Scene, ViewLayer | Updating Shaders
Fra:10 Mem:25.88M (Peak 30.22M) | Time:00:00.08 | Mem:0.00M, Peak:0.00M | Scene, ViewLayer | Loading render kernels (may take a few minutes the first time)
Fra:10 Mem:25.96M (Peak 53.98M) | Time:00:00.12 | Mem:0.00M, Peak:0.00M | Scene, ViewLayer | Updating Procedurals
Fra:10 Mem:25.96M (Peak 53.98M) | Time:00:00.12 | Mem:0.00M, Peak:0.00M | Scene, ViewLayer | Updating Background
Fra:10 Mem:25.96M (Peak 53.98M) | Time:00:00.12 | Mem:0.00M, Peak:0.00M | Scene, ViewLayer | Updating Camera
Fra:10 Mem:25.96M (Peak 53.98M) | Time:00:00.12 | Mem:0.00M, Peak:0.00M | Scene, ViewLayer | Updating Meshes Flags
Fra:10 Mem:25.96M (Peak 53.98M) | Time:00:00.12 | Mem:0.00M, Peak:0.00M | Scene, ViewLayer | Updating Objects
Fra:10 Mem:25.96M (Peak 53.98M) | Time:00:00.12 | Mem:0.00M, Peak:0.00M | Scene, ViewLayer | Updating Objects | Copying Transformations to device
Fra:10 Mem:25.97M (Peak 53.98M) | Time:00:00.12 | Mem:0.01M, Peak:0.01M | Scene, ViewLayer | Updating Particle Systems
Fra:10 Mem:25.97M (Peak 53.98M) | Time:00:00.12 | Mem:0.01M, Peak:0.01M | Scene, ViewLayer | Updating Particle Systems | Copying Particles to device
Fra:10 Mem:25.97M (Peak 53.98M) | Time:00:00.12 | Mem:0.01M, Peak:0.01M | Scene, ViewLayer | Updating Meshes
Fra:10 Mem:25.97M (Peak 53.98M) | Time:00:00.12 | Mem:0.01M, Peak:0.01M | Scene, ViewLayer | Updating Objects | Applying Static Transformations
Fra:10 Mem:25.97M (Peak 53.98M) | Time:00:00.12 | Mem:0.01M, Peak:0.01M | Scene, ViewLayer | Updating Mesh | Computing attributes
Fra:10 Mem:26.31M (Peak 53.98M) | Time:00:00.12 | Mem:0.01M, Peak:0.01M | Scene, ViewLayer | Updating Mesh | Copying Attributes to device
Fra:10 Mem:26.31M (Peak 53.98M) | Time:00:00.12 | Mem:0.35M, Peak:0.35M | Scene, ViewLayer | Updating Scene BVH | Building
Fra:10 Mem:26.31M (Peak 53.98M) | Time:00:00.12 | Mem:0.35M, Peak:0.35M | Scene, ViewLayer | Updating Scene BVH | Building BVH
Fra:10 Mem:29.68M (Peak 53.98M) | Time:00:00.13 | Mem:0.35M, Peak:0.35M | Scene, ViewLayer | Updating Scene BVH | Packing BVH triangles and strands
Fra:10 Mem:29.91M (Peak 53.98M) | Time:00:00.13 | Mem:0.35M, Peak:0.35M | Scene, ViewLayer | Updating Scene BVH | Packing BVH nodes
Fra:10 Mem:29.83M (Peak 53.98M) | Time:00:00.13 | Mem:0.35M, Peak:0.35M | Scene, ViewLayer | Updating Scene BVH | Copying BVH to device
Fra:10 Mem:29.83M (Peak 53.98M) | Time:00:00.13 | Mem:2.11M, Peak:2.11M | Scene, ViewLayer | Updating Mesh | Computing normals
Fra:10 Mem:31.41M (Peak 53.98M) | Time:00:00.13 | Mem:2.11M, Peak:2.11M | Scene, ViewLayer | Updating Mesh | Copying Mesh to device
Fra:10 Mem:31.41M (Peak 53.98M) | Time:00:00.13 | Mem:3.69M, Peak:3.69M | Scene, ViewLayer | Updating Objects Flags
Fra:10 Mem:31.41M (Peak 53.98M) | Time:00:00.13 | Mem:3.69M, Peak:3.69M | Scene, ViewLayer | Updating Primitive Offsets
Fra:10 Mem:31.41M (Peak 53.98M) | Time:00:00.13 | Mem:3.69M, Peak:3.69M | Scene, ViewLayer | Updating Images
Fra:10 Mem:31.41M (Peak 53.98M) | Time:00:00.13 | Mem:3.69M, Peak:3.69M | Scene, ViewLayer | Updating Camera Volume
Fra:10 Mem:31.41M (Peak 53.98M) | Time:00:00.13 | Mem:3.69M, Peak:3.69M | Scene, ViewLayer | Updating Lookup Tables
Fra:10 Mem:31.41M (Peak 53.98M) | Time:00:00.13 | Mem:3.77M, Peak:3.77M | Scene, ViewLayer | Updating Lights
Fra:10 Mem:31.41M (Peak 53.98M) | Time:00:00.13 | Mem:3.77M, Peak:3.77M | Scene, ViewLayer | Updating Lights | Computing tree
Fra:10 Mem:31.41M (Peak 53.98M) | Time:00:00.13 | Mem:3.78M, Peak:3.78M | Scene, ViewLayer | Updating Integrator
Fra:10 Mem:31.41M (Peak 53.98M) | Time:00:00.13 | Mem:3.78M, Peak:3.78M | Scene, ViewLayer | Updating Film
Fra:10 Mem:31.41M (Peak 53.98M) | Time:00:00.13 | Mem:3.69M, Peak:3.78M | Scene, ViewLayer | Updating Lookup Tables
Fra:10 Mem:31.41M (Peak 53.98M) | Time:00:00.13 | Mem:3.78M, Peak:3.78M | Scene, ViewLayer | Updating Baking
Fra:10 Mem:31.41M (Peak 53.98M) | Time:00:00.13 | Mem:3.78M, Peak:3.78M | Scene, ViewLayer | Updating Device | Writing constant memory
Fra:10 Mem:31.42M (Peak 53.98M) | Time:00:00.13 | Mem:3.78M, Peak:3.78M | Scene, ViewLayer | Loading denoising kernels (may take a few minutes the first time)
Fra:10 Mem:35.42M (Peak 53.98M) | Time:00:00.13 | Mem:355.78M, Peak:355.78M | Scene, ViewLayer | Sample 0/24
Fra:10 Mem:78.17M (Peak 78.17M) | Time:00:00.14 | Remaining:00:00.13 | Mem:398.53M, Peak:398.53M | Scene, ViewLayer | Sample 1/24
Fra:10 Mem:96.18M (Peak 123.18M) | Time:00:01.57 | Mem:398.53M, Peak:398.53M | Scene, ViewLayer | Sample 24/24
Fra:10 Mem:96.18M (Peak 123.18M) | Time:00:01.57 | Mem:398.53M, Peak:398.53M | Scene, ViewLayer | Finished
Saved: '/home/cbsim/ws/slime-workflow/.tmp/2026-09-23_06-25-15/down_left-04.png'
Time: 00:01.69 (Saving: 00:00.03)

Fra:13 Mem:26.37M (Peak 26.37M) | Time:00:00.07 | Mem:0.00M, Peak:0.00M | Scene, ViewLayer | Synchronizing object | key
Fra:13 Mem:26.37M (Peak 26.37M) | Time:00:00.07 | Mem:0.00M, Peak:0.00M | Scene, ViewLayer | Synchronizing object | right-ankle-ball
Fra:13 Mem:26.38M (Peak 26.38M) | Time:00:00.07 | Mem:0.00M, Peak:0.00M | Scene, ViewLayer | Synchronizing object | head-shell-part
Fra:13 Mem:26.42M (Peak 26.42M) | Time:00:00.07 | Mem:0.00M, Peak:0.00M | Scene, ViewLayer | Synchronizing object | neck-shell-part
Fra:13 Mem:26.48M (Peak 26.48M) | Time:00:00.07 | Mem:0.00M, Peak:0.00M | Scene, ViewLayer | Synchronizing object | abdomen-shell-part
Fra:13 Mem:26.52M (Peak 26.57M) | Time:00:00.07 | Mem:0.00M, Peak:0.00M | Scene, ViewLayer | Synchronizing object | waist-internal-core
Fra:13 Mem:26.80M (Peak 26.80M) | Time:00:00.07 | Mem:0.00M, Peak:0.00M | Scene, ViewLayer | Synchronizing object | left-hand-shell
Fra:13 Mem:26.93M (Peak 26.93M) | Time:00:00.07 | Mem:0.00M, Peak:0.00M | Scene, ViewLayer | Synchronizing object | left-shoulder-ball
Fra:13 Mem:27.00M (Peak 27.00M) | Time:00:00.07 | Mem:0.00M, Peak:0.00M | Scene, ViewLayer | Synchronizing object | left-elbow-ball
Fra:13 Mem:27.03M (Peak 27.03M) | Time:00:00.07 | Mem:0.00M, Peak:0.00M | Scene, ViewLayer | Synchronizing object | left-ankle-ball
Fra:13 Mem:27.22M (Peak 27.22M) | Time:00:00.07 | Mem:0.00M, Peak:0.00M | Scene, ViewLayer | Synchronizing object | right-upper-arm-shell
Fra:13 Mem:27.42M (Peak 27.42M) | Time:00:00.07 | Mem:0.00M, Peak:0.00M | Scene, ViewLayer | Synchronizing object | right-forearm-shell
Fra:13 Mem:27.53M (Peak 27.53M) | Time:00:00.07 | Mem:0.00M, Peak:0.00M | Scene, ViewLayer | Synchronizing object | right-shin-shell
Fra:13 Mem:27.64M (Peak 27.64M) | Time:00:00.07 | Mem:0.00M, Peak:0.00M | Scene, ViewLayer | Synchronizing object | right-foot-shell
Fra:13 Mem:27.64M (Peak 27.64M) | Time:00:00.07 | Mem:0.00M, Peak:0.00M | Scene, ViewLayer | Synchronizing object | right-shoulder-ball
Fra:13 Mem:27.80M (Peak 27.80M) | Time:00:00.07 | Mem:0.00M, Peak:0.00M | Scene, ViewLayer | Synchronizing object | right-elbow-ball
Fra:13 Mem:27.91M (Peak 27.91M) | Time:00:00.07 | Mem:0.00M, Peak:0.00M | Scene, ViewLayer | Synchronizing object | right-wrist-ball
Fra:13 Mem:30.22M (Peak 30.22M) | Time:00:00.08 | Mem:0.00M, Peak:0.00M | Scene, ViewLayer | Initializing
Fra:13 Mem:25.88M (Peak 30.22M) | Time:00:00.08 | Mem:0.00M, Peak:0.00M | Scene, ViewLayer | Waiting for render to start
Fra:13 Mem:25.88M (Peak 30.22M) | Time:00:00.08 | Mem:0.00M, Peak:0.00M | Scene, ViewLayer | Updating Scene
Fra:13 Mem:25.88M (Peak 30.22M) | Time:00:00.08 | Mem:0.00M, Peak:0.00M | Scene, ViewLayer | Updating Shaders
Fra:13 Mem:25.88M (Peak 30.22M) | Time:00:00.08 | Mem:0.00M, Peak:0.00M | Scene, ViewLayer | Loading render kernels (may take a few minutes the first time)
Fra:13 Mem:25.96M (Peak 53.98M) | Time:00:00.12 | Mem:0.00M, Peak:0.00M | Scene, ViewLayer | Updating Procedurals
Fra:13 Mem:25.96M (Peak 53.98M) | Time:00:00.12 | Mem:0.00M, Peak:0.00M | Scene, ViewLayer | Updating Background
Fra:13 Mem:25.96M (Peak 53.98M) | Time:00:00.12 | Mem:0.00M, Peak:0.00M | Scene, ViewLayer | Updating Camera
Fra:13 Mem:25.96M (Peak 53.98M) | Time:00:00.12 | Mem:0.00M, Peak:0.00M | Scene, ViewLayer | Updating Meshes Flags
Fra:13 Mem:25.96M (Peak 53.98M) | Time:00:00.12 | Mem:0.00M, Peak:0.00M | Scene, ViewLayer | Updating Objects
Fra:13 Mem:25.96M (Peak 53.98M) | Time:00:00.12 | Mem:0.00M, Peak:0.00M | Scene, ViewLayer | Updating Objects | Copying Transformations to device
Fra:13 Mem:25.97M (Peak 53.98M) | Time:00:00.12 | Mem:0.01M, Peak:0.01M | Scene, ViewLayer | Updating Particle Systems
Fra:13 Mem:25.97M (Peak 53.98M) | Time:00:00.12 | Mem:0.01M, Peak:0.01M | Scene, ViewLayer | Updating Particle Systems | Copying Particles to device
Fra:13 Mem:25.97M (Peak 53.98M) | Time:00:00.12 | Mem:0.01M, Peak:0.01M | Scene, ViewLayer | Updating Meshes
Fra:13 Mem:25.97M (Peak 53.98M) | Time:00:00.12 | Mem:0.01M, Peak:0.01M | Scene, ViewLayer | Updating Objects | Applying Static Transformations
Fra:13 Mem:25.97M (Peak 53.98M) | Time:00:00.12 | Mem:0.01M, Peak:0.01M | Scene, ViewLayer | Updating Mesh | Computing attributes
Fra:13 Mem:26.31M (Peak 53.98M) | Time:00:00.12 | Mem:0.01M, Peak:0.01M | Scene, ViewLayer | Updating Mesh | Copying Attributes to device
Fra:13 Mem:26.31M (Peak 53.98M) | Time:00:00.12 | Mem:0.35M, Peak:0.35M | Scene, ViewLayer | Updating Scene BVH | Building
Fra:13 Mem:26.31M (Peak 53.98M) | Time:00:00.12 | Mem:0.35M, Peak:0.35M | Scene, ViewLayer | Updating Scene BVH | Building BVH
Fra:13 Mem:29.68M (Peak 53.98M) | Time:00:00.12 | Mem:0.35M, Peak:0.35M | Scene, ViewLayer | Updating Scene BVH | Packing BVH triangles and strands
Fra:13 Mem:29.91M (Peak 53.98M) | Time:00:00.12 | Mem:0.35M, Peak:0.35M | Scene, ViewLayer | Updating Scene BVH | Packing BVH nodes
Fra:13 Mem:29.83M (Peak 53.98M) | Time:00:00.12 | Mem:0.35M, Peak:0.35M | Scene, ViewLayer | Updating Scene BVH | Copying BVH to device
Fra:13 Mem:29.83M (Peak 53.98M) | Time:00:00.12 | Mem:2.11M, Peak:2.11M | Scene, ViewLayer | Updating Mesh | Computing normals
Fra:13 Mem:31.41M (Peak 53.98M) | Time:00:00.12 | Mem:2.11M, Peak:2.11M | Scene, ViewLayer | Updating Mesh | Copying Mesh to device
Fra:13 Mem:31.41M (Peak 53.98M) | Time:00:00.13 | Mem:3.69M, Peak:3.69M | Scene, ViewLayer | Updating Objects Flags
Fra:13 Mem:31.41M (Peak 53.98M) | Time:00:00.13 | Mem:3.69M, Peak:3.69M | Scene, ViewLayer | Updating Primitive Offsets
Fra:13 Mem:31.41M (Peak 53.98M) | Time:00:00.13 | Mem:3.69M, Peak:3.69M | Scene, ViewLayer | Updating Images
Fra:13 Mem:31.41M (Peak 53.98M) | Time:00:00.13 | Mem:3.69M, Peak:3.69M | Scene, ViewLayer | Updating Camera Volume
Fra:13 Mem:31.41M (Peak 53.98M) | Time:00:00.13 | Mem:3.69M, Peak:3.69M | Scene, ViewLayer | Updating Lookup Tables
Fra:13 Mem:31.41M (Peak 53.98M) | Time:00:00.13 | Mem:3.78M, Peak:3.78M | Scene, ViewLayer | Updating Lights
Fra:13 Mem:31.41M (Peak 53.98M) | Time:00:00.13 | Mem:3.78M, Peak:3.78M | Scene, ViewLayer | Updating Lights | Computing tree
Fra:13 Mem:31.41M (Peak 53.98M) | Time:00:00.13 | Mem:3.78M, Peak:3.78M | Scene, ViewLayer | Updating Integrator
Fra:13 Mem:31.41M (Peak 53.98M) | Time:00:00.13 | Mem:3.78M, Peak:3.78M | Scene, ViewLayer | Updating Film
Fra:13 Mem:31.42M (Peak 53.98M) | Time:00:00.13 | Mem:3.70M, Peak:3.78M | Scene, ViewLayer | Updating Lookup Tables
Fra:13 Mem:31.42M (Peak 53.98M) | Time:00:00.13 | Mem:3.78M, Peak:3.78M | Scene, ViewLayer | Updating Baking
Fra:13 Mem:31.42M (Peak 53.98M) | Time:00:00.13 | Mem:3.78M, Peak:3.78M | Scene, ViewLayer | Updating Device | Writing constant memory
Fra:13 Mem:31.42M (Peak 53.98M) | Time:00:00.13 | Mem:3.78M, Peak:3.78M | Scene, ViewLayer | Loading denoising kernels (may take a few minutes the first time)
Fra:13 Mem:35.42M (Peak 53.98M) | Time:00:00.13 | Mem:355.78M, Peak:355.78M | Scene, ViewLayer | Sample 0/24
Fra:13 Mem:78.17M (Peak 78.17M) | Time:00:00.14 | Remaining:00:00.15 | Mem:398.53M, Peak:398.53M | Scene, ViewLayer | Sample 1/24
Fra:13 Mem:96.18M (Peak 123.18M) | Time:00:01.60 | Mem:398.53M, Peak:398.53M | Scene, ViewLayer | Sample 24/24
Fra:13 Mem:96.18M (Peak 123.18M) | Time:00:01.60 | Mem:398.53M, Peak:398.53M | Scene, ViewLayer | Finished
Saved: '/home/cbsim/ws/slime-workflow/.tmp/2026-09-23_06-25-15/down_left-05.png'
Time: 00:01.73 (Saving: 00:00.04)

Fra:16 Mem:26.37M (Peak 26.37M) | Time:00:00.08 | Mem:0.00M, Peak:0.00M | Scene, ViewLayer | Synchronizing object | key
Fra:16 Mem:26.37M (Peak 26.37M) | Time:00:00.08 | Mem:0.00M, Peak:0.00M | Scene, ViewLayer | Synchronizing object | right-ankle-ball
Fra:16 Mem:26.37M (Peak 26.37M) | Time:00:00.08 | Mem:0.00M, Peak:0.00M | Scene, ViewLayer | Synchronizing object | head-shell-part
Fra:16 Mem:26.49M (Peak 26.49M) | Time:00:00.08 | Mem:0.00M, Peak:0.00M | Scene, ViewLayer | Synchronizing object | right-knee-ball
Fra:16 Mem:26.52M (Peak 26.52M) | Time:00:00.08 | Mem:0.00M, Peak:0.00M | Scene, ViewLayer | Synchronizing object | pelvis-shell-part
Fra:16 Mem:26.56M (Peak 26.56M) | Time:00:00.08 | Mem:0.00M, Peak:0.00M | Scene, ViewLayer | Synchronizing object | waist-internal-core
Fra:16 Mem:26.75M (Peak 26.75M) | Time:00:00.08 | Mem:0.00M, Peak:0.00M | Scene, ViewLayer | Synchronizing object | chest-internal-core
Fra:16 Mem:26.90M (Peak 26.90M) | Time:00:00.08 | Mem:0.00M, Peak:0.00M | Scene, ViewLayer | Synchronizing object | left-thigh-shell
Fra:16 Mem:27.00M (Peak 27.00M) | Time:00:00.08 | Mem:0.00M, Peak:0.00M | Scene, ViewLayer | Synchronizing object | left-ankle-ball
Fra:16 Mem:27.05M (Peak 27.05M) | Time:00:00.08 | Mem:0.00M, Peak:0.00M | Scene, ViewLayer | Synchronizing object | right-hand-shell
Fra:16 Mem:27.05M (Peak 27.05M) | Time:00:00.08 | Mem:0.00M, Peak:0.00M | Scene, ViewLayer | Synchronizing object | right-shin-shell
Fra:16 Mem:27.13M (Peak 27.13M) | Time:00:00.08 | Mem:0.00M, Peak:0.00M | Scene, ViewLayer | Synchronizing object | right-wrist-ball
Fra:16 Mem:27.26M (Peak 27.26M) | Time:00:00.08 | Mem:0.00M, Peak:0.00M | Scene, ViewLayer | Synchronizing object | right-foot-shell
Fra:16 Mem:27.47M (Peak 27.47M) | Time:00:00.08 | Mem:0.00M, Peak:0.00M | Scene, ViewLayer | Synchronizing object | right-elbow-ball
Fra:16 Mem:27.99M (Peak 27.99M) | Time:00:00.08 | Mem:0.00M, Peak:0.00M | Scene, ViewLayer | Synchronizing object | right-shoulder-ball
Fra:16 Mem:30.22M (Peak 30.22M) | Time:00:00.08 | Mem:0.00M, Peak:0.00M | Scene, ViewLayer | Initializing
Fra:16 Mem:25.88M (Peak 30.22M) | Time:00:00.08 | Mem:0.00M, Peak:0.00M | Scene, ViewLayer | Waiting for render to start
Fra:16 Mem:25.88M (Peak 30.22M) | Time:00:00.08 | Mem:0.00M, Peak:0.00M | Scene, ViewLayer | Updating Scene
Fra:16 Mem:25.88M (Peak 30.22M) | Time:00:00.08 | Mem:0.00M, Peak:0.00M | Scene, ViewLayer | Updating Shaders
Fra:16 Mem:25.88M (Peak 30.22M) | Time:00:00.08 | Mem:0.00M, Peak:0.00M | Scene, ViewLayer | Loading render kernels (may take a few minutes the first time)
Fra:16 Mem:25.96M (Peak 53.98M) | Time:00:00.12 | Mem:0.00M, Peak:0.00M | Scene, ViewLayer | Updating Procedurals
Fra:16 Mem:25.96M (Peak 53.98M) | Time:00:00.12 | Mem:0.00M, Peak:0.00M | Scene, ViewLayer | Updating Background
Fra:16 Mem:25.96M (Peak 53.98M) | Time:00:00.12 | Mem:0.00M, Peak:0.00M | Scene, ViewLayer | Updating Camera
Fra:16 Mem:25.96M (Peak 53.98M) | Time:00:00.12 | Mem:0.00M, Peak:0.00M | Scene, ViewLayer | Updating Meshes Flags
Fra:16 Mem:25.96M (Peak 53.98M) | Time:00:00.12 | Mem:0.00M, Peak:0.00M | Scene, ViewLayer | Updating Objects
Fra:16 Mem:25.96M (Peak 53.98M) | Time:00:00.12 | Mem:0.00M, Peak:0.00M | Scene, ViewLayer | Updating Objects | Copying Transformations to device
Fra:16 Mem:25.97M (Peak 53.98M) | Time:00:00.12 | Mem:0.01M, Peak:0.01M | Scene, ViewLayer | Updating Particle Systems
Fra:16 Mem:25.97M (Peak 53.98M) | Time:00:00.12 | Mem:0.01M, Peak:0.01M | Scene, ViewLayer | Updating Particle Systems | Copying Particles to device
Fra:16 Mem:25.97M (Peak 53.98M) | Time:00:00.12 | Mem:0.01M, Peak:0.01M | Scene, ViewLayer | Updating Meshes
Fra:16 Mem:25.97M (Peak 53.98M) | Time:00:00.12 | Mem:0.01M, Peak:0.01M | Scene, ViewLayer | Updating Objects | Applying Static Transformations
Fra:16 Mem:25.97M (Peak 53.98M) | Time:00:00.12 | Mem:0.01M, Peak:0.01M | Scene, ViewLayer | Updating Mesh | Computing attributes
Fra:16 Mem:26.31M (Peak 53.98M) | Time:00:00.12 | Mem:0.01M, Peak:0.01M | Scene, ViewLayer | Updating Mesh | Copying Attributes to device
Fra:16 Mem:26.31M (Peak 53.98M) | Time:00:00.12 | Mem:0.35M, Peak:0.35M | Scene, ViewLayer | Updating Scene BVH | Building
Fra:16 Mem:26.31M (Peak 53.98M) | Time:00:00.12 | Mem:0.35M, Peak:0.35M | Scene, ViewLayer | Updating Scene BVH | Building BVH
Fra:16 Mem:29.68M (Peak 53.98M) | Time:00:00.13 | Mem:0.35M, Peak:0.35M | Scene, ViewLayer | Updating Scene BVH | Packing BVH triangles and strands
Fra:16 Mem:29.91M (Peak 53.98M) | Time:00:00.13 | Mem:0.35M, Peak:0.35M | Scene, ViewLayer | Updating Scene BVH | Packing BVH nodes
Fra:16 Mem:29.83M (Peak 53.98M) | Time:00:00.13 | Mem:0.35M, Peak:0.35M | Scene, ViewLayer | Updating Scene BVH | Copying BVH to device
Fra:16 Mem:29.83M (Peak 53.98M) | Time:00:00.13 | Mem:2.11M, Peak:2.11M | Scene, ViewLayer | Updating Mesh | Computing normals
Fra:16 Mem:31.41M (Peak 53.98M) | Time:00:00.13 | Mem:2.11M, Peak:2.11M | Scene, ViewLayer | Updating Mesh | Copying Mesh to device
Fra:16 Mem:31.41M (Peak 53.98M) | Time:00:00.13 | Mem:3.70M, Peak:3.70M | Scene, ViewLayer | Updating Objects Flags
Fra:16 Mem:31.41M (Peak 53.98M) | Time:00:00.13 | Mem:3.70M, Peak:3.70M | Scene, ViewLayer | Updating Primitive Offsets
Fra:16 Mem:31.41M (Peak 53.98M) | Time:00:00.13 | Mem:3.70M, Peak:3.70M | Scene, ViewLayer | Updating Images
Fra:16 Mem:31.41M (Peak 53.98M) | Time:00:00.13 | Mem:3.70M, Peak:3.70M | Scene, ViewLayer | Updating Camera Volume
Fra:16 Mem:31.41M (Peak 53.98M) | Time:00:00.13 | Mem:3.70M, Peak:3.70M | Scene, ViewLayer | Updating Lookup Tables
Fra:16 Mem:31.41M (Peak 53.98M) | Time:00:00.13 | Mem:3.78M, Peak:3.78M | Scene, ViewLayer | Updating Lights
Fra:16 Mem:31.41M (Peak 53.98M) | Time:00:00.13 | Mem:3.78M, Peak:3.78M | Scene, ViewLayer | Updating Lights | Computing tree
Fra:16 Mem:31.41M (Peak 53.98M) | Time:00:00.13 | Mem:3.78M, Peak:3.78M | Scene, ViewLayer | Updating Integrator
Fra:16 Mem:31.41M (Peak 53.98M) | Time:00:00.13 | Mem:3.78M, Peak:3.78M | Scene, ViewLayer | Updating Film
Fra:16 Mem:31.42M (Peak 53.98M) | Time:00:00.13 | Mem:3.70M, Peak:3.78M | Scene, ViewLayer | Updating Lookup Tables
Fra:16 Mem:31.42M (Peak 53.98M) | Time:00:00.13 | Mem:3.78M, Peak:3.78M | Scene, ViewLayer | Updating Baking
Fra:16 Mem:31.42M (Peak 53.98M) | Time:00:00.13 | Mem:3.78M, Peak:3.78M | Scene, ViewLayer | Updating Device | Writing constant memory
Fra:16 Mem:31.42M (Peak 53.98M) | Time:00:00.13 | Mem:3.78M, Peak:3.78M | Scene, ViewLayer | Loading denoising kernels (may take a few minutes the first time)
Fra:16 Mem:35.42M (Peak 53.98M) | Time:00:00.14 | Mem:355.78M, Peak:355.78M | Scene, ViewLayer | Sample 0/24
Fra:16 Mem:78.18M (Peak 78.18M) | Time:00:00.14 | Remaining:00:00.14 | Mem:398.53M, Peak:398.53M | Scene, ViewLayer | Sample 1/24
2026-09-23T06:30:33+0900/hunyuan-rig/heartbeat {'stage': 'down_left', 'frame': 16} images=36
Fra:16 Mem:96.18M (Peak 123.18M) | Time:00:01.70 | Mem:398.54M, Peak:398.54M | Scene, ViewLayer | Sample 24/24
Fra:16 Mem:96.18M (Peak 123.18M) | Time:00:01.70 | Mem:398.54M, Peak:398.54M | Scene, ViewLayer | Finished
Saved: '/home/cbsim/ws/slime-workflow/.tmp/2026-09-23_06-25-15/down_left-06.png'
Time: 00:01.82 (Saving: 00:00.03)

Fra:19 Mem:26.37M (Peak 26.37M) | Time:00:00.07 | Mem:0.00M, Peak:0.00M | Scene, ViewLayer | Synchronizing object | key
Fra:19 Mem:26.37M (Peak 26.37M) | Time:00:00.07 | Mem:0.00M, Peak:0.00M | Scene, ViewLayer | Synchronizing object | fill
Fra:19 Mem:26.37M (Peak 26.37M) | Time:00:00.07 | Mem:0.00M, Peak:0.00M | Scene, ViewLayer | Synchronizing object | head-shell-part
Fra:19 Mem:26.45M (Peak 26.45M) | Time:00:00.07 | Mem:0.00M, Peak:0.00M | Scene, ViewLayer | Synchronizing object | neck-shell-part
Fra:19 Mem:26.72M (Peak 26.72M) | Time:00:00.07 | Mem:0.00M, Peak:0.00M | Scene, ViewLayer | Synchronizing object | right-ankle-ball
Fra:19 Mem:26.78M (Peak 26.78M) | Time:00:00.07 | Mem:0.00M, Peak:0.00M | Scene, ViewLayer | Synchronizing object | pelvis-shell-part
Fra:19 Mem:26.92M (Peak 26.92M) | Time:00:00.07 | Mem:0.00M, Peak:0.00M | Scene, ViewLayer | Synchronizing object | right-knee-ball
Fra:19 Mem:27.01M (Peak 27.01M) | Time:00:00.07 | Mem:0.00M, Peak:0.00M | Scene, ViewLayer | Synchronizing object | head-pivot-ball
Fra:19 Mem:27.14M (Peak 27.14M) | Time:00:00.07 | Mem:0.00M, Peak:0.00M | Scene, ViewLayer | Synchronizing object | left-upper-arm-shell
Fra:19 Mem:27.18M (Peak 27.18M) | Time:00:00.07 | Mem:0.00M, Peak:0.00M | Scene, ViewLayer | Synchronizing object | left-forearm-shell
Fra:19 Mem:27.34M (Peak 27.34M) | Time:00:00.07 | Mem:0.00M, Peak:0.00M | Scene, ViewLayer | Synchronizing object | right-wrist-ball
Fra:19 Mem:27.48M (Peak 27.48M) | Time:00:00.07 | Mem:0.00M, Peak:0.00M | Scene, ViewLayer | Synchronizing object | left-hand-shell
Fra:19 Mem:27.60M (Peak 27.60M) | Time:00:00.07 | Mem:0.00M, Peak:0.00M | Scene, ViewLayer | Synchronizing object | left-hip-ball
Fra:19 Mem:27.88M (Peak 27.88M) | Time:00:00.07 | Mem:0.00M, Peak:0.00M | Scene, ViewLayer | Synchronizing object | right-forearm-shell
Fra:19 Mem:28.05M (Peak 28.05M) | Time:00:00.07 | Mem:0.00M, Peak:0.00M | Scene, ViewLayer | Synchronizing object | right-thigh-shell
Fra:19 Mem:28.24M (Peak 28.24M) | Time:00:00.07 | Mem:0.00M, Peak:0.00M | Scene, ViewLayer | Synchronizing object | right-shin-shell
Fra:19 Mem:28.46M (Peak 28.46M) | Time:00:00.07 | Mem:0.00M, Peak:0.00M | Scene, ViewLayer | Synchronizing object | right-shoulder-ball
Fra:19 Mem:30.22M (Peak 30.22M) | Time:00:00.08 | Mem:0.00M, Peak:0.00M | Scene, ViewLayer | Initializing
Fra:19 Mem:25.88M (Peak 30.22M) | Time:00:00.08 | Mem:0.00M, Peak:0.00M | Scene, ViewLayer | Waiting for render to start
Fra:19 Mem:25.88M (Peak 30.22M) | Time:00:00.08 | Mem:0.00M, Peak:0.00M | Scene, ViewLayer | Updating Scene
Fra:19 Mem:25.88M (Peak 30.22M) | Time:00:00.08 | Mem:0.00M, Peak:0.00M | Scene, ViewLayer | Updating Shaders
Fra:19 Mem:25.88M (Peak 30.22M) | Time:00:00.08 | Mem:0.00M, Peak:0.00M | Scene, ViewLayer | Loading render kernels (may take a few minutes the first time)
Fra:19 Mem:25.96M (Peak 53.98M) | Time:00:00.12 | Mem:0.00M, Peak:0.00M | Scene, ViewLayer | Updating Procedurals
Fra:19 Mem:25.96M (Peak 53.98M) | Time:00:00.12 | Mem:0.00M, Peak:0.00M | Scene, ViewLayer | Updating Background
Fra:19 Mem:25.96M (Peak 53.98M) | Time:00:00.12 | Mem:0.00M, Peak:0.00M | Scene, ViewLayer | Updating Camera
Fra:19 Mem:25.96M (Peak 53.98M) | Time:00:00.12 | Mem:0.00M, Peak:0.00M | Scene, ViewLayer | Updating Meshes Flags
Fra:19 Mem:25.96M (Peak 53.98M) | Time:00:00.12 | Mem:0.00M, Peak:0.00M | Scene, ViewLayer | Updating Objects
Fra:19 Mem:25.96M (Peak 53.98M) | Time:00:00.12 | Mem:0.00M, Peak:0.00M | Scene, ViewLayer | Updating Objects | Copying Transformations to device
Fra:19 Mem:25.97M (Peak 53.98M) | Time:00:00.12 | Mem:0.01M, Peak:0.01M | Scene, ViewLayer | Updating Particle Systems
Fra:19 Mem:25.97M (Peak 53.98M) | Time:00:00.12 | Mem:0.01M, Peak:0.01M | Scene, ViewLayer | Updating Particle Systems | Copying Particles to device
Fra:19 Mem:25.97M (Peak 53.98M) | Time:00:00.12 | Mem:0.01M, Peak:0.01M | Scene, ViewLayer | Updating Meshes
Fra:19 Mem:25.97M (Peak 53.98M) | Time:00:00.12 | Mem:0.01M, Peak:0.01M | Scene, ViewLayer | Updating Objects | Applying Static Transformations
Fra:19 Mem:25.97M (Peak 53.98M) | Time:00:00.12 | Mem:0.01M, Peak:0.01M | Scene, ViewLayer | Updating Mesh | Computing attributes
Fra:19 Mem:26.31M (Peak 53.98M) | Time:00:00.12 | Mem:0.01M, Peak:0.01M | Scene, ViewLayer | Updating Mesh | Copying Attributes to device
Fra:19 Mem:26.31M (Peak 53.98M) | Time:00:00.12 | Mem:0.35M, Peak:0.35M | Scene, ViewLayer | Updating Scene BVH | Building
Fra:19 Mem:26.31M (Peak 53.98M) | Time:00:00.12 | Mem:0.35M, Peak:0.35M | Scene, ViewLayer | Updating Scene BVH | Building BVH
Fra:19 Mem:29.68M (Peak 53.98M) | Time:00:00.12 | Mem:0.35M, Peak:0.35M | Scene, ViewLayer | Updating Scene BVH | Packing BVH triangles and strands
Fra:19 Mem:29.91M (Peak 53.98M) | Time:00:00.12 | Mem:0.35M, Peak:0.35M | Scene, ViewLayer | Updating Scene BVH | Packing BVH nodes
Fra:19 Mem:29.83M (Peak 53.98M) | Time:00:00.13 | Mem:0.35M, Peak:0.35M | Scene, ViewLayer | Updating Scene BVH | Copying BVH to device
Fra:19 Mem:29.83M (Peak 53.98M) | Time:00:00.13 | Mem:2.11M, Peak:2.11M | Scene, ViewLayer | Updating Mesh | Computing normals
Fra:19 Mem:31.41M (Peak 53.98M) | Time:00:00.13 | Mem:2.11M, Peak:2.11M | Scene, ViewLayer | Updating Mesh | Copying Mesh to device
Fra:19 Mem:31.41M (Peak 53.98M) | Time:00:00.13 | Mem:3.69M, Peak:3.69M | Scene, ViewLayer | Updating Objects Flags
Fra:19 Mem:31.41M (Peak 53.98M) | Time:00:00.13 | Mem:3.69M, Peak:3.69M | Scene, ViewLayer | Updating Primitive Offsets
Fra:19 Mem:31.41M (Peak 53.98M) | Time:00:00.13 | Mem:3.69M, Peak:3.69M | Scene, ViewLayer | Updating Images
Fra:19 Mem:31.41M (Peak 53.98M) | Time:00:00.13 | Mem:3.69M, Peak:3.69M | Scene, ViewLayer | Updating Camera Volume
Fra:19 Mem:31.41M (Peak 53.98M) | Time:00:00.13 | Mem:3.69M, Peak:3.69M | Scene, ViewLayer | Updating Lookup Tables
Fra:19 Mem:31.41M (Peak 53.98M) | Time:00:00.13 | Mem:3.78M, Peak:3.78M | Scene, ViewLayer | Updating Lights
Fra:19 Mem:31.41M (Peak 53.98M) | Time:00:00.13 | Mem:3.78M, Peak:3.78M | Scene, ViewLayer | Updating Lights | Computing tree
Fra:19 Mem:31.41M (Peak 53.98M) | Time:00:00.13 | Mem:3.78M, Peak:3.78M | Scene, ViewLayer | Updating Integrator
Fra:19 Mem:31.41M (Peak 53.98M) | Time:00:00.13 | Mem:3.78M, Peak:3.78M | Scene, ViewLayer | Updating Film
Fra:19 Mem:31.42M (Peak 53.98M) | Time:00:00.13 | Mem:3.70M, Peak:3.78M | Scene, ViewLayer | Updating Lookup Tables
Fra:19 Mem:31.42M (Peak 53.98M) | Time:00:00.13 | Mem:3.78M, Peak:3.78M | Scene, ViewLayer | Updating Baking
Fra:19 Mem:31.42M (Peak 53.98M) | Time:00:00.13 | Mem:3.78M, Peak:3.78M | Scene, ViewLayer | Updating Device | Writing constant memory
Fra:19 Mem:31.42M (Peak 53.98M) | Time:00:00.13 | Mem:3.78M, Peak:3.78M | Scene, ViewLayer | Loading denoising kernels (may take a few minutes the first time)
Fra:19 Mem:35.42M (Peak 53.98M) | Time:00:00.13 | Mem:355.78M, Peak:355.78M | Scene, ViewLayer | Sample 0/24
Fra:19 Mem:78.18M (Peak 78.18M) | Time:00:00.14 | Remaining:00:00.13 | Mem:398.53M, Peak:398.53M | Scene, ViewLayer | Sample 1/24
Fra:19 Mem:96.18M (Peak 123.18M) | Time:00:01.58 | Mem:398.53M, Peak:398.53M | Scene, ViewLayer | Sample 24/24
Fra:19 Mem:96.18M (Peak 123.18M) | Time:00:01.58 | Mem:398.53M, Peak:398.53M | Scene, ViewLayer | Finished
Saved: '/home/cbsim/ws/slime-workflow/.tmp/2026-09-23_06-25-15/down_left-07.png'
Time: 00:01.70 (Saving: 00:00.03)

Fra:22 Mem:26.37M (Peak 26.37M) | Time:00:00.07 | Mem:0.00M, Peak:0.00M | Scene, ViewLayer | Synchronizing object | key
Fra:22 Mem:26.37M (Peak 26.37M) | Time:00:00.07 | Mem:0.00M, Peak:0.00M | Scene, ViewLayer | Synchronizing object | head-shell-part
Fra:22 Mem:26.37M (Peak 26.37M) | Time:00:00.07 | Mem:0.00M, Peak:0.00M | Scene, ViewLayer | Synchronizing object | neck-shell-part
Fra:22 Mem:26.50M (Peak 26.50M) | Time:00:00.07 | Mem:0.00M, Peak:0.00M | Scene, ViewLayer | Synchronizing object | chest-shell-part
Fra:22 Mem:26.52M (Peak 26.52M) | Time:00:00.07 | Mem:0.00M, Peak:0.00M | Scene, ViewLayer | Synchronizing object | right-knee-ball
Fra:22 Mem:26.81M (Peak 26.81M) | Time:00:00.07 | Mem:0.00M, Peak:0.00M | Scene, ViewLayer | Synchronizing object | waist-internal-core
Fra:22 Mem:26.95M (Peak 26.95M) | Time:00:00.07 | Mem:0.00M, Peak:0.00M | Scene, ViewLayer | Synchronizing object | chest-internal-core
Fra:22 Mem:26.95M (Peak 26.95M) | Time:00:00.07 | Mem:0.00M, Peak:0.00M | Scene, ViewLayer | Synchronizing object | left-foot-shell
Fra:22 Mem:26.99M (Peak 26.99M) | Time:00:00.07 | Mem:0.00M, Peak:0.00M | Scene, ViewLayer | Synchronizing object | left-elbow-ball
Fra:22 Mem:27.31M (Peak 27.31M) | Time:00:00.07 | Mem:0.00M, Peak:0.00M | Scene, ViewLayer | Synchronizing object | left-wrist-ball
Fra:22 Mem:27.55M (Peak 27.55M) | Time:00:00.07 | Mem:0.00M, Peak:0.00M | Scene, ViewLayer | Synchronizing object | left-ankle-ball
Fra:22 Mem:27.59M (Peak 27.59M) | Time:00:00.07 | Mem:0.00M, Peak:0.00M | Scene, ViewLayer | Synchronizing object | right-upper-arm-shell
Fra:22 Mem:27.82M (Peak 27.80M) | Time:00:00.07 | Mem:0.00M, Peak:0.00M | Scene, ViewLayer | Synchronizing object | right-forearm-shell
Fra:22 Mem:28.24M (Peak 28.24M) | Time:00:00.07 | Mem:0.00M, Peak:0.00M | Scene, ViewLayer | Synchronizing object | right-thigh-shell
Fra:22 Mem:28.20M (Peak 28.24M) | Time:00:00.07 | Mem:0.00M, Peak:0.00M | Scene, ViewLayer | Synchronizing object | right-shin-shell
Fra:22 Mem:28.29M (Peak 28.29M) | Time:00:00.07 | Mem:0.00M, Peak:0.00M | Scene, ViewLayer | Synchronizing object | right-foot-shell
Fra:22 Mem:28.43M (Peak 28.43M) | Time:00:00.08 | Mem:0.00M, Peak:0.00M | Scene, ViewLayer | Synchronizing object | right-shoulder-ball
Fra:22 Mem:28.47M (Peak 28.47M) | Time:00:00.08 | Mem:0.00M, Peak:0.00M | Scene, ViewLayer | Synchronizing object | right-elbow-ball
Fra:22 Mem:28.81M (Peak 28.81M) | Time:00:00.08 | Mem:0.00M, Peak:0.00M | Scene, ViewLayer | Synchronizing object | right-wrist-ball
Fra:22 Mem:30.22M (Peak 30.22M) | Time:00:00.08 | Mem:0.00M, Peak:0.00M | Scene, ViewLayer | Initializing
Fra:22 Mem:25.88M (Peak 30.22M) | Time:00:00.08 | Mem:0.00M, Peak:0.00M | Scene, ViewLayer | Waiting for render to start
Fra:22 Mem:25.88M (Peak 30.22M) | Time:00:00.08 | Mem:0.00M, Peak:0.00M | Scene, ViewLayer | Updating Scene
Fra:22 Mem:25.88M (Peak 30.22M) | Time:00:00.08 | Mem:0.00M, Peak:0.00M | Scene, ViewLayer | Updating Shaders
Fra:22 Mem:25.88M (Peak 30.22M) | Time:00:00.08 | Mem:0.00M, Peak:0.00M | Scene, ViewLayer | Loading render kernels (may take a few minutes the first time)
Fra:22 Mem:25.96M (Peak 53.98M) | Time:00:00.12 | Mem:0.00M, Peak:0.00M | Scene, ViewLayer | Updating Procedurals
Fra:22 Mem:25.96M (Peak 53.98M) | Time:00:00.12 | Mem:0.00M, Peak:0.00M | Scene, ViewLayer | Updating Background
Fra:22 Mem:25.96M (Peak 53.98M) | Time:00:00.12 | Mem:0.00M, Peak:0.00M | Scene, ViewLayer | Updating Camera
Fra:22 Mem:25.96M (Peak 53.98M) | Time:00:00.12 | Mem:0.00M, Peak:0.00M | Scene, ViewLayer | Updating Meshes Flags
Fra:22 Mem:25.96M (Peak 53.98M) | Time:00:00.12 | Mem:0.00M, Peak:0.00M | Scene, ViewLayer | Updating Objects
Fra:22 Mem:25.96M (Peak 53.98M) | Time:00:00.12 | Mem:0.00M, Peak:0.00M | Scene, ViewLayer | Updating Objects | Copying Transformations to device
Fra:22 Mem:25.97M (Peak 53.98M) | Time:00:00.12 | Mem:0.01M, Peak:0.01M | Scene, ViewLayer | Updating Particle Systems
Fra:22 Mem:25.97M (Peak 53.98M) | Time:00:00.12 | Mem:0.01M, Peak:0.01M | Scene, ViewLayer | Updating Particle Systems | Copying Particles to device
Fra:22 Mem:25.97M (Peak 53.98M) | Time:00:00.12 | Mem:0.01M, Peak:0.01M | Scene, ViewLayer | Updating Meshes
Fra:22 Mem:25.97M (Peak 53.98M) | Time:00:00.12 | Mem:0.01M, Peak:0.01M | Scene, ViewLayer | Updating Objects | Applying Static Transformations
Fra:22 Mem:25.97M (Peak 53.98M) | Time:00:00.12 | Mem:0.01M, Peak:0.01M | Scene, ViewLayer | Updating Mesh | Computing attributes
Fra:22 Mem:26.31M (Peak 53.98M) | Time:00:00.12 | Mem:0.01M, Peak:0.01M | Scene, ViewLayer | Updating Mesh | Copying Attributes to device
Fra:22 Mem:26.31M (Peak 53.98M) | Time:00:00.12 | Mem:0.35M, Peak:0.35M | Scene, ViewLayer | Updating Scene BVH | Building
Fra:22 Mem:26.31M (Peak 53.98M) | Time:00:00.12 | Mem:0.35M, Peak:0.35M | Scene, ViewLayer | Updating Scene BVH | Building BVH
Fra:22 Mem:29.68M (Peak 53.98M) | Time:00:00.13 | Mem:0.35M, Peak:0.35M | Scene, ViewLayer | Updating Scene BVH | Packing BVH triangles and strands
Fra:22 Mem:29.91M (Peak 53.98M) | Time:00:00.13 | Mem:0.35M, Peak:0.35M | Scene, ViewLayer | Updating Scene BVH | Packing BVH nodes
Fra:22 Mem:29.83M (Peak 53.98M) | Time:00:00.13 | Mem:0.35M, Peak:0.35M | Scene, ViewLayer | Updating Scene BVH | Copying BVH to device
Fra:22 Mem:29.83M (Peak 53.98M) | Time:00:00.13 | Mem:2.11M, Peak:2.11M | Scene, ViewLayer | Updating Mesh | Computing normals
Fra:22 Mem:31.41M (Peak 53.98M) | Time:00:00.13 | Mem:2.11M, Peak:2.11M | Scene, ViewLayer | Updating Mesh | Copying Mesh to device
Fra:22 Mem:31.41M (Peak 53.98M) | Time:00:00.13 | Mem:3.70M, Peak:3.70M | Scene, ViewLayer | Updating Objects Flags
Fra:22 Mem:31.41M (Peak 53.98M) | Time:00:00.13 | Mem:3.70M, Peak:3.70M | Scene, ViewLayer | Updating Primitive Offsets
Fra:22 Mem:31.41M (Peak 53.98M) | Time:00:00.13 | Mem:3.70M, Peak:3.70M | Scene, ViewLayer | Updating Images
Fra:22 Mem:31.41M (Peak 53.98M) | Time:00:00.13 | Mem:3.70M, Peak:3.70M | Scene, ViewLayer | Updating Camera Volume
Fra:22 Mem:31.41M (Peak 53.98M) | Time:00:00.13 | Mem:3.70M, Peak:3.70M | Scene, ViewLayer | Updating Lookup Tables
Fra:22 Mem:31.41M (Peak 53.98M) | Time:00:00.13 | Mem:3.78M, Peak:3.78M | Scene, ViewLayer | Updating Lights
Fra:22 Mem:31.41M (Peak 53.98M) | Time:00:00.13 | Mem:3.78M, Peak:3.78M | Scene, ViewLayer | Updating Lights | Computing tree
Fra:22 Mem:31.41M (Peak 53.98M) | Time:00:00.13 | Mem:3.78M, Peak:3.78M | Scene, ViewLayer | Updating Integrator
Fra:22 Mem:31.41M (Peak 53.98M) | Time:00:00.13 | Mem:3.78M, Peak:3.78M | Scene, ViewLayer | Updating Film
Fra:22 Mem:31.42M (Peak 53.98M) | Time:00:00.13 | Mem:3.70M, Peak:3.78M | Scene, ViewLayer | Updating Lookup Tables
Fra:22 Mem:31.42M (Peak 53.98M) | Time:00:00.13 | Mem:3.78M, Peak:3.78M | Scene, ViewLayer | Updating Baking
Fra:22 Mem:31.42M (Peak 53.98M) | Time:00:00.13 | Mem:3.78M, Peak:3.78M | Scene, ViewLayer | Updating Device | Writing constant memory
Fra:22 Mem:31.42M (Peak 53.98M) | Time:00:00.13 | Mem:3.78M, Peak:3.78M | Scene, ViewLayer | Loading denoising kernels (may take a few minutes the first time)
Fra:22 Mem:35.42M (Peak 53.98M) | Time:00:00.13 | Mem:355.78M, Peak:355.78M | Scene, ViewLayer | Sample 0/24
Fra:22 Mem:78.18M (Peak 78.18M) | Time:00:00.14 | Remaining:00:00.14 | Mem:398.53M, Peak:398.53M | Scene, ViewLayer | Sample 1/24
Fra:22 Mem:96.18M (Peak 123.18M) | Time:00:01.61 | Mem:398.54M, Peak:398.54M | Scene, ViewLayer | Sample 24/24
Fra:22 Mem:96.18M (Peak 123.18M) | Time:00:01.61 | Mem:398.54M, Peak:398.54M | Scene, ViewLayer | Finished
Saved: '/home/cbsim/ws/slime-workflow/.tmp/2026-09-23_06-25-15/down_left-08.png'
Time: 00:01.73 (Saving: 00:00.03)

Fra:1 Mem:26.37M (Peak 26.37M) | Time:00:00.08 | Mem:0.00M, Peak:0.00M | Scene, ViewLayer | Synchronizing object | key
Fra:1 Mem:26.37M (Peak 26.37M) | Time:00:00.08 | Mem:0.00M, Peak:0.00M | Scene, ViewLayer | Synchronizing object | neck-shell-part
Fra:1 Mem:26.37M (Peak 26.37M) | Time:00:00.08 | Mem:0.00M, Peak:0.00M | Scene, ViewLayer | Synchronizing object | chest-shell-part
Fra:1 Mem:26.43M (Peak 26.43M) | Time:00:00.08 | Mem:0.00M, Peak:0.00M | Scene, ViewLayer | Synchronizing object | abdomen-shell-part
Fra:1 Mem:26.42M (Peak 26.43M) | Time:00:00.08 | Mem:0.00M, Peak:0.00M | Scene, ViewLayer | Synchronizing object | right-knee-ball
Fra:1 Mem:26.53M (Peak 26.53M) | Time:00:00.08 | Mem:0.00M, Peak:0.00M | Scene, ViewLayer | Synchronizing object | waist-internal-core
Fra:1 Mem:26.61M (Peak 26.61M) | Time:00:00.08 | Mem:0.00M, Peak:0.00M | Scene, ViewLayer | Synchronizing object | left-forearm-shell
Fra:1 Mem:26.73M (Peak 26.73M) | Time:00:00.08 | Mem:0.00M, Peak:0.00M | Scene, ViewLayer | Synchronizing object | left-hand-shell
Fra:1 Mem:26.76M (Peak 26.76M) | Time:00:00.08 | Mem:0.00M, Peak:0.00M | Scene, ViewLayer | Synchronizing object | left-shin-shell
Fra:1 Mem:26.79M (Peak 26.79M) | Time:00:00.08 | Mem:0.00M, Peak:0.00M | Scene, ViewLayer | Synchronizing object | left-ankle-ball
Fra:1 Mem:26.85M (Peak 26.85M) | Time:00:00.08 | Mem:0.00M, Peak:0.00M | Scene, ViewLayer | Synchronizing object | right-upper-arm-shell
Fra:1 Mem:26.95M (Peak 26.95M) | Time:00:00.08 | Mem:0.00M, Peak:0.00M | Scene, ViewLayer | Synchronizing object | right-thigh-shell
Fra:1 Mem:27.31M (Peak 27.31M) | Time:00:00.08 | Mem:0.00M, Peak:0.00M | Scene, ViewLayer | Synchronizing object | right-shin-shell
Fra:1 Mem:27.39M (Peak 27.39M) | Time:00:00.08 | Mem:0.00M, Peak:0.00M | Scene, ViewLayer | Synchronizing object | right-foot-shell
Fra:1 Mem:28.03M (Peak 28.03M) | Time:00:00.08 | Mem:0.00M, Peak:0.00M | Scene, ViewLayer | Synchronizing object | right-shoulder-ball
Fra:1 Mem:28.09M (Peak 28.09M) | Time:00:00.08 | Mem:0.00M, Peak:0.00M | Scene, ViewLayer | Synchronizing object | right-wrist-ball
Fra:1 Mem:28.23M (Peak 28.23M) | Time:00:00.08 | Mem:0.00M, Peak:0.00M | Scene, ViewLayer | Synchronizing object | right-elbow-ball
Fra:1 Mem:30.22M (Peak 30.22M) | Time:00:00.08 | Mem:0.00M, Peak:0.00M | Scene, ViewLayer | Initializing
Fra:1 Mem:25.88M (Peak 30.22M) | Time:00:00.08 | Mem:0.00M, Peak:0.00M | Scene, ViewLayer | Waiting for render to start
Fra:1 Mem:25.88M (Peak 30.22M) | Time:00:00.08 | Mem:0.00M, Peak:0.00M | Scene, ViewLayer | Updating Scene
Fra:1 Mem:25.88M (Peak 30.22M) | Time:00:00.08 | Mem:0.00M, Peak:0.00M | Scene, ViewLayer | Updating Shaders
Fra:1 Mem:25.88M (Peak 30.22M) | Time:00:00.08 | Mem:0.00M, Peak:0.00M | Scene, ViewLayer | Loading render kernels (may take a few minutes the first time)
Fra:1 Mem:25.96M (Peak 53.98M) | Time:00:00.12 | Mem:0.00M, Peak:0.00M | Scene, ViewLayer | Updating Procedurals
Fra:1 Mem:25.96M (Peak 53.98M) | Time:00:00.12 | Mem:0.00M, Peak:0.00M | Scene, ViewLayer | Updating Background
Fra:1 Mem:25.96M (Peak 53.98M) | Time:00:00.12 | Mem:0.00M, Peak:0.00M | Scene, ViewLayer | Updating Camera
Fra:1 Mem:25.96M (Peak 53.98M) | Time:00:00.12 | Mem:0.00M, Peak:0.00M | Scene, ViewLayer | Updating Meshes Flags
Fra:1 Mem:25.96M (Peak 53.98M) | Time:00:00.12 | Mem:0.00M, Peak:0.00M | Scene, ViewLayer | Updating Objects
Fra:1 Mem:25.96M (Peak 53.98M) | Time:00:00.12 | Mem:0.00M, Peak:0.00M | Scene, ViewLayer | Updating Objects | Copying Transformations to device
Fra:1 Mem:25.97M (Peak 53.98M) | Time:00:00.12 | Mem:0.01M, Peak:0.01M | Scene, ViewLayer | Updating Particle Systems
Fra:1 Mem:25.97M (Peak 53.98M) | Time:00:00.12 | Mem:0.01M, Peak:0.01M | Scene, ViewLayer | Updating Particle Systems | Copying Particles to device
Fra:1 Mem:25.97M (Peak 53.98M) | Time:00:00.12 | Mem:0.01M, Peak:0.01M | Scene, ViewLayer | Updating Meshes
Fra:1 Mem:25.97M (Peak 53.98M) | Time:00:00.12 | Mem:0.01M, Peak:0.01M | Scene, ViewLayer | Updating Objects | Applying Static Transformations
Fra:1 Mem:25.97M (Peak 53.98M) | Time:00:00.12 | Mem:0.01M, Peak:0.01M | Scene, ViewLayer | Updating Mesh | Computing attributes
Fra:1 Mem:26.31M (Peak 53.98M) | Time:00:00.12 | Mem:0.01M, Peak:0.01M | Scene, ViewLayer | Updating Mesh | Copying Attributes to device
Fra:1 Mem:26.31M (Peak 53.98M) | Time:00:00.12 | Mem:0.35M, Peak:0.35M | Scene, ViewLayer | Updating Scene BVH | Building
Fra:1 Mem:26.31M (Peak 53.98M) | Time:00:00.12 | Mem:0.35M, Peak:0.35M | Scene, ViewLayer | Updating Scene BVH | Building BVH
Fra:1 Mem:29.68M (Peak 53.98M) | Time:00:00.13 | Mem:0.35M, Peak:0.35M | Scene, ViewLayer | Updating Scene BVH | Packing BVH triangles and strands
Fra:1 Mem:29.91M (Peak 53.98M) | Time:00:00.13 | Mem:0.35M, Peak:0.35M | Scene, ViewLayer | Updating Scene BVH | Packing BVH nodes
Fra:1 Mem:29.84M (Peak 53.98M) | Time:00:00.13 | Mem:0.35M, Peak:0.35M | Scene, ViewLayer | Updating Scene BVH | Copying BVH to device
Fra:1 Mem:29.84M (Peak 53.98M) | Time:00:00.13 | Mem:2.12M, Peak:2.12M | Scene, ViewLayer | Updating Mesh | Computing normals
Fra:1 Mem:31.42M (Peak 53.98M) | Time:00:00.13 | Mem:2.12M, Peak:2.12M | Scene, ViewLayer | Updating Mesh | Copying Mesh to device
Fra:1 Mem:31.42M (Peak 53.98M) | Time:00:00.13 | Mem:3.70M, Peak:3.70M | Scene, ViewLayer | Updating Objects Flags
Fra:1 Mem:31.42M (Peak 53.98M) | Time:00:00.13 | Mem:3.70M, Peak:3.70M | Scene, ViewLayer | Updating Primitive Offsets
Fra:1 Mem:31.42M (Peak 53.98M) | Time:00:00.13 | Mem:3.70M, Peak:3.70M | Scene, ViewLayer | Updating Images
Fra:1 Mem:31.42M (Peak 53.98M) | Time:00:00.13 | Mem:3.70M, Peak:3.70M | Scene, ViewLayer | Updating Camera Volume
Fra:1 Mem:31.42M (Peak 53.98M) | Time:00:00.13 | Mem:3.70M, Peak:3.70M | Scene, ViewLayer | Updating Lookup Tables
Fra:1 Mem:31.42M (Peak 53.98M) | Time:00:00.13 | Mem:3.78M, Peak:3.78M | Scene, ViewLayer | Updating Lights
Fra:1 Mem:31.42M (Peak 53.98M) | Time:00:00.13 | Mem:3.78M, Peak:3.78M | Scene, ViewLayer | Updating Lights | Computing tree
Fra:1 Mem:31.42M (Peak 53.98M) | Time:00:00.13 | Mem:3.78M, Peak:3.78M | Scene, ViewLayer | Updating Integrator
Fra:1 Mem:31.42M (Peak 53.98M) | Time:00:00.13 | Mem:3.78M, Peak:3.78M | Scene, ViewLayer | Updating Film
Fra:1 Mem:31.42M (Peak 53.98M) | Time:00:00.13 | Mem:3.70M, Peak:3.78M | Scene, ViewLayer | Updating Lookup Tables
Fra:1 Mem:31.42M (Peak 53.98M) | Time:00:00.13 | Mem:3.78M, Peak:3.78M | Scene, ViewLayer | Updating Baking
Fra:1 Mem:31.42M (Peak 53.98M) | Time:00:00.13 | Mem:3.78M, Peak:3.78M | Scene, ViewLayer | Updating Device | Writing constant memory
Fra:1 Mem:31.43M (Peak 53.98M) | Time:00:00.13 | Mem:3.78M, Peak:3.78M | Scene, ViewLayer | Loading denoising kernels (may take a few minutes the first time)
Fra:1 Mem:35.43M (Peak 53.98M) | Time:00:00.13 | Mem:355.78M, Peak:355.78M | Scene, ViewLayer | Sample 0/24
Fra:1 Mem:78.18M (Peak 78.18M) | Time:00:00.14 | Remaining:00:00.14 | Mem:398.54M, Peak:398.54M | Scene, ViewLayer | Sample 1/24
2026-09-23T06:30:38+0900/hunyuan-rig/heartbeat {'stage': 'down_right', 'frame': 1} images=36
Fra:1 Mem:96.19M (Peak 123.19M) | Time:00:01.58 | Mem:398.54M, Peak:398.54M | Scene, ViewLayer | Sample 24/24
Fra:1 Mem:96.19M (Peak 123.19M) | Time:00:01.58 | Mem:398.54M, Peak:398.54M | Scene, ViewLayer | Finished
Saved: '/home/cbsim/ws/slime-workflow/.tmp/2026-09-23_06-25-15/down_right-01.png'
Time: 00:01.71 (Saving: 00:00.04)

Fra:4 Mem:26.37M (Peak 26.37M) | Time:00:00.07 | Mem:0.00M, Peak:0.00M | Scene, ViewLayer | Synchronizing object | key
Fra:4 Mem:26.37M (Peak 26.37M) | Time:00:00.08 | Mem:0.00M, Peak:0.00M | Scene, ViewLayer | Synchronizing object | fill
Fra:4 Mem:26.37M (Peak 26.37M) | Time:00:00.08 | Mem:0.00M, Peak:0.00M | Scene, ViewLayer | Synchronizing object | neck-shell-part
Fra:4 Mem:26.37M (Peak 26.37M) | Time:00:00.08 | Mem:0.00M, Peak:0.00M | Scene, ViewLayer | Synchronizing object | waist-internal-core
Fra:4 Mem:26.39M (Peak 26.39M) | Time:00:00.08 | Mem:0.00M, Peak:0.00M | Scene, ViewLayer | Synchronizing object | left-foot-shell
Fra:4 Mem:26.43M (Peak 26.43M) | Time:00:00.08 | Mem:0.00M, Peak:0.00M | Scene, ViewLayer | Synchronizing object | left-elbow-ball
Fra:4 Mem:26.49M (Peak 26.49M) | Time:00:00.08 | Mem:0.00M, Peak:0.00M | Scene, ViewLayer | Synchronizing object | left-knee-ball
Fra:4 Mem:26.68M (Peak 26.68M) | Time:00:00.08 | Mem:0.00M, Peak:0.00M | Scene, ViewLayer | Synchronizing object | right-forearm-shell
Fra:4 Mem:26.68M (Peak 26.68M) | Time:00:00.08 | Mem:0.00M, Peak:0.00M | Scene, ViewLayer | Synchronizing object | right-foot-shell
Fra:4 Mem:26.76M (Peak 26.76M) | Time:00:00.08 | Mem:0.00M, Peak:0.00M | Scene, ViewLayer | Synchronizing object | right-shoulder-ball
Fra:4 Mem:26.91M (Peak 26.91M) | Time:00:00.08 | Mem:0.00M, Peak:0.00M | Scene, ViewLayer | Synchronizing object | right-elbow-ball
Fra:4 Mem:27.04M (Peak 27.04M) | Time:00:00.08 | Mem:0.00M, Peak:0.00M | Scene, ViewLayer | Synchronizing object | right-wrist-ball
Fra:4 Mem:27.16M (Peak 27.16M) | Time:00:00.08 | Mem:0.00M, Peak:0.00M | Scene, ViewLayer | Synchronizing object | right-hip-ball
Fra:4 Mem:27.22M (Peak 27.22M) | Time:00:00.08 | Mem:0.00M, Peak:0.00M | Scene, ViewLayer | Synchronizing object | right-knee-ball
Fra:4 Mem:30.22M (Peak 30.22M) | Time:00:00.08 | Mem:0.00M, Peak:0.00M | Scene, ViewLayer | Initializing
Fra:4 Mem:25.88M (Peak 30.22M) | Time:00:00.08 | Mem:0.00M, Peak:0.00M | Scene, ViewLayer | Waiting for render to start
Fra:4 Mem:25.88M (Peak 30.22M) | Time:00:00.08 | Mem:0.00M, Peak:0.00M | Scene, ViewLayer | Updating Scene
Fra:4 Mem:25.88M (Peak 30.22M) | Time:00:00.08 | Mem:0.00M, Peak:0.00M | Scene, ViewLayer | Updating Shaders
Fra:4 Mem:25.88M (Peak 30.22M) | Time:00:00.08 | Mem:0.00M, Peak:0.00M | Scene, ViewLayer | Loading render kernels (may take a few minutes the first time)
Fra:4 Mem:25.96M (Peak 53.98M) | Time:00:00.12 | Mem:0.00M, Peak:0.00M | Scene, ViewLayer | Updating Procedurals
Fra:4 Mem:25.96M (Peak 53.98M) | Time:00:00.12 | Mem:0.00M, Peak:0.00M | Scene, ViewLayer | Updating Background
Fra:4 Mem:25.96M (Peak 53.98M) | Time:00:00.12 | Mem:0.00M, Peak:0.00M | Scene, ViewLayer | Updating Camera
Fra:4 Mem:25.96M (Peak 53.98M) | Time:00:00.12 | Mem:0.00M, Peak:0.00M | Scene, ViewLayer | Updating Meshes Flags
Fra:4 Mem:25.96M (Peak 53.98M) | Time:00:00.12 | Mem:0.00M, Peak:0.00M | Scene, ViewLayer | Updating Objects
Fra:4 Mem:25.96M (Peak 53.98M) | Time:00:00.12 | Mem:0.00M, Peak:0.00M | Scene, ViewLayer | Updating Objects | Copying Transformations to device
Fra:4 Mem:25.97M (Peak 53.98M) | Time:00:00.12 | Mem:0.01M, Peak:0.01M | Scene, ViewLayer | Updating Particle Systems
Fra:4 Mem:25.97M (Peak 53.98M) | Time:00:00.12 | Mem:0.01M, Peak:0.01M | Scene, ViewLayer | Updating Particle Systems | Copying Particles to device
Fra:4 Mem:25.97M (Peak 53.98M) | Time:00:00.12 | Mem:0.01M, Peak:0.01M | Scene, ViewLayer | Updating Meshes
Fra:4 Mem:25.97M (Peak 53.98M) | Time:00:00.12 | Mem:0.01M, Peak:0.01M | Scene, ViewLayer | Updating Objects | Applying Static Transformations
Fra:4 Mem:25.97M (Peak 53.98M) | Time:00:00.12 | Mem:0.01M, Peak:0.01M | Scene, ViewLayer | Updating Mesh | Computing attributes
Fra:4 Mem:26.31M (Peak 53.98M) | Time:00:00.12 | Mem:0.01M, Peak:0.01M | Scene, ViewLayer | Updating Mesh | Copying Attributes to device
Fra:4 Mem:26.31M (Peak 53.98M) | Time:00:00.12 | Mem:0.35M, Peak:0.35M | Scene, ViewLayer | Updating Scene BVH | Building
Fra:4 Mem:26.31M (Peak 53.98M) | Time:00:00.12 | Mem:0.35M, Peak:0.35M | Scene, ViewLayer | Updating Scene BVH | Building BVH
Fra:4 Mem:29.68M (Peak 53.98M) | Time:00:00.13 | Mem:0.35M, Peak:0.35M | Scene, ViewLayer | Updating Scene BVH | Packing BVH triangles and strands
Fra:4 Mem:29.91M (Peak 53.98M) | Time:00:00.13 | Mem:0.35M, Peak:0.35M | Scene, ViewLayer | Updating Scene BVH | Packing BVH nodes
Fra:4 Mem:29.83M (Peak 53.98M) | Time:00:00.13 | Mem:0.35M, Peak:0.35M | Scene, ViewLayer | Updating Scene BVH | Copying BVH to device
Fra:4 Mem:29.83M (Peak 53.98M) | Time:00:00.13 | Mem:2.11M, Peak:2.11M | Scene, ViewLayer | Updating Mesh | Computing normals
Fra:4 Mem:31.41M (Peak 53.98M) | Time:00:00.13 | Mem:2.11M, Peak:2.11M | Scene, ViewLayer | Updating Mesh | Copying Mesh to device
Fra:4 Mem:31.41M (Peak 53.98M) | Time:00:00.13 | Mem:3.69M, Peak:3.69M | Scene, ViewLayer | Updating Objects Flags
Fra:4 Mem:31.41M (Peak 53.98M) | Time:00:00.13 | Mem:3.69M, Peak:3.69M | Scene, ViewLayer | Updating Primitive Offsets
Fra:4 Mem:31.41M (Peak 53.98M) | Time:00:00.13 | Mem:3.69M, Peak:3.69M | Scene, ViewLayer | Updating Images
Fra:4 Mem:31.41M (Peak 53.98M) | Time:00:00.13 | Mem:3.69M, Peak:3.69M | Scene, ViewLayer | Updating Camera Volume
Fra:4 Mem:31.41M (Peak 53.98M) | Time:00:00.13 | Mem:3.69M, Peak:3.69M | Scene, ViewLayer | Updating Lookup Tables
Fra:4 Mem:31.41M (Peak 53.98M) | Time:00:00.13 | Mem:3.77M, Peak:3.77M | Scene, ViewLayer | Updating Lights
Fra:4 Mem:31.41M (Peak 53.98M) | Time:00:00.13 | Mem:3.77M, Peak:3.77M | Scene, ViewLayer | Updating Lights | Computing tree
Fra:4 Mem:31.41M (Peak 53.98M) | Time:00:00.13 | Mem:3.77M, Peak:3.77M | Scene, ViewLayer | Updating Integrator
Fra:4 Mem:31.41M (Peak 53.98M) | Time:00:00.13 | Mem:3.77M, Peak:3.77M | Scene, ViewLayer | Updating Film
Fra:4 Mem:31.41M (Peak 53.98M) | Time:00:00.13 | Mem:3.69M, Peak:3.77M | Scene, ViewLayer | Updating Lookup Tables
Fra:4 Mem:31.41M (Peak 53.98M) | Time:00:00.13 | Mem:3.78M, Peak:3.78M | Scene, ViewLayer | Updating Baking
Fra:4 Mem:31.41M (Peak 53.98M) | Time:00:00.13 | Mem:3.78M, Peak:3.78M | Scene, ViewLayer | Updating Device | Writing constant memory
Fra:4 Mem:31.42M (Peak 53.98M) | Time:00:00.13 | Mem:3.78M, Peak:3.78M | Scene, ViewLayer | Loading denoising kernels (may take a few minutes the first time)
Fra:4 Mem:35.42M (Peak 53.98M) | Time:00:00.14 | Mem:355.78M, Peak:355.78M | Scene, ViewLayer | Sample 0/24
Fra:4 Mem:78.17M (Peak 78.17M) | Time:00:00.14 | Remaining:00:00.13 | Mem:398.53M, Peak:398.53M | Scene, ViewLayer | Sample 1/24
Fra:4 Mem:96.18M (Peak 123.18M) | Time:00:01.58 | Mem:398.53M, Peak:398.53M | Scene, ViewLayer | Sample 24/24
Fra:4 Mem:96.18M (Peak 123.18M) | Time:00:01.58 | Mem:398.53M, Peak:398.53M | Scene, ViewLayer | Finished
Saved: '/home/cbsim/ws/slime-workflow/.tmp/2026-09-23_06-25-15/down_right-02.png'
Time: 00:01.70 (Saving: 00:00.03)

Fra:7 Mem:26.37M (Peak 26.37M) | Time:00:00.08 | Mem:0.00M, Peak:0.00M | Scene, ViewLayer | Synchronizing object | key
Fra:7 Mem:26.37M (Peak 26.37M) | Time:00:00.08 | Mem:0.00M, Peak:0.00M | Scene, ViewLayer | Synchronizing object | chest-shell-part
Fra:7 Mem:26.37M (Peak 26.37M) | Time:00:00.08 | Mem:0.00M, Peak:0.00M | Scene, ViewLayer | Synchronizing object | abdomen-shell-part
Fra:7 Mem:26.46M (Peak 26.46M) | Time:00:00.08 | Mem:0.00M, Peak:0.00M | Scene, ViewLayer | Synchronizing object | pelvis-shell-part
Fra:7 Mem:26.48M (Peak 26.48M) | Time:00:00.08 | Mem:0.00M, Peak:0.00M | Scene, ViewLayer | Synchronizing object | waist-internal-core
Fra:7 Mem:26.59M (Peak 26.59M) | Time:00:00.08 | Mem:0.00M, Peak:0.00M | Scene, ViewLayer | Synchronizing object | left-foot-shell
Fra:7 Mem:26.75M (Peak 26.75M) | Time:00:00.08 | Mem:0.00M, Peak:0.00M | Scene, ViewLayer | Synchronizing object | left-wrist-ball
Fra:7 Mem:26.99M (Peak 26.99M) | Time:00:00.08 | Mem:0.00M, Peak:0.00M | Scene, ViewLayer | Synchronizing object | left-knee-ball
Fra:7 Mem:27.01M (Peak 27.01M) | Time:00:00.08 | Mem:0.00M, Peak:0.00M | Scene, ViewLayer | Synchronizing object | right-forearm-shell
Fra:7 Mem:27.04M (Peak 27.04M) | Time:00:00.08 | Mem:0.00M, Peak:0.00M | Scene, ViewLayer | Synchronizing object | right-thigh-shell
Fra:7 Mem:27.04M (Peak 27.04M) | Time:00:00.08 | Mem:0.00M, Peak:0.00M | Scene, ViewLayer | Synchronizing object | right-shin-shell
Fra:7 Mem:27.35M (Peak 27.35M) | Time:00:00.08 | Mem:0.00M, Peak:0.00M | Scene, ViewLayer | Synchronizing object | right-foot-shell
Fra:7 Mem:28.07M (Peak 28.07M) | Time:00:00.08 | Mem:0.00M, Peak:0.00M | Scene, ViewLayer | Synchronizing object | right-shoulder-ball
Fra:7 Mem:28.20M (Peak 28.20M) | Time:00:00.08 | Mem:0.00M, Peak:0.00M | Scene, ViewLayer | Synchronizing object | right-elbow-ball
Fra:7 Mem:28.28M (Peak 28.28M) | Time:00:00.08 | Mem:0.00M, Peak:0.00M | Scene, ViewLayer | Synchronizing object | right-hip-ball
Fra:7 Mem:28.44M (Peak 28.44M) | Time:00:00.08 | Mem:0.00M, Peak:0.00M | Scene, ViewLayer | Synchronizing object | right-knee-ball
Fra:7 Mem:30.22M (Peak 30.22M) | Time:00:00.08 | Mem:0.00M, Peak:0.00M | Scene, ViewLayer | Initializing
Fra:7 Mem:25.88M (Peak 30.22M) | Time:00:00.08 | Mem:0.00M, Peak:0.00M | Scene, ViewLayer | Waiting for render to start
Fra:7 Mem:25.88M (Peak 30.22M) | Time:00:00.08 | Mem:0.00M, Peak:0.00M | Scene, ViewLayer | Updating Scene
Fra:7 Mem:25.88M (Peak 30.22M) | Time:00:00.08 | Mem:0.00M, Peak:0.00M | Scene, ViewLayer | Updating Shaders
Fra:7 Mem:25.88M (Peak 30.22M) | Time:00:00.08 | Mem:0.00M, Peak:0.00M | Scene, ViewLayer | Loading render kernels (may take a few minutes the first time)
Fra:7 Mem:25.96M (Peak 53.98M) | Time:00:00.12 | Mem:0.00M, Peak:0.00M | Scene, ViewLayer | Updating Procedurals
Fra:7 Mem:25.96M (Peak 53.98M) | Time:00:00.12 | Mem:0.00M, Peak:0.00M | Scene, ViewLayer | Updating Background
Fra:7 Mem:25.96M (Peak 53.98M) | Time:00:00.12 | Mem:0.00M, Peak:0.00M | Scene, ViewLayer | Updating Camera
Fra:7 Mem:25.96M (Peak 53.98M) | Time:00:00.12 | Mem:0.00M, Peak:0.00M | Scene, ViewLayer | Updating Meshes Flags
Fra:7 Mem:25.96M (Peak 53.98M) | Time:00:00.12 | Mem:0.00M, Peak:0.00M | Scene, ViewLayer | Updating Objects
Fra:7 Mem:25.96M (Peak 53.98M) | Time:00:00.12 | Mem:0.00M, Peak:0.00M | Scene, ViewLayer | Updating Objects | Copying Transformations to device
Fra:7 Mem:25.97M (Peak 53.98M) | Time:00:00.12 | Mem:0.01M, Peak:0.01M | Scene, ViewLayer | Updating Particle Systems
Fra:7 Mem:25.97M (Peak 53.98M) | Time:00:00.12 | Mem:0.01M, Peak:0.01M | Scene, ViewLayer | Updating Particle Systems | Copying Particles to device
Fra:7 Mem:25.97M (Peak 53.98M) | Time:00:00.12 | Mem:0.01M, Peak:0.01M | Scene, ViewLayer | Updating Meshes
Fra:7 Mem:25.97M (Peak 53.98M) | Time:00:00.12 | Mem:0.01M, Peak:0.01M | Scene, ViewLayer | Updating Objects | Applying Static Transformations
Fra:7 Mem:25.97M (Peak 53.98M) | Time:00:00.12 | Mem:0.01M, Peak:0.01M | Scene, ViewLayer | Updating Mesh | Computing attributes
Fra:7 Mem:26.31M (Peak 53.98M) | Time:00:00.12 | Mem:0.01M, Peak:0.01M | Scene, ViewLayer | Updating Mesh | Copying Attributes to device
Fra:7 Mem:26.31M (Peak 53.98M) | Time:00:00.12 | Mem:0.35M, Peak:0.35M | Scene, ViewLayer | Updating Scene BVH | Building
Fra:7 Mem:26.31M (Peak 53.98M) | Time:00:00.12 | Mem:0.35M, Peak:0.35M | Scene, ViewLayer | Updating Scene BVH | Building BVH
Fra:7 Mem:29.68M (Peak 53.98M) | Time:00:00.13 | Mem:0.35M, Peak:0.35M | Scene, ViewLayer | Updating Scene BVH | Packing BVH triangles and strands
Fra:7 Mem:29.91M (Peak 53.98M) | Time:00:00.13 | Mem:0.35M, Peak:0.35M | Scene, ViewLayer | Updating Scene BVH | Packing BVH nodes
Fra:7 Mem:29.83M (Peak 53.98M) | Time:00:00.13 | Mem:0.35M, Peak:0.35M | Scene, ViewLayer | Updating Scene BVH | Copying BVH to device
Fra:7 Mem:29.83M (Peak 53.98M) | Time:00:00.13 | Mem:2.11M, Peak:2.11M | Scene, ViewLayer | Updating Mesh | Computing normals
Fra:7 Mem:31.41M (Peak 53.98M) | Time:00:00.13 | Mem:2.11M, Peak:2.11M | Scene, ViewLayer | Updating Mesh | Copying Mesh to device
Fra:7 Mem:31.41M (Peak 53.98M) | Time:00:00.13 | Mem:3.69M, Peak:3.69M | Scene, ViewLayer | Updating Objects Flags
Fra:7 Mem:31.41M (Peak 53.98M) | Time:00:00.13 | Mem:3.69M, Peak:3.69M | Scene, ViewLayer | Updating Primitive Offsets
Fra:7 Mem:31.41M (Peak 53.98M) | Time:00:00.13 | Mem:3.69M, Peak:3.69M | Scene, ViewLayer | Updating Images
Fra:7 Mem:31.41M (Peak 53.98M) | Time:00:00.13 | Mem:3.69M, Peak:3.69M | Scene, ViewLayer | Updating Camera Volume
Fra:7 Mem:31.41M (Peak 53.98M) | Time:00:00.13 | Mem:3.69M, Peak:3.69M | Scene, ViewLayer | Updating Lookup Tables
Fra:7 Mem:31.41M (Peak 53.98M) | Time:00:00.13 | Mem:3.78M, Peak:3.78M | Scene, ViewLayer | Updating Lights
Fra:7 Mem:31.41M (Peak 53.98M) | Time:00:00.13 | Mem:3.78M, Peak:3.78M | Scene, ViewLayer | Updating Lights | Computing tree
Fra:7 Mem:31.41M (Peak 53.98M) | Time:00:00.13 | Mem:3.78M, Peak:3.78M | Scene, ViewLayer | Updating Integrator
Fra:7 Mem:31.41M (Peak 53.98M) | Time:00:00.13 | Mem:3.78M, Peak:3.78M | Scene, ViewLayer | Updating Film
Fra:7 Mem:31.42M (Peak 53.98M) | Time:00:00.13 | Mem:3.70M, Peak:3.78M | Scene, ViewLayer | Updating Lookup Tables
Fra:7 Mem:31.42M (Peak 53.98M) | Time:00:00.13 | Mem:3.78M, Peak:3.78M | Scene, ViewLayer | Updating Baking
Fra:7 Mem:31.42M (Peak 53.98M) | Time:00:00.13 | Mem:3.78M, Peak:3.78M | Scene, ViewLayer | Updating Device | Writing constant memory
Fra:7 Mem:31.42M (Peak 53.98M) | Time:00:00.13 | Mem:3.78M, Peak:3.78M | Scene, ViewLayer | Loading denoising kernels (may take a few minutes the first time)
Fra:7 Mem:35.42M (Peak 53.98M) | Time:00:00.13 | Mem:355.78M, Peak:355.78M | Scene, ViewLayer | Sample 0/24
Fra:7 Mem:78.17M (Peak 78.17M) | Time:00:00.14 | Remaining:00:00.13 | Mem:398.53M, Peak:398.53M | Scene, ViewLayer | Sample 1/24
Fra:7 Mem:96.18M (Peak 123.18M) | Time:00:01.62 | Mem:398.53M, Peak:398.53M | Scene, ViewLayer | Sample 24/24
Fra:7 Mem:96.18M (Peak 123.18M) | Time:00:01.62 | Mem:398.53M, Peak:398.53M | Scene, ViewLayer | Finished
Saved: '/home/cbsim/ws/slime-workflow/.tmp/2026-09-23_06-25-15/down_right-03.png'
Time: 00:01.74 (Saving: 00:00.03)

Fra:10 Mem:26.37M (Peak 26.37M) | Time:00:00.08 | Mem:0.00M, Peak:0.00M | Scene, ViewLayer | Synchronizing object | key
Fra:10 Mem:26.37M (Peak 26.37M) | Time:00:00.08 | Mem:0.00M, Peak:0.00M | Scene, ViewLayer | Synchronizing object | neck-shell-part
Fra:10 Mem:26.38M (Peak 26.38M) | Time:00:00.08 | Mem:0.00M, Peak:0.00M | Scene, ViewLayer | Synchronizing object | abdomen-shell-part
Fra:10 Mem:26.39M (Peak 26.39M) | Time:00:00.08 | Mem:0.00M, Peak:0.00M | Scene, ViewLayer | Synchronizing object | right-ankle-ball
Fra:10 Mem:26.53M (Peak 26.53M) | Time:00:00.08 | Mem:0.00M, Peak:0.00M | Scene, ViewLayer | Synchronizing object | right-knee-ball
Fra:10 Mem:26.70M (Peak 26.76M) | Time:00:00.08 | Mem:0.00M, Peak:0.00M | Scene, ViewLayer | Synchronizing object | left-foot-shell
Fra:10 Mem:26.87M (Peak 26.87M) | Time:00:00.08 | Mem:0.00M, Peak:0.00M | Scene, ViewLayer | Synchronizing object | left-hip-ball
Fra:10 Mem:26.90M (Peak 26.90M) | Time:00:00.08 | Mem:0.00M, Peak:0.00M | Scene, ViewLayer | Synchronizing object | left-knee-ball
Fra:10 Mem:26.93M (Peak 26.93M) | Time:00:00.08 | Mem:0.00M, Peak:0.00M | Scene, ViewLayer | Synchronizing object | right-hip-ball
Fra:10 Mem:27.00M (Peak 27.00M) | Time:00:00.08 | Mem:0.00M, Peak:0.00M | Scene, ViewLayer | Synchronizing object | right-wrist-ball
Fra:10 Mem:27.04M (Peak 27.04M) | Time:00:00.08 | Mem:0.00M, Peak:0.00M | Scene, ViewLayer | Synchronizing object | right-upper-arm-shell
Fra:10 Mem:27.09M (Peak 27.09M) | Time:00:00.08 | Mem:0.00M, Peak:0.00M | Scene, ViewLayer | Synchronizing object | right-elbow-ball
Fra:10 Mem:27.18M (Peak 27.18M) | Time:00:00.08 | Mem:0.00M, Peak:0.00M | Scene, ViewLayer | Synchronizing object | right-forearm-shell
Fra:10 Mem:27.65M (Peak 27.65M) | Time:00:00.08 | Mem:0.00M, Peak:0.00M | Scene, ViewLayer | Synchronizing object | right-hand-shell
Fra:10 Mem:27.74M (Peak 27.74M) | Time:00:00.08 | Mem:0.00M, Peak:0.00M | Scene, ViewLayer | Synchronizing object | right-thigh-shell
Fra:10 Mem:28.09M (Peak 28.09M) | Time:00:00.08 | Mem:0.00M, Peak:0.00M | Scene, ViewLayer | Synchronizing object | right-shin-shell
Fra:10 Mem:28.45M (Peak 28.45M) | Time:00:00.08 | Mem:0.00M, Peak:0.00M | Scene, ViewLayer | Synchronizing object | right-foot-shell
Fra:10 Mem:28.77M (Peak 28.77M) | Time:00:00.08 | Mem:0.00M, Peak:0.00M | Scene, ViewLayer | Synchronizing object | right-shoulder-ball
Fra:10 Mem:30.22M (Peak 30.22M) | Time:00:00.08 | Mem:0.00M, Peak:0.00M | Scene, ViewLayer | Initializing
Fra:10 Mem:25.88M (Peak 30.22M) | Time:00:00.08 | Mem:0.00M, Peak:0.00M | Scene, ViewLayer | Waiting for render to start
Fra:10 Mem:25.88M (Peak 30.22M) | Time:00:00.08 | Mem:0.00M, Peak:0.00M | Scene, ViewLayer | Updating Scene
Fra:10 Mem:25.88M (Peak 30.22M) | Time:00:00.08 | Mem:0.00M, Peak:0.00M | Scene, ViewLayer | Updating Shaders
Fra:10 Mem:25.88M (Peak 30.22M) | Time:00:00.08 | Mem:0.00M, Peak:0.00M | Scene, ViewLayer | Loading render kernels (may take a few minutes the first time)
Fra:10 Mem:25.96M (Peak 53.98M) | Time:00:00.12 | Mem:0.00M, Peak:0.00M | Scene, ViewLayer | Updating Procedurals
Fra:10 Mem:25.96M (Peak 53.98M) | Time:00:00.12 | Mem:0.00M, Peak:0.00M | Scene, ViewLayer | Updating Background
Fra:10 Mem:25.96M (Peak 53.98M) | Time:00:00.12 | Mem:0.00M, Peak:0.00M | Scene, ViewLayer | Updating Camera
Fra:10 Mem:25.96M (Peak 53.98M) | Time:00:00.12 | Mem:0.00M, Peak:0.00M | Scene, ViewLayer | Updating Meshes Flags
Fra:10 Mem:25.96M (Peak 53.98M) | Time:00:00.12 | Mem:0.00M, Peak:0.00M | Scene, ViewLayer | Updating Objects
Fra:10 Mem:25.96M (Peak 53.98M) | Time:00:00.12 | Mem:0.00M, Peak:0.00M | Scene, ViewLayer | Updating Objects | Copying Transformations to device
Fra:10 Mem:25.97M (Peak 53.98M) | Time:00:00.12 | Mem:0.01M, Peak:0.01M | Scene, ViewLayer | Updating Particle Systems
Fra:10 Mem:25.97M (Peak 53.98M) | Time:00:00.12 | Mem:0.01M, Peak:0.01M | Scene, ViewLayer | Updating Particle Systems | Copying Particles to device
Fra:10 Mem:25.97M (Peak 53.98M) | Time:00:00.12 | Mem:0.01M, Peak:0.01M | Scene, ViewLayer | Updating Meshes
Fra:10 Mem:25.97M (Peak 53.98M) | Time:00:00.12 | Mem:0.01M, Peak:0.01M | Scene, ViewLayer | Updating Objects | Applying Static Transformations
Fra:10 Mem:25.97M (Peak 53.98M) | Time:00:00.12 | Mem:0.01M, Peak:0.01M | Scene, ViewLayer | Updating Mesh | Computing attributes
Fra:10 Mem:26.31M (Peak 53.98M) | Time:00:00.12 | Mem:0.01M, Peak:0.01M | Scene, ViewLayer | Updating Mesh | Copying Attributes to device
Fra:10 Mem:26.31M (Peak 53.98M) | Time:00:00.12 | Mem:0.35M, Peak:0.35M | Scene, ViewLayer | Updating Scene BVH | Building
Fra:10 Mem:26.31M (Peak 53.98M) | Time:00:00.12 | Mem:0.35M, Peak:0.35M | Scene, ViewLayer | Updating Scene BVH | Building BVH
Fra:10 Mem:29.68M (Peak 53.98M) | Time:00:00.13 | Mem:0.35M, Peak:0.35M | Scene, ViewLayer | Updating Scene BVH | Packing BVH triangles and strands
Fra:10 Mem:29.91M (Peak 53.98M) | Time:00:00.13 | Mem:0.35M, Peak:0.35M | Scene, ViewLayer | Updating Scene BVH | Packing BVH nodes
Fra:10 Mem:29.83M (Peak 53.98M) | Time:00:00.13 | Mem:0.35M, Peak:0.35M | Scene, ViewLayer | Updating Scene BVH | Copying BVH to device
Fra:10 Mem:29.83M (Peak 53.98M) | Time:00:00.13 | Mem:2.11M, Peak:2.11M | Scene, ViewLayer | Updating Mesh | Computing normals
Fra:10 Mem:31.41M (Peak 53.98M) | Time:00:00.13 | Mem:2.11M, Peak:2.11M | Scene, ViewLayer | Updating Mesh | Copying Mesh to device
Fra:10 Mem:31.41M (Peak 53.98M) | Time:00:00.13 | Mem:3.69M, Peak:3.69M | Scene, ViewLayer | Updating Objects Flags
Fra:10 Mem:31.41M (Peak 53.98M) | Time:00:00.13 | Mem:3.69M, Peak:3.69M | Scene, ViewLayer | Updating Primitive Offsets
Fra:10 Mem:31.41M (Peak 53.98M) | Time:00:00.13 | Mem:3.69M, Peak:3.69M | Scene, ViewLayer | Updating Images
Fra:10 Mem:31.41M (Peak 53.98M) | Time:00:00.13 | Mem:3.69M, Peak:3.69M | Scene, ViewLayer | Updating Camera Volume
Fra:10 Mem:31.41M (Peak 53.98M) | Time:00:00.13 | Mem:3.69M, Peak:3.69M | Scene, ViewLayer | Updating Lookup Tables
Fra:10 Mem:31.41M (Peak 53.98M) | Time:00:00.13 | Mem:3.77M, Peak:3.77M | Scene, ViewLayer | Updating Lights
Fra:10 Mem:31.41M (Peak 53.98M) | Time:00:00.13 | Mem:3.77M, Peak:3.77M | Scene, ViewLayer | Updating Lights | Computing tree
Fra:10 Mem:31.41M (Peak 53.98M) | Time:00:00.13 | Mem:3.78M, Peak:3.78M | Scene, ViewLayer | Updating Integrator
Fra:10 Mem:31.41M (Peak 53.98M) | Time:00:00.13 | Mem:3.78M, Peak:3.78M | Scene, ViewLayer | Updating Film
Fra:10 Mem:31.41M (Peak 53.98M) | Time:00:00.13 | Mem:3.69M, Peak:3.78M | Scene, ViewLayer | Updating Lookup Tables
Fra:10 Mem:31.41M (Peak 53.98M) | Time:00:00.13 | Mem:3.78M, Peak:3.78M | Scene, ViewLayer | Updating Baking
Fra:10 Mem:31.41M (Peak 53.98M) | Time:00:00.13 | Mem:3.78M, Peak:3.78M | Scene, ViewLayer | Updating Device | Writing constant memory
Fra:10 Mem:31.42M (Peak 53.98M) | Time:00:00.13 | Mem:3.78M, Peak:3.78M | Scene, ViewLayer | Loading denoising kernels (may take a few minutes the first time)
Fra:10 Mem:35.42M (Peak 53.98M) | Time:00:00.13 | Mem:355.78M, Peak:355.78M | Scene, ViewLayer | Sample 0/24
Fra:10 Mem:78.17M (Peak 78.17M) | Time:00:00.14 | Remaining:00:00.13 | Mem:398.53M, Peak:398.53M | Scene, ViewLayer | Sample 1/24
2026-09-23T06:30:43+0900/hunyuan-rig/heartbeat {'stage': 'down_right', 'frame': 10} images=36
Fra:10 Mem:96.18M (Peak 123.18M) | Time:00:01.60 | Mem:398.53M, Peak:398.53M | Scene, ViewLayer | Sample 24/24
Fra:10 Mem:96.18M (Peak 123.18M) | Time:00:01.60 | Mem:398.53M, Peak:398.53M | Scene, ViewLayer | Finished
Saved: '/home/cbsim/ws/slime-workflow/.tmp/2026-09-23_06-25-15/down_right-04.png'
Time: 00:01.73 (Saving: 00:00.03)

Fra:13 Mem:26.37M (Peak 26.37M) | Time:00:00.07 | Mem:0.00M, Peak:0.00M | Scene, ViewLayer | Synchronizing object | key
Fra:13 Mem:26.37M (Peak 26.37M) | Time:00:00.07 | Mem:0.00M, Peak:0.00M | Scene, ViewLayer | Synchronizing object | fill
Fra:13 Mem:26.37M (Peak 26.37M) | Time:00:00.07 | Mem:0.00M, Peak:0.00M | Scene, ViewLayer | Synchronizing object | right-ankle-ball
Fra:13 Mem:26.42M (Peak 26.42M) | Time:00:00.07 | Mem:0.00M, Peak:0.00M | Scene, ViewLayer | Synchronizing object | pelvis-shell-part
Fra:13 Mem:26.42M (Peak 26.42M) | Time:00:00.07 | Mem:0.00M, Peak:0.00M | Scene, ViewLayer | Synchronizing object | left-upper-arm-shell
Fra:13 Mem:26.51M (Peak 26.51M) | Time:00:00.07 | Mem:0.00M, Peak:0.00M | Scene, ViewLayer | Synchronizing object | left-thigh-shell
Fra:13 Mem:26.65M (Peak 26.65M) | Time:00:00.07 | Mem:0.00M, Peak:0.00M | Scene, ViewLayer | Synchronizing object | left-shin-shell
Fra:13 Mem:26.81M (Peak 26.81M) | Time:00:00.07 | Mem:0.00M, Peak:0.00M | Scene, ViewLayer | Synchronizing object | right-hand-shell
Fra:13 Mem:27.60M (Peak 27.60M) | Time:00:00.07 | Mem:0.00M, Peak:0.00M | Scene, ViewLayer | Synchronizing object | right-hip-ball
Fra:13 Mem:27.66M (Peak 27.66M) | Time:00:00.07 | Mem:0.00M, Peak:0.00M | Scene, ViewLayer | Synchronizing object | right-wrist-ball
Fra:13 Mem:27.71M (Peak 27.71M) | Time:00:00.07 | Mem:0.00M, Peak:0.00M | Scene, ViewLayer | Synchronizing object | right-thigh-shell
Fra:13 Mem:27.96M (Peak 27.96M) | Time:00:00.07 | Mem:0.00M, Peak:0.00M | Scene, ViewLayer | Synchronizing object | right-elbow-ball
Fra:13 Mem:28.03M (Peak 28.03M) | Time:00:00.07 | Mem:0.00M, Peak:0.00M | Scene, ViewLayer | Synchronizing object | right-shin-shell
Fra:13 Mem:28.08M (Peak 28.08M) | Time:00:00.07 | Mem:0.00M, Peak:0.00M | Scene, ViewLayer | Synchronizing object | right-foot-shell
Fra:13 Mem:28.11M (Peak 28.11M) | Time:00:00.07 | Mem:0.00M, Peak:0.00M | Scene, ViewLayer | Synchronizing object | right-shoulder-ball
Fra:13 Mem:30.22M (Peak 30.22M) | Time:00:00.08 | Mem:0.00M, Peak:0.00M | Scene, ViewLayer | Initializing
Fra:13 Mem:25.88M (Peak 30.22M) | Time:00:00.08 | Mem:0.00M, Peak:0.00M | Scene, ViewLayer | Waiting for render to start
Fra:13 Mem:25.88M (Peak 30.22M) | Time:00:00.08 | Mem:0.00M, Peak:0.00M | Scene, ViewLayer | Updating Scene
Fra:13 Mem:25.88M (Peak 30.22M) | Time:00:00.08 | Mem:0.00M, Peak:0.00M | Scene, ViewLayer | Updating Shaders
Fra:13 Mem:25.88M (Peak 30.22M) | Time:00:00.08 | Mem:0.00M, Peak:0.00M | Scene, ViewLayer | Loading render kernels (may take a few minutes the first time)
Fra:13 Mem:25.96M (Peak 53.98M) | Time:00:00.12 | Mem:0.00M, Peak:0.00M | Scene, ViewLayer | Updating Procedurals
Fra:13 Mem:25.96M (Peak 53.98M) | Time:00:00.12 | Mem:0.00M, Peak:0.00M | Scene, ViewLayer | Updating Background
Fra:13 Mem:25.96M (Peak 53.98M) | Time:00:00.12 | Mem:0.00M, Peak:0.00M | Scene, ViewLayer | Updating Camera
Fra:13 Mem:25.96M (Peak 53.98M) | Time:00:00.12 | Mem:0.00M, Peak:0.00M | Scene, ViewLayer | Updating Meshes Flags
Fra:13 Mem:25.96M (Peak 53.98M) | Time:00:00.12 | Mem:0.00M, Peak:0.00M | Scene, ViewLayer | Updating Objects
Fra:13 Mem:25.96M (Peak 53.98M) | Time:00:00.12 | Mem:0.00M, Peak:0.00M | Scene, ViewLayer | Updating Objects | Copying Transformations to device
Fra:13 Mem:25.97M (Peak 53.98M) | Time:00:00.12 | Mem:0.01M, Peak:0.01M | Scene, ViewLayer | Updating Particle Systems
Fra:13 Mem:25.97M (Peak 53.98M) | Time:00:00.12 | Mem:0.01M, Peak:0.01M | Scene, ViewLayer | Updating Particle Systems | Copying Particles to device
Fra:13 Mem:25.97M (Peak 53.98M) | Time:00:00.12 | Mem:0.01M, Peak:0.01M | Scene, ViewLayer | Updating Meshes
Fra:13 Mem:25.97M (Peak 53.98M) | Time:00:00.12 | Mem:0.01M, Peak:0.01M | Scene, ViewLayer | Updating Objects | Applying Static Transformations
Fra:13 Mem:25.97M (Peak 53.98M) | Time:00:00.12 | Mem:0.01M, Peak:0.01M | Scene, ViewLayer | Updating Mesh | Computing attributes
Fra:13 Mem:26.31M (Peak 53.98M) | Time:00:00.12 | Mem:0.01M, Peak:0.01M | Scene, ViewLayer | Updating Mesh | Copying Attributes to device
Fra:13 Mem:26.31M (Peak 53.98M) | Time:00:00.12 | Mem:0.35M, Peak:0.35M | Scene, ViewLayer | Updating Scene BVH | Building
Fra:13 Mem:26.31M (Peak 53.98M) | Time:00:00.12 | Mem:0.35M, Peak:0.35M | Scene, ViewLayer | Updating Scene BVH | Building BVH
Fra:13 Mem:29.68M (Peak 53.98M) | Time:00:00.13 | Mem:0.35M, Peak:0.35M | Scene, ViewLayer | Updating Scene BVH | Packing BVH triangles and strands
Fra:13 Mem:29.91M (Peak 53.98M) | Time:00:00.13 | Mem:0.35M, Peak:0.35M | Scene, ViewLayer | Updating Scene BVH | Packing BVH nodes
Fra:13 Mem:29.83M (Peak 53.98M) | Time:00:00.13 | Mem:0.35M, Peak:0.35M | Scene, ViewLayer | Updating Scene BVH | Copying BVH to device
Fra:13 Mem:29.83M (Peak 53.98M) | Time:00:00.13 | Mem:2.11M, Peak:2.11M | Scene, ViewLayer | Updating Mesh | Computing normals
Fra:13 Mem:31.41M (Peak 53.98M) | Time:00:00.13 | Mem:2.11M, Peak:2.11M | Scene, ViewLayer | Updating Mesh | Copying Mesh to device
Fra:13 Mem:31.41M (Peak 53.98M) | Time:00:00.13 | Mem:3.69M, Peak:3.69M | Scene, ViewLayer | Updating Objects Flags
Fra:13 Mem:31.41M (Peak 53.98M) | Time:00:00.13 | Mem:3.69M, Peak:3.69M | Scene, ViewLayer | Updating Primitive Offsets
Fra:13 Mem:31.41M (Peak 53.98M) | Time:00:00.13 | Mem:3.69M, Peak:3.69M | Scene, ViewLayer | Updating Images
Fra:13 Mem:31.41M (Peak 53.98M) | Time:00:00.13 | Mem:3.69M, Peak:3.69M | Scene, ViewLayer | Updating Camera Volume
Fra:13 Mem:31.41M (Peak 53.98M) | Time:00:00.13 | Mem:3.69M, Peak:3.69M | Scene, ViewLayer | Updating Lookup Tables
Fra:13 Mem:31.41M (Peak 53.98M) | Time:00:00.13 | Mem:3.78M, Peak:3.78M | Scene, ViewLayer | Updating Lights
Fra:13 Mem:31.41M (Peak 53.98M) | Time:00:00.13 | Mem:3.78M, Peak:3.78M | Scene, ViewLayer | Updating Lights | Computing tree
Fra:13 Mem:31.41M (Peak 53.98M) | Time:00:00.13 | Mem:3.78M, Peak:3.78M | Scene, ViewLayer | Updating Integrator
Fra:13 Mem:31.41M (Peak 53.98M) | Time:00:00.13 | Mem:3.78M, Peak:3.78M | Scene, ViewLayer | Updating Film
Fra:13 Mem:31.42M (Peak 53.98M) | Time:00:00.13 | Mem:3.70M, Peak:3.78M | Scene, ViewLayer | Updating Lookup Tables
Fra:13 Mem:31.42M (Peak 53.98M) | Time:00:00.13 | Mem:3.78M, Peak:3.78M | Scene, ViewLayer | Updating Baking
Fra:13 Mem:31.42M (Peak 53.98M) | Time:00:00.13 | Mem:3.78M, Peak:3.78M | Scene, ViewLayer | Updating Device | Writing constant memory
Fra:13 Mem:31.42M (Peak 53.98M) | Time:00:00.13 | Mem:3.78M, Peak:3.78M | Scene, ViewLayer | Loading denoising kernels (may take a few minutes the first time)
Fra:13 Mem:35.42M (Peak 53.98M) | Time:00:00.13 | Mem:355.78M, Peak:355.78M | Scene, ViewLayer | Sample 0/24
Fra:13 Mem:78.17M (Peak 78.17M) | Time:00:00.14 | Remaining:00:00.14 | Mem:398.53M, Peak:398.53M | Scene, ViewLayer | Sample 1/24
Fra:13 Mem:96.18M (Peak 123.18M) | Time:00:01.63 | Mem:398.53M, Peak:398.53M | Scene, ViewLayer | Sample 24/24
Fra:13 Mem:96.18M (Peak 123.18M) | Time:00:01.63 | Mem:398.53M, Peak:398.53M | Scene, ViewLayer | Finished
Saved: '/home/cbsim/ws/slime-workflow/.tmp/2026-09-23_06-25-15/down_right-05.png'
Time: 00:01.76 (Saving: 00:00.04)

Fra:16 Mem:26.37M (Peak 26.37M) | Time:00:00.08 | Mem:0.00M, Peak:0.00M | Scene, ViewLayer | Synchronizing object | key
Fra:16 Mem:26.37M (Peak 26.37M) | Time:00:00.08 | Mem:0.00M, Peak:0.00M | Scene, ViewLayer | Synchronizing object | head-shell-part
Fra:16 Mem:26.37M (Peak 26.37M) | Time:00:00.08 | Mem:0.00M, Peak:0.00M | Scene, ViewLayer | Synchronizing object | right-ankle-ball
Fra:16 Mem:26.37M (Peak 26.37M) | Time:00:00.08 | Mem:0.00M, Peak:0.00M | Scene, ViewLayer | Synchronizing object | abdomen-shell-part
Fra:16 Mem:26.46M (Peak 26.46M) | Time:00:00.08 | Mem:0.00M, Peak:0.00M | Scene, ViewLayer | Synchronizing object | chest-internal-core
Fra:16 Mem:26.48M (Peak 26.48M) | Time:00:00.08 | Mem:0.00M, Peak:0.00M | Scene, ViewLayer | Synchronizing object | left-hand-shell
Fra:16 Mem:26.85M (Peak 26.85M) | Time:00:00.08 | Mem:0.00M, Peak:0.00M | Scene, ViewLayer | Synchronizing object | left-shin-shell
Fra:16 Mem:27.05M (Peak 27.05M) | Time:00:00.08 | Mem:0.00M, Peak:0.00M | Scene, ViewLayer | Synchronizing object | left-shoulder-ball
Fra:16 Mem:27.15M (Peak 27.15M) | Time:00:00.08 | Mem:0.00M, Peak:0.00M | Scene, ViewLayer | Synchronizing object | right-forearm-shell
Fra:16 Mem:27.17M (Peak 27.17M) | Time:00:00.08 | Mem:0.00M, Peak:0.00M | Scene, ViewLayer | Synchronizing object | right-knee-ball
Fra:16 Mem:27.36M (Peak 27.36M) | Time:00:00.08 | Mem:0.00M, Peak:0.00M | Scene, ViewLayer | Synchronizing object | right-shin-shell
Fra:16 Mem:27.51M (Peak 27.51M) | Time:00:00.08 | Mem:0.00M, Peak:0.00M | Scene, ViewLayer | Synchronizing object | right-hip-ball
Fra:16 Mem:27.60M (Peak 27.60M) | Time:00:00.08 | Mem:0.00M, Peak:0.00M | Scene, ViewLayer | Synchronizing object | right-foot-shell
Fra:16 Mem:27.67M (Peak 27.67M) | Time:00:00.08 | Mem:0.00M, Peak:0.00M | Scene, ViewLayer | Synchronizing object | right-wrist-ball
Fra:16 Mem:27.81M (Peak 27.81M) | Time:00:00.08 | Mem:0.00M, Peak:0.00M | Scene, ViewLayer | Synchronizing object | right-elbow-ball
Fra:16 Mem:28.11M (Peak 28.11M) | Time:00:00.08 | Mem:0.00M, Peak:0.00M | Scene, ViewLayer | Synchronizing object | right-shoulder-ball
Fra:16 Mem:30.22M (Peak 30.22M) | Time:00:00.08 | Mem:0.00M, Peak:0.00M | Scene, ViewLayer | Initializing
Fra:16 Mem:25.88M (Peak 30.22M) | Time:00:00.08 | Mem:0.00M, Peak:0.00M | Scene, ViewLayer | Waiting for render to start
Fra:16 Mem:25.88M (Peak 30.22M) | Time:00:00.08 | Mem:0.00M, Peak:0.00M | Scene, ViewLayer | Updating Scene
Fra:16 Mem:25.88M (Peak 30.22M) | Time:00:00.08 | Mem:0.00M, Peak:0.00M | Scene, ViewLayer | Updating Shaders
Fra:16 Mem:25.88M (Peak 30.22M) | Time:00:00.08 | Mem:0.00M, Peak:0.00M | Scene, ViewLayer | Loading render kernels (may take a few minutes the first time)
Fra:16 Mem:25.96M (Peak 53.98M) | Time:00:00.12 | Mem:0.00M, Peak:0.00M | Scene, ViewLayer | Updating Procedurals
Fra:16 Mem:25.96M (Peak 53.98M) | Time:00:00.12 | Mem:0.00M, Peak:0.00M | Scene, ViewLayer | Updating Background
Fra:16 Mem:25.96M (Peak 53.98M) | Time:00:00.12 | Mem:0.00M, Peak:0.00M | Scene, ViewLayer | Updating Camera
Fra:16 Mem:25.96M (Peak 53.98M) | Time:00:00.12 | Mem:0.00M, Peak:0.00M | Scene, ViewLayer | Updating Meshes Flags
Fra:16 Mem:25.96M (Peak 53.98M) | Time:00:00.12 | Mem:0.00M, Peak:0.00M | Scene, ViewLayer | Updating Objects
Fra:16 Mem:25.96M (Peak 53.98M) | Time:00:00.12 | Mem:0.00M, Peak:0.00M | Scene, ViewLayer | Updating Objects | Copying Transformations to device
Fra:16 Mem:25.97M (Peak 53.98M) | Time:00:00.12 | Mem:0.01M, Peak:0.01M | Scene, ViewLayer | Updating Particle Systems
Fra:16 Mem:25.97M (Peak 53.98M) | Time:00:00.12 | Mem:0.01M, Peak:0.01M | Scene, ViewLayer | Updating Particle Systems | Copying Particles to device
Fra:16 Mem:25.97M (Peak 53.98M) | Time:00:00.12 | Mem:0.01M, Peak:0.01M | Scene, ViewLayer | Updating Meshes
Fra:16 Mem:25.97M (Peak 53.98M) | Time:00:00.12 | Mem:0.01M, Peak:0.01M | Scene, ViewLayer | Updating Objects | Applying Static Transformations
Fra:16 Mem:25.97M (Peak 53.98M) | Time:00:00.12 | Mem:0.01M, Peak:0.01M | Scene, ViewLayer | Updating Mesh | Computing attributes
Fra:16 Mem:26.31M (Peak 53.98M) | Time:00:00.12 | Mem:0.01M, Peak:0.01M | Scene, ViewLayer | Updating Mesh | Copying Attributes to device
Fra:16 Mem:26.31M (Peak 53.98M) | Time:00:00.12 | Mem:0.35M, Peak:0.35M | Scene, ViewLayer | Updating Scene BVH | Building
Fra:16 Mem:26.31M (Peak 53.98M) | Time:00:00.12 | Mem:0.35M, Peak:0.35M | Scene, ViewLayer | Updating Scene BVH | Building BVH
Fra:16 Mem:29.68M (Peak 53.98M) | Time:00:00.13 | Mem:0.35M, Peak:0.35M | Scene, ViewLayer | Updating Scene BVH | Packing BVH triangles and strands
Fra:16 Mem:29.91M (Peak 53.98M) | Time:00:00.13 | Mem:0.35M, Peak:0.35M | Scene, ViewLayer | Updating Scene BVH | Packing BVH nodes
Fra:16 Mem:29.83M (Peak 53.98M) | Time:00:00.13 | Mem:0.35M, Peak:0.35M | Scene, ViewLayer | Updating Scene BVH | Copying BVH to device
Fra:16 Mem:29.83M (Peak 53.98M) | Time:00:00.13 | Mem:2.11M, Peak:2.11M | Scene, ViewLayer | Updating Mesh | Computing normals
Fra:16 Mem:31.41M (Peak 53.98M) | Time:00:00.13 | Mem:2.11M, Peak:2.11M | Scene, ViewLayer | Updating Mesh | Copying Mesh to device
Fra:16 Mem:31.41M (Peak 53.98M) | Time:00:00.13 | Mem:3.70M, Peak:3.70M | Scene, ViewLayer | Updating Objects Flags
Fra:16 Mem:31.41M (Peak 53.98M) | Time:00:00.13 | Mem:3.70M, Peak:3.70M | Scene, ViewLayer | Updating Primitive Offsets
Fra:16 Mem:31.41M (Peak 53.98M) | Time:00:00.13 | Mem:3.70M, Peak:3.70M | Scene, ViewLayer | Updating Images
Fra:16 Mem:31.41M (Peak 53.98M) | Time:00:00.13 | Mem:3.70M, Peak:3.70M | Scene, ViewLayer | Updating Camera Volume
Fra:16 Mem:31.41M (Peak 53.98M) | Time:00:00.13 | Mem:3.70M, Peak:3.70M | Scene, ViewLayer | Updating Lookup Tables
Fra:16 Mem:31.41M (Peak 53.98M) | Time:00:00.13 | Mem:3.78M, Peak:3.78M | Scene, ViewLayer | Updating Lights
Fra:16 Mem:31.41M (Peak 53.98M) | Time:00:00.13 | Mem:3.78M, Peak:3.78M | Scene, ViewLayer | Updating Lights | Computing tree
Fra:16 Mem:31.41M (Peak 53.98M) | Time:00:00.13 | Mem:3.78M, Peak:3.78M | Scene, ViewLayer | Updating Integrator
Fra:16 Mem:31.41M (Peak 53.98M) | Time:00:00.13 | Mem:3.78M, Peak:3.78M | Scene, ViewLayer | Updating Film
Fra:16 Mem:31.42M (Peak 53.98M) | Time:00:00.13 | Mem:3.70M, Peak:3.78M | Scene, ViewLayer | Updating Lookup Tables
Fra:16 Mem:31.42M (Peak 53.98M) | Time:00:00.13 | Mem:3.78M, Peak:3.78M | Scene, ViewLayer | Updating Baking
Fra:16 Mem:31.42M (Peak 53.98M) | Time:00:00.13 | Mem:3.78M, Peak:3.78M | Scene, ViewLayer | Updating Device | Writing constant memory
Fra:16 Mem:31.42M (Peak 53.98M) | Time:00:00.13 | Mem:3.78M, Peak:3.78M | Scene, ViewLayer | Loading denoising kernels (may take a few minutes the first time)
Fra:16 Mem:35.42M (Peak 53.98M) | Time:00:00.14 | Mem:355.78M, Peak:355.78M | Scene, ViewLayer | Sample 0/24
Fra:16 Mem:78.18M (Peak 78.18M) | Time:00:00.14 | Remaining:00:00.13 | Mem:398.53M, Peak:398.53M | Scene, ViewLayer | Sample 1/24
Fra:16 Mem:96.18M (Peak 123.18M) | Time:00:01.60 | Mem:398.54M, Peak:398.54M | Scene, ViewLayer | Sample 24/24
Fra:16 Mem:96.18M (Peak 123.18M) | Time:00:01.60 | Mem:398.54M, Peak:398.54M | Scene, ViewLayer | Finished
Saved: '/home/cbsim/ws/slime-workflow/.tmp/2026-09-23_06-25-15/down_right-06.png'
Time: 00:01.72 (Saving: 00:00.03)

Fra:19 Mem:26.37M (Peak 26.37M) | Time:00:00.07 | Mem:0.00M, Peak:0.00M | Scene, ViewLayer | Synchronizing object | key
Fra:19 Mem:26.37M (Peak 26.37M) | Time:00:00.07 | Mem:0.00M, Peak:0.00M | Scene, ViewLayer | Synchronizing object | right-ankle-ball
Fra:19 Mem:26.37M (Peak 26.37M) | Time:00:00.07 | Mem:0.00M, Peak:0.00M | Scene, ViewLayer | Synchronizing object | neck-shell-part
Fra:19 Mem:26.42M (Peak 26.42M) | Time:00:00.07 | Mem:0.00M, Peak:0.00M | Scene, ViewLayer | Synchronizing object | pelvis-shell-part
Fra:19 Mem:26.51M (Peak 26.51M) | Time:00:00.07 | Mem:0.00M, Peak:0.00M | Scene, ViewLayer | Synchronizing object | left-upper-arm-shell
Fra:19 Mem:26.57M (Peak 26.57M) | Time:00:00.07 | Mem:0.00M, Peak:0.00M | Scene, ViewLayer | Synchronizing object | left-hand-shell
Fra:19 Mem:26.58M (Peak 26.58M) | Time:00:00.07 | Mem:0.00M, Peak:0.00M | Scene, ViewLayer | Synchronizing object | left-shin-shell
Fra:19 Mem:26.61M (Peak 26.61M) | Time:00:00.07 | Mem:0.00M, Peak:0.00M | Scene, ViewLayer | Synchronizing object | left-ankle-ball
Fra:19 Mem:26.69M (Peak 26.69M) | Time:00:00.08 | Mem:0.00M, Peak:0.00M | Scene, ViewLayer | Synchronizing object | right-upper-arm-shell
Fra:19 Mem:26.76M (Peak 26.76M) | Time:00:00.08 | Mem:0.00M, Peak:0.00M | Scene, ViewLayer | Synchronizing object | right-hand-shell
Fra:19 Mem:26.92M (Peak 26.92M) | Time:00:00.08 | Mem:0.00M, Peak:0.00M | Scene, ViewLayer | Synchronizing object | right-hip-ball
Fra:19 Mem:27.22M (Peak 27.22M) | Time:00:00.08 | Mem:0.00M, Peak:0.00M | Scene, ViewLayer | Synchronizing object | right-thigh-shell
Fra:19 Mem:27.27M (Peak 27.28M) | Time:00:00.08 | Mem:0.00M, Peak:0.00M | Scene, ViewLayer | Synchronizing object | right-wrist-ball
Fra:19 Mem:27.57M (Peak 27.57M) | Time:00:00.08 | Mem:0.00M, Peak:0.00M | Scene, ViewLayer | Synchronizing object | right-elbow-ball
Fra:19 Mem:27.62M (Peak 27.62M) | Time:00:00.08 | Mem:0.00M, Peak:0.00M | Scene, ViewLayer | Synchronizing object | right-shin-shell
Fra:19 Mem:27.82M (Peak 27.82M) | Time:00:00.08 | Mem:0.00M, Peak:0.00M | Scene, ViewLayer | Synchronizing object | right-foot-shell
Fra:19 Mem:27.83M (Peak 27.83M) | Time:00:00.08 | Mem:0.00M, Peak:0.00M | Scene, ViewLayer | Synchronizing object | right-shoulder-ball
Fra:19 Mem:30.22M (Peak 30.22M) | Time:00:00.08 | Mem:0.00M, Peak:0.00M | Scene, ViewLayer | Initializing
Fra:19 Mem:25.88M (Peak 30.22M) | Time:00:00.08 | Mem:0.00M, Peak:0.00M | Scene, ViewLayer | Waiting for render to start
Fra:19 Mem:25.88M (Peak 30.22M) | Time:00:00.08 | Mem:0.00M, Peak:0.00M | Scene, ViewLayer | Updating Scene
Fra:19 Mem:25.88M (Peak 30.22M) | Time:00:00.08 | Mem:0.00M, Peak:0.00M | Scene, ViewLayer | Updating Shaders
Fra:19 Mem:25.88M (Peak 30.22M) | Time:00:00.08 | Mem:0.00M, Peak:0.00M | Scene, ViewLayer | Loading render kernels (may take a few minutes the first time)
Fra:19 Mem:25.96M (Peak 53.98M) | Time:00:00.12 | Mem:0.00M, Peak:0.00M | Scene, ViewLayer | Updating Procedurals
Fra:19 Mem:25.96M (Peak 53.98M) | Time:00:00.12 | Mem:0.00M, Peak:0.00M | Scene, ViewLayer | Updating Background
Fra:19 Mem:25.96M (Peak 53.98M) | Time:00:00.12 | Mem:0.00M, Peak:0.00M | Scene, ViewLayer | Updating Camera
Fra:19 Mem:25.96M (Peak 53.98M) | Time:00:00.12 | Mem:0.00M, Peak:0.00M | Scene, ViewLayer | Updating Meshes Flags
Fra:19 Mem:25.96M (Peak 53.98M) | Time:00:00.12 | Mem:0.00M, Peak:0.00M | Scene, ViewLayer | Updating Objects
Fra:19 Mem:25.96M (Peak 53.98M) | Time:00:00.12 | Mem:0.00M, Peak:0.00M | Scene, ViewLayer | Updating Objects | Copying Transformations to device
Fra:19 Mem:25.97M (Peak 53.98M) | Time:00:00.12 | Mem:0.01M, Peak:0.01M | Scene, ViewLayer | Updating Particle Systems
Fra:19 Mem:25.97M (Peak 53.98M) | Time:00:00.12 | Mem:0.01M, Peak:0.01M | Scene, ViewLayer | Updating Particle Systems | Copying Particles to device
Fra:19 Mem:25.97M (Peak 53.98M) | Time:00:00.12 | Mem:0.01M, Peak:0.01M | Scene, ViewLayer | Updating Meshes
Fra:19 Mem:25.97M (Peak 53.98M) | Time:00:00.12 | Mem:0.01M, Peak:0.01M | Scene, ViewLayer | Updating Objects | Applying Static Transformations
Fra:19 Mem:25.97M (Peak 53.98M) | Time:00:00.12 | Mem:0.01M, Peak:0.01M | Scene, ViewLayer | Updating Mesh | Computing attributes
Fra:19 Mem:26.31M (Peak 53.98M) | Time:00:00.12 | Mem:0.01M, Peak:0.01M | Scene, ViewLayer | Updating Mesh | Copying Attributes to device
Fra:19 Mem:26.31M (Peak 53.98M) | Time:00:00.12 | Mem:0.35M, Peak:0.35M | Scene, ViewLayer | Updating Scene BVH | Building
Fra:19 Mem:26.31M (Peak 53.98M) | Time:00:00.12 | Mem:0.35M, Peak:0.35M | Scene, ViewLayer | Updating Scene BVH | Building BVH
Fra:19 Mem:29.68M (Peak 53.98M) | Time:00:00.12 | Mem:0.35M, Peak:0.35M | Scene, ViewLayer | Updating Scene BVH | Packing BVH triangles and strands
Fra:19 Mem:29.91M (Peak 53.98M) | Time:00:00.12 | Mem:0.35M, Peak:0.35M | Scene, ViewLayer | Updating Scene BVH | Packing BVH nodes
Fra:19 Mem:29.83M (Peak 53.98M) | Time:00:00.13 | Mem:0.35M, Peak:0.35M | Scene, ViewLayer | Updating Scene BVH | Copying BVH to device
Fra:19 Mem:29.83M (Peak 53.98M) | Time:00:00.13 | Mem:2.11M, Peak:2.11M | Scene, ViewLayer | Updating Mesh | Computing normals
Fra:19 Mem:31.41M (Peak 53.98M) | Time:00:00.13 | Mem:2.11M, Peak:2.11M | Scene, ViewLayer | Updating Mesh | Copying Mesh to device
Fra:19 Mem:31.41M (Peak 53.98M) | Time:00:00.13 | Mem:3.69M, Peak:3.69M | Scene, ViewLayer | Updating Objects Flags
Fra:19 Mem:31.41M (Peak 53.98M) | Time:00:00.13 | Mem:3.69M, Peak:3.69M | Scene, ViewLayer | Updating Primitive Offsets
Fra:19 Mem:31.41M (Peak 53.98M) | Time:00:00.13 | Mem:3.69M, Peak:3.69M | Scene, ViewLayer | Updating Images
Fra:19 Mem:31.41M (Peak 53.98M) | Time:00:00.13 | Mem:3.69M, Peak:3.69M | Scene, ViewLayer | Updating Camera Volume
Fra:19 Mem:31.41M (Peak 53.98M) | Time:00:00.13 | Mem:3.69M, Peak:3.69M | Scene, ViewLayer | Updating Lookup Tables
Fra:19 Mem:31.41M (Peak 53.98M) | Time:00:00.13 | Mem:3.78M, Peak:3.78M | Scene, ViewLayer | Updating Lights
Fra:19 Mem:31.41M (Peak 53.98M) | Time:00:00.13 | Mem:3.78M, Peak:3.78M | Scene, ViewLayer | Updating Lights | Computing tree
Fra:19 Mem:31.41M (Peak 53.98M) | Time:00:00.13 | Mem:3.78M, Peak:3.78M | Scene, ViewLayer | Updating Integrator
Fra:19 Mem:31.41M (Peak 53.98M) | Time:00:00.13 | Mem:3.78M, Peak:3.78M | Scene, ViewLayer | Updating Film
Fra:19 Mem:31.42M (Peak 53.98M) | Time:00:00.13 | Mem:3.70M, Peak:3.78M | Scene, ViewLayer | Updating Lookup Tables
Fra:19 Mem:31.42M (Peak 53.98M) | Time:00:00.13 | Mem:3.78M, Peak:3.78M | Scene, ViewLayer | Updating Baking
Fra:19 Mem:31.42M (Peak 53.98M) | Time:00:00.13 | Mem:3.78M, Peak:3.78M | Scene, ViewLayer | Updating Device | Writing constant memory
Fra:19 Mem:31.42M (Peak 53.98M) | Time:00:00.13 | Mem:3.78M, Peak:3.78M | Scene, ViewLayer | Loading denoising kernels (may take a few minutes the first time)
Fra:19 Mem:35.42M (Peak 53.98M) | Time:00:00.13 | Mem:355.78M, Peak:355.78M | Scene, ViewLayer | Sample 0/24
Fra:19 Mem:78.18M (Peak 78.18M) | Time:00:00.14 | Remaining:00:00.13 | Mem:398.53M, Peak:398.53M | Scene, ViewLayer | Sample 1/24
2026-09-23T06:30:48+0900/hunyuan-rig/heartbeat {'stage': 'down_right', 'frame': 19} images=36
Fra:19 Mem:96.18M (Peak 123.18M) | Time:00:01.58 | Mem:398.53M, Peak:398.53M | Scene, ViewLayer | Sample 24/24
Fra:19 Mem:96.18M (Peak 123.18M) | Time:00:01.58 | Mem:398.53M, Peak:398.53M | Scene, ViewLayer | Finished
Saved: '/home/cbsim/ws/slime-workflow/.tmp/2026-09-23_06-25-15/down_right-07.png'
Time: 00:01.70 (Saving: 00:00.03)

Fra:22 Mem:26.37M (Peak 26.37M) | Time:00:00.08 | Mem:0.00M, Peak:0.00M | Scene, ViewLayer | Synchronizing object | key
Fra:22 Mem:26.37M (Peak 26.37M) | Time:00:00.08 | Mem:0.00M, Peak:0.00M | Scene, ViewLayer | Synchronizing object | right-ankle-ball
Fra:22 Mem:26.37M (Peak 26.37M) | Time:00:00.08 | Mem:0.00M, Peak:0.00M | Scene, ViewLayer | Synchronizing object | neck-shell-part
Fra:22 Mem:26.51M (Peak 26.51M) | Time:00:00.08 | Mem:0.00M, Peak:0.00M | Scene, ViewLayer | Synchronizing object | chest-shell-part
Fra:22 Mem:26.53M (Peak 26.53M) | Time:00:00.08 | Mem:0.00M, Peak:0.00M | Scene, ViewLayer | Synchronizing object | pelvis-shell-part
Fra:22 Mem:26.62M (Peak 26.62M) | Time:00:00.08 | Mem:0.00M, Peak:0.00M | Scene, ViewLayer | Synchronizing object | head-pivot-ball
Fra:22 Mem:26.81M (Peak 26.81M) | Time:00:00.08 | Mem:0.00M, Peak:0.00M | Scene, ViewLayer | Synchronizing object | chest-internal-core
Fra:22 Mem:27.03M (Peak 27.03M) | Time:00:00.08 | Mem:0.00M, Peak:0.00M | Scene, ViewLayer | Synchronizing object | left-upper-arm-shell
Fra:22 Mem:27.04M (Peak 27.04M) | Time:00:00.08 | Mem:0.00M, Peak:0.00M | Scene, ViewLayer | Synchronizing object | left-wrist-ball
Fra:22 Mem:27.34M (Peak 27.34M) | Time:00:00.08 | Mem:0.00M, Peak:0.00M | Scene, ViewLayer | Synchronizing object | left-hip-ball
Fra:22 Mem:27.41M (Peak 27.41M) | Time:00:00.08 | Mem:0.00M, Peak:0.00M | Scene, ViewLayer | Synchronizing object | left-knee-ball
Fra:22 Mem:27.51M (Peak 27.51M) | Time:00:00.08 | Mem:0.00M, Peak:0.00M | Scene, ViewLayer | Synchronizing object | left-ankle-ball
Fra:22 Mem:27.64M (Peak 27.64M) | Time:00:00.08 | Mem:0.00M, Peak:0.00M | Scene, ViewLayer | Synchronizing object | right-upper-arm-shell
Fra:22 Mem:27.70M (Peak 27.70M) | Time:00:00.08 | Mem:0.00M, Peak:0.00M | Scene, ViewLayer | Synchronizing object | right-hand-shell
Fra:22 Mem:27.86M (Peak 27.86M) | Time:00:00.08 | Mem:0.00M, Peak:0.00M | Scene, ViewLayer | Synchronizing object | right-thigh-shell
Fra:22 Mem:28.17M (Peak 28.17M) | Time:00:00.08 | Mem:0.00M, Peak:0.00M | Scene, ViewLayer | Synchronizing object | right-foot-shell
Fra:22 Mem:28.43M (Peak 28.43M) | Time:00:00.08 | Mem:0.00M, Peak:0.00M | Scene, ViewLayer | Synchronizing object | right-shoulder-ball
Fra:22 Mem:30.22M (Peak 30.22M) | Time:00:00.08 | Mem:0.00M, Peak:0.00M | Scene, ViewLayer | Initializing
Fra:22 Mem:25.88M (Peak 30.22M) | Time:00:00.08 | Mem:0.00M, Peak:0.00M | Scene, ViewLayer | Waiting for render to start
Fra:22 Mem:25.88M (Peak 30.22M) | Time:00:00.08 | Mem:0.00M, Peak:0.00M | Scene, ViewLayer | Updating Scene
Fra:22 Mem:25.88M (Peak 30.22M) | Time:00:00.08 | Mem:0.00M, Peak:0.00M | Scene, ViewLayer | Updating Shaders
Fra:22 Mem:25.88M (Peak 30.22M) | Time:00:00.08 | Mem:0.00M, Peak:0.00M | Scene, ViewLayer | Loading render kernels (may take a few minutes the first time)
Fra:22 Mem:25.96M (Peak 53.98M) | Time:00:00.12 | Mem:0.00M, Peak:0.00M | Scene, ViewLayer | Updating Procedurals
Fra:22 Mem:25.96M (Peak 53.98M) | Time:00:00.12 | Mem:0.00M, Peak:0.00M | Scene, ViewLayer | Updating Background
Fra:22 Mem:25.96M (Peak 53.98M) | Time:00:00.12 | Mem:0.00M, Peak:0.00M | Scene, ViewLayer | Updating Camera
Fra:22 Mem:25.96M (Peak 53.98M) | Time:00:00.12 | Mem:0.00M, Peak:0.00M | Scene, ViewLayer | Updating Meshes Flags
Fra:22 Mem:25.96M (Peak 53.98M) | Time:00:00.12 | Mem:0.00M, Peak:0.00M | Scene, ViewLayer | Updating Objects
Fra:22 Mem:25.96M (Peak 53.98M) | Time:00:00.12 | Mem:0.00M, Peak:0.00M | Scene, ViewLayer | Updating Objects | Copying Transformations to device
Fra:22 Mem:25.97M (Peak 53.98M) | Time:00:00.12 | Mem:0.01M, Peak:0.01M | Scene, ViewLayer | Updating Particle Systems
Fra:22 Mem:25.97M (Peak 53.98M) | Time:00:00.12 | Mem:0.01M, Peak:0.01M | Scene, ViewLayer | Updating Particle Systems | Copying Particles to device
Fra:22 Mem:25.97M (Peak 53.98M) | Time:00:00.12 | Mem:0.01M, Peak:0.01M | Scene, ViewLayer | Updating Meshes
Fra:22 Mem:25.97M (Peak 53.98M) | Time:00:00.12 | Mem:0.01M, Peak:0.01M | Scene, ViewLayer | Updating Objects | Applying Static Transformations
Fra:22 Mem:25.97M (Peak 53.98M) | Time:00:00.12 | Mem:0.01M, Peak:0.01M | Scene, ViewLayer | Updating Mesh | Computing attributes
Fra:22 Mem:26.31M (Peak 53.98M) | Time:00:00.12 | Mem:0.01M, Peak:0.01M | Scene, ViewLayer | Updating Mesh | Copying Attributes to device
Fra:22 Mem:26.31M (Peak 53.98M) | Time:00:00.12 | Mem:0.35M, Peak:0.35M | Scene, ViewLayer | Updating Scene BVH | Building
Fra:22 Mem:26.31M (Peak 53.98M) | Time:00:00.12 | Mem:0.35M, Peak:0.35M | Scene, ViewLayer | Updating Scene BVH | Building BVH
Fra:22 Mem:29.68M (Peak 53.98M) | Time:00:00.13 | Mem:0.35M, Peak:0.35M | Scene, ViewLayer | Updating Scene BVH | Packing BVH triangles and strands
Fra:22 Mem:29.91M (Peak 53.98M) | Time:00:00.13 | Mem:0.35M, Peak:0.35M | Scene, ViewLayer | Updating Scene BVH | Packing BVH nodes
Fra:22 Mem:29.83M (Peak 53.98M) | Time:00:00.13 | Mem:0.35M, Peak:0.35M | Scene, ViewLayer | Updating Scene BVH | Copying BVH to device
Fra:22 Mem:29.83M (Peak 53.98M) | Time:00:00.13 | Mem:2.11M, Peak:2.11M | Scene, ViewLayer | Updating Mesh | Computing normals
Fra:22 Mem:31.41M (Peak 53.98M) | Time:00:00.13 | Mem:2.11M, Peak:2.11M | Scene, ViewLayer | Updating Mesh | Copying Mesh to device
Fra:22 Mem:31.41M (Peak 53.98M) | Time:00:00.13 | Mem:3.70M, Peak:3.70M | Scene, ViewLayer | Updating Objects Flags
Fra:22 Mem:31.41M (Peak 53.98M) | Time:00:00.13 | Mem:3.70M, Peak:3.70M | Scene, ViewLayer | Updating Primitive Offsets
Fra:22 Mem:31.41M (Peak 53.98M) | Time:00:00.13 | Mem:3.70M, Peak:3.70M | Scene, ViewLayer | Updating Images
Fra:22 Mem:31.41M (Peak 53.98M) | Time:00:00.13 | Mem:3.70M, Peak:3.70M | Scene, ViewLayer | Updating Camera Volume
Fra:22 Mem:31.41M (Peak 53.98M) | Time:00:00.13 | Mem:3.70M, Peak:3.70M | Scene, ViewLayer | Updating Lookup Tables
Fra:22 Mem:31.41M (Peak 53.98M) | Time:00:00.13 | Mem:3.78M, Peak:3.78M | Scene, ViewLayer | Updating Lights
Fra:22 Mem:31.41M (Peak 53.98M) | Time:00:00.13 | Mem:3.78M, Peak:3.78M | Scene, ViewLayer | Updating Lights | Computing tree
Fra:22 Mem:31.41M (Peak 53.98M) | Time:00:00.13 | Mem:3.78M, Peak:3.78M | Scene, ViewLayer | Updating Integrator
Fra:22 Mem:31.41M (Peak 53.98M) | Time:00:00.13 | Mem:3.78M, Peak:3.78M | Scene, ViewLayer | Updating Film
Fra:22 Mem:31.42M (Peak 53.98M) | Time:00:00.13 | Mem:3.70M, Peak:3.78M | Scene, ViewLayer | Updating Lookup Tables
Fra:22 Mem:31.42M (Peak 53.98M) | Time:00:00.13 | Mem:3.78M, Peak:3.78M | Scene, ViewLayer | Updating Baking
Fra:22 Mem:31.42M (Peak 53.98M) | Time:00:00.13 | Mem:3.78M, Peak:3.78M | Scene, ViewLayer | Updating Device | Writing constant memory
Fra:22 Mem:31.42M (Peak 53.98M) | Time:00:00.13 | Mem:3.78M, Peak:3.78M | Scene, ViewLayer | Loading denoising kernels (may take a few minutes the first time)
Fra:22 Mem:35.42M (Peak 53.98M) | Time:00:00.14 | Mem:355.78M, Peak:355.78M | Scene, ViewLayer | Sample 0/24
Fra:22 Mem:78.18M (Peak 78.18M) | Time:00:00.14 | Remaining:00:00.13 | Mem:398.53M, Peak:398.53M | Scene, ViewLayer | Sample 1/24
Fra:22 Mem:96.18M (Peak 123.18M) | Time:00:01.61 | Mem:398.54M, Peak:398.54M | Scene, ViewLayer | Sample 24/24
Fra:22 Mem:96.18M (Peak 123.18M) | Time:00:01.61 | Mem:398.54M, Peak:398.54M | Scene, ViewLayer | Finished
Saved: '/home/cbsim/ws/slime-workflow/.tmp/2026-09-23_06-25-15/down_right-08.png'
Time: 00:01.73 (Saving: 00:00.03)

Fra:1 Mem:26.37M (Peak 26.37M) | Time:00:00.08 | Mem:0.00M, Peak:0.00M | Scene, ViewLayer | Synchronizing object | key
Fra:1 Mem:26.37M (Peak 26.37M) | Time:00:00.08 | Mem:0.00M, Peak:0.00M | Scene, ViewLayer | Synchronizing object | neck-shell-part
Fra:1 Mem:26.37M (Peak 26.37M) | Time:00:00.08 | Mem:0.00M, Peak:0.00M | Scene, ViewLayer | Synchronizing object | right-ankle-ball
Fra:1 Mem:26.42M (Peak 26.42M) | Time:00:00.08 | Mem:0.00M, Peak:0.00M | Scene, ViewLayer | Synchronizing object | chest-shell-part
Fra:1 Mem:26.45M (Peak 26.45M) | Time:00:00.08 | Mem:0.00M, Peak:0.00M | Scene, ViewLayer | Synchronizing object | waist-internal-core
Fra:1 Mem:26.50M (Peak 26.50M) | Time:00:00.08 | Mem:0.00M, Peak:0.00M | Scene, ViewLayer | Synchronizing object | chest-internal-core
Fra:1 Mem:26.55M (Peak 26.55M) | Time:00:00.08 | Mem:0.00M, Peak:0.00M | Scene, ViewLayer | Synchronizing object | left-upper-arm-shell
Fra:1 Mem:26.60M (Peak 26.60M) | Time:00:00.08 | Mem:0.00M, Peak:0.00M | Scene, ViewLayer | Synchronizing object | left-forearm-shell
Fra:1 Mem:26.68M (Peak 26.70M) | Time:00:00.08 | Mem:0.00M, Peak:0.00M | Scene, ViewLayer | Synchronizing object | left-shin-shell
Fra:1 Mem:26.72M (Peak 26.72M) | Time:00:00.08 | Mem:0.00M, Peak:0.00M | Scene, ViewLayer | Synchronizing object | left-elbow-ball
Fra:1 Mem:26.95M (Peak 26.95M) | Time:00:00.08 | Mem:0.00M, Peak:0.00M | Scene, ViewLayer | Synchronizing object | left-hip-ball
Fra:1 Mem:27.07M (Peak 27.07M) | Time:00:00.08 | Mem:0.00M, Peak:0.00M | Scene, ViewLayer | Synchronizing object | right-shin-shell
Fra:1 Mem:27.48M (Peak 27.48M) | Time:00:00.08 | Mem:0.00M, Peak:0.00M | Scene, ViewLayer | Synchronizing object | right-foot-shell
Fra:1 Mem:27.91M (Peak 27.91M) | Time:00:00.08 | Mem:0.00M, Peak:0.00M | Scene, ViewLayer | Synchronizing object | right-shoulder-ball
Fra:1 Mem:27.97M (Peak 27.97M) | Time:00:00.08 | Mem:0.00M, Peak:0.00M | Scene, ViewLayer | Synchronizing object | right-elbow-ball
Fra:1 Mem:28.33M (Peak 28.33M) | Time:00:00.08 | Mem:0.00M, Peak:0.00M | Scene, ViewLayer | Synchronizing object | right-wrist-ball
Fra:1 Mem:30.22M (Peak 30.22M) | Time:00:00.08 | Mem:0.00M, Peak:0.00M | Scene, ViewLayer | Initializing
Fra:1 Mem:25.88M (Peak 30.22M) | Time:00:00.08 | Mem:0.00M, Peak:0.00M | Scene, ViewLayer | Waiting for render to start
Fra:1 Mem:25.88M (Peak 30.22M) | Time:00:00.08 | Mem:0.00M, Peak:0.00M | Scene, ViewLayer | Updating Scene
Fra:1 Mem:25.88M (Peak 30.22M) | Time:00:00.08 | Mem:0.00M, Peak:0.00M | Scene, ViewLayer | Updating Shaders
Fra:1 Mem:25.88M (Peak 30.22M) | Time:00:00.08 | Mem:0.00M, Peak:0.00M | Scene, ViewLayer | Loading render kernels (may take a few minutes the first time)
Fra:1 Mem:25.96M (Peak 53.98M) | Time:00:00.12 | Mem:0.00M, Peak:0.00M | Scene, ViewLayer | Updating Procedurals
Fra:1 Mem:25.96M (Peak 53.98M) | Time:00:00.12 | Mem:0.00M, Peak:0.00M | Scene, ViewLayer | Updating Background
Fra:1 Mem:25.96M (Peak 53.98M) | Time:00:00.12 | Mem:0.00M, Peak:0.00M | Scene, ViewLayer | Updating Camera
Fra:1 Mem:25.96M (Peak 53.98M) | Time:00:00.12 | Mem:0.00M, Peak:0.00M | Scene, ViewLayer | Updating Meshes Flags
Fra:1 Mem:25.96M (Peak 53.98M) | Time:00:00.12 | Mem:0.00M, Peak:0.00M | Scene, ViewLayer | Updating Objects
Fra:1 Mem:25.96M (Peak 53.98M) | Time:00:00.12 | Mem:0.00M, Peak:0.00M | Scene, ViewLayer | Updating Objects | Copying Transformations to device
Fra:1 Mem:25.97M (Peak 53.98M) | Time:00:00.12 | Mem:0.01M, Peak:0.01M | Scene, ViewLayer | Updating Particle Systems
Fra:1 Mem:25.97M (Peak 53.98M) | Time:00:00.12 | Mem:0.01M, Peak:0.01M | Scene, ViewLayer | Updating Particle Systems | Copying Particles to device
Fra:1 Mem:25.97M (Peak 53.98M) | Time:00:00.12 | Mem:0.01M, Peak:0.01M | Scene, ViewLayer | Updating Meshes
Fra:1 Mem:25.97M (Peak 53.98M) | Time:00:00.12 | Mem:0.01M, Peak:0.01M | Scene, ViewLayer | Updating Objects | Applying Static Transformations
Fra:1 Mem:25.97M (Peak 53.98M) | Time:00:00.12 | Mem:0.01M, Peak:0.01M | Scene, ViewLayer | Updating Mesh | Computing attributes
Fra:1 Mem:26.31M (Peak 53.98M) | Time:00:00.12 | Mem:0.01M, Peak:0.01M | Scene, ViewLayer | Updating Mesh | Copying Attributes to device
Fra:1 Mem:26.31M (Peak 53.98M) | Time:00:00.12 | Mem:0.35M, Peak:0.35M | Scene, ViewLayer | Updating Scene BVH | Building
Fra:1 Mem:26.31M (Peak 53.98M) | Time:00:00.12 | Mem:0.35M, Peak:0.35M | Scene, ViewLayer | Updating Scene BVH | Building BVH
Fra:1 Mem:29.68M (Peak 53.98M) | Time:00:00.13 | Mem:0.35M, Peak:0.35M | Scene, ViewLayer | Updating Scene BVH | Packing BVH triangles and strands
Fra:1 Mem:29.91M (Peak 53.98M) | Time:00:00.13 | Mem:0.35M, Peak:0.35M | Scene, ViewLayer | Updating Scene BVH | Packing BVH nodes
Fra:1 Mem:29.84M (Peak 53.98M) | Time:00:00.13 | Mem:0.35M, Peak:0.35M | Scene, ViewLayer | Updating Scene BVH | Copying BVH to device
Fra:1 Mem:29.84M (Peak 53.98M) | Time:00:00.13 | Mem:2.12M, Peak:2.12M | Scene, ViewLayer | Updating Mesh | Computing normals
Fra:1 Mem:31.42M (Peak 53.98M) | Time:00:00.13 | Mem:2.12M, Peak:2.12M | Scene, ViewLayer | Updating Mesh | Copying Mesh to device
Fra:1 Mem:31.42M (Peak 53.98M) | Time:00:00.13 | Mem:3.70M, Peak:3.70M | Scene, ViewLayer | Updating Objects Flags
Fra:1 Mem:31.42M (Peak 53.98M) | Time:00:00.13 | Mem:3.70M, Peak:3.70M | Scene, ViewLayer | Updating Primitive Offsets
Fra:1 Mem:31.42M (Peak 53.98M) | Time:00:00.13 | Mem:3.70M, Peak:3.70M | Scene, ViewLayer | Updating Images
Fra:1 Mem:31.42M (Peak 53.98M) | Time:00:00.13 | Mem:3.70M, Peak:3.70M | Scene, ViewLayer | Updating Camera Volume
Fra:1 Mem:31.42M (Peak 53.98M) | Time:00:00.13 | Mem:3.70M, Peak:3.70M | Scene, ViewLayer | Updating Lookup Tables
Fra:1 Mem:31.42M (Peak 53.98M) | Time:00:00.13 | Mem:3.78M, Peak:3.78M | Scene, ViewLayer | Updating Lights
Fra:1 Mem:31.42M (Peak 53.98M) | Time:00:00.13 | Mem:3.78M, Peak:3.78M | Scene, ViewLayer | Updating Lights | Computing tree
Fra:1 Mem:31.42M (Peak 53.98M) | Time:00:00.13 | Mem:3.78M, Peak:3.78M | Scene, ViewLayer | Updating Integrator
Fra:1 Mem:31.42M (Peak 53.98M) | Time:00:00.13 | Mem:3.78M, Peak:3.78M | Scene, ViewLayer | Updating Film
Fra:1 Mem:31.42M (Peak 53.98M) | Time:00:00.13 | Mem:3.70M, Peak:3.78M | Scene, ViewLayer | Updating Lookup Tables
Fra:1 Mem:31.42M (Peak 53.98M) | Time:00:00.13 | Mem:3.78M, Peak:3.78M | Scene, ViewLayer | Updating Baking
Fra:1 Mem:31.42M (Peak 53.98M) | Time:00:00.13 | Mem:3.78M, Peak:3.78M | Scene, ViewLayer | Updating Device | Writing constant memory
Fra:1 Mem:31.43M (Peak 53.98M) | Time:00:00.13 | Mem:3.78M, Peak:3.78M | Scene, ViewLayer | Loading denoising kernels (may take a few minutes the first time)
Fra:1 Mem:35.43M (Peak 53.98M) | Time:00:00.14 | Mem:355.78M, Peak:355.78M | Scene, ViewLayer | Sample 0/24
Fra:1 Mem:78.18M (Peak 78.18M) | Time:00:00.14 | Remaining:00:00.13 | Mem:398.54M, Peak:398.54M | Scene, ViewLayer | Sample 1/24
Fra:1 Mem:96.19M (Peak 123.19M) | Time:00:01.59 | Mem:398.54M, Peak:398.54M | Scene, ViewLayer | Sample 24/24
Fra:1 Mem:96.19M (Peak 123.19M) | Time:00:01.59 | Mem:398.54M, Peak:398.54M | Scene, ViewLayer | Finished
Saved: '/home/cbsim/ws/slime-workflow/.tmp/2026-09-23_06-25-15/up_left-01.png'
Time: 00:01.71 (Saving: 00:00.03)

Fra:4 Mem:26.37M (Peak 26.37M) | Time:00:00.07 | Mem:0.00M, Peak:0.00M | Scene, ViewLayer | Synchronizing object | key
Fra:4 Mem:26.37M (Peak 26.37M) | Time:00:00.07 | Mem:0.00M, Peak:0.00M | Scene, ViewLayer | Synchronizing object | fill
Fra:4 Mem:26.37M (Peak 26.37M) | Time:00:00.07 | Mem:0.00M, Peak:0.00M | Scene, ViewLayer | Synchronizing object | chest-shell-part
Fra:4 Mem:26.44M (Peak 26.44M) | Time:00:00.07 | Mem:0.00M, Peak:0.00M | Scene, ViewLayer | Synchronizing object | pelvis-shell-part
Fra:4 Mem:26.51M (Peak 26.51M) | Time:00:00.07 | Mem:0.00M, Peak:0.00M | Scene, ViewLayer | Synchronizing object | waist-internal-core
Fra:4 Mem:26.73M (Peak 26.73M) | Time:00:00.07 | Mem:0.00M, Peak:0.00M | Scene, ViewLayer | Synchronizing object | left-upper-arm-shell
Fra:4 Mem:26.86M (Peak 26.86M) | Time:00:00.07 | Mem:0.00M, Peak:0.00M | Scene, ViewLayer | Synchronizing object | left-shin-shell
Fra:4 Mem:26.90M (Peak 26.90M) | Time:00:00.07 | Mem:0.00M, Peak:0.00M | Scene, ViewLayer | Synchronizing object | left-foot-shell
Fra:4 Mem:26.98M (Peak 26.98M) | Time:00:00.07 | Mem:0.00M, Peak:0.00M | Scene, ViewLayer | Synchronizing object | left-hip-ball
Fra:4 Mem:27.06M (Peak 27.06M) | Time:00:00.07 | Mem:0.00M, Peak:0.00M | Scene, ViewLayer | Synchronizing object | right-knee-ball
Fra:4 Mem:27.42M (Peak 27.42M) | Time:00:00.07 | Mem:0.00M, Peak:0.00M | Scene, ViewLayer | Synchronizing object | right-upper-arm-shell
Fra:4 Mem:27.51M (Peak 27.51M) | Time:00:00.07 | Mem:0.00M, Peak:0.00M | Scene, ViewLayer | Synchronizing object | right-hand-shell
Fra:4 Mem:27.69M (Peak 27.69M) | Time:00:00.07 | Mem:0.00M, Peak:0.00M | Scene, ViewLayer | Synchronizing object | right-thigh-shell
Fra:4 Mem:28.13M (Peak 28.13M) | Time:00:00.07 | Mem:0.00M, Peak:0.00M | Scene, ViewLayer | Synchronizing object | right-shin-shell
Fra:4 Mem:28.50M (Peak 28.50M) | Time:00:00.07 | Mem:0.00M, Peak:0.00M | Scene, ViewLayer | Synchronizing object | right-shoulder-ball
Fra:4 Mem:28.50M (Peak 28.50M) | Time:00:00.07 | Mem:0.00M, Peak:0.00M | Scene, ViewLayer | Synchronizing object | right-elbow-ball
Fra:4 Mem:28.75M (Peak 28.75M) | Time:00:00.07 | Mem:0.00M, Peak:0.00M | Scene, ViewLayer | Synchronizing object | right-wrist-ball
Fra:4 Mem:28.80M (Peak 28.80M) | Time:00:00.07 | Mem:0.00M, Peak:0.00M | Scene, ViewLayer | Synchronizing object | right-hip-ball
Fra:4 Mem:30.22M (Peak 30.22M) | Time:00:00.08 | Mem:0.00M, Peak:0.00M | Scene, ViewLayer | Initializing
Fra:4 Mem:25.88M (Peak 30.22M) | Time:00:00.08 | Mem:0.00M, Peak:0.00M | Scene, ViewLayer | Waiting for render to start
Fra:4 Mem:25.88M (Peak 30.22M) | Time:00:00.08 | Mem:0.00M, Peak:0.00M | Scene, ViewLayer | Updating Scene
Fra:4 Mem:25.88M (Peak 30.22M) | Time:00:00.08 | Mem:0.00M, Peak:0.00M | Scene, ViewLayer | Updating Shaders
Fra:4 Mem:25.88M (Peak 30.22M) | Time:00:00.08 | Mem:0.00M, Peak:0.00M | Scene, ViewLayer | Loading render kernels (may take a few minutes the first time)
Fra:4 Mem:25.96M (Peak 53.98M) | Time:00:00.12 | Mem:0.00M, Peak:0.00M | Scene, ViewLayer | Updating Procedurals
Fra:4 Mem:25.96M (Peak 53.98M) | Time:00:00.12 | Mem:0.00M, Peak:0.00M | Scene, ViewLayer | Updating Background
Fra:4 Mem:25.96M (Peak 53.98M) | Time:00:00.12 | Mem:0.00M, Peak:0.00M | Scene, ViewLayer | Updating Camera
Fra:4 Mem:25.96M (Peak 53.98M) | Time:00:00.12 | Mem:0.00M, Peak:0.00M | Scene, ViewLayer | Updating Meshes Flags
Fra:4 Mem:25.96M (Peak 53.98M) | Time:00:00.12 | Mem:0.00M, Peak:0.00M | Scene, ViewLayer | Updating Objects
Fra:4 Mem:25.96M (Peak 53.98M) | Time:00:00.12 | Mem:0.00M, Peak:0.00M | Scene, ViewLayer | Updating Objects | Copying Transformations to device
Fra:4 Mem:25.97M (Peak 53.98M) | Time:00:00.12 | Mem:0.01M, Peak:0.01M | Scene, ViewLayer | Updating Particle Systems
Fra:4 Mem:25.97M (Peak 53.98M) | Time:00:00.12 | Mem:0.01M, Peak:0.01M | Scene, ViewLayer | Updating Particle Systems | Copying Particles to device
Fra:4 Mem:25.97M (Peak 53.98M) | Time:00:00.12 | Mem:0.01M, Peak:0.01M | Scene, ViewLayer | Updating Meshes
Fra:4 Mem:25.97M (Peak 53.98M) | Time:00:00.12 | Mem:0.01M, Peak:0.01M | Scene, ViewLayer | Updating Objects | Applying Static Transformations
Fra:4 Mem:25.97M (Peak 53.98M) | Time:00:00.12 | Mem:0.01M, Peak:0.01M | Scene, ViewLayer | Updating Mesh | Computing attributes
Fra:4 Mem:26.31M (Peak 53.98M) | Time:00:00.12 | Mem:0.01M, Peak:0.01M | Scene, ViewLayer | Updating Mesh | Copying Attributes to device
Fra:4 Mem:26.31M (Peak 53.98M) | Time:00:00.12 | Mem:0.35M, Peak:0.35M | Scene, ViewLayer | Updating Scene BVH | Building
Fra:4 Mem:26.31M (Peak 53.98M) | Time:00:00.12 | Mem:0.35M, Peak:0.35M | Scene, ViewLayer | Updating Scene BVH | Building BVH
Fra:4 Mem:29.68M (Peak 53.98M) | Time:00:00.12 | Mem:0.35M, Peak:0.35M | Scene, ViewLayer | Updating Scene BVH | Packing BVH triangles and strands
Fra:4 Mem:29.91M (Peak 53.98M) | Time:00:00.12 | Mem:0.35M, Peak:0.35M | Scene, ViewLayer | Updating Scene BVH | Packing BVH nodes
Fra:4 Mem:29.83M (Peak 53.98M) | Time:00:00.13 | Mem:0.35M, Peak:0.35M | Scene, ViewLayer | Updating Scene BVH | Copying BVH to device
Fra:4 Mem:29.83M (Peak 53.98M) | Time:00:00.13 | Mem:2.11M, Peak:2.11M | Scene, ViewLayer | Updating Mesh | Computing normals
Fra:4 Mem:31.41M (Peak 53.98M) | Time:00:00.13 | Mem:2.11M, Peak:2.11M | Scene, ViewLayer | Updating Mesh | Copying Mesh to device
Fra:4 Mem:31.41M (Peak 53.98M) | Time:00:00.13 | Mem:3.69M, Peak:3.69M | Scene, ViewLayer | Updating Objects Flags
Fra:4 Mem:31.41M (Peak 53.98M) | Time:00:00.13 | Mem:3.69M, Peak:3.69M | Scene, ViewLayer | Updating Primitive Offsets
Fra:4 Mem:31.41M (Peak 53.98M) | Time:00:00.13 | Mem:3.69M, Peak:3.69M | Scene, ViewLayer | Updating Images
Fra:4 Mem:31.41M (Peak 53.98M) | Time:00:00.13 | Mem:3.69M, Peak:3.69M | Scene, ViewLayer | Updating Camera Volume
Fra:4 Mem:31.41M (Peak 53.98M) | Time:00:00.13 | Mem:3.69M, Peak:3.69M | Scene, ViewLayer | Updating Lookup Tables
Fra:4 Mem:31.41M (Peak 53.98M) | Time:00:00.13 | Mem:3.77M, Peak:3.77M | Scene, ViewLayer | Updating Lights
Fra:4 Mem:31.41M (Peak 53.98M) | Time:00:00.13 | Mem:3.77M, Peak:3.77M | Scene, ViewLayer | Updating Lights | Computing tree
Fra:4 Mem:31.41M (Peak 53.98M) | Time:00:00.13 | Mem:3.77M, Peak:3.77M | Scene, ViewLayer | Updating Integrator
Fra:4 Mem:31.41M (Peak 53.98M) | Time:00:00.13 | Mem:3.77M, Peak:3.77M | Scene, ViewLayer | Updating Film
Fra:4 Mem:31.41M (Peak 53.98M) | Time:00:00.13 | Mem:3.69M, Peak:3.77M | Scene, ViewLayer | Updating Lookup Tables
Fra:4 Mem:31.41M (Peak 53.98M) | Time:00:00.13 | Mem:3.78M, Peak:3.78M | Scene, ViewLayer | Updating Baking
Fra:4 Mem:31.41M (Peak 53.98M) | Time:00:00.13 | Mem:3.78M, Peak:3.78M | Scene, ViewLayer | Updating Device | Writing constant memory
Fra:4 Mem:31.42M (Peak 53.98M) | Time:00:00.13 | Mem:3.78M, Peak:3.78M | Scene, ViewLayer | Loading denoising kernels (may take a few minutes the first time)
Fra:4 Mem:35.42M (Peak 53.98M) | Time:00:00.13 | Mem:355.78M, Peak:355.78M | Scene, ViewLayer | Sample 0/24
Fra:4 Mem:78.17M (Peak 78.17M) | Time:00:00.14 | Remaining:00:00.13 | Mem:398.53M, Peak:398.53M | Scene, ViewLayer | Sample 1/24
2026-09-23T06:30:53+0900/hunyuan-rig/heartbeat {'stage': 'up_left', 'frame': 4} images=36
Fra:4 Mem:96.18M (Peak 123.18M) | Time:00:01.62 | Mem:398.53M, Peak:398.53M | Scene, ViewLayer | Sample 24/24
Fra:4 Mem:96.18M (Peak 123.18M) | Time:00:01.62 | Mem:398.53M, Peak:398.53M | Scene, ViewLayer | Finished
Saved: '/home/cbsim/ws/slime-workflow/.tmp/2026-09-23_06-25-15/up_left-02.png'
Time: 00:01.74 (Saving: 00:00.03)

Fra:7 Mem:26.37M (Peak 26.37M) | Time:00:00.07 | Mem:0.00M, Peak:0.00M | Scene, ViewLayer | Synchronizing object | key
Fra:7 Mem:26.37M (Peak 26.37M) | Time:00:00.07 | Mem:0.00M, Peak:0.00M | Scene, ViewLayer | Synchronizing object | head-shell-part
Fra:7 Mem:26.37M (Peak 26.37M) | Time:00:00.07 | Mem:0.00M, Peak:0.00M | Scene, ViewLayer | Synchronizing object | neck-shell-part
Fra:7 Mem:26.45M (Peak 26.45M) | Time:00:00.08 | Mem:0.00M, Peak:0.00M | Scene, ViewLayer | Synchronizing object | chest-shell-part
Fra:7 Mem:26.52M (Peak 26.52M) | Time:00:00.08 | Mem:0.00M, Peak:0.00M | Scene, ViewLayer | Synchronizing object | abdomen-shell-part
Fra:7 Mem:26.57M (Peak 26.57M) | Time:00:00.08 | Mem:0.00M, Peak:0.00M | Scene, ViewLayer | Synchronizing object | waist-internal-core
Fra:7 Mem:26.74M (Peak 26.74M) | Time:00:00.08 | Mem:0.00M, Peak:0.00M | Scene, ViewLayer | Synchronizing object | chest-internal-core
Fra:7 Mem:26.81M (Peak 26.81M) | Time:00:00.08 | Mem:0.00M, Peak:0.00M | Scene, ViewLayer | Synchronizing object | left-upper-arm-shell
Fra:7 Mem:26.97M (Peak 26.97M) | Time:00:00.08 | Mem:0.00M, Peak:0.00M | Scene, ViewLayer | Synchronizing object | left-shin-shell
Fra:7 Mem:27.29M (Peak 27.29M) | Time:00:00.08 | Mem:0.00M, Peak:0.00M | Scene, ViewLayer | Synchronizing object | left-foot-shell
Fra:7 Mem:27.37M (Peak 27.37M) | Time:00:00.08 | Mem:0.00M, Peak:0.00M | Scene, ViewLayer | Synchronizing object | right-upper-arm-shell
Fra:7 Mem:27.46M (Peak 27.46M) | Time:00:00.08 | Mem:0.00M, Peak:0.00M | Scene, ViewLayer | Synchronizing object | right-forearm-shell
Fra:7 Mem:27.55M (Peak 27.55M) | Time:00:00.08 | Mem:0.00M, Peak:0.00M | Scene, ViewLayer | Synchronizing object | right-hip-ball
Fra:7 Mem:27.61M (Peak 27.61M) | Time:00:00.08 | Mem:0.00M, Peak:0.00M | Scene, ViewLayer | Synchronizing object | right-hand-shell
Fra:7 Mem:27.68M (Peak 27.68M) | Time:00:00.08 | Mem:0.00M, Peak:0.00M | Scene, ViewLayer | Synchronizing object | right-wrist-ball
Fra:7 Mem:27.78M (Peak 27.78M) | Time:00:00.08 | Mem:0.00M, Peak:0.00M | Scene, ViewLayer | Synchronizing object | right-thigh-shell
Fra:7 Mem:28.00M (Peak 28.00M) | Time:00:00.08 | Mem:0.00M, Peak:0.00M | Scene, ViewLayer | Synchronizing object | right-elbow-ball
Fra:7 Mem:28.08M (Peak 28.08M) | Time:00:00.08 | Mem:0.00M, Peak:0.00M | Scene, ViewLayer | Synchronizing object | right-shoulder-ball
Fra:7 Mem:28.26M (Peak 28.26M) | Time:00:00.08 | Mem:0.00M, Peak:0.00M | Scene, ViewLayer | Synchronizing object | right-shin-shell
Fra:7 Mem:28.83M (Peak 28.83M) | Time:00:00.08 | Mem:0.00M, Peak:0.00M | Scene, ViewLayer | Synchronizing object | right-foot-shell
Fra:7 Mem:30.22M (Peak 30.22M) | Time:00:00.08 | Mem:0.00M, Peak:0.00M | Scene, ViewLayer | Initializing
Fra:7 Mem:25.88M (Peak 30.22M) | Time:00:00.08 | Mem:0.00M, Peak:0.00M | Scene, ViewLayer | Waiting for render to start
Fra:7 Mem:25.88M (Peak 30.22M) | Time:00:00.08 | Mem:0.00M, Peak:0.00M | Scene, ViewLayer | Updating Scene
Fra:7 Mem:25.88M (Peak 30.22M) | Time:00:00.08 | Mem:0.00M, Peak:0.00M | Scene, ViewLayer | Updating Shaders
Fra:7 Mem:25.88M (Peak 30.22M) | Time:00:00.08 | Mem:0.00M, Peak:0.00M | Scene, ViewLayer | Loading render kernels (may take a few minutes the first time)
Fra:7 Mem:25.96M (Peak 53.98M) | Time:00:00.12 | Mem:0.00M, Peak:0.00M | Scene, ViewLayer | Updating Procedurals
Fra:7 Mem:25.96M (Peak 53.98M) | Time:00:00.12 | Mem:0.00M, Peak:0.00M | Scene, ViewLayer | Updating Background
Fra:7 Mem:25.96M (Peak 53.98M) | Time:00:00.12 | Mem:0.00M, Peak:0.00M | Scene, ViewLayer | Updating Camera
Fra:7 Mem:25.96M (Peak 53.98M) | Time:00:00.12 | Mem:0.00M, Peak:0.00M | Scene, ViewLayer | Updating Meshes Flags
Fra:7 Mem:25.96M (Peak 53.98M) | Time:00:00.12 | Mem:0.00M, Peak:0.00M | Scene, ViewLayer | Updating Objects
Fra:7 Mem:25.96M (Peak 53.98M) | Time:00:00.12 | Mem:0.00M, Peak:0.00M | Scene, ViewLayer | Updating Objects | Copying Transformations to device
Fra:7 Mem:25.97M (Peak 53.98M) | Time:00:00.12 | Mem:0.01M, Peak:0.01M | Scene, ViewLayer | Updating Particle Systems
Fra:7 Mem:25.97M (Peak 53.98M) | Time:00:00.12 | Mem:0.01M, Peak:0.01M | Scene, ViewLayer | Updating Particle Systems | Copying Particles to device
Fra:7 Mem:25.97M (Peak 53.98M) | Time:00:00.12 | Mem:0.01M, Peak:0.01M | Scene, ViewLayer | Updating Meshes
Fra:7 Mem:25.97M (Peak 53.98M) | Time:00:00.12 | Mem:0.01M, Peak:0.01M | Scene, ViewLayer | Updating Objects | Applying Static Transformations
Fra:7 Mem:25.97M (Peak 53.98M) | Time:00:00.12 | Mem:0.01M, Peak:0.01M | Scene, ViewLayer | Updating Mesh | Computing attributes
Fra:7 Mem:26.31M (Peak 53.98M) | Time:00:00.12 | Mem:0.01M, Peak:0.01M | Scene, ViewLayer | Updating Mesh | Copying Attributes to device
Fra:7 Mem:26.31M (Peak 53.98M) | Time:00:00.12 | Mem:0.35M, Peak:0.35M | Scene, ViewLayer | Updating Scene BVH | Building
Fra:7 Mem:26.31M (Peak 53.98M) | Time:00:00.12 | Mem:0.35M, Peak:0.35M | Scene, ViewLayer | Updating Scene BVH | Building BVH
Fra:7 Mem:29.68M (Peak 53.98M) | Time:00:00.13 | Mem:0.35M, Peak:0.35M | Scene, ViewLayer | Updating Scene BVH | Packing BVH triangles and strands
Fra:7 Mem:29.91M (Peak 53.98M) | Time:00:00.13 | Mem:0.35M, Peak:0.35M | Scene, ViewLayer | Updating Scene BVH | Packing BVH nodes
Fra:7 Mem:29.83M (Peak 53.98M) | Time:00:00.13 | Mem:0.35M, Peak:0.35M | Scene, ViewLayer | Updating Scene BVH | Copying BVH to device
Fra:7 Mem:29.83M (Peak 53.98M) | Time:00:00.13 | Mem:2.11M, Peak:2.11M | Scene, ViewLayer | Updating Mesh | Computing normals
Fra:7 Mem:31.41M (Peak 53.98M) | Time:00:00.13 | Mem:2.11M, Peak:2.11M | Scene, ViewLayer | Updating Mesh | Copying Mesh to device
Fra:7 Mem:31.41M (Peak 53.98M) | Time:00:00.13 | Mem:3.69M, Peak:3.69M | Scene, ViewLayer | Updating Objects Flags
Fra:7 Mem:31.41M (Peak 53.98M) | Time:00:00.13 | Mem:3.69M, Peak:3.69M | Scene, ViewLayer | Updating Primitive Offsets
Fra:7 Mem:31.41M (Peak 53.98M) | Time:00:00.13 | Mem:3.69M, Peak:3.69M | Scene, ViewLayer | Updating Images
Fra:7 Mem:31.41M (Peak 53.98M) | Time:00:00.13 | Mem:3.69M, Peak:3.69M | Scene, ViewLayer | Updating Camera Volume
Fra:7 Mem:31.41M (Peak 53.98M) | Time:00:00.13 | Mem:3.69M, Peak:3.69M | Scene, ViewLayer | Updating Lookup Tables
Fra:7 Mem:31.41M (Peak 53.98M) | Time:00:00.13 | Mem:3.78M, Peak:3.78M | Scene, ViewLayer | Updating Lights
Fra:7 Mem:31.41M (Peak 53.98M) | Time:00:00.13 | Mem:3.78M, Peak:3.78M | Scene, ViewLayer | Updating Lights | Computing tree
Fra:7 Mem:31.41M (Peak 53.98M) | Time:00:00.13 | Mem:3.78M, Peak:3.78M | Scene, ViewLayer | Updating Integrator
Fra:7 Mem:31.41M (Peak 53.98M) | Time:00:00.13 | Mem:3.78M, Peak:3.78M | Scene, ViewLayer | Updating Film
Fra:7 Mem:31.42M (Peak 53.98M) | Time:00:00.13 | Mem:3.70M, Peak:3.78M | Scene, ViewLayer | Updating Lookup Tables
Fra:7 Mem:31.42M (Peak 53.98M) | Time:00:00.13 | Mem:3.78M, Peak:3.78M | Scene, ViewLayer | Updating Baking
Fra:7 Mem:31.42M (Peak 53.98M) | Time:00:00.13 | Mem:3.78M, Peak:3.78M | Scene, ViewLayer | Updating Device | Writing constant memory
Fra:7 Mem:31.42M (Peak 53.98M) | Time:00:00.13 | Mem:3.78M, Peak:3.78M | Scene, ViewLayer | Loading denoising kernels (may take a few minutes the first time)
Fra:7 Mem:35.42M (Peak 53.98M) | Time:00:00.13 | Mem:355.78M, Peak:355.78M | Scene, ViewLayer | Sample 0/24
Fra:7 Mem:78.17M (Peak 78.17M) | Time:00:00.14 | Remaining:00:00.13 | Mem:398.53M, Peak:398.53M | Scene, ViewLayer | Sample 1/24
Fra:7 Mem:96.18M (Peak 123.18M) | Time:00:01.58 | Mem:398.53M, Peak:398.53M | Scene, ViewLayer | Sample 24/24
Fra:7 Mem:96.18M (Peak 123.18M) | Time:00:01.58 | Mem:398.53M, Peak:398.53M | Scene, ViewLayer | Finished
Saved: '/home/cbsim/ws/slime-workflow/.tmp/2026-09-23_06-25-15/up_left-03.png'
Time: 00:01.70 (Saving: 00:00.03)

Fra:10 Mem:26.37M (Peak 26.37M) | Time:00:00.07 | Mem:0.00M, Peak:0.00M | Scene, ViewLayer | Synchronizing object | key
Fra:10 Mem:26.37M (Peak 26.37M) | Time:00:00.07 | Mem:0.00M, Peak:0.00M | Scene, ViewLayer | Synchronizing object | right-ankle-ball
Fra:10 Mem:26.37M (Peak 26.37M) | Time:00:00.07 | Mem:0.00M, Peak:0.00M | Scene, ViewLayer | Synchronizing object | fill
Fra:10 Mem:26.42M (Peak 26.42M) | Time:00:00.07 | Mem:0.00M, Peak:0.00M | Scene, ViewLayer | Synchronizing object | head-shell-part
Fra:10 Mem:26.42M (Peak 26.42M) | Time:00:00.07 | Mem:0.00M, Peak:0.00M | Scene, ViewLayer | Synchronizing object | abdomen-shell-part
Fra:10 Mem:26.48M (Peak 26.48M) | Time:00:00.07 | Mem:0.00M, Peak:0.00M | Scene, ViewLayer | Synchronizing object | pelvis-shell-part
Fra:10 Mem:26.86M (Peak 26.86M) | Time:00:00.07 | Mem:0.00M, Peak:0.00M | Scene, ViewLayer | Synchronizing object | head-pivot-ball
Fra:10 Mem:26.90M (Peak 26.90M) | Time:00:00.07 | Mem:0.00M, Peak:0.00M | Scene, ViewLayer | Synchronizing object | left-upper-arm-shell
Fra:10 Mem:27.05M (Peak 27.05M) | Time:00:00.07 | Mem:0.00M, Peak:0.00M | Scene, ViewLayer | Synchronizing object | left-thigh-shell
Fra:10 Mem:27.21M (Peak 27.21M) | Time:00:00.07 | Mem:0.00M, Peak:0.00M | Scene, ViewLayer | Synchronizing object | left-shin-shell
Fra:10 Mem:27.26M (Peak 27.26M) | Time:00:00.07 | Mem:0.00M, Peak:0.00M | Scene, ViewLayer | Synchronizing object | left-foot-shell
Fra:10 Mem:27.25M (Peak 27.26M) | Time:00:00.07 | Mem:0.00M, Peak:0.00M | Scene, ViewLayer | Synchronizing object | left-wrist-ball
Fra:10 Mem:27.74M (Peak 27.74M) | Time:00:00.07 | Mem:0.00M, Peak:0.00M | Scene, ViewLayer | Synchronizing object | right-hand-shell
Fra:10 Mem:27.96M (Peak 27.96M) | Time:00:00.08 | Mem:0.00M, Peak:0.00M | Scene, ViewLayer | Synchronizing object | right-thigh-shell
Fra:10 Mem:28.41M (Peak 28.41M) | Time:00:00.08 | Mem:0.00M, Peak:0.00M | Scene, ViewLayer | Synchronizing object | right-foot-shell
Fra:10 Mem:28.56M (Peak 28.56M) | Time:00:00.08 | Mem:0.00M, Peak:0.00M | Scene, ViewLayer | Synchronizing object | right-elbow-ball
Fra:10 Mem:28.70M (Peak 28.70M) | Time:00:00.08 | Mem:0.00M, Peak:0.00M | Scene, ViewLayer | Synchronizing object | right-wrist-ball
Fra:10 Mem:28.94M (Peak 28.94M) | Time:00:00.08 | Mem:0.00M, Peak:0.00M | Scene, ViewLayer | Synchronizing object | right-hip-ball
Fra:10 Mem:30.22M (Peak 30.22M) | Time:00:00.08 | Mem:0.00M, Peak:0.00M | Scene, ViewLayer | Initializing
Fra:10 Mem:25.88M (Peak 30.22M) | Time:00:00.08 | Mem:0.00M, Peak:0.00M | Scene, ViewLayer | Waiting for render to start
Fra:10 Mem:25.88M (Peak 30.22M) | Time:00:00.08 | Mem:0.00M, Peak:0.00M | Scene, ViewLayer | Updating Scene
Fra:10 Mem:25.88M (Peak 30.22M) | Time:00:00.08 | Mem:0.00M, Peak:0.00M | Scene, ViewLayer | Updating Shaders
Fra:10 Mem:25.88M (Peak 30.22M) | Time:00:00.08 | Mem:0.00M, Peak:0.00M | Scene, ViewLayer | Loading render kernels (may take a few minutes the first time)
Fra:10 Mem:25.96M (Peak 53.98M) | Time:00:00.12 | Mem:0.00M, Peak:0.00M | Scene, ViewLayer | Updating Procedurals
Fra:10 Mem:25.96M (Peak 53.98M) | Time:00:00.12 | Mem:0.00M, Peak:0.00M | Scene, ViewLayer | Updating Background
Fra:10 Mem:25.96M (Peak 53.98M) | Time:00:00.12 | Mem:0.00M, Peak:0.00M | Scene, ViewLayer | Updating Camera
Fra:10 Mem:25.96M (Peak 53.98M) | Time:00:00.12 | Mem:0.00M, Peak:0.00M | Scene, ViewLayer | Updating Meshes Flags
Fra:10 Mem:25.96M (Peak 53.98M) | Time:00:00.12 | Mem:0.00M, Peak:0.00M | Scene, ViewLayer | Updating Objects
Fra:10 Mem:25.96M (Peak 53.98M) | Time:00:00.12 | Mem:0.00M, Peak:0.00M | Scene, ViewLayer | Updating Objects | Copying Transformations to device
Fra:10 Mem:25.97M (Peak 53.98M) | Time:00:00.12 | Mem:0.01M, Peak:0.01M | Scene, ViewLayer | Updating Particle Systems
Fra:10 Mem:25.97M (Peak 53.98M) | Time:00:00.12 | Mem:0.01M, Peak:0.01M | Scene, ViewLayer | Updating Particle Systems | Copying Particles to device
Fra:10 Mem:25.97M (Peak 53.98M) | Time:00:00.12 | Mem:0.01M, Peak:0.01M | Scene, ViewLayer | Updating Meshes
Fra:10 Mem:25.97M (Peak 53.98M) | Time:00:00.12 | Mem:0.01M, Peak:0.01M | Scene, ViewLayer | Updating Objects | Applying Static Transformations
Fra:10 Mem:25.97M (Peak 53.98M) | Time:00:00.12 | Mem:0.01M, Peak:0.01M | Scene, ViewLayer | Updating Mesh | Computing attributes
Fra:10 Mem:26.31M (Peak 53.98M) | Time:00:00.12 | Mem:0.01M, Peak:0.01M | Scene, ViewLayer | Updating Mesh | Copying Attributes to device
Fra:10 Mem:26.31M (Peak 53.98M) | Time:00:00.12 | Mem:0.35M, Peak:0.35M | Scene, ViewLayer | Updating Scene BVH | Building
Fra:10 Mem:26.31M (Peak 53.98M) | Time:00:00.12 | Mem:0.35M, Peak:0.35M | Scene, ViewLayer | Updating Scene BVH | Building BVH
Fra:10 Mem:29.68M (Peak 53.98M) | Time:00:00.12 | Mem:0.35M, Peak:0.35M | Scene, ViewLayer | Updating Scene BVH | Packing BVH triangles and strands
Fra:10 Mem:29.91M (Peak 53.98M) | Time:00:00.12 | Mem:0.35M, Peak:0.35M | Scene, ViewLayer | Updating Scene BVH | Packing BVH nodes
Fra:10 Mem:29.83M (Peak 53.98M) | Time:00:00.13 | Mem:0.35M, Peak:0.35M | Scene, ViewLayer | Updating Scene BVH | Copying BVH to device
Fra:10 Mem:29.83M (Peak 53.98M) | Time:00:00.13 | Mem:2.11M, Peak:2.11M | Scene, ViewLayer | Updating Mesh | Computing normals
Fra:10 Mem:31.41M (Peak 53.98M) | Time:00:00.13 | Mem:2.11M, Peak:2.11M | Scene, ViewLayer | Updating Mesh | Copying Mesh to device
Fra:10 Mem:31.41M (Peak 53.98M) | Time:00:00.13 | Mem:3.69M, Peak:3.69M | Scene, ViewLayer | Updating Objects Flags
Fra:10 Mem:31.41M (Peak 53.98M) | Time:00:00.13 | Mem:3.69M, Peak:3.69M | Scene, ViewLayer | Updating Primitive Offsets
Fra:10 Mem:31.41M (Peak 53.98M) | Time:00:00.13 | Mem:3.69M, Peak:3.69M | Scene, ViewLayer | Updating Images
Fra:10 Mem:31.41M (Peak 53.98M) | Time:00:00.13 | Mem:3.69M, Peak:3.69M | Scene, ViewLayer | Updating Camera Volume
Fra:10 Mem:31.41M (Peak 53.98M) | Time:00:00.13 | Mem:3.69M, Peak:3.69M | Scene, ViewLayer | Updating Lookup Tables
Fra:10 Mem:31.41M (Peak 53.98M) | Time:00:00.13 | Mem:3.77M, Peak:3.77M | Scene, ViewLayer | Updating Lights
Fra:10 Mem:31.41M (Peak 53.98M) | Time:00:00.13 | Mem:3.77M, Peak:3.77M | Scene, ViewLayer | Updating Lights | Computing tree
Fra:10 Mem:31.41M (Peak 53.98M) | Time:00:00.13 | Mem:3.78M, Peak:3.78M | Scene, ViewLayer | Updating Integrator
Fra:10 Mem:31.41M (Peak 53.98M) | Time:00:00.13 | Mem:3.78M, Peak:3.78M | Scene, ViewLayer | Updating Film
Fra:10 Mem:31.41M (Peak 53.98M) | Time:00:00.13 | Mem:3.69M, Peak:3.78M | Scene, ViewLayer | Updating Lookup Tables
Fra:10 Mem:31.41M (Peak 53.98M) | Time:00:00.13 | Mem:3.78M, Peak:3.78M | Scene, ViewLayer | Updating Baking
Fra:10 Mem:31.41M (Peak 53.98M) | Time:00:00.13 | Mem:3.78M, Peak:3.78M | Scene, ViewLayer | Updating Device | Writing constant memory
Fra:10 Mem:31.42M (Peak 53.98M) | Time:00:00.13 | Mem:3.78M, Peak:3.78M | Scene, ViewLayer | Loading denoising kernels (may take a few minutes the first time)
Fra:10 Mem:35.42M (Peak 53.98M) | Time:00:00.13 | Mem:355.78M, Peak:355.78M | Scene, ViewLayer | Sample 0/24
Fra:10 Mem:78.17M (Peak 78.17M) | Time:00:00.14 | Remaining:00:00.13 | Mem:398.53M, Peak:398.53M | Scene, ViewLayer | Sample 1/24
Fra:10 Mem:96.18M (Peak 123.18M) | Time:00:01.58 | Mem:398.53M, Peak:398.53M | Scene, ViewLayer | Sample 24/24
Fra:10 Mem:96.18M (Peak 123.18M) | Time:00:01.58 | Mem:398.53M, Peak:398.53M | Scene, ViewLayer | Finished
2026-09-23T06:30:58+0900/hunyuan-rig/heartbeat {'stage': 'up_left', 'frame': 10} images=36
Saved: '/home/cbsim/ws/slime-workflow/.tmp/2026-09-23_06-25-15/up_left-04.png'
Time: 00:01.71 (Saving: 00:00.03)

Fra:13 Mem:26.37M (Peak 26.37M) | Time:00:00.07 | Mem:0.00M, Peak:0.00M | Scene, ViewLayer | Synchronizing object | fill
Fra:13 Mem:26.37M (Peak 26.37M) | Time:00:00.07 | Mem:0.00M, Peak:0.00M | Scene, ViewLayer | Synchronizing object | head-shell-part
Fra:13 Mem:26.37M (Peak 26.37M) | Time:00:00.07 | Mem:0.00M, Peak:0.00M | Scene, ViewLayer | Synchronizing object | pelvis-shell-part
Fra:13 Mem:26.48M (Peak 26.48M) | Time:00:00.07 | Mem:0.00M, Peak:0.00M | Scene, ViewLayer | Synchronizing object | head-pivot-ball
Fra:13 Mem:26.50M (Peak 26.50M) | Time:00:00.07 | Mem:0.00M, Peak:0.00M | Scene, ViewLayer | Synchronizing object | waist-internal-core
Fra:13 Mem:26.53M (Peak 26.53M) | Time:00:00.07 | Mem:0.00M, Peak:0.00M | Scene, ViewLayer | Synchronizing object | left-upper-arm-shell
Fra:13 Mem:26.68M (Peak 26.68M) | Time:00:00.07 | Mem:0.00M, Peak:0.00M | Scene, ViewLayer | Synchronizing object | left-shoulder-ball
Fra:13 Mem:26.80M (Peak 26.80M) | Time:00:00.07 | Mem:0.00M, Peak:0.00M | Scene, ViewLayer | Synchronizing object | left-wrist-ball
Fra:13 Mem:26.94M (Peak 26.94M) | Time:00:00.07 | Mem:0.00M, Peak:0.00M | Scene, ViewLayer | Synchronizing object | left-hip-ball
Fra:13 Mem:26.98M (Peak 26.98M) | Time:00:00.07 | Mem:0.00M, Peak:0.00M | Scene, ViewLayer | Synchronizing object | left-knee-ball
Fra:13 Mem:27.05M (Peak 27.05M) | Time:00:00.07 | Mem:0.00M, Peak:0.00M | Scene, ViewLayer | Synchronizing object | left-ankle-ball
Fra:13 Mem:27.11M (Peak 27.11M) | Time:00:00.07 | Mem:0.00M, Peak:0.00M | Scene, ViewLayer | Synchronizing object | right-upper-arm-shell
Fra:13 Mem:27.31M (Peak 27.31M) | Time:00:00.07 | Mem:0.00M, Peak:0.00M | Scene, ViewLayer | Synchronizing object | right-thigh-shell
Fra:13 Mem:27.37M (Peak 27.37M) | Time:00:00.07 | Mem:0.00M, Peak:0.00M | Scene, ViewLayer | Synchronizing object | right-foot-shell
Fra:13 Mem:27.69M (Peak 27.69M) | Time:00:00.07 | Mem:0.00M, Peak:0.00M | Scene, ViewLayer | Synchronizing object | right-shoulder-ball
Fra:13 Mem:27.87M (Peak 27.87M) | Time:00:00.07 | Mem:0.00M, Peak:0.00M | Scene, ViewLayer | Synchronizing object | right-elbow-ball
Fra:13 Mem:27.91M (Peak 27.91M) | Time:00:00.07 | Mem:0.00M, Peak:0.00M | Scene, ViewLayer | Synchronizing object | right-wrist-ball
Fra:13 Mem:27.87M (Peak 27.91M) | Time:00:00.07 | Mem:0.00M, Peak:0.00M | Scene, ViewLayer | Synchronizing object | right-hip-ball
Fra:13 Mem:30.22M (Peak 30.22M) | Time:00:00.08 | Mem:0.00M, Peak:0.00M | Scene, ViewLayer | Initializing
Fra:13 Mem:25.88M (Peak 30.22M) | Time:00:00.08 | Mem:0.00M, Peak:0.00M | Scene, ViewLayer | Waiting for render to start
Fra:13 Mem:25.88M (Peak 30.22M) | Time:00:00.08 | Mem:0.00M, Peak:0.00M | Scene, ViewLayer | Updating Scene
Fra:13 Mem:25.88M (Peak 30.22M) | Time:00:00.08 | Mem:0.00M, Peak:0.00M | Scene, ViewLayer | Updating Shaders
Fra:13 Mem:25.88M (Peak 30.22M) | Time:00:00.08 | Mem:0.00M, Peak:0.00M | Scene, ViewLayer | Loading render kernels (may take a few minutes the first time)
Fra:13 Mem:25.96M (Peak 53.98M) | Time:00:00.12 | Mem:0.00M, Peak:0.00M | Scene, ViewLayer | Updating Procedurals
Fra:13 Mem:25.96M (Peak 53.98M) | Time:00:00.12 | Mem:0.00M, Peak:0.00M | Scene, ViewLayer | Updating Background
Fra:13 Mem:25.96M (Peak 53.98M) | Time:00:00.12 | Mem:0.00M, Peak:0.00M | Scene, ViewLayer | Updating Camera
Fra:13 Mem:25.96M (Peak 53.98M) | Time:00:00.12 | Mem:0.00M, Peak:0.00M | Scene, ViewLayer | Updating Meshes Flags
Fra:13 Mem:25.96M (Peak 53.98M) | Time:00:00.12 | Mem:0.00M, Peak:0.00M | Scene, ViewLayer | Updating Objects
Fra:13 Mem:25.96M (Peak 53.98M) | Time:00:00.12 | Mem:0.00M, Peak:0.00M | Scene, ViewLayer | Updating Objects | Copying Transformations to device
Fra:13 Mem:25.97M (Peak 53.98M) | Time:00:00.12 | Mem:0.01M, Peak:0.01M | Scene, ViewLayer | Updating Particle Systems
Fra:13 Mem:25.97M (Peak 53.98M) | Time:00:00.12 | Mem:0.01M, Peak:0.01M | Scene, ViewLayer | Updating Particle Systems | Copying Particles to device
Fra:13 Mem:25.97M (Peak 53.98M) | Time:00:00.12 | Mem:0.01M, Peak:0.01M | Scene, ViewLayer | Updating Meshes
Fra:13 Mem:25.97M (Peak 53.98M) | Time:00:00.12 | Mem:0.01M, Peak:0.01M | Scene, ViewLayer | Updating Objects | Applying Static Transformations
Fra:13 Mem:25.97M (Peak 53.98M) | Time:00:00.12 | Mem:0.01M, Peak:0.01M | Scene, ViewLayer | Updating Mesh | Computing attributes
Fra:13 Mem:26.31M (Peak 53.98M) | Time:00:00.12 | Mem:0.01M, Peak:0.01M | Scene, ViewLayer | Updating Mesh | Copying Attributes to device
Fra:13 Mem:26.31M (Peak 53.98M) | Time:00:00.12 | Mem:0.35M, Peak:0.35M | Scene, ViewLayer | Updating Scene BVH | Building
Fra:13 Mem:26.31M (Peak 53.98M) | Time:00:00.12 | Mem:0.35M, Peak:0.35M | Scene, ViewLayer | Updating Scene BVH | Building BVH
Fra:13 Mem:29.68M (Peak 53.98M) | Time:00:00.12 | Mem:0.35M, Peak:0.35M | Scene, ViewLayer | Updating Scene BVH | Packing BVH triangles and strands
Fra:13 Mem:29.91M (Peak 53.98M) | Time:00:00.12 | Mem:0.35M, Peak:0.35M | Scene, ViewLayer | Updating Scene BVH | Packing BVH nodes
Fra:13 Mem:29.83M (Peak 53.98M) | Time:00:00.13 | Mem:0.35M, Peak:0.35M | Scene, ViewLayer | Updating Scene BVH | Copying BVH to device
Fra:13 Mem:29.83M (Peak 53.98M) | Time:00:00.13 | Mem:2.11M, Peak:2.11M | Scene, ViewLayer | Updating Mesh | Computing normals
Fra:13 Mem:31.41M (Peak 53.98M) | Time:00:00.13 | Mem:2.11M, Peak:2.11M | Scene, ViewLayer | Updating Mesh | Copying Mesh to device
Fra:13 Mem:31.41M (Peak 53.98M) | Time:00:00.13 | Mem:3.69M, Peak:3.69M | Scene, ViewLayer | Updating Objects Flags
Fra:13 Mem:31.41M (Peak 53.98M) | Time:00:00.13 | Mem:3.69M, Peak:3.69M | Scene, ViewLayer | Updating Primitive Offsets
Fra:13 Mem:31.41M (Peak 53.98M) | Time:00:00.13 | Mem:3.69M, Peak:3.69M | Scene, ViewLayer | Updating Images
Fra:13 Mem:31.41M (Peak 53.98M) | Time:00:00.13 | Mem:3.69M, Peak:3.69M | Scene, ViewLayer | Updating Camera Volume
Fra:13 Mem:31.41M (Peak 53.98M) | Time:00:00.13 | Mem:3.69M, Peak:3.69M | Scene, ViewLayer | Updating Lookup Tables
Fra:13 Mem:31.41M (Peak 53.98M) | Time:00:00.13 | Mem:3.78M, Peak:3.78M | Scene, ViewLayer | Updating Lights
Fra:13 Mem:31.41M (Peak 53.98M) | Time:00:00.13 | Mem:3.78M, Peak:3.78M | Scene, ViewLayer | Updating Lights | Computing tree
Fra:13 Mem:31.41M (Peak 53.98M) | Time:00:00.13 | Mem:3.78M, Peak:3.78M | Scene, ViewLayer | Updating Integrator
Fra:13 Mem:31.41M (Peak 53.98M) | Time:00:00.13 | Mem:3.78M, Peak:3.78M | Scene, ViewLayer | Updating Film
Fra:13 Mem:31.42M (Peak 53.98M) | Time:00:00.13 | Mem:3.70M, Peak:3.78M | Scene, ViewLayer | Updating Lookup Tables
Fra:13 Mem:31.42M (Peak 53.98M) | Time:00:00.13 | Mem:3.78M, Peak:3.78M | Scene, ViewLayer | Updating Baking
Fra:13 Mem:31.42M (Peak 53.98M) | Time:00:00.13 | Mem:3.78M, Peak:3.78M | Scene, ViewLayer | Updating Device | Writing constant memory
Fra:13 Mem:31.42M (Peak 53.98M) | Time:00:00.13 | Mem:3.78M, Peak:3.78M | Scene, ViewLayer | Loading denoising kernels (may take a few minutes the first time)
Fra:13 Mem:35.42M (Peak 53.98M) | Time:00:00.13 | Mem:355.78M, Peak:355.78M | Scene, ViewLayer | Sample 0/24
Fra:13 Mem:78.17M (Peak 78.17M) | Time:00:00.14 | Remaining:00:00.13 | Mem:398.53M, Peak:398.53M | Scene, ViewLayer | Sample 1/24
Fra:13 Mem:96.18M (Peak 123.18M) | Time:00:01.59 | Mem:398.53M, Peak:398.53M | Scene, ViewLayer | Sample 24/24
Fra:13 Mem:96.18M (Peak 123.18M) | Time:00:01.59 | Mem:398.53M, Peak:398.53M | Scene, ViewLayer | Finished
Saved: '/home/cbsim/ws/slime-workflow/.tmp/2026-09-23_06-25-15/up_left-05.png'
Time: 00:01.71 (Saving: 00:00.03)

Fra:16 Mem:26.37M (Peak 26.37M) | Time:00:00.07 | Mem:0.00M, Peak:0.00M | Scene, ViewLayer | Synchronizing object | key
Fra:16 Mem:26.37M (Peak 26.37M) | Time:00:00.07 | Mem:0.00M, Peak:0.00M | Scene, ViewLayer | Synchronizing object | right-ankle-ball
Fra:16 Mem:26.37M (Peak 26.37M) | Time:00:00.07 | Mem:0.00M, Peak:0.00M | Scene, ViewLayer | Synchronizing object | head-shell-part
Fra:16 Mem:26.41M (Peak 26.41M) | Time:00:00.07 | Mem:0.00M, Peak:0.00M | Scene, ViewLayer | Synchronizing object | neck-shell-part
Fra:16 Mem:26.49M (Peak 26.49M) | Time:00:00.07 | Mem:0.00M, Peak:0.00M | Scene, ViewLayer | Synchronizing object | right-knee-ball
Fra:16 Mem:26.56M (Peak 26.56M) | Time:00:00.07 | Mem:0.00M, Peak:0.00M | Scene, ViewLayer | Synchronizing object | chest-shell-part
Fra:16 Mem:26.76M (Peak 26.76M) | Time:00:00.07 | Mem:0.00M, Peak:0.00M | Scene, ViewLayer | Synchronizing object | head-pivot-ball
Fra:16 Mem:26.85M (Peak 26.85M) | Time:00:00.07 | Mem:0.00M, Peak:0.00M | Scene, ViewLayer | Synchronizing object | left-upper-arm-shell
Fra:16 Mem:26.98M (Peak 26.98M) | Time:00:00.07 | Mem:0.00M, Peak:0.00M | Scene, ViewLayer | Synchronizing object | left-forearm-shell
Fra:16 Mem:27.08M (Peak 27.08M) | Time:00:00.07 | Mem:0.00M, Peak:0.00M | Scene, ViewLayer | Synchronizing object | left-hand-shell
Fra:16 Mem:27.21M (Peak 27.21M) | Time:00:00.07 | Mem:0.00M, Peak:0.00M | Scene, ViewLayer | Synchronizing object | left-elbow-ball
Fra:16 Mem:27.32M (Peak 27.32M) | Time:00:00.07 | Mem:0.00M, Peak:0.00M | Scene, ViewLayer | Synchronizing object | left-knee-ball
Fra:16 Mem:27.43M (Peak 27.43M) | Time:00:00.07 | Mem:0.00M, Peak:0.00M | Scene, ViewLayer | Synchronizing object | right-forearm-shell
Fra:16 Mem:27.57M (Peak 27.57M) | Time:00:00.07 | Mem:0.00M, Peak:0.00M | Scene, ViewLayer | Synchronizing object | right-shin-shell
Fra:16 Mem:27.97M (Peak 27.97M) | Time:00:00.07 | Mem:0.00M, Peak:0.00M | Scene, ViewLayer | Synchronizing object | right-shoulder-ball
Fra:16 Mem:27.97M (Peak 27.97M) | Time:00:00.07 | Mem:0.00M, Peak:0.00M | Scene, ViewLayer | Synchronizing object | right-elbow-ball
Fra:16 Mem:28.52M (Peak 28.52M) | Time:00:00.08 | Mem:0.00M, Peak:0.00M | Scene, ViewLayer | Synchronizing object | right-wrist-ball
Fra:16 Mem:30.22M (Peak 30.22M) | Time:00:00.08 | Mem:0.00M, Peak:0.00M | Scene, ViewLayer | Initializing
Fra:16 Mem:25.88M (Peak 30.22M) | Time:00:00.08 | Mem:0.00M, Peak:0.00M | Scene, ViewLayer | Waiting for render to start
Fra:16 Mem:25.88M (Peak 30.22M) | Time:00:00.08 | Mem:0.00M, Peak:0.00M | Scene, ViewLayer | Updating Scene
Fra:16 Mem:25.88M (Peak 30.22M) | Time:00:00.08 | Mem:0.00M, Peak:0.00M | Scene, ViewLayer | Updating Shaders
Fra:16 Mem:25.88M (Peak 30.22M) | Time:00:00.08 | Mem:0.00M, Peak:0.00M | Scene, ViewLayer | Loading render kernels (may take a few minutes the first time)
Fra:16 Mem:25.96M (Peak 53.98M) | Time:00:00.12 | Mem:0.00M, Peak:0.00M | Scene, ViewLayer | Updating Procedurals
Fra:16 Mem:25.96M (Peak 53.98M) | Time:00:00.12 | Mem:0.00M, Peak:0.00M | Scene, ViewLayer | Updating Background
Fra:16 Mem:25.96M (Peak 53.98M) | Time:00:00.12 | Mem:0.00M, Peak:0.00M | Scene, ViewLayer | Updating Camera
Fra:16 Mem:25.96M (Peak 53.98M) | Time:00:00.12 | Mem:0.00M, Peak:0.00M | Scene, ViewLayer | Updating Meshes Flags
Fra:16 Mem:25.96M (Peak 53.98M) | Time:00:00.12 | Mem:0.00M, Peak:0.00M | Scene, ViewLayer | Updating Objects
Fra:16 Mem:25.96M (Peak 53.98M) | Time:00:00.12 | Mem:0.00M, Peak:0.00M | Scene, ViewLayer | Updating Objects | Copying Transformations to device
Fra:16 Mem:25.97M (Peak 53.98M) | Time:00:00.12 | Mem:0.01M, Peak:0.01M | Scene, ViewLayer | Updating Particle Systems
Fra:16 Mem:25.97M (Peak 53.98M) | Time:00:00.12 | Mem:0.01M, Peak:0.01M | Scene, ViewLayer | Updating Particle Systems | Copying Particles to device
Fra:16 Mem:25.97M (Peak 53.98M) | Time:00:00.12 | Mem:0.01M, Peak:0.01M | Scene, ViewLayer | Updating Meshes
Fra:16 Mem:25.97M (Peak 53.98M) | Time:00:00.12 | Mem:0.01M, Peak:0.01M | Scene, ViewLayer | Updating Objects | Applying Static Transformations
Fra:16 Mem:25.97M (Peak 53.98M) | Time:00:00.12 | Mem:0.01M, Peak:0.01M | Scene, ViewLayer | Updating Mesh | Computing attributes
Fra:16 Mem:26.31M (Peak 53.98M) | Time:00:00.12 | Mem:0.01M, Peak:0.01M | Scene, ViewLayer | Updating Mesh | Copying Attributes to device
Fra:16 Mem:26.31M (Peak 53.98M) | Time:00:00.12 | Mem:0.35M, Peak:0.35M | Scene, ViewLayer | Updating Scene BVH | Building
Fra:16 Mem:26.31M (Peak 53.98M) | Time:00:00.12 | Mem:0.35M, Peak:0.35M | Scene, ViewLayer | Updating Scene BVH | Building BVH
Fra:16 Mem:29.68M (Peak 53.98M) | Time:00:00.13 | Mem:0.35M, Peak:0.35M | Scene, ViewLayer | Updating Scene BVH | Packing BVH triangles and strands
Fra:16 Mem:29.91M (Peak 53.98M) | Time:00:00.13 | Mem:0.35M, Peak:0.35M | Scene, ViewLayer | Updating Scene BVH | Packing BVH nodes
Fra:16 Mem:29.83M (Peak 53.98M) | Time:00:00.13 | Mem:0.35M, Peak:0.35M | Scene, ViewLayer | Updating Scene BVH | Copying BVH to device
Fra:16 Mem:29.83M (Peak 53.98M) | Time:00:00.13 | Mem:2.11M, Peak:2.11M | Scene, ViewLayer | Updating Mesh | Computing normals
Fra:16 Mem:31.41M (Peak 53.98M) | Time:00:00.13 | Mem:2.11M, Peak:2.11M | Scene, ViewLayer | Updating Mesh | Copying Mesh to device
Fra:16 Mem:31.41M (Peak 53.98M) | Time:00:00.13 | Mem:3.70M, Peak:3.70M | Scene, ViewLayer | Updating Objects Flags
Fra:16 Mem:31.41M (Peak 53.98M) | Time:00:00.13 | Mem:3.70M, Peak:3.70M | Scene, ViewLayer | Updating Primitive Offsets
Fra:16 Mem:31.41M (Peak 53.98M) | Time:00:00.13 | Mem:3.70M, Peak:3.70M | Scene, ViewLayer | Updating Images
Fra:16 Mem:31.41M (Peak 53.98M) | Time:00:00.13 | Mem:3.70M, Peak:3.70M | Scene, ViewLayer | Updating Camera Volume
Fra:16 Mem:31.41M (Peak 53.98M) | Time:00:00.13 | Mem:3.70M, Peak:3.70M | Scene, ViewLayer | Updating Lookup Tables
Fra:16 Mem:31.41M (Peak 53.98M) | Time:00:00.13 | Mem:3.78M, Peak:3.78M | Scene, ViewLayer | Updating Lights
Fra:16 Mem:31.41M (Peak 53.98M) | Time:00:00.13 | Mem:3.78M, Peak:3.78M | Scene, ViewLayer | Updating Lights | Computing tree
Fra:16 Mem:31.41M (Peak 53.98M) | Time:00:00.13 | Mem:3.78M, Peak:3.78M | Scene, ViewLayer | Updating Integrator
Fra:16 Mem:31.41M (Peak 53.98M) | Time:00:00.13 | Mem:3.78M, Peak:3.78M | Scene, ViewLayer | Updating Film
Fra:16 Mem:31.42M (Peak 53.98M) | Time:00:00.13 | Mem:3.70M, Peak:3.78M | Scene, ViewLayer | Updating Lookup Tables
Fra:16 Mem:31.42M (Peak 53.98M) | Time:00:00.13 | Mem:3.78M, Peak:3.78M | Scene, ViewLayer | Updating Baking
Fra:16 Mem:31.42M (Peak 53.98M) | Time:00:00.13 | Mem:3.78M, Peak:3.78M | Scene, ViewLayer | Updating Device | Writing constant memory
Fra:16 Mem:31.42M (Peak 53.98M) | Time:00:00.13 | Mem:3.78M, Peak:3.78M | Scene, ViewLayer | Loading denoising kernels (may take a few minutes the first time)
Fra:16 Mem:35.42M (Peak 53.98M) | Time:00:00.13 | Mem:355.78M, Peak:355.78M | Scene, ViewLayer | Sample 0/24
Fra:16 Mem:78.18M (Peak 78.18M) | Time:00:00.14 | Remaining:00:00.12 | Mem:398.53M, Peak:398.53M | Scene, ViewLayer | Sample 1/24
Fra:16 Mem:96.18M (Peak 123.18M) | Time:00:01.59 | Mem:398.54M, Peak:398.54M | Scene, ViewLayer | Sample 24/24
Fra:16 Mem:96.18M (Peak 123.18M) | Time:00:01.59 | Mem:398.54M, Peak:398.54M | Scene, ViewLayer | Finished
Saved: '/home/cbsim/ws/slime-workflow/.tmp/2026-09-23_06-25-15/up_left-06.png'
Time: 00:01.71 (Saving: 00:00.03)

Fra:19 Mem:26.37M (Peak 26.37M) | Time:00:00.08 | Mem:0.00M, Peak:0.00M | Scene, ViewLayer | Synchronizing object | fill
Fra:19 Mem:26.37M (Peak 26.37M) | Time:00:00.08 | Mem:0.00M, Peak:0.00M | Scene, ViewLayer | Synchronizing object | right-ankle-ball
Fra:19 Mem:26.41M (Peak 26.41M) | Time:00:00.08 | Mem:0.00M, Peak:0.00M | Scene, ViewLayer | Synchronizing object | head-shell-part
Fra:19 Mem:26.42M (Peak 26.42M) | Time:00:00.08 | Mem:0.00M, Peak:0.00M | Scene, ViewLayer | Synchronizing object | pelvis-shell-part
Fra:19 Mem:26.48M (Peak 26.48M) | Time:00:00.08 | Mem:0.00M, Peak:0.00M | Scene, ViewLayer | Synchronizing object | right-knee-ball
Fra:19 Mem:26.57M (Peak 26.57M) | Time:00:00.08 | Mem:0.00M, Peak:0.00M | Scene, ViewLayer | Synchronizing object | head-pivot-ball
Fra:19 Mem:26.85M (Peak 26.85M) | Time:00:00.08 | Mem:0.00M, Peak:0.00M | Scene, ViewLayer | Synchronizing object | chest-internal-core
Fra:19 Mem:26.87M (Peak 26.87M) | Time:00:00.08 | Mem:0.00M, Peak:0.00M | Scene, ViewLayer | Synchronizing object | left-thigh-shell
Fra:19 Mem:26.99M (Peak 26.99M) | Time:00:00.08 | Mem:0.00M, Peak:0.00M | Scene, ViewLayer | Synchronizing object | left-shin-shell
Fra:19 Mem:27.04M (Peak 27.04M) | Time:00:00.08 | Mem:0.00M, Peak:0.00M | Scene, ViewLayer | Synchronizing object | right-hip-ball
Fra:19 Mem:27.30M (Peak 27.30M) | Time:00:00.08 | Mem:0.00M, Peak:0.00M | Scene, ViewLayer | Synchronizing object | right-wrist-ball
Fra:19 Mem:27.44M (Peak 27.44M) | Time:00:00.08 | Mem:0.00M, Peak:0.00M | Scene, ViewLayer | Synchronizing object | right-elbow-ball
Fra:19 Mem:27.49M (Peak 27.49M) | Time:00:00.08 | Mem:0.00M, Peak:0.00M | Scene, ViewLayer | Synchronizing object | right-shoulder-ball
Fra:19 Mem:27.72M (Peak 27.72M) | Time:00:00.08 | Mem:0.00M, Peak:0.00M | Scene, ViewLayer | Synchronizing object | left-elbow-ball
Fra:19 Mem:27.99M (Peak 27.99M) | Time:00:00.08 | Mem:0.00M, Peak:0.00M | Scene, ViewLayer | Synchronizing object | left-hip-ball
Fra:19 Mem:28.13M (Peak 28.13M) | Time:00:00.08 | Mem:0.00M, Peak:0.00M | Scene, ViewLayer | Synchronizing object | left-ankle-ball
Fra:19 Mem:28.16M (Peak 28.16M) | Time:00:00.08 | Mem:0.00M, Peak:0.00M | Scene, ViewLayer | Synchronizing object | right-upper-arm-shell
Fra:19 Mem:28.26M (Peak 28.26M) | Time:00:00.08 | Mem:0.00M, Peak:0.00M | Scene, ViewLayer | Synchronizing object | right-forearm-shell
Fra:19 Mem:28.45M (Peak 28.45M) | Time:00:00.08 | Mem:0.00M, Peak:0.00M | Scene, ViewLayer | Synchronizing object | right-shin-shell
Fra:19 Mem:30.22M (Peak 30.22M) | Time:00:00.08 | Mem:0.00M, Peak:0.00M | Scene, ViewLayer | Initializing
Fra:19 Mem:25.88M (Peak 30.22M) | Time:00:00.08 | Mem:0.00M, Peak:0.00M | Scene, ViewLayer | Waiting for render to start
Fra:19 Mem:25.88M (Peak 30.22M) | Time:00:00.08 | Mem:0.00M, Peak:0.00M | Scene, ViewLayer | Updating Scene
Fra:19 Mem:25.88M (Peak 30.22M) | Time:00:00.08 | Mem:0.00M, Peak:0.00M | Scene, ViewLayer | Updating Shaders
Fra:19 Mem:25.88M (Peak 30.22M) | Time:00:00.08 | Mem:0.00M, Peak:0.00M | Scene, ViewLayer | Loading render kernels (may take a few minutes the first time)
Fra:19 Mem:25.96M (Peak 53.98M) | Time:00:00.12 | Mem:0.00M, Peak:0.00M | Scene, ViewLayer | Updating Procedurals
Fra:19 Mem:25.96M (Peak 53.98M) | Time:00:00.12 | Mem:0.00M, Peak:0.00M | Scene, ViewLayer | Updating Background
Fra:19 Mem:25.96M (Peak 53.98M) | Time:00:00.12 | Mem:0.00M, Peak:0.00M | Scene, ViewLayer | Updating Camera
Fra:19 Mem:25.96M (Peak 53.98M) | Time:00:00.12 | Mem:0.00M, Peak:0.00M | Scene, ViewLayer | Updating Meshes Flags
Fra:19 Mem:25.96M (Peak 53.98M) | Time:00:00.12 | Mem:0.00M, Peak:0.00M | Scene, ViewLayer | Updating Objects
Fra:19 Mem:25.96M (Peak 53.98M) | Time:00:00.12 | Mem:0.00M, Peak:0.00M | Scene, ViewLayer | Updating Objects | Copying Transformations to device
Fra:19 Mem:25.97M (Peak 53.98M) | Time:00:00.12 | Mem:0.01M, Peak:0.01M | Scene, ViewLayer | Updating Particle Systems
Fra:19 Mem:25.97M (Peak 53.98M) | Time:00:00.12 | Mem:0.01M, Peak:0.01M | Scene, ViewLayer | Updating Particle Systems | Copying Particles to device
Fra:19 Mem:25.97M (Peak 53.98M) | Time:00:00.12 | Mem:0.01M, Peak:0.01M | Scene, ViewLayer | Updating Meshes
Fra:19 Mem:25.97M (Peak 53.98M) | Time:00:00.12 | Mem:0.01M, Peak:0.01M | Scene, ViewLayer | Updating Objects | Applying Static Transformations
Fra:19 Mem:25.97M (Peak 53.98M) | Time:00:00.12 | Mem:0.01M, Peak:0.01M | Scene, ViewLayer | Updating Mesh | Computing attributes
Fra:19 Mem:26.31M (Peak 53.98M) | Time:00:00.12 | Mem:0.01M, Peak:0.01M | Scene, ViewLayer | Updating Mesh | Copying Attributes to device
Fra:19 Mem:26.31M (Peak 53.98M) | Time:00:00.12 | Mem:0.35M, Peak:0.35M | Scene, ViewLayer | Updating Scene BVH | Building
Fra:19 Mem:26.31M (Peak 53.98M) | Time:00:00.12 | Mem:0.35M, Peak:0.35M | Scene, ViewLayer | Updating Scene BVH | Building BVH
Fra:19 Mem:29.68M (Peak 53.98M) | Time:00:00.13 | Mem:0.35M, Peak:0.35M | Scene, ViewLayer | Updating Scene BVH | Packing BVH triangles and strands
Fra:19 Mem:29.91M (Peak 53.98M) | Time:00:00.13 | Mem:0.35M, Peak:0.35M | Scene, ViewLayer | Updating Scene BVH | Packing BVH nodes
Fra:19 Mem:29.83M (Peak 53.98M) | Time:00:00.13 | Mem:0.35M, Peak:0.35M | Scene, ViewLayer | Updating Scene BVH | Copying BVH to device
Fra:19 Mem:29.83M (Peak 53.98M) | Time:00:00.13 | Mem:2.11M, Peak:2.11M | Scene, ViewLayer | Updating Mesh | Computing normals
Fra:19 Mem:31.41M (Peak 53.98M) | Time:00:00.13 | Mem:2.11M, Peak:2.11M | Scene, ViewLayer | Updating Mesh | Copying Mesh to device
Fra:19 Mem:31.41M (Peak 53.98M) | Time:00:00.13 | Mem:3.69M, Peak:3.69M | Scene, ViewLayer | Updating Objects Flags
Fra:19 Mem:31.41M (Peak 53.98M) | Time:00:00.13 | Mem:3.69M, Peak:3.69M | Scene, ViewLayer | Updating Primitive Offsets
Fra:19 Mem:31.41M (Peak 53.98M) | Time:00:00.13 | Mem:3.69M, Peak:3.69M | Scene, ViewLayer | Updating Images
Fra:19 Mem:31.41M (Peak 53.98M) | Time:00:00.13 | Mem:3.69M, Peak:3.69M | Scene, ViewLayer | Updating Camera Volume
Fra:19 Mem:31.41M (Peak 53.98M) | Time:00:00.13 | Mem:3.69M, Peak:3.69M | Scene, ViewLayer | Updating Lookup Tables
Fra:19 Mem:31.41M (Peak 53.98M) | Time:00:00.13 | Mem:3.78M, Peak:3.78M | Scene, ViewLayer | Updating Lights
Fra:19 Mem:31.41M (Peak 53.98M) | Time:00:00.13 | Mem:3.78M, Peak:3.78M | Scene, ViewLayer | Updating Lights | Computing tree
Fra:19 Mem:31.41M (Peak 53.98M) | Time:00:00.13 | Mem:3.78M, Peak:3.78M | Scene, ViewLayer | Updating Integrator
Fra:19 Mem:31.41M (Peak 53.98M) | Time:00:00.13 | Mem:3.78M, Peak:3.78M | Scene, ViewLayer | Updating Film
Fra:19 Mem:31.42M (Peak 53.98M) | Time:00:00.13 | Mem:3.70M, Peak:3.78M | Scene, ViewLayer | Updating Lookup Tables
Fra:19 Mem:31.42M (Peak 53.98M) | Time:00:00.13 | Mem:3.78M, Peak:3.78M | Scene, ViewLayer | Updating Baking
Fra:19 Mem:31.42M (Peak 53.98M) | Time:00:00.13 | Mem:3.78M, Peak:3.78M | Scene, ViewLayer | Updating Device | Writing constant memory
Fra:19 Mem:31.42M (Peak 53.98M) | Time:00:00.13 | Mem:3.78M, Peak:3.78M | Scene, ViewLayer | Loading denoising kernels (may take a few minutes the first time)
Fra:19 Mem:35.42M (Peak 53.98M) | Time:00:00.14 | Mem:355.78M, Peak:355.78M | Scene, ViewLayer | Sample 0/24
Fra:19 Mem:78.18M (Peak 78.18M) | Time:00:00.14 | Remaining:00:00.13 | Mem:398.53M, Peak:398.53M | Scene, ViewLayer | Sample 1/24
2026-09-23T06:31:03+0900/hunyuan-rig/heartbeat {'stage': 'up_left', 'frame': 19} images=36
Fra:19 Mem:96.18M (Peak 123.18M) | Time:00:01.62 | Mem:398.53M, Peak:398.53M | Scene, ViewLayer | Sample 24/24
Fra:19 Mem:96.18M (Peak 123.18M) | Time:00:01.62 | Mem:398.53M, Peak:398.53M | Scene, ViewLayer | Finished
Saved: '/home/cbsim/ws/slime-workflow/.tmp/2026-09-23_06-25-15/up_left-07.png'
Time: 00:01.73 (Saving: 00:00.03)

Fra:22 Mem:26.37M (Peak 26.37M) | Time:00:00.07 | Mem:0.00M, Peak:0.00M | Scene, ViewLayer | Synchronizing object | key
Fra:22 Mem:26.37M (Peak 26.37M) | Time:00:00.07 | Mem:0.00M, Peak:0.00M | Scene, ViewLayer | Synchronizing object | neck-shell-part
Fra:22 Mem:26.39M (Peak 26.39M) | Time:00:00.07 | Mem:0.00M, Peak:0.00M | Scene, ViewLayer | Synchronizing object | abdomen-shell-part
Fra:22 Mem:26.39M (Peak 26.39M) | Time:00:00.07 | Mem:0.00M, Peak:0.00M | Scene, ViewLayer | Synchronizing object | left-forearm-shell
Fra:22 Mem:26.43M (Peak 26.43M) | Time:00:00.07 | Mem:0.00M, Peak:0.00M | Scene, ViewLayer | Synchronizing object | left-thigh-shell
Fra:22 Mem:26.56M (Peak 26.56M) | Time:00:00.07 | Mem:0.00M, Peak:0.00M | Scene, ViewLayer | Synchronizing object | right-knee-ball
Fra:22 Mem:26.69M (Peak 26.69M) | Time:00:00.07 | Mem:0.00M, Peak:0.00M | Scene, ViewLayer | Synchronizing object | left-foot-shell
Fra:22 Mem:26.78M (Peak 26.78M) | Time:00:00.07 | Mem:0.00M, Peak:0.00M | Scene, ViewLayer | Synchronizing object | left-elbow-ball
Fra:22 Mem:26.83M (Peak 26.83M) | Time:00:00.07 | Mem:0.00M, Peak:0.00M | Scene, ViewLayer | Synchronizing object | left-wrist-ball
Fra:22 Mem:27.01M (Peak 27.01M) | Time:00:00.07 | Mem:0.00M, Peak:0.00M | Scene, ViewLayer | Synchronizing object | right-forearm-shell
Fra:22 Mem:27.21M (Peak 27.21M) | Time:00:00.07 | Mem:0.00M, Peak:0.00M | Scene, ViewLayer | Synchronizing object | right-thigh-shell
Fra:22 Mem:27.24M (Peak 27.24M) | Time:00:00.07 | Mem:0.00M, Peak:0.00M | Scene, ViewLayer | Synchronizing object | right-shin-shell
Fra:22 Mem:27.75M (Peak 27.75M) | Time:00:00.08 | Mem:0.00M, Peak:0.00M | Scene, ViewLayer | Synchronizing object | right-foot-shell
Fra:22 Mem:27.78M (Peak 27.78M) | Time:00:00.08 | Mem:0.00M, Peak:0.00M | Scene, ViewLayer | Synchronizing object | right-shoulder-ball
Fra:22 Mem:28.04M (Peak 28.04M) | Time:00:00.08 | Mem:0.00M, Peak:0.00M | Scene, ViewLayer | Synchronizing object | right-elbow-ball
Fra:22 Mem:28.07M (Peak 28.07M) | Time:00:00.08 | Mem:0.00M, Peak:0.00M | Scene, ViewLayer | Synchronizing object | right-wrist-ball
Fra:22 Mem:30.22M (Peak 30.22M) | Time:00:00.08 | Mem:0.00M, Peak:0.00M | Scene, ViewLayer | Initializing
Fra:22 Mem:25.88M (Peak 30.22M) | Time:00:00.08 | Mem:0.00M, Peak:0.00M | Scene, ViewLayer | Waiting for render to start
Fra:22 Mem:25.88M (Peak 30.22M) | Time:00:00.08 | Mem:0.00M, Peak:0.00M | Scene, ViewLayer | Updating Scene
Fra:22 Mem:25.88M (Peak 30.22M) | Time:00:00.08 | Mem:0.00M, Peak:0.00M | Scene, ViewLayer | Updating Shaders
Fra:22 Mem:25.88M (Peak 30.22M) | Time:00:00.08 | Mem:0.00M, Peak:0.00M | Scene, ViewLayer | Loading render kernels (may take a few minutes the first time)
Fra:22 Mem:25.96M (Peak 53.98M) | Time:00:00.12 | Mem:0.00M, Peak:0.00M | Scene, ViewLayer | Updating Procedurals
Fra:22 Mem:25.96M (Peak 53.98M) | Time:00:00.12 | Mem:0.00M, Peak:0.00M | Scene, ViewLayer | Updating Background
Fra:22 Mem:25.96M (Peak 53.98M) | Time:00:00.12 | Mem:0.00M, Peak:0.00M | Scene, ViewLayer | Updating Camera
Fra:22 Mem:25.96M (Peak 53.98M) | Time:00:00.12 | Mem:0.00M, Peak:0.00M | Scene, ViewLayer | Updating Meshes Flags
Fra:22 Mem:25.96M (Peak 53.98M) | Time:00:00.12 | Mem:0.00M, Peak:0.00M | Scene, ViewLayer | Updating Objects
Fra:22 Mem:25.96M (Peak 53.98M) | Time:00:00.12 | Mem:0.00M, Peak:0.00M | Scene, ViewLayer | Updating Objects | Copying Transformations to device
Fra:22 Mem:25.97M (Peak 53.98M) | Time:00:00.12 | Mem:0.01M, Peak:0.01M | Scene, ViewLayer | Updating Particle Systems
Fra:22 Mem:25.97M (Peak 53.98M) | Time:00:00.12 | Mem:0.01M, Peak:0.01M | Scene, ViewLayer | Updating Particle Systems | Copying Particles to device
Fra:22 Mem:25.97M (Peak 53.98M) | Time:00:00.12 | Mem:0.01M, Peak:0.01M | Scene, ViewLayer | Updating Meshes
Fra:22 Mem:25.97M (Peak 53.98M) | Time:00:00.12 | Mem:0.01M, Peak:0.01M | Scene, ViewLayer | Updating Objects | Applying Static Transformations
Fra:22 Mem:25.97M (Peak 53.98M) | Time:00:00.12 | Mem:0.01M, Peak:0.01M | Scene, ViewLayer | Updating Mesh | Computing attributes
Fra:22 Mem:26.31M (Peak 53.98M) | Time:00:00.12 | Mem:0.01M, Peak:0.01M | Scene, ViewLayer | Updating Mesh | Copying Attributes to device
Fra:22 Mem:26.31M (Peak 53.98M) | Time:00:00.12 | Mem:0.35M, Peak:0.35M | Scene, ViewLayer | Updating Scene BVH | Building
Fra:22 Mem:26.31M (Peak 53.98M) | Time:00:00.12 | Mem:0.35M, Peak:0.35M | Scene, ViewLayer | Updating Scene BVH | Building BVH
Fra:22 Mem:29.68M (Peak 53.98M) | Time:00:00.12 | Mem:0.35M, Peak:0.35M | Scene, ViewLayer | Updating Scene BVH | Packing BVH triangles and strands
Fra:22 Mem:29.91M (Peak 53.98M) | Time:00:00.13 | Mem:0.35M, Peak:0.35M | Scene, ViewLayer | Updating Scene BVH | Packing BVH nodes
Fra:22 Mem:29.83M (Peak 53.98M) | Time:00:00.13 | Mem:0.35M, Peak:0.35M | Scene, ViewLayer | Updating Scene BVH | Copying BVH to device
Fra:22 Mem:29.83M (Peak 53.98M) | Time:00:00.13 | Mem:2.11M, Peak:2.11M | Scene, ViewLayer | Updating Mesh | Computing normals
Fra:22 Mem:31.41M (Peak 53.98M) | Time:00:00.13 | Mem:2.11M, Peak:2.11M | Scene, ViewLayer | Updating Mesh | Copying Mesh to device
Fra:22 Mem:31.41M (Peak 53.98M) | Time:00:00.13 | Mem:3.70M, Peak:3.70M | Scene, ViewLayer | Updating Objects Flags
Fra:22 Mem:31.41M (Peak 53.98M) | Time:00:00.13 | Mem:3.70M, Peak:3.70M | Scene, ViewLayer | Updating Primitive Offsets
Fra:22 Mem:31.41M (Peak 53.98M) | Time:00:00.13 | Mem:3.70M, Peak:3.70M | Scene, ViewLayer | Updating Images
Fra:22 Mem:31.41M (Peak 53.98M) | Time:00:00.13 | Mem:3.70M, Peak:3.70M | Scene, ViewLayer | Updating Camera Volume
Fra:22 Mem:31.41M (Peak 53.98M) | Time:00:00.13 | Mem:3.70M, Peak:3.70M | Scene, ViewLayer | Updating Lookup Tables
Fra:22 Mem:31.41M (Peak 53.98M) | Time:00:00.13 | Mem:3.78M, Peak:3.78M | Scene, ViewLayer | Updating Lights
Fra:22 Mem:31.41M (Peak 53.98M) | Time:00:00.13 | Mem:3.78M, Peak:3.78M | Scene, ViewLayer | Updating Lights | Computing tree
Fra:22 Mem:31.41M (Peak 53.98M) | Time:00:00.13 | Mem:3.78M, Peak:3.78M | Scene, ViewLayer | Updating Integrator
Fra:22 Mem:31.41M (Peak 53.98M) | Time:00:00.13 | Mem:3.78M, Peak:3.78M | Scene, ViewLayer | Updating Film
Fra:22 Mem:31.42M (Peak 53.98M) | Time:00:00.13 | Mem:3.70M, Peak:3.78M | Scene, ViewLayer | Updating Lookup Tables
Fra:22 Mem:31.42M (Peak 53.98M) | Time:00:00.13 | Mem:3.78M, Peak:3.78M | Scene, ViewLayer | Updating Baking
Fra:22 Mem:31.42M (Peak 53.98M) | Time:00:00.13 | Mem:3.78M, Peak:3.78M | Scene, ViewLayer | Updating Device | Writing constant memory
Fra:22 Mem:31.42M (Peak 53.98M) | Time:00:00.13 | Mem:3.78M, Peak:3.78M | Scene, ViewLayer | Loading denoising kernels (may take a few minutes the first time)
Fra:22 Mem:35.42M (Peak 53.98M) | Time:00:00.13 | Mem:355.78M, Peak:355.78M | Scene, ViewLayer | Sample 0/24
Fra:22 Mem:78.18M (Peak 78.18M) | Time:00:00.14 | Remaining:00:00.13 | Mem:398.53M, Peak:398.53M | Scene, ViewLayer | Sample 1/24
Fra:22 Mem:96.18M (Peak 123.18M) | Time:00:01.58 | Mem:398.54M, Peak:398.54M | Scene, ViewLayer | Sample 24/24
Fra:22 Mem:96.18M (Peak 123.18M) | Time:00:01.58 | Mem:398.54M, Peak:398.54M | Scene, ViewLayer | Finished
Saved: '/home/cbsim/ws/slime-workflow/.tmp/2026-09-23_06-25-15/up_left-08.png'
Time: 00:01.70 (Saving: 00:00.03)

Fra:1 Mem:26.37M (Peak 26.37M) | Time:00:00.07 | Mem:0.00M, Peak:0.00M | Scene, ViewLayer | Synchronizing object | key
Fra:1 Mem:26.37M (Peak 26.37M) | Time:00:00.07 | Mem:0.00M, Peak:0.00M | Scene, ViewLayer | Synchronizing object | fill
Fra:1 Mem:26.37M (Peak 26.37M) | Time:00:00.07 | Mem:0.00M, Peak:0.00M | Scene, ViewLayer | Synchronizing object | neck-shell-part
Fra:1 Mem:26.37M (Peak 26.37M) | Time:00:00.07 | Mem:0.00M, Peak:0.00M | Scene, ViewLayer | Synchronizing object | abdomen-shell-part
Fra:1 Mem:26.40M (Peak 26.40M) | Time:00:00.07 | Mem:0.00M, Peak:0.00M | Scene, ViewLayer | Synchronizing object | head-pivot-ball
Fra:1 Mem:26.45M (Peak 26.45M) | Time:00:00.07 | Mem:0.00M, Peak:0.00M | Scene, ViewLayer | Synchronizing object | waist-internal-core
Fra:1 Mem:26.53M (Peak 26.53M) | Time:00:00.07 | Mem:0.00M, Peak:0.00M | Scene, ViewLayer | Synchronizing object | chest-internal-core
Fra:1 Mem:26.59M (Peak 26.58M) | Time:00:00.07 | Mem:0.00M, Peak:0.00M | Scene, ViewLayer | Synchronizing object | left-elbow-ball
Fra:1 Mem:26.70M (Peak 26.70M) | Time:00:00.07 | Mem:0.00M, Peak:0.00M | Scene, ViewLayer | Synchronizing object | left-hip-ball
Fra:1 Mem:27.03M (Peak 27.03M) | Time:00:00.07 | Mem:0.00M, Peak:0.00M | Scene, ViewLayer | Synchronizing object | right-forearm-shell
Fra:1 Mem:27.12M (Peak 27.12M) | Time:00:00.07 | Mem:0.00M, Peak:0.00M | Scene, ViewLayer | Synchronizing object | right-shoulder-ball
Fra:1 Mem:27.94M (Peak 27.94M) | Time:00:00.07 | Mem:0.00M, Peak:0.00M | Scene, ViewLayer | Synchronizing object | right-elbow-ball
Fra:1 Mem:28.18M (Peak 28.18M) | Time:00:00.07 | Mem:0.00M, Peak:0.00M | Scene, ViewLayer | Synchronizing object | right-hip-ball
Fra:1 Mem:30.22M (Peak 30.22M) | Time:00:00.08 | Mem:0.00M, Peak:0.00M | Scene, ViewLayer | Initializing
Fra:1 Mem:25.88M (Peak 30.22M) | Time:00:00.08 | Mem:0.00M, Peak:0.00M | Scene, ViewLayer | Waiting for render to start
Fra:1 Mem:25.88M (Peak 30.22M) | Time:00:00.08 | Mem:0.00M, Peak:0.00M | Scene, ViewLayer | Updating Scene
Fra:1 Mem:25.88M (Peak 30.22M) | Time:00:00.08 | Mem:0.00M, Peak:0.00M | Scene, ViewLayer | Updating Shaders
Fra:1 Mem:25.88M (Peak 30.22M) | Time:00:00.08 | Mem:0.00M, Peak:0.00M | Scene, ViewLayer | Loading render kernels (may take a few minutes the first time)
Fra:1 Mem:25.96M (Peak 53.98M) | Time:00:00.12 | Mem:0.00M, Peak:0.00M | Scene, ViewLayer | Updating Procedurals
Fra:1 Mem:25.96M (Peak 53.98M) | Time:00:00.12 | Mem:0.00M, Peak:0.00M | Scene, ViewLayer | Updating Background
Fra:1 Mem:25.96M (Peak 53.98M) | Time:00:00.12 | Mem:0.00M, Peak:0.00M | Scene, ViewLayer | Updating Camera
Fra:1 Mem:25.96M (Peak 53.98M) | Time:00:00.12 | Mem:0.00M, Peak:0.00M | Scene, ViewLayer | Updating Meshes Flags
Fra:1 Mem:25.96M (Peak 53.98M) | Time:00:00.12 | Mem:0.00M, Peak:0.00M | Scene, ViewLayer | Updating Objects
Fra:1 Mem:25.96M (Peak 53.98M) | Time:00:00.12 | Mem:0.00M, Peak:0.00M | Scene, ViewLayer | Updating Objects | Copying Transformations to device
Fra:1 Mem:25.97M (Peak 53.98M) | Time:00:00.12 | Mem:0.01M, Peak:0.01M | Scene, ViewLayer | Updating Particle Systems
Fra:1 Mem:25.97M (Peak 53.98M) | Time:00:00.12 | Mem:0.01M, Peak:0.01M | Scene, ViewLayer | Updating Particle Systems | Copying Particles to device
Fra:1 Mem:25.97M (Peak 53.98M) | Time:00:00.12 | Mem:0.01M, Peak:0.01M | Scene, ViewLayer | Updating Meshes
Fra:1 Mem:25.97M (Peak 53.98M) | Time:00:00.12 | Mem:0.01M, Peak:0.01M | Scene, ViewLayer | Updating Objects | Applying Static Transformations
Fra:1 Mem:25.97M (Peak 53.98M) | Time:00:00.12 | Mem:0.01M, Peak:0.01M | Scene, ViewLayer | Updating Mesh | Computing attributes
Fra:1 Mem:26.31M (Peak 53.98M) | Time:00:00.12 | Mem:0.01M, Peak:0.01M | Scene, ViewLayer | Updating Mesh | Copying Attributes to device
Fra:1 Mem:26.31M (Peak 53.98M) | Time:00:00.12 | Mem:0.35M, Peak:0.35M | Scene, ViewLayer | Updating Scene BVH | Building
Fra:1 Mem:26.31M (Peak 53.98M) | Time:00:00.12 | Mem:0.35M, Peak:0.35M | Scene, ViewLayer | Updating Scene BVH | Building BVH
Fra:1 Mem:29.68M (Peak 53.98M) | Time:00:00.13 | Mem:0.35M, Peak:0.35M | Scene, ViewLayer | Updating Scene BVH | Packing BVH triangles and strands
Fra:1 Mem:29.91M (Peak 53.98M) | Time:00:00.13 | Mem:0.35M, Peak:0.35M | Scene, ViewLayer | Updating Scene BVH | Packing BVH nodes
Fra:1 Mem:29.84M (Peak 53.98M) | Time:00:00.13 | Mem:0.35M, Peak:0.35M | Scene, ViewLayer | Updating Scene BVH | Copying BVH to device
Fra:1 Mem:29.84M (Peak 53.98M) | Time:00:00.13 | Mem:2.12M, Peak:2.12M | Scene, ViewLayer | Updating Mesh | Computing normals
Fra:1 Mem:31.42M (Peak 53.98M) | Time:00:00.13 | Mem:2.12M, Peak:2.12M | Scene, ViewLayer | Updating Mesh | Copying Mesh to device
Fra:1 Mem:31.42M (Peak 53.98M) | Time:00:00.13 | Mem:3.70M, Peak:3.70M | Scene, ViewLayer | Updating Objects Flags
Fra:1 Mem:31.42M (Peak 53.98M) | Time:00:00.13 | Mem:3.70M, Peak:3.70M | Scene, ViewLayer | Updating Primitive Offsets
Fra:1 Mem:31.42M (Peak 53.98M) | Time:00:00.13 | Mem:3.70M, Peak:3.70M | Scene, ViewLayer | Updating Images
Fra:1 Mem:31.42M (Peak 53.98M) | Time:00:00.13 | Mem:3.70M, Peak:3.70M | Scene, ViewLayer | Updating Camera Volume
Fra:1 Mem:31.42M (Peak 53.98M) | Time:00:00.13 | Mem:3.70M, Peak:3.70M | Scene, ViewLayer | Updating Lookup Tables
Fra:1 Mem:31.42M (Peak 53.98M) | Time:00:00.13 | Mem:3.78M, Peak:3.78M | Scene, ViewLayer | Updating Lights
Fra:1 Mem:31.42M (Peak 53.98M) | Time:00:00.13 | Mem:3.78M, Peak:3.78M | Scene, ViewLayer | Updating Lights | Computing tree
Fra:1 Mem:31.42M (Peak 53.98M) | Time:00:00.13 | Mem:3.78M, Peak:3.78M | Scene, ViewLayer | Updating Integrator
Fra:1 Mem:31.42M (Peak 53.98M) | Time:00:00.13 | Mem:3.78M, Peak:3.78M | Scene, ViewLayer | Updating Film
Fra:1 Mem:31.42M (Peak 53.98M) | Time:00:00.13 | Mem:3.70M, Peak:3.78M | Scene, ViewLayer | Updating Lookup Tables
Fra:1 Mem:31.42M (Peak 53.98M) | Time:00:00.13 | Mem:3.78M, Peak:3.78M | Scene, ViewLayer | Updating Baking
Fra:1 Mem:31.42M (Peak 53.98M) | Time:00:00.13 | Mem:3.78M, Peak:3.78M | Scene, ViewLayer | Updating Device | Writing constant memory
Fra:1 Mem:31.43M (Peak 53.98M) | Time:00:00.13 | Mem:3.78M, Peak:3.78M | Scene, ViewLayer | Loading denoising kernels (may take a few minutes the first time)
Fra:1 Mem:35.43M (Peak 53.98M) | Time:00:00.13 | Mem:355.78M, Peak:355.78M | Scene, ViewLayer | Sample 0/24
Fra:1 Mem:78.18M (Peak 78.18M) | Time:00:00.14 | Remaining:00:00.13 | Mem:398.54M, Peak:398.54M | Scene, ViewLayer | Sample 1/24
Fra:1 Mem:96.19M (Peak 123.19M) | Time:00:01.62 | Mem:398.54M, Peak:398.54M | Scene, ViewLayer | Sample 24/24
Fra:1 Mem:96.19M (Peak 123.19M) | Time:00:01.62 | Mem:398.54M, Peak:398.54M | Scene, ViewLayer | Finished
Saved: '/home/cbsim/ws/slime-workflow/.tmp/2026-09-23_06-25-15/up_right-01.png'
Time: 00:01.74 (Saving: 00:00.03)

Fra:4 Mem:26.37M (Peak 26.37M) | Time:00:00.07 | Mem:0.00M, Peak:0.00M | Scene, ViewLayer | Synchronizing object | key
Fra:4 Mem:26.37M (Peak 26.37M) | Time:00:00.07 | Mem:0.00M, Peak:0.00M | Scene, ViewLayer | Synchronizing object | fill
Fra:4 Mem:26.37M (Peak 26.37M) | Time:00:00.07 | Mem:0.00M, Peak:0.00M | Scene, ViewLayer | Synchronizing object | head-shell-part
Fra:4 Mem:26.37M (Peak 26.37M) | Time:00:00.07 | Mem:0.00M, Peak:0.00M | Scene, ViewLayer | Synchronizing object | neck-shell-part
Fra:4 Mem:26.46M (Peak 26.46M) | Time:00:00.07 | Mem:0.00M, Peak:0.00M | Scene, ViewLayer | Synchronizing object | chest-shell-part
Fra:4 Mem:26.61M (Peak 26.61M) | Time:00:00.07 | Mem:0.00M, Peak:0.00M | Scene, ViewLayer | Synchronizing object | right-ankle-ball
Fra:4 Mem:26.82M (Peak 26.82M) | Time:00:00.07 | Mem:0.00M, Peak:0.00M | Scene, ViewLayer | Synchronizing object | head-pivot-ball
Fra:4 Mem:26.91M (Peak 26.91M) | Time:00:00.07 | Mem:0.00M, Peak:0.00M | Scene, ViewLayer | Synchronizing object | waist-internal-core
Fra:4 Mem:26.91M (Peak 26.91M) | Time:00:00.07 | Mem:0.00M, Peak:0.00M | Scene, ViewLayer | Synchronizing object | right-knee-ball
Fra:4 Mem:26.96M (Peak 26.96M) | Time:00:00.07 | Mem:0.00M, Peak:0.00M | Scene, ViewLayer | Synchronizing object | chest-internal-core
Fra:4 Mem:27.13M (Peak 27.13M) | Time:00:00.07 | Mem:0.00M, Peak:0.00M | Scene, ViewLayer | Synchronizing object | left-shin-shell
Fra:4 Mem:27.26M (Peak 27.26M) | Time:00:00.07 | Mem:0.00M, Peak:0.00M | Scene, ViewLayer | Synchronizing object | left-foot-shell
Fra:4 Mem:27.28M (Peak 27.28M) | Time:00:00.07 | Mem:0.00M, Peak:0.00M | Scene, ViewLayer | Synchronizing object | left-shoulder-ball
Fra:4 Mem:27.37M (Peak 27.37M) | Time:00:00.07 | Mem:0.00M, Peak:0.00M | Scene, ViewLayer | Synchronizing object | left-wrist-ball
Fra:4 Mem:27.51M (Peak 27.52M) | Time:00:00.07 | Mem:0.00M, Peak:0.00M | Scene, ViewLayer | Synchronizing object | left-hip-ball
Fra:4 Mem:27.85M (Peak 27.85M) | Time:00:00.07 | Mem:0.00M, Peak:0.00M | Scene, ViewLayer | Synchronizing object | left-ankle-ball
Fra:4 Mem:27.95M (Peak 27.95M) | Time:00:00.07 | Mem:0.00M, Peak:0.00M | Scene, ViewLayer | Synchronizing object | right-wrist-ball
Fra:4 Mem:27.95M (Peak 27.95M) | Time:00:00.07 | Mem:0.00M, Peak:0.00M | Scene, ViewLayer | Synchronizing object | right-upper-arm-shell
Fra:4 Mem:28.38M (Peak 28.38M) | Time:00:00.07 | Mem:0.00M, Peak:0.00M | Scene, ViewLayer | Synchronizing object | right-forearm-shell
Fra:4 Mem:28.43M (Peak 28.43M) | Time:00:00.07 | Mem:0.00M, Peak:0.00M | Scene, ViewLayer | Synchronizing object | right-hand-shell
Fra:4 Mem:28.57M (Peak 28.57M) | Time:00:00.07 | Mem:0.00M, Peak:0.00M | Scene, ViewLayer | Synchronizing object | right-thigh-shell
Fra:4 Mem:28.65M (Peak 28.63M) | Time:00:00.07 | Mem:0.00M, Peak:0.00M | Scene, ViewLayer | Synchronizing object | right-shin-shell
Fra:4 Mem:28.98M (Peak 28.98M) | Time:00:00.07 | Mem:0.00M, Peak:0.00M | Scene, ViewLayer | Synchronizing object | right-elbow-ball
Fra:4 Mem:29.14M (Peak 29.14M) | Time:00:00.07 | Mem:0.00M, Peak:0.00M | Scene, ViewLayer | Synchronizing object | right-foot-shell
Fra:4 Mem:29.19M (Peak 29.19M) | Time:00:00.07 | Mem:0.00M, Peak:0.00M | Scene, ViewLayer | Synchronizing object | right-shoulder-ball
Fra:4 Mem:30.22M (Peak 30.22M) | Time:00:00.08 | Mem:0.00M, Peak:0.00M | Scene, ViewLayer | Initializing
Fra:4 Mem:25.88M (Peak 30.22M) | Time:00:00.08 | Mem:0.00M, Peak:0.00M | Scene, ViewLayer | Waiting for render to start
Fra:4 Mem:25.88M (Peak 30.22M) | Time:00:00.08 | Mem:0.00M, Peak:0.00M | Scene, ViewLayer | Updating Scene
Fra:4 Mem:25.88M (Peak 30.22M) | Time:00:00.08 | Mem:0.00M, Peak:0.00M | Scene, ViewLayer | Updating Shaders
Fra:4 Mem:25.88M (Peak 30.22M) | Time:00:00.08 | Mem:0.00M, Peak:0.00M | Scene, ViewLayer | Loading render kernels (may take a few minutes the first time)
Fra:4 Mem:25.96M (Peak 53.98M) | Time:00:00.11 | Mem:0.00M, Peak:0.00M | Scene, ViewLayer | Updating Procedurals
Fra:4 Mem:25.96M (Peak 53.98M) | Time:00:00.11 | Mem:0.00M, Peak:0.00M | Scene, ViewLayer | Updating Background
Fra:4 Mem:25.96M (Peak 53.98M) | Time:00:00.11 | Mem:0.00M, Peak:0.00M | Scene, ViewLayer | Updating Camera
Fra:4 Mem:25.96M (Peak 53.98M) | Time:00:00.11 | Mem:0.00M, Peak:0.00M | Scene, ViewLayer | Updating Meshes Flags
Fra:4 Mem:25.96M (Peak 53.98M) | Time:00:00.11 | Mem:0.00M, Peak:0.00M | Scene, ViewLayer | Updating Objects
Fra:4 Mem:25.96M (Peak 53.98M) | Time:00:00.11 | Mem:0.00M, Peak:0.00M | Scene, ViewLayer | Updating Objects | Copying Transformations to device
Fra:4 Mem:25.97M (Peak 53.98M) | Time:00:00.11 | Mem:0.01M, Peak:0.01M | Scene, ViewLayer | Updating Particle Systems
Fra:4 Mem:25.97M (Peak 53.98M) | Time:00:00.11 | Mem:0.01M, Peak:0.01M | Scene, ViewLayer | Updating Particle Systems | Copying Particles to device
Fra:4 Mem:25.97M (Peak 53.98M) | Time:00:00.11 | Mem:0.01M, Peak:0.01M | Scene, ViewLayer | Updating Meshes
Fra:4 Mem:25.97M (Peak 53.98M) | Time:00:00.11 | Mem:0.01M, Peak:0.01M | Scene, ViewLayer | Updating Objects | Applying Static Transformations
Fra:4 Mem:25.97M (Peak 53.98M) | Time:00:00.12 | Mem:0.01M, Peak:0.01M | Scene, ViewLayer | Updating Mesh | Computing attributes
Fra:4 Mem:26.31M (Peak 53.98M) | Time:00:00.12 | Mem:0.01M, Peak:0.01M | Scene, ViewLayer | Updating Mesh | Copying Attributes to device
Fra:4 Mem:26.31M (Peak 53.98M) | Time:00:00.12 | Mem:0.35M, Peak:0.35M | Scene, ViewLayer | Updating Scene BVH | Building
Fra:4 Mem:26.31M (Peak 53.98M) | Time:00:00.12 | Mem:0.35M, Peak:0.35M | Scene, ViewLayer | Updating Scene BVH | Building BVH
Fra:4 Mem:29.68M (Peak 53.98M) | Time:00:00.12 | Mem:0.35M, Peak:0.35M | Scene, ViewLayer | Updating Scene BVH | Packing BVH triangles and strands
Fra:4 Mem:29.91M (Peak 53.98M) | Time:00:00.12 | Mem:0.35M, Peak:0.35M | Scene, ViewLayer | Updating Scene BVH | Packing BVH nodes
Fra:4 Mem:29.83M (Peak 53.98M) | Time:00:00.12 | Mem:0.35M, Peak:0.35M | Scene, ViewLayer | Updating Scene BVH | Copying BVH to device
Fra:4 Mem:29.83M (Peak 53.98M) | Time:00:00.12 | Mem:2.11M, Peak:2.11M | Scene, ViewLayer | Updating Mesh | Computing normals
Fra:4 Mem:31.41M (Peak 53.98M) | Time:00:00.12 | Mem:2.11M, Peak:2.11M | Scene, ViewLayer | Updating Mesh | Copying Mesh to device
Fra:4 Mem:31.41M (Peak 53.98M) | Time:00:00.12 | Mem:3.69M, Peak:3.69M | Scene, ViewLayer | Updating Objects Flags
Fra:4 Mem:31.41M (Peak 53.98M) | Time:00:00.12 | Mem:3.69M, Peak:3.69M | Scene, ViewLayer | Updating Primitive Offsets
Fra:4 Mem:31.41M (Peak 53.98M) | Time:00:00.12 | Mem:3.69M, Peak:3.69M | Scene, ViewLayer | Updating Images
Fra:4 Mem:31.41M (Peak 53.98M) | Time:00:00.12 | Mem:3.69M, Peak:3.69M | Scene, ViewLayer | Updating Camera Volume
Fra:4 Mem:31.41M (Peak 53.98M) | Time:00:00.12 | Mem:3.69M, Peak:3.69M | Scene, ViewLayer | Updating Lookup Tables
Fra:4 Mem:31.41M (Peak 53.98M) | Time:00:00.12 | Mem:3.77M, Peak:3.77M | Scene, ViewLayer | Updating Lights
Fra:4 Mem:31.41M (Peak 53.98M) | Time:00:00.12 | Mem:3.77M, Peak:3.77M | Scene, ViewLayer | Updating Lights | Computing tree
Fra:4 Mem:31.41M (Peak 53.98M) | Time:00:00.12 | Mem:3.77M, Peak:3.77M | Scene, ViewLayer | Updating Integrator
Fra:4 Mem:31.41M (Peak 53.98M) | Time:00:00.12 | Mem:3.77M, Peak:3.77M | Scene, ViewLayer | Updating Film
Fra:4 Mem:31.41M (Peak 53.98M) | Time:00:00.12 | Mem:3.69M, Peak:3.77M | Scene, ViewLayer | Updating Lookup Tables
Fra:4 Mem:31.41M (Peak 53.98M) | Time:00:00.12 | Mem:3.78M, Peak:3.78M | Scene, ViewLayer | Updating Baking
Fra:4 Mem:31.41M (Peak 53.98M) | Time:00:00.12 | Mem:3.78M, Peak:3.78M | Scene, ViewLayer | Updating Device | Writing constant memory
Fra:4 Mem:31.42M (Peak 53.98M) | Time:00:00.12 | Mem:3.78M, Peak:3.78M | Scene, ViewLayer | Loading denoising kernels (may take a few minutes the first time)
Fra:4 Mem:35.42M (Peak 53.98M) | Time:00:00.13 | Mem:355.78M, Peak:355.78M | Scene, ViewLayer | Sample 0/24
Fra:4 Mem:78.17M (Peak 78.17M) | Time:00:00.13 | Remaining:00:00.13 | Mem:398.53M, Peak:398.53M | Scene, ViewLayer | Sample 1/24
2026-09-23T06:31:08+0900/hunyuan-rig/heartbeat {'stage': 'up_right', 'frame': 4} images=36
Fra:4 Mem:96.18M (Peak 123.18M) | Time:00:01.58 | Mem:398.53M, Peak:398.53M | Scene, ViewLayer | Sample 24/24
Fra:4 Mem:96.18M (Peak 123.18M) | Time:00:01.58 | Mem:398.53M, Peak:398.53M | Scene, ViewLayer | Finished
Saved: '/home/cbsim/ws/slime-workflow/.tmp/2026-09-23_06-25-15/up_right-02.png'
Time: 00:01.70 (Saving: 00:00.03)

Fra:7 Mem:26.37M (Peak 26.37M) | Time:00:00.07 | Mem:0.00M, Peak:0.00M | Scene, ViewLayer | Synchronizing object | key
Fra:7 Mem:26.37M (Peak 26.37M) | Time:00:00.07 | Mem:0.00M, Peak:0.00M | Scene, ViewLayer | Synchronizing object | head-shell-part
Fra:7 Mem:26.37M (Peak 26.37M) | Time:00:00.07 | Mem:0.00M, Peak:0.00M | Scene, ViewLayer | Synchronizing object | neck-shell-part
Fra:7 Mem:26.44M (Peak 26.44M) | Time:00:00.07 | Mem:0.00M, Peak:0.00M | Scene, ViewLayer | Synchronizing object | right-ankle-ball
Fra:7 Mem:26.70M (Peak 26.70M) | Time:00:00.07 | Mem:0.00M, Peak:0.00M | Scene, ViewLayer | Synchronizing object | right-knee-ball
Fra:7 Mem:26.84M (Peak 26.84M) | Time:00:00.07 | Mem:0.00M, Peak:0.00M | Scene, ViewLayer | Synchronizing object | right-hip-ball
Fra:7 Mem:26.87M (Peak 26.87M) | Time:00:00.07 | Mem:0.00M, Peak:0.00M | Scene, ViewLayer | Synchronizing object | chest-shell-part
Fra:7 Mem:26.94M (Peak 26.94M) | Time:00:00.07 | Mem:0.00M, Peak:0.00M | Scene, ViewLayer | Synchronizing object | abdomen-shell-part
Fra:7 Mem:26.98M (Peak 26.98M) | Time:00:00.07 | Mem:0.00M, Peak:0.00M | Scene, ViewLayer | Synchronizing object | right-wrist-ball
Fra:7 Mem:27.09M (Peak 27.09M) | Time:00:00.07 | Mem:0.00M, Peak:0.00M | Scene, ViewLayer | Synchronizing object | waist-internal-core
Fra:7 Mem:27.12M (Peak 27.12M) | Time:00:00.07 | Mem:0.00M, Peak:0.00M | Scene, ViewLayer | Synchronizing object | chest-internal-core
Fra:7 Mem:27.39M (Peak 27.39M) | Time:00:00.07 | Mem:0.00M, Peak:0.00M | Scene, ViewLayer | Synchronizing object | left-upper-arm-shell
Fra:7 Mem:27.45M (Peak 27.45M) | Time:00:00.07 | Mem:0.00M, Peak:0.00M | Scene, ViewLayer | Synchronizing object | left-elbow-ball
Fra:7 Mem:27.55M (Peak 27.55M) | Time:00:00.07 | Mem:0.00M, Peak:0.00M | Scene, ViewLayer | Synchronizing object | left-knee-ball
Fra:7 Mem:27.55M (Peak 27.55M) | Time:00:00.07 | Mem:0.00M, Peak:0.00M | Scene, ViewLayer | Synchronizing object | right-shin-shell
Fra:7 Mem:27.68M (Peak 27.68M) | Time:00:00.07 | Mem:0.00M, Peak:0.00M | Scene, ViewLayer | Synchronizing object | right-foot-shell
Fra:7 Mem:27.82M (Peak 27.82M) | Time:00:00.07 | Mem:0.00M, Peak:0.00M | Scene, ViewLayer | Synchronizing object | right-shoulder-ball
Fra:7 Mem:28.25M (Peak 28.25M) | Time:00:00.07 | Mem:0.00M, Peak:0.00M | Scene, ViewLayer | Synchronizing object | right-elbow-ball
Fra:7 Mem:30.22M (Peak 30.22M) | Time:00:00.08 | Mem:0.00M, Peak:0.00M | Scene, ViewLayer | Initializing
Fra:7 Mem:25.88M (Peak 30.22M) | Time:00:00.08 | Mem:0.00M, Peak:0.00M | Scene, ViewLayer | Waiting for render to start
Fra:7 Mem:25.88M (Peak 30.22M) | Time:00:00.08 | Mem:0.00M, Peak:0.00M | Scene, ViewLayer | Updating Scene
Fra:7 Mem:25.88M (Peak 30.22M) | Time:00:00.08 | Mem:0.00M, Peak:0.00M | Scene, ViewLayer | Updating Shaders
Fra:7 Mem:25.88M (Peak 30.22M) | Time:00:00.08 | Mem:0.00M, Peak:0.00M | Scene, ViewLayer | Loading render kernels (may take a few minutes the first time)
Fra:7 Mem:25.96M (Peak 53.98M) | Time:00:00.12 | Mem:0.00M, Peak:0.00M | Scene, ViewLayer | Updating Procedurals
Fra:7 Mem:25.96M (Peak 53.98M) | Time:00:00.12 | Mem:0.00M, Peak:0.00M | Scene, ViewLayer | Updating Background
Fra:7 Mem:25.96M (Peak 53.98M) | Time:00:00.12 | Mem:0.00M, Peak:0.00M | Scene, ViewLayer | Updating Camera
Fra:7 Mem:25.96M (Peak 53.98M) | Time:00:00.12 | Mem:0.00M, Peak:0.00M | Scene, ViewLayer | Updating Meshes Flags
Fra:7 Mem:25.96M (Peak 53.98M) | Time:00:00.12 | Mem:0.00M, Peak:0.00M | Scene, ViewLayer | Updating Objects
Fra:7 Mem:25.96M (Peak 53.98M) | Time:00:00.12 | Mem:0.00M, Peak:0.00M | Scene, ViewLayer | Updating Objects | Copying Transformations to device
Fra:7 Mem:25.97M (Peak 53.98M) | Time:00:00.12 | Mem:0.01M, Peak:0.01M | Scene, ViewLayer | Updating Particle Systems
Fra:7 Mem:25.97M (Peak 53.98M) | Time:00:00.12 | Mem:0.01M, Peak:0.01M | Scene, ViewLayer | Updating Particle Systems | Copying Particles to device
Fra:7 Mem:25.97M (Peak 53.98M) | Time:00:00.12 | Mem:0.01M, Peak:0.01M | Scene, ViewLayer | Updating Meshes
Fra:7 Mem:25.97M (Peak 53.98M) | Time:00:00.12 | Mem:0.01M, Peak:0.01M | Scene, ViewLayer | Updating Objects | Applying Static Transformations
Fra:7 Mem:25.97M (Peak 53.98M) | Time:00:00.12 | Mem:0.01M, Peak:0.01M | Scene, ViewLayer | Updating Mesh | Computing attributes
Fra:7 Mem:26.31M (Peak 53.98M) | Time:00:00.12 | Mem:0.01M, Peak:0.01M | Scene, ViewLayer | Updating Mesh | Copying Attributes to device
Fra:7 Mem:26.31M (Peak 53.98M) | Time:00:00.12 | Mem:0.35M, Peak:0.35M | Scene, ViewLayer | Updating Scene BVH | Building
Fra:7 Mem:26.31M (Peak 53.98M) | Time:00:00.12 | Mem:0.35M, Peak:0.35M | Scene, ViewLayer | Updating Scene BVH | Building BVH
Fra:7 Mem:29.68M (Peak 53.98M) | Time:00:00.12 | Mem:0.35M, Peak:0.35M | Scene, ViewLayer | Updating Scene BVH | Packing BVH triangles and strands
Fra:7 Mem:29.91M (Peak 53.98M) | Time:00:00.12 | Mem:0.35M, Peak:0.35M | Scene, ViewLayer | Updating Scene BVH | Packing BVH nodes
Fra:7 Mem:29.83M (Peak 53.98M) | Time:00:00.13 | Mem:0.35M, Peak:0.35M | Scene, ViewLayer | Updating Scene BVH | Copying BVH to device
Fra:7 Mem:29.83M (Peak 53.98M) | Time:00:00.13 | Mem:2.11M, Peak:2.11M | Scene, ViewLayer | Updating Mesh | Computing normals
Fra:7 Mem:31.41M (Peak 53.98M) | Time:00:00.13 | Mem:2.11M, Peak:2.11M | Scene, ViewLayer | Updating Mesh | Copying Mesh to device
Fra:7 Mem:31.41M (Peak 53.98M) | Time:00:00.13 | Mem:3.69M, Peak:3.69M | Scene, ViewLayer | Updating Objects Flags
Fra:7 Mem:31.41M (Peak 53.98M) | Time:00:00.13 | Mem:3.69M, Peak:3.69M | Scene, ViewLayer | Updating Primitive Offsets
Fra:7 Mem:31.41M (Peak 53.98M) | Time:00:00.13 | Mem:3.69M, Peak:3.69M | Scene, ViewLayer | Updating Images
Fra:7 Mem:31.41M (Peak 53.98M) | Time:00:00.13 | Mem:3.69M, Peak:3.69M | Scene, ViewLayer | Updating Camera Volume
Fra:7 Mem:31.41M (Peak 53.98M) | Time:00:00.13 | Mem:3.69M, Peak:3.69M | Scene, ViewLayer | Updating Lookup Tables
Fra:7 Mem:31.41M (Peak 53.98M) | Time:00:00.13 | Mem:3.78M, Peak:3.78M | Scene, ViewLayer | Updating Lights
Fra:7 Mem:31.41M (Peak 53.98M) | Time:00:00.13 | Mem:3.78M, Peak:3.78M | Scene, ViewLayer | Updating Lights | Computing tree
Fra:7 Mem:31.41M (Peak 53.98M) | Time:00:00.13 | Mem:3.78M, Peak:3.78M | Scene, ViewLayer | Updating Integrator
Fra:7 Mem:31.41M (Peak 53.98M) | Time:00:00.13 | Mem:3.78M, Peak:3.78M | Scene, ViewLayer | Updating Film
Fra:7 Mem:31.42M (Peak 53.98M) | Time:00:00.13 | Mem:3.70M, Peak:3.78M | Scene, ViewLayer | Updating Lookup Tables
Fra:7 Mem:31.42M (Peak 53.98M) | Time:00:00.13 | Mem:3.78M, Peak:3.78M | Scene, ViewLayer | Updating Baking
Fra:7 Mem:31.42M (Peak 53.98M) | Time:00:00.13 | Mem:3.78M, Peak:3.78M | Scene, ViewLayer | Updating Device | Writing constant memory
Fra:7 Mem:31.42M (Peak 53.98M) | Time:00:00.13 | Mem:3.78M, Peak:3.78M | Scene, ViewLayer | Loading denoising kernels (may take a few minutes the first time)
Fra:7 Mem:35.42M (Peak 53.98M) | Time:00:00.13 | Mem:355.78M, Peak:355.78M | Scene, ViewLayer | Sample 0/24
Fra:7 Mem:78.17M (Peak 78.17M) | Time:00:00.14 | Remaining:00:00.13 | Mem:398.53M, Peak:398.53M | Scene, ViewLayer | Sample 1/24
Fra:7 Mem:96.18M (Peak 123.18M) | Time:00:01.62 | Mem:398.53M, Peak:398.53M | Scene, ViewLayer | Sample 24/24
Fra:7 Mem:96.18M (Peak 123.18M) | Time:00:01.62 | Mem:398.53M, Peak:398.53M | Scene, ViewLayer | Finished
Saved: '/home/cbsim/ws/slime-workflow/.tmp/2026-09-23_06-25-15/up_right-03.png'
Time: 00:01.75 (Saving: 00:00.03)

Fra:10 Mem:26.37M (Peak 26.37M) | Time:00:00.08 | Mem:0.00M, Peak:0.00M | Scene, ViewLayer | Synchronizing object | key
Fra:10 Mem:26.37M (Peak 26.37M) | Time:00:00.08 | Mem:0.00M, Peak:0.00M | Scene, ViewLayer | Synchronizing object | head-shell-part
Fra:10 Mem:26.37M (Peak 26.37M) | Time:00:00.08 | Mem:0.00M, Peak:0.00M | Scene, ViewLayer | Synchronizing object | abdomen-shell-part
Fra:10 Mem:26.49M (Peak 26.49M) | Time:00:00.08 | Mem:0.00M, Peak:0.00M | Scene, ViewLayer | Synchronizing object | waist-internal-core
Fra:10 Mem:26.74M (Peak 26.74M) | Time:00:00.08 | Mem:0.00M, Peak:0.00M | Scene, ViewLayer | Synchronizing object | left-upper-arm-shell
Fra:10 Mem:26.92M (Peak 26.92M) | Time:00:00.08 | Mem:0.00M, Peak:0.00M | Scene, ViewLayer | Synchronizing object | left-thigh-shell
Fra:10 Mem:26.95M (Peak 26.95M) | Time:00:00.08 | Mem:0.00M, Peak:0.00M | Scene, ViewLayer | Synchronizing object | left-hip-ball
Fra:10 Mem:27.01M (Peak 27.01M) | Time:00:00.08 | Mem:0.00M, Peak:0.00M | Scene, ViewLayer | Synchronizing object | left-knee-ball
Fra:10 Mem:27.10M (Peak 27.10M) | Time:00:00.08 | Mem:0.00M, Peak:0.00M | Scene, ViewLayer | Synchronizing object | left-ankle-ball
Fra:10 Mem:27.21M (Peak 27.21M) | Time:00:00.08 | Mem:0.00M, Peak:0.00M | Scene, ViewLayer | Synchronizing object | right-upper-arm-shell
Fra:10 Mem:27.28M (Peak 27.28M) | Time:00:00.08 | Mem:0.00M, Peak:0.00M | Scene, ViewLayer | Synchronizing object | right-shin-shell
Fra:10 Mem:27.33M (Peak 27.33M) | Time:00:00.08 | Mem:0.00M, Peak:0.00M | Scene, ViewLayer | Synchronizing object | right-foot-shell
Fra:10 Mem:27.58M (Peak 27.58M) | Time:00:00.08 | Mem:0.00M, Peak:0.00M | Scene, ViewLayer | Synchronizing object | right-shoulder-ball
Fra:10 Mem:27.77M (Peak 27.77M) | Time:00:00.08 | Mem:0.00M, Peak:0.00M | Scene, ViewLayer | Synchronizing object | right-elbow-ball
Fra:10 Mem:28.16M (Peak 28.16M) | Time:00:00.08 | Mem:0.00M, Peak:0.00M | Scene, ViewLayer | Synchronizing object | right-hip-ball
Fra:10 Mem:28.23M (Peak 28.23M) | Time:00:00.08 | Mem:0.00M, Peak:0.00M | Scene, ViewLayer | Synchronizing object | right-knee-ball
Fra:10 Mem:30.22M (Peak 30.22M) | Time:00:00.08 | Mem:0.00M, Peak:0.00M | Scene, ViewLayer | Initializing
Fra:10 Mem:25.88M (Peak 30.22M) | Time:00:00.08 | Mem:0.00M, Peak:0.00M | Scene, ViewLayer | Waiting for render to start
Fra:10 Mem:25.88M (Peak 30.22M) | Time:00:00.08 | Mem:0.00M, Peak:0.00M | Scene, ViewLayer | Updating Scene
Fra:10 Mem:25.88M (Peak 30.22M) | Time:00:00.08 | Mem:0.00M, Peak:0.00M | Scene, ViewLayer | Updating Shaders
Fra:10 Mem:25.88M (Peak 30.22M) | Time:00:00.08 | Mem:0.00M, Peak:0.00M | Scene, ViewLayer | Loading render kernels (may take a few minutes the first time)
Fra:10 Mem:25.96M (Peak 53.98M) | Time:00:00.12 | Mem:0.00M, Peak:0.00M | Scene, ViewLayer | Updating Procedurals
Fra:10 Mem:25.96M (Peak 53.98M) | Time:00:00.12 | Mem:0.00M, Peak:0.00M | Scene, ViewLayer | Updating Background
Fra:10 Mem:25.96M (Peak 53.98M) | Time:00:00.12 | Mem:0.00M, Peak:0.00M | Scene, ViewLayer | Updating Camera
Fra:10 Mem:25.96M (Peak 53.98M) | Time:00:00.12 | Mem:0.00M, Peak:0.00M | Scene, ViewLayer | Updating Meshes Flags
Fra:10 Mem:25.96M (Peak 53.98M) | Time:00:00.12 | Mem:0.00M, Peak:0.00M | Scene, ViewLayer | Updating Objects
Fra:10 Mem:25.96M (Peak 53.98M) | Time:00:00.12 | Mem:0.00M, Peak:0.00M | Scene, ViewLayer | Updating Objects | Copying Transformations to device
Fra:10 Mem:25.97M (Peak 53.98M) | Time:00:00.12 | Mem:0.01M, Peak:0.01M | Scene, ViewLayer | Updating Particle Systems
Fra:10 Mem:25.97M (Peak 53.98M) | Time:00:00.12 | Mem:0.01M, Peak:0.01M | Scene, ViewLayer | Updating Particle Systems | Copying Particles to device
Fra:10 Mem:25.97M (Peak 53.98M) | Time:00:00.12 | Mem:0.01M, Peak:0.01M | Scene, ViewLayer | Updating Meshes
Fra:10 Mem:25.97M (Peak 53.98M) | Time:00:00.12 | Mem:0.01M, Peak:0.01M | Scene, ViewLayer | Updating Objects | Applying Static Transformations
Fra:10 Mem:25.97M (Peak 53.98M) | Time:00:00.13 | Mem:0.01M, Peak:0.01M | Scene, ViewLayer | Updating Mesh | Computing attributes
Fra:10 Mem:26.31M (Peak 53.98M) | Time:00:00.13 | Mem:0.01M, Peak:0.01M | Scene, ViewLayer | Updating Mesh | Copying Attributes to device
Fra:10 Mem:26.31M (Peak 53.98M) | Time:00:00.13 | Mem:0.35M, Peak:0.35M | Scene, ViewLayer | Updating Scene BVH | Building
Fra:10 Mem:26.31M (Peak 53.98M) | Time:00:00.13 | Mem:0.35M, Peak:0.35M | Scene, ViewLayer | Updating Scene BVH | Building BVH
Fra:10 Mem:29.68M (Peak 53.98M) | Time:00:00.13 | Mem:0.35M, Peak:0.35M | Scene, ViewLayer | Updating Scene BVH | Packing BVH triangles and strands
Fra:10 Mem:29.91M (Peak 53.98M) | Time:00:00.13 | Mem:0.35M, Peak:0.35M | Scene, ViewLayer | Updating Scene BVH | Packing BVH nodes
Fra:10 Mem:29.83M (Peak 53.98M) | Time:00:00.13 | Mem:0.35M, Peak:0.35M | Scene, ViewLayer | Updating Scene BVH | Copying BVH to device
Fra:10 Mem:29.83M (Peak 53.98M) | Time:00:00.13 | Mem:2.11M, Peak:2.11M | Scene, ViewLayer | Updating Mesh | Computing normals
Fra:10 Mem:31.41M (Peak 53.98M) | Time:00:00.13 | Mem:2.11M, Peak:2.11M | Scene, ViewLayer | Updating Mesh | Copying Mesh to device
Fra:10 Mem:31.41M (Peak 53.98M) | Time:00:00.13 | Mem:3.69M, Peak:3.69M | Scene, ViewLayer | Updating Objects Flags
Fra:10 Mem:31.41M (Peak 53.98M) | Time:00:00.13 | Mem:3.69M, Peak:3.69M | Scene, ViewLayer | Updating Primitive Offsets
Fra:10 Mem:31.41M (Peak 53.98M) | Time:00:00.13 | Mem:3.69M, Peak:3.69M | Scene, ViewLayer | Updating Images
Fra:10 Mem:31.41M (Peak 53.98M) | Time:00:00.13 | Mem:3.69M, Peak:3.69M | Scene, ViewLayer | Updating Camera Volume
Fra:10 Mem:31.41M (Peak 53.98M) | Time:00:00.13 | Mem:3.69M, Peak:3.69M | Scene, ViewLayer | Updating Lookup Tables
Fra:10 Mem:31.41M (Peak 53.98M) | Time:00:00.13 | Mem:3.77M, Peak:3.77M | Scene, ViewLayer | Updating Lights
Fra:10 Mem:31.41M (Peak 53.98M) | Time:00:00.13 | Mem:3.77M, Peak:3.77M | Scene, ViewLayer | Updating Lights | Computing tree
Fra:10 Mem:31.41M (Peak 53.98M) | Time:00:00.14 | Mem:3.78M, Peak:3.78M | Scene, ViewLayer | Updating Integrator
Fra:10 Mem:31.41M (Peak 53.98M) | Time:00:00.14 | Mem:3.78M, Peak:3.78M | Scene, ViewLayer | Updating Film
Fra:10 Mem:31.41M (Peak 53.98M) | Time:00:00.14 | Mem:3.69M, Peak:3.78M | Scene, ViewLayer | Updating Lookup Tables
Fra:10 Mem:31.41M (Peak 53.98M) | Time:00:00.14 | Mem:3.78M, Peak:3.78M | Scene, ViewLayer | Updating Baking
Fra:10 Mem:31.41M (Peak 53.98M) | Time:00:00.14 | Mem:3.78M, Peak:3.78M | Scene, ViewLayer | Updating Device | Writing constant memory
Fra:10 Mem:31.42M (Peak 53.98M) | Time:00:00.14 | Mem:3.78M, Peak:3.78M | Scene, ViewLayer | Loading denoising kernels (may take a few minutes the first time)
Fra:10 Mem:35.42M (Peak 53.98M) | Time:00:00.14 | Mem:355.78M, Peak:355.78M | Scene, ViewLayer | Sample 0/24
Fra:10 Mem:78.17M (Peak 78.17M) | Time:00:00.14 | Remaining:00:00.14 | Mem:398.53M, Peak:398.53M | Scene, ViewLayer | Sample 1/24
Fra:10 Mem:96.18M (Peak 123.18M) | Time:00:01.59 | Mem:398.53M, Peak:398.53M | Scene, ViewLayer | Sample 24/24
Fra:10 Mem:96.18M (Peak 123.18M) | Time:00:01.59 | Mem:398.53M, Peak:398.53M | Scene, ViewLayer | Finished
Saved: '/home/cbsim/ws/slime-workflow/.tmp/2026-09-23_06-25-15/up_right-04.png'
Time: 00:01.73 (Saving: 00:00.04)

Fra:13 Mem:26.37M (Peak 26.37M) | Time:00:00.08 | Mem:0.00M, Peak:0.00M | Scene, ViewLayer | Synchronizing object | key
Fra:13 Mem:26.37M (Peak 26.37M) | Time:00:00.08 | Mem:0.00M, Peak:0.00M | Scene, ViewLayer | Synchronizing object | fill
Fra:13 Mem:26.37M (Peak 26.37M) | Time:00:00.08 | Mem:0.00M, Peak:0.00M | Scene, ViewLayer | Synchronizing object | right-ankle-ball
Fra:13 Mem:26.37M (Peak 26.37M) | Time:00:00.08 | Mem:0.00M, Peak:0.00M | Scene, ViewLayer | Synchronizing object | neck-shell-part
Fra:13 Mem:26.48M (Peak 26.48M) | Time:00:00.08 | Mem:0.00M, Peak:0.00M | Scene, ViewLayer | Synchronizing object | right-knee-ball
Fra:13 Mem:26.54M (Peak 26.54M) | Time:00:00.08 | Mem:0.00M, Peak:0.00M | Scene, ViewLayer | Synchronizing object | chest-shell-part
Fra:13 Mem:26.54M (Peak 26.54M) | Time:00:00.08 | Mem:0.00M, Peak:0.00M | Scene, ViewLayer | Synchronizing object | waist-internal-core
Fra:13 Mem:26.78M (Peak 26.78M) | Time:00:00.08 | Mem:0.00M, Peak:0.00M | Scene, ViewLayer | Synchronizing object | left-upper-arm-shell
Fra:13 Mem:26.94M (Peak 26.94M) | Time:00:00.08 | Mem:0.00M, Peak:0.00M | Scene, ViewLayer | Synchronizing object | left-forearm-shell
Fra:13 Mem:27.00M (Peak 27.00M) | Time:00:00.08 | Mem:0.00M, Peak:0.00M | Scene, ViewLayer | Synchronizing object | left-thigh-shell
Fra:13 Mem:27.02M (Peak 27.02M) | Time:00:00.08 | Mem:0.00M, Peak:0.00M | Scene, ViewLayer | Synchronizing object | left-elbow-ball
Fra:13 Mem:27.10M (Peak 27.10M) | Time:00:00.08 | Mem:0.00M, Peak:0.00M | Scene, ViewLayer | Synchronizing object | left-hip-ball
Fra:13 Mem:27.35M (Peak 27.35M) | Time:00:00.08 | Mem:0.00M, Peak:0.00M | Scene, ViewLayer | Synchronizing object | left-knee-ball
Fra:13 Mem:27.51M (Peak 27.51M) | Time:00:00.08 | Mem:0.00M, Peak:0.00M | Scene, ViewLayer | Synchronizing object | right-wrist-ball
Fra:13 Mem:27.53M (Peak 27.53M) | Time:00:00.08 | Mem:0.00M, Peak:0.00M | Scene, ViewLayer | Synchronizing object | right-forearm-shell
Fra:13 Mem:27.57M (Peak 27.57M) | Time:00:00.08 | Mem:0.00M, Peak:0.00M | Scene, ViewLayer | Synchronizing object | right-hand-shell
Fra:13 Mem:27.69M (Peak 27.69M) | Time:00:00.08 | Mem:0.00M, Peak:0.00M | Scene, ViewLayer | Synchronizing object | right-shin-shell
Fra:13 Mem:27.74M (Peak 27.74M) | Time:00:00.08 | Mem:0.00M, Peak:0.00M | Scene, ViewLayer | Synchronizing object | right-foot-shell
Fra:13 Mem:28.07M (Peak 28.07M) | Time:00:00.08 | Mem:0.00M, Peak:0.00M | Scene, ViewLayer | Synchronizing object | right-shoulder-ball
Fra:13 Mem:28.16M (Peak 28.16M) | Time:00:00.08 | Mem:0.00M, Peak:0.00M | Scene, ViewLayer | Synchronizing object | right-elbow-ball
Fra:13 Mem:30.22M (Peak 30.22M) | Time:00:00.08 | Mem:0.00M, Peak:0.00M | Scene, ViewLayer | Initializing
Fra:13 Mem:25.88M (Peak 30.22M) | Time:00:00.08 | Mem:0.00M, Peak:0.00M | Scene, ViewLayer | Waiting for render to start
Fra:13 Mem:25.88M (Peak 30.22M) | Time:00:00.08 | Mem:0.00M, Peak:0.00M | Scene, ViewLayer | Updating Scene
Fra:13 Mem:25.88M (Peak 30.22M) | Time:00:00.08 | Mem:0.00M, Peak:0.00M | Scene, ViewLayer | Updating Shaders
Fra:13 Mem:25.88M (Peak 30.22M) | Time:00:00.08 | Mem:0.00M, Peak:0.00M | Scene, ViewLayer | Loading render kernels (may take a few minutes the first time)
Fra:13 Mem:25.96M (Peak 53.98M) | Time:00:00.12 | Mem:0.00M, Peak:0.00M | Scene, ViewLayer | Updating Procedurals
Fra:13 Mem:25.96M (Peak 53.98M) | Time:00:00.12 | Mem:0.00M, Peak:0.00M | Scene, ViewLayer | Updating Background
Fra:13 Mem:25.96M (Peak 53.98M) | Time:00:00.12 | Mem:0.00M, Peak:0.00M | Scene, ViewLayer | Updating Camera
Fra:13 Mem:25.96M (Peak 53.98M) | Time:00:00.12 | Mem:0.00M, Peak:0.00M | Scene, ViewLayer | Updating Meshes Flags
Fra:13 Mem:25.96M (Peak 53.98M) | Time:00:00.12 | Mem:0.00M, Peak:0.00M | Scene, ViewLayer | Updating Objects
Fra:13 Mem:25.96M (Peak 53.98M) | Time:00:00.12 | Mem:0.00M, Peak:0.00M | Scene, ViewLayer | Updating Objects | Copying Transformations to device
Fra:13 Mem:25.97M (Peak 53.98M) | Time:00:00.12 | Mem:0.01M, Peak:0.01M | Scene, ViewLayer | Updating Particle Systems
Fra:13 Mem:25.97M (Peak 53.98M) | Time:00:00.12 | Mem:0.01M, Peak:0.01M | Scene, ViewLayer | Updating Particle Systems | Copying Particles to device
Fra:13 Mem:25.97M (Peak 53.98M) | Time:00:00.12 | Mem:0.01M, Peak:0.01M | Scene, ViewLayer | Updating Meshes
Fra:13 Mem:25.97M (Peak 53.98M) | Time:00:00.12 | Mem:0.01M, Peak:0.01M | Scene, ViewLayer | Updating Objects | Applying Static Transformations
Fra:13 Mem:25.97M (Peak 53.98M) | Time:00:00.12 | Mem:0.01M, Peak:0.01M | Scene, ViewLayer | Updating Mesh | Computing attributes
Fra:13 Mem:26.31M (Peak 53.98M) | Time:00:00.12 | Mem:0.01M, Peak:0.01M | Scene, ViewLayer | Updating Mesh | Copying Attributes to device
Fra:13 Mem:26.31M (Peak 53.98M) | Time:00:00.12 | Mem:0.35M, Peak:0.35M | Scene, ViewLayer | Updating Scene BVH | Building
Fra:13 Mem:26.31M (Peak 53.98M) | Time:00:00.12 | Mem:0.35M, Peak:0.35M | Scene, ViewLayer | Updating Scene BVH | Building BVH
Fra:13 Mem:29.68M (Peak 53.98M) | Time:00:00.13 | Mem:0.35M, Peak:0.35M | Scene, ViewLayer | Updating Scene BVH | Packing BVH triangles and strands
Fra:13 Mem:29.91M (Peak 53.98M) | Time:00:00.13 | Mem:0.35M, Peak:0.35M | Scene, ViewLayer | Updating Scene BVH | Packing BVH nodes
Fra:13 Mem:29.83M (Peak 53.98M) | Time:00:00.13 | Mem:0.35M, Peak:0.35M | Scene, ViewLayer | Updating Scene BVH | Copying BVH to device
Fra:13 Mem:29.83M (Peak 53.98M) | Time:00:00.13 | Mem:2.11M, Peak:2.11M | Scene, ViewLayer | Updating Mesh | Computing normals
Fra:13 Mem:31.41M (Peak 53.98M) | Time:00:00.13 | Mem:2.11M, Peak:2.11M | Scene, ViewLayer | Updating Mesh | Copying Mesh to device
Fra:13 Mem:31.41M (Peak 53.98M) | Time:00:00.13 | Mem:3.69M, Peak:3.69M | Scene, ViewLayer | Updating Objects Flags
Fra:13 Mem:31.41M (Peak 53.98M) | Time:00:00.13 | Mem:3.69M, Peak:3.69M | Scene, ViewLayer | Updating Primitive Offsets
Fra:13 Mem:31.41M (Peak 53.98M) | Time:00:00.13 | Mem:3.69M, Peak:3.69M | Scene, ViewLayer | Updating Images
Fra:13 Mem:31.41M (Peak 53.98M) | Time:00:00.13 | Mem:3.69M, Peak:3.69M | Scene, ViewLayer | Updating Camera Volume
Fra:13 Mem:31.41M (Peak 53.98M) | Time:00:00.13 | Mem:3.69M, Peak:3.69M | Scene, ViewLayer | Updating Lookup Tables
Fra:13 Mem:31.41M (Peak 53.98M) | Time:00:00.13 | Mem:3.78M, Peak:3.78M | Scene, ViewLayer | Updating Lights
Fra:13 Mem:31.41M (Peak 53.98M) | Time:00:00.13 | Mem:3.78M, Peak:3.78M | Scene, ViewLayer | Updating Lights | Computing tree
Fra:13 Mem:31.41M (Peak 53.98M) | Time:00:00.13 | Mem:3.78M, Peak:3.78M | Scene, ViewLayer | Updating Integrator
Fra:13 Mem:31.41M (Peak 53.98M) | Time:00:00.13 | Mem:3.78M, Peak:3.78M | Scene, ViewLayer | Updating Film
Fra:13 Mem:31.42M (Peak 53.98M) | Time:00:00.13 | Mem:3.70M, Peak:3.78M | Scene, ViewLayer | Updating Lookup Tables
Fra:13 Mem:31.42M (Peak 53.98M) | Time:00:00.13 | Mem:3.78M, Peak:3.78M | Scene, ViewLayer | Updating Baking
Fra:13 Mem:31.42M (Peak 53.98M) | Time:00:00.13 | Mem:3.78M, Peak:3.78M | Scene, ViewLayer | Updating Device | Writing constant memory
Fra:13 Mem:31.42M (Peak 53.98M) | Time:00:00.13 | Mem:3.78M, Peak:3.78M | Scene, ViewLayer | Loading denoising kernels (may take a few minutes the first time)
Fra:13 Mem:35.42M (Peak 53.98M) | Time:00:00.14 | Mem:355.78M, Peak:355.78M | Scene, ViewLayer | Sample 0/24
Fra:13 Mem:78.17M (Peak 78.17M) | Time:00:00.14 | Remaining:00:00.14 | Mem:398.53M, Peak:398.53M | Scene, ViewLayer | Sample 1/24
2026-09-23T06:31:13+0900/hunyuan-rig/heartbeat {'stage': 'up_right', 'frame': 13} images=36
Fra:13 Mem:96.18M (Peak 123.18M) | Time:00:01.60 | Mem:398.53M, Peak:398.53M | Scene, ViewLayer | Sample 24/24
Fra:13 Mem:96.18M (Peak 123.18M) | Time:00:01.60 | Mem:398.53M, Peak:398.53M | Scene, ViewLayer | Finished
Saved: '/home/cbsim/ws/slime-workflow/.tmp/2026-09-23_06-25-15/up_right-05.png'
Time: 00:01.73 (Saving: 00:00.04)

Fra:16 Mem:26.37M (Peak 26.37M) | Time:00:00.08 | Mem:0.00M, Peak:0.00M | Scene, ViewLayer | Synchronizing object | right-ankle-ball
Fra:16 Mem:26.41M (Peak 26.41M) | Time:00:00.08 | Mem:0.00M, Peak:0.00M | Scene, ViewLayer | Synchronizing object | head-shell-part
Fra:16 Mem:26.42M (Peak 26.42M) | Time:00:00.08 | Mem:0.00M, Peak:0.00M | Scene, ViewLayer | Synchronizing object | neck-shell-part
Fra:16 Mem:26.48M (Peak 26.48M) | Time:00:00.08 | Mem:0.00M, Peak:0.00M | Scene, ViewLayer | Synchronizing object | abdomen-shell-part
Fra:16 Mem:26.52M (Peak 26.52M) | Time:00:00.08 | Mem:0.00M, Peak:0.00M | Scene, ViewLayer | Synchronizing object | pelvis-shell-part
Fra:16 Mem:26.63M (Peak 26.63M) | Time:00:00.08 | Mem:0.00M, Peak:0.00M | Scene, ViewLayer | Synchronizing object | right-hip-ball
Fra:16 Mem:26.85M (Peak 26.85M) | Time:00:00.08 | Mem:0.00M, Peak:0.00M | Scene, ViewLayer | Synchronizing object | waist-internal-core
Fra:16 Mem:27.01M (Peak 27.01M) | Time:00:00.08 | Mem:0.00M, Peak:0.00M | Scene, ViewLayer | Synchronizing object | left-hand-shell
Fra:16 Mem:27.05M (Peak 27.05M) | Time:00:00.08 | Mem:0.00M, Peak:0.00M | Scene, ViewLayer | Synchronizing object | right-wrist-ball
Fra:16 Mem:27.25M (Peak 27.25M) | Time:00:00.08 | Mem:0.00M, Peak:0.00M | Scene, ViewLayer | Synchronizing object | left-elbow-ball
Fra:16 Mem:27.26M (Peak 27.26M) | Time:00:00.08 | Mem:0.00M, Peak:0.00M | Scene, ViewLayer | Synchronizing object | left-knee-ball
Fra:16 Mem:27.30M (Peak 27.30M) | Time:00:00.08 | Mem:0.00M, Peak:0.00M | Scene, ViewLayer | Synchronizing object | left-ankle-ball
Fra:16 Mem:27.30M (Peak 27.30M) | Time:00:00.08 | Mem:0.00M, Peak:0.00M | Scene, ViewLayer | Synchronizing object | right-upper-arm-shell
Fra:16 Mem:27.39M (Peak 27.39M) | Time:00:00.08 | Mem:0.00M, Peak:0.00M | Scene, ViewLayer | Synchronizing object | right-forearm-shell
Fra:16 Mem:27.39M (Peak 27.39M) | Time:00:00.08 | Mem:0.00M, Peak:0.00M | Scene, ViewLayer | Synchronizing object | right-hand-shell
Fra:16 Mem:27.47M (Peak 27.47M) | Time:00:00.08 | Mem:0.00M, Peak:0.00M | Scene, ViewLayer | Synchronizing object | right-thigh-shell
Fra:16 Mem:27.66M (Peak 27.66M) | Time:00:00.08 | Mem:0.00M, Peak:0.00M | Scene, ViewLayer | Synchronizing object | right-shoulder-ball
Fra:16 Mem:27.94M (Peak 27.94M) | Time:00:00.08 | Mem:0.00M, Peak:0.00M | Scene, ViewLayer | Synchronizing object | right-foot-shell
Fra:16 Mem:30.22M (Peak 30.22M) | Time:00:00.08 | Mem:0.00M, Peak:0.00M | Scene, ViewLayer | Initializing
Fra:16 Mem:25.88M (Peak 30.22M) | Time:00:00.08 | Mem:0.00M, Peak:0.00M | Scene, ViewLayer | Waiting for render to start
Fra:16 Mem:25.88M (Peak 30.22M) | Time:00:00.08 | Mem:0.00M, Peak:0.00M | Scene, ViewLayer | Updating Scene
Fra:16 Mem:25.88M (Peak 30.22M) | Time:00:00.08 | Mem:0.00M, Peak:0.00M | Scene, ViewLayer | Updating Shaders
Fra:16 Mem:25.88M (Peak 30.22M) | Time:00:00.08 | Mem:0.00M, Peak:0.00M | Scene, ViewLayer | Loading render kernels (may take a few minutes the first time)
Fra:16 Mem:25.96M (Peak 53.98M) | Time:00:00.13 | Mem:0.00M, Peak:0.00M | Scene, ViewLayer | Updating Procedurals
Fra:16 Mem:25.96M (Peak 53.98M) | Time:00:00.13 | Mem:0.00M, Peak:0.00M | Scene, ViewLayer | Updating Background
Fra:16 Mem:25.96M (Peak 53.98M) | Time:00:00.13 | Mem:0.00M, Peak:0.00M | Scene, ViewLayer | Updating Camera
Fra:16 Mem:25.96M (Peak 53.98M) | Time:00:00.13 | Mem:0.00M, Peak:0.00M | Scene, ViewLayer | Updating Meshes Flags
Fra:16 Mem:25.96M (Peak 53.98M) | Time:00:00.13 | Mem:0.00M, Peak:0.00M | Scene, ViewLayer | Updating Objects
Fra:16 Mem:25.96M (Peak 53.98M) | Time:00:00.13 | Mem:0.00M, Peak:0.00M | Scene, ViewLayer | Updating Objects | Copying Transformations to device
Fra:16 Mem:25.97M (Peak 53.98M) | Time:00:00.13 | Mem:0.01M, Peak:0.01M | Scene, ViewLayer | Updating Particle Systems
Fra:16 Mem:25.97M (Peak 53.98M) | Time:00:00.13 | Mem:0.01M, Peak:0.01M | Scene, ViewLayer | Updating Particle Systems | Copying Particles to device
Fra:16 Mem:25.97M (Peak 53.98M) | Time:00:00.13 | Mem:0.01M, Peak:0.01M | Scene, ViewLayer | Updating Meshes
Fra:16 Mem:25.97M (Peak 53.98M) | Time:00:00.13 | Mem:0.01M, Peak:0.01M | Scene, ViewLayer | Updating Objects | Applying Static Transformations
Fra:16 Mem:25.97M (Peak 53.98M) | Time:00:00.13 | Mem:0.01M, Peak:0.01M | Scene, ViewLayer | Updating Mesh | Computing attributes
Fra:16 Mem:26.31M (Peak 53.98M) | Time:00:00.13 | Mem:0.01M, Peak:0.01M | Scene, ViewLayer | Updating Mesh | Copying Attributes to device
Fra:16 Mem:26.31M (Peak 53.98M) | Time:00:00.13 | Mem:0.35M, Peak:0.35M | Scene, ViewLayer | Updating Scene BVH | Building
Fra:16 Mem:26.31M (Peak 53.98M) | Time:00:00.13 | Mem:0.35M, Peak:0.35M | Scene, ViewLayer | Updating Scene BVH | Building BVH
Fra:16 Mem:29.68M (Peak 53.98M) | Time:00:00.13 | Mem:0.35M, Peak:0.35M | Scene, ViewLayer | Updating Scene BVH | Packing BVH triangles and strands
Fra:16 Mem:29.91M (Peak 53.98M) | Time:00:00.13 | Mem:0.35M, Peak:0.35M | Scene, ViewLayer | Updating Scene BVH | Packing BVH nodes
Fra:16 Mem:29.83M (Peak 53.98M) | Time:00:00.13 | Mem:0.35M, Peak:0.35M | Scene, ViewLayer | Updating Scene BVH | Copying BVH to device
Fra:16 Mem:29.83M (Peak 53.98M) | Time:00:00.13 | Mem:2.11M, Peak:2.11M | Scene, ViewLayer | Updating Mesh | Computing normals
Fra:16 Mem:31.41M (Peak 53.98M) | Time:00:00.13 | Mem:2.11M, Peak:2.11M | Scene, ViewLayer | Updating Mesh | Copying Mesh to device
Fra:16 Mem:31.41M (Peak 53.98M) | Time:00:00.13 | Mem:3.70M, Peak:3.70M | Scene, ViewLayer | Updating Objects Flags
Fra:16 Mem:31.41M (Peak 53.98M) | Time:00:00.14 | Mem:3.70M, Peak:3.70M | Scene, ViewLayer | Updating Primitive Offsets
Fra:16 Mem:31.41M (Peak 53.98M) | Time:00:00.14 | Mem:3.70M, Peak:3.70M | Scene, ViewLayer | Updating Images
Fra:16 Mem:31.41M (Peak 53.98M) | Time:00:00.14 | Mem:3.70M, Peak:3.70M | Scene, ViewLayer | Updating Camera Volume
Fra:16 Mem:31.41M (Peak 53.98M) | Time:00:00.14 | Mem:3.70M, Peak:3.70M | Scene, ViewLayer | Updating Lookup Tables
Fra:16 Mem:31.41M (Peak 53.98M) | Time:00:00.14 | Mem:3.78M, Peak:3.78M | Scene, ViewLayer | Updating Lights
Fra:16 Mem:31.41M (Peak 53.98M) | Time:00:00.14 | Mem:3.78M, Peak:3.78M | Scene, ViewLayer | Updating Lights | Computing tree
Fra:16 Mem:31.41M (Peak 53.98M) | Time:00:00.14 | Mem:3.78M, Peak:3.78M | Scene, ViewLayer | Updating Integrator
Fra:16 Mem:31.41M (Peak 53.98M) | Time:00:00.14 | Mem:3.78M, Peak:3.78M | Scene, ViewLayer | Updating Film
Fra:16 Mem:31.42M (Peak 53.98M) | Time:00:00.14 | Mem:3.70M, Peak:3.78M | Scene, ViewLayer | Updating Lookup Tables
Fra:16 Mem:31.42M (Peak 53.98M) | Time:00:00.14 | Mem:3.78M, Peak:3.78M | Scene, ViewLayer | Updating Baking
Fra:16 Mem:31.42M (Peak 53.98M) | Time:00:00.14 | Mem:3.78M, Peak:3.78M | Scene, ViewLayer | Updating Device | Writing constant memory
Fra:16 Mem:31.42M (Peak 53.98M) | Time:00:00.14 | Mem:3.78M, Peak:3.78M | Scene, ViewLayer | Loading denoising kernels (may take a few minutes the first time)
Fra:16 Mem:35.42M (Peak 53.98M) | Time:00:00.14 | Mem:355.78M, Peak:355.78M | Scene, ViewLayer | Sample 0/24
Fra:16 Mem:78.18M (Peak 78.18M) | Time:00:00.15 | Remaining:00:00.13 | Mem:398.53M, Peak:398.53M | Scene, ViewLayer | Sample 1/24
Fra:16 Mem:96.18M (Peak 123.18M) | Time:00:01.63 | Mem:398.54M, Peak:398.54M | Scene, ViewLayer | Sample 24/24
Fra:16 Mem:96.18M (Peak 123.18M) | Time:00:01.63 | Mem:398.54M, Peak:398.54M | Scene, ViewLayer | Finished
Saved: '/home/cbsim/ws/slime-workflow/.tmp/2026-09-23_06-25-15/up_right-06.png'
Time: 00:01.75 (Saving: 00:00.03)

Fra:19 Mem:26.37M (Peak 26.37M) | Time:00:00.08 | Mem:0.00M, Peak:0.00M | Scene, ViewLayer | Synchronizing object | key
Fra:19 Mem:26.37M (Peak 26.37M) | Time:00:00.08 | Mem:0.00M, Peak:0.00M | Scene, ViewLayer | Synchronizing object | neck-shell-part
Fra:19 Mem:26.37M (Peak 26.37M) | Time:00:00.08 | Mem:0.00M, Peak:0.00M | Scene, ViewLayer | Synchronizing object | head-shell-part
Fra:19 Mem:26.39M (Peak 26.39M) | Time:00:00.08 | Mem:0.00M, Peak:0.00M | Scene, ViewLayer | Synchronizing object | right-ankle-ball
Fra:19 Mem:26.53M (Peak 26.53M) | Time:00:00.08 | Mem:0.00M, Peak:0.00M | Scene, ViewLayer | Synchronizing object | chest-shell-part
Fra:19 Mem:26.65M (Peak 26.65M) | Time:00:00.08 | Mem:0.00M, Peak:0.00M | Scene, ViewLayer | Synchronizing object | right-knee-ball
Fra:19 Mem:26.91M (Peak 26.91M) | Time:00:00.08 | Mem:0.00M, Peak:0.00M | Scene, ViewLayer | Synchronizing object | pelvis-shell-part
Fra:19 Mem:26.91M (Peak 26.91M) | Time:00:00.08 | Mem:0.00M, Peak:0.00M | Scene, ViewLayer | Synchronizing object | head-pivot-ball
Fra:19 Mem:26.94M (Peak 26.94M) | Time:00:00.08 | Mem:0.00M, Peak:0.00M | Scene, ViewLayer | Synchronizing object | waist-internal-core
Fra:19 Mem:27.07M (Peak 27.07M) | Time:00:00.08 | Mem:0.00M, Peak:0.00M | Scene, ViewLayer | Synchronizing object | left-forearm-shell
Fra:19 Mem:27.31M (Peak 27.31M) | Time:00:00.08 | Mem:0.00M, Peak:0.00M | Scene, ViewLayer | Synchronizing object | left-thigh-shell
Fra:19 Mem:27.40M (Peak 27.40M) | Time:00:00.08 | Mem:0.00M, Peak:0.00M | Scene, ViewLayer | Synchronizing object | left-shin-shell
Fra:19 Mem:27.49M (Peak 27.49M) | Time:00:00.08 | Mem:0.00M, Peak:0.00M | Scene, ViewLayer | Synchronizing object | left-foot-shell
Fra:19 Mem:27.61M (Peak 27.61M) | Time:00:00.08 | Mem:0.00M, Peak:0.00M | Scene, ViewLayer | Synchronizing object | left-shoulder-ball
Fra:19 Mem:27.58M (Peak 27.61M) | Time:00:00.08 | Mem:0.00M, Peak:0.00M | Scene, ViewLayer | Synchronizing object | left-wrist-ball
Fra:19 Mem:27.66M (Peak 27.66M) | Time:00:00.08 | Mem:0.00M, Peak:0.00M | Scene, ViewLayer | Synchronizing object | left-hip-ball
Fra:19 Mem:27.96M (Peak 27.96M) | Time:00:00.08 | Mem:0.00M, Peak:0.00M | Scene, ViewLayer | Synchronizing object | left-knee-ball
Fra:19 Mem:28.05M (Peak 28.05M) | Time:00:00.08 | Mem:0.00M, Peak:0.00M | Scene, ViewLayer | Synchronizing object | right-upper-arm-shell
Fra:19 Mem:28.14M (Peak 28.14M) | Time:00:00.08 | Mem:0.00M, Peak:0.00M | Scene, ViewLayer | Synchronizing object | right-hand-shell
Fra:19 Mem:28.28M (Peak 28.28M) | Time:00:00.08 | Mem:0.00M, Peak:0.00M | Scene, ViewLayer | Synchronizing object | right-thigh-shell
Fra:19 Mem:28.38M (Peak 28.38M) | Time:00:00.08 | Mem:0.00M, Peak:0.00M | Scene, ViewLayer | Synchronizing object | right-shin-shell
Fra:19 Mem:28.43M (Peak 28.43M) | Time:00:00.08 | Mem:0.00M, Peak:0.00M | Scene, ViewLayer | Synchronizing object | right-foot-shell
Fra:19 Mem:28.53M (Peak 28.53M) | Time:00:00.08 | Mem:0.00M, Peak:0.00M | Scene, ViewLayer | Synchronizing object | right-elbow-ball
Fra:19 Mem:28.86M (Peak 28.86M) | Time:00:00.08 | Mem:0.00M, Peak:0.00M | Scene, ViewLayer | Synchronizing object | right-wrist-ball
Fra:19 Mem:30.22M (Peak 30.22M) | Time:00:00.08 | Mem:0.00M, Peak:0.00M | Scene, ViewLayer | Initializing
Fra:19 Mem:25.88M (Peak 30.22M) | Time:00:00.08 | Mem:0.00M, Peak:0.00M | Scene, ViewLayer | Waiting for render to start
Fra:19 Mem:25.88M (Peak 30.22M) | Time:00:00.08 | Mem:0.00M, Peak:0.00M | Scene, ViewLayer | Updating Scene
Fra:19 Mem:25.88M (Peak 30.22M) | Time:00:00.08 | Mem:0.00M, Peak:0.00M | Scene, ViewLayer | Updating Shaders
Fra:19 Mem:25.88M (Peak 30.22M) | Time:00:00.08 | Mem:0.00M, Peak:0.00M | Scene, ViewLayer | Loading render kernels (may take a few minutes the first time)
Fra:19 Mem:25.96M (Peak 53.98M) | Time:00:00.12 | Mem:0.00M, Peak:0.00M | Scene, ViewLayer | Updating Procedurals
Fra:19 Mem:25.96M (Peak 53.98M) | Time:00:00.12 | Mem:0.00M, Peak:0.00M | Scene, ViewLayer | Updating Background
Fra:19 Mem:25.96M (Peak 53.98M) | Time:00:00.12 | Mem:0.00M, Peak:0.00M | Scene, ViewLayer | Updating Camera
Fra:19 Mem:25.96M (Peak 53.98M) | Time:00:00.12 | Mem:0.00M, Peak:0.00M | Scene, ViewLayer | Updating Meshes Flags
Fra:19 Mem:25.96M (Peak 53.98M) | Time:00:00.12 | Mem:0.00M, Peak:0.00M | Scene, ViewLayer | Updating Objects
Fra:19 Mem:25.96M (Peak 53.98M) | Time:00:00.12 | Mem:0.00M, Peak:0.00M | Scene, ViewLayer | Updating Objects | Copying Transformations to device
Fra:19 Mem:25.97M (Peak 53.98M) | Time:00:00.12 | Mem:0.01M, Peak:0.01M | Scene, ViewLayer | Updating Particle Systems
Fra:19 Mem:25.97M (Peak 53.98M) | Time:00:00.12 | Mem:0.01M, Peak:0.01M | Scene, ViewLayer | Updating Particle Systems | Copying Particles to device
Fra:19 Mem:25.97M (Peak 53.98M) | Time:00:00.12 | Mem:0.01M, Peak:0.01M | Scene, ViewLayer | Updating Meshes
Fra:19 Mem:25.97M (Peak 53.98M) | Time:00:00.12 | Mem:0.01M, Peak:0.01M | Scene, ViewLayer | Updating Objects | Applying Static Transformations
Fra:19 Mem:25.97M (Peak 53.98M) | Time:00:00.12 | Mem:0.01M, Peak:0.01M | Scene, ViewLayer | Updating Mesh | Computing attributes
Fra:19 Mem:26.31M (Peak 53.98M) | Time:00:00.12 | Mem:0.01M, Peak:0.01M | Scene, ViewLayer | Updating Mesh | Copying Attributes to device
Fra:19 Mem:26.31M (Peak 53.98M) | Time:00:00.12 | Mem:0.35M, Peak:0.35M | Scene, ViewLayer | Updating Scene BVH | Building
Fra:19 Mem:26.31M (Peak 53.98M) | Time:00:00.12 | Mem:0.35M, Peak:0.35M | Scene, ViewLayer | Updating Scene BVH | Building BVH
Fra:19 Mem:29.68M (Peak 53.98M) | Time:00:00.13 | Mem:0.35M, Peak:0.35M | Scene, ViewLayer | Updating Scene BVH | Packing BVH triangles and strands
Fra:19 Mem:29.91M (Peak 53.98M) | Time:00:00.13 | Mem:0.35M, Peak:0.35M | Scene, ViewLayer | Updating Scene BVH | Packing BVH nodes
Fra:19 Mem:29.83M (Peak 53.98M) | Time:00:00.13 | Mem:0.35M, Peak:0.35M | Scene, ViewLayer | Updating Scene BVH | Copying BVH to device
Fra:19 Mem:29.83M (Peak 53.98M) | Time:00:00.13 | Mem:2.11M, Peak:2.11M | Scene, ViewLayer | Updating Mesh | Computing normals
Fra:19 Mem:31.41M (Peak 53.98M) | Time:00:00.13 | Mem:2.11M, Peak:2.11M | Scene, ViewLayer | Updating Mesh | Copying Mesh to device
Fra:19 Mem:31.41M (Peak 53.98M) | Time:00:00.13 | Mem:3.69M, Peak:3.69M | Scene, ViewLayer | Updating Objects Flags
Fra:19 Mem:31.41M (Peak 53.98M) | Time:00:00.13 | Mem:3.69M, Peak:3.69M | Scene, ViewLayer | Updating Primitive Offsets
Fra:19 Mem:31.41M (Peak 53.98M) | Time:00:00.13 | Mem:3.69M, Peak:3.69M | Scene, ViewLayer | Updating Images
Fra:19 Mem:31.41M (Peak 53.98M) | Time:00:00.13 | Mem:3.69M, Peak:3.69M | Scene, ViewLayer | Updating Camera Volume
Fra:19 Mem:31.41M (Peak 53.98M) | Time:00:00.13 | Mem:3.69M, Peak:3.69M | Scene, ViewLayer | Updating Lookup Tables
Fra:19 Mem:31.41M (Peak 53.98M) | Time:00:00.13 | Mem:3.78M, Peak:3.78M | Scene, ViewLayer | Updating Lights
Fra:19 Mem:31.41M (Peak 53.98M) | Time:00:00.13 | Mem:3.78M, Peak:3.78M | Scene, ViewLayer | Updating Lights | Computing tree
Fra:19 Mem:31.41M (Peak 53.98M) | Time:00:00.13 | Mem:3.78M, Peak:3.78M | Scene, ViewLayer | Updating Integrator
Fra:19 Mem:31.41M (Peak 53.98M) | Time:00:00.13 | Mem:3.78M, Peak:3.78M | Scene, ViewLayer | Updating Film
Fra:19 Mem:31.42M (Peak 53.98M) | Time:00:00.13 | Mem:3.70M, Peak:3.78M | Scene, ViewLayer | Updating Lookup Tables
Fra:19 Mem:31.42M (Peak 53.98M) | Time:00:00.13 | Mem:3.78M, Peak:3.78M | Scene, ViewLayer | Updating Baking
Fra:19 Mem:31.42M (Peak 53.98M) | Time:00:00.13 | Mem:3.78M, Peak:3.78M | Scene, ViewLayer | Updating Device | Writing constant memory
Fra:19 Mem:31.42M (Peak 53.98M) | Time:00:00.13 | Mem:3.78M, Peak:3.78M | Scene, ViewLayer | Loading denoising kernels (may take a few minutes the first time)
Fra:19 Mem:35.42M (Peak 53.98M) | Time:00:00.13 | Mem:355.78M, Peak:355.78M | Scene, ViewLayer | Sample 0/24
Fra:19 Mem:78.18M (Peak 78.18M) | Time:00:00.14 | Remaining:00:00.13 | Mem:398.53M, Peak:398.53M | Scene, ViewLayer | Sample 1/24
Fra:19 Mem:96.18M (Peak 123.18M) | Time:00:01.57 | Mem:398.53M, Peak:398.53M | Scene, ViewLayer | Sample 24/24
Fra:19 Mem:96.18M (Peak 123.18M) | Time:00:01.57 | Mem:398.53M, Peak:398.53M | Scene, ViewLayer | Finished
Saved: '/home/cbsim/ws/slime-workflow/.tmp/2026-09-23_06-25-15/up_right-07.png'
Time: 00:01.69 (Saving: 00:00.03)

Fra:22 Mem:26.37M (Peak 26.37M) | Time:00:00.07 | Mem:0.00M, Peak:0.00M | Scene, ViewLayer | Synchronizing object | key
Fra:22 Mem:26.37M (Peak 26.37M) | Time:00:00.07 | Mem:0.00M, Peak:0.00M | Scene, ViewLayer | Synchronizing object | fill
Fra:22 Mem:26.37M (Peak 26.37M) | Time:00:00.07 | Mem:0.00M, Peak:0.00M | Scene, ViewLayer | Synchronizing object | head-shell-part
Fra:22 Mem:26.37M (Peak 26.37M) | Time:00:00.07 | Mem:0.00M, Peak:0.00M | Scene, ViewLayer | Synchronizing object | neck-shell-part
Fra:22 Mem:26.75M (Peak 26.75M) | Time:00:00.07 | Mem:0.00M, Peak:0.00M | Scene, ViewLayer | Synchronizing object | right-ankle-ball
Fra:22 Mem:26.75M (Peak 26.75M) | Time:00:00.07 | Mem:0.00M, Peak:0.00M | Scene, ViewLayer | Synchronizing object | left-hand-shell
Fra:22 Mem:26.79M (Peak 26.79M) | Time:00:00.07 | Mem:0.00M, Peak:0.00M | Scene, ViewLayer | Synchronizing object | left-thigh-shell
Fra:22 Mem:26.84M (Peak 26.84M) | Time:00:00.07 | Mem:0.00M, Peak:0.00M | Scene, ViewLayer | Synchronizing object | left-shin-shell
Fra:22 Mem:26.88M (Peak 26.88M) | Time:00:00.07 | Mem:0.00M, Peak:0.00M | Scene, ViewLayer | Synchronizing object | left-foot-shell
Fra:22 Mem:27.15M (Peak 27.15M) | Time:00:00.07 | Mem:0.00M, Peak:0.00M | Scene, ViewLayer | Synchronizing object | left-shoulder-ball
Fra:22 Mem:27.24M (Peak 27.24M) | Time:00:00.07 | Mem:0.00M, Peak:0.00M | Scene, ViewLayer | Synchronizing object | left-elbow-ball
Fra:22 Mem:27.53M (Peak 27.53M) | Time:00:00.07 | Mem:0.00M, Peak:0.00M | Scene, ViewLayer | Synchronizing object | left-wrist-ball
Fra:22 Mem:27.57M (Peak 27.58M) | Time:00:00.07 | Mem:0.00M, Peak:0.00M | Scene, ViewLayer | Synchronizing object | left-hip-ball
Fra:22 Mem:27.71M (Peak 27.71M) | Time:00:00.07 | Mem:0.00M, Peak:0.00M | Scene, ViewLayer | Synchronizing object | left-knee-ball
Fra:22 Mem:27.84M (Peak 27.84M) | Time:00:00.07 | Mem:0.00M, Peak:0.00M | Scene, ViewLayer | Synchronizing object | right-forearm-shell
Fra:22 Mem:28.02M (Peak 28.02M) | Time:00:00.07 | Mem:0.00M, Peak:0.00M | Scene, ViewLayer | Synchronizing object | right-hand-shell
Fra:22 Mem:28.09M (Peak 28.09M) | Time:00:00.07 | Mem:0.00M, Peak:0.00M | Scene, ViewLayer | Synchronizing object | right-thigh-shell
Fra:22 Mem:28.16M (Peak 28.16M) | Time:00:00.07 | Mem:0.00M, Peak:0.00M | Scene, ViewLayer | Synchronizing object | right-shin-shell
Fra:22 Mem:28.48M (Peak 28.49M) | Time:00:00.07 | Mem:0.00M, Peak:0.00M | Scene, ViewLayer | Synchronizing object | right-foot-shell
Fra:22 Mem:28.62M (Peak 28.62M) | Time:00:00.07 | Mem:0.00M, Peak:0.00M | Scene, ViewLayer | Synchronizing object | right-hip-ball
Fra:22 Mem:29.06M (Peak 29.06M) | Time:00:00.07 | Mem:0.00M, Peak:0.00M | Scene, ViewLayer | Synchronizing object | right-shoulder-ball
Fra:22 Mem:29.24M (Peak 29.24M) | Time:00:00.07 | Mem:0.00M, Peak:0.00M | Scene, ViewLayer | Synchronizing object | right-elbow-ball
Fra:22 Mem:30.22M (Peak 30.22M) | Time:00:00.08 | Mem:0.00M, Peak:0.00M | Scene, ViewLayer | Initializing
Fra:22 Mem:25.88M (Peak 30.22M) | Time:00:00.08 | Mem:0.00M, Peak:0.00M | Scene, ViewLayer | Waiting for render to start
Fra:22 Mem:25.88M (Peak 30.22M) | Time:00:00.08 | Mem:0.00M, Peak:0.00M | Scene, ViewLayer | Updating Scene
Fra:22 Mem:25.88M (Peak 30.22M) | Time:00:00.08 | Mem:0.00M, Peak:0.00M | Scene, ViewLayer | Updating Shaders
Fra:22 Mem:25.88M (Peak 30.22M) | Time:00:00.08 | Mem:0.00M, Peak:0.00M | Scene, ViewLayer | Loading render kernels (may take a few minutes the first time)
Fra:22 Mem:25.96M (Peak 53.98M) | Time:00:00.12 | Mem:0.00M, Peak:0.00M | Scene, ViewLayer | Updating Procedurals
Fra:22 Mem:25.96M (Peak 53.98M) | Time:00:00.12 | Mem:0.00M, Peak:0.00M | Scene, ViewLayer | Updating Background
Fra:22 Mem:25.96M (Peak 53.98M) | Time:00:00.12 | Mem:0.00M, Peak:0.00M | Scene, ViewLayer | Updating Camera
Fra:22 Mem:25.96M (Peak 53.98M) | Time:00:00.12 | Mem:0.00M, Peak:0.00M | Scene, ViewLayer | Updating Meshes Flags
Fra:22 Mem:25.96M (Peak 53.98M) | Time:00:00.12 | Mem:0.00M, Peak:0.00M | Scene, ViewLayer | Updating Objects
Fra:22 Mem:25.96M (Peak 53.98M) | Time:00:00.12 | Mem:0.00M, Peak:0.00M | Scene, ViewLayer | Updating Objects | Copying Transformations to device
Fra:22 Mem:25.97M (Peak 53.98M) | Time:00:00.12 | Mem:0.01M, Peak:0.01M | Scene, ViewLayer | Updating Particle Systems
Fra:22 Mem:25.97M (Peak 53.98M) | Time:00:00.12 | Mem:0.01M, Peak:0.01M | Scene, ViewLayer | Updating Particle Systems | Copying Particles to device
Fra:22 Mem:25.97M (Peak 53.98M) | Time:00:00.12 | Mem:0.01M, Peak:0.01M | Scene, ViewLayer | Updating Meshes
Fra:22 Mem:25.97M (Peak 53.98M) | Time:00:00.12 | Mem:0.01M, Peak:0.01M | Scene, ViewLayer | Updating Objects | Applying Static Transformations
Fra:22 Mem:25.97M (Peak 53.98M) | Time:00:00.12 | Mem:0.01M, Peak:0.01M | Scene, ViewLayer | Updating Mesh | Computing attributes
Fra:22 Mem:26.31M (Peak 53.98M) | Time:00:00.12 | Mem:0.01M, Peak:0.01M | Scene, ViewLayer | Updating Mesh | Copying Attributes to device
Fra:22 Mem:26.31M (Peak 53.98M) | Time:00:00.12 | Mem:0.35M, Peak:0.35M | Scene, ViewLayer | Updating Scene BVH | Building
Fra:22 Mem:26.31M (Peak 53.98M) | Time:00:00.12 | Mem:0.35M, Peak:0.35M | Scene, ViewLayer | Updating Scene BVH | Building BVH
Fra:22 Mem:29.68M (Peak 53.98M) | Time:00:00.12 | Mem:0.35M, Peak:0.35M | Scene, ViewLayer | Updating Scene BVH | Packing BVH triangles and strands
Fra:22 Mem:29.91M (Peak 53.98M) | Time:00:00.12 | Mem:0.35M, Peak:0.35M | Scene, ViewLayer | Updating Scene BVH | Packing BVH nodes
Fra:22 Mem:29.83M (Peak 53.98M) | Time:00:00.13 | Mem:0.35M, Peak:0.35M | Scene, ViewLayer | Updating Scene BVH | Copying BVH to device
Fra:22 Mem:29.83M (Peak 53.98M) | Time:00:00.13 | Mem:2.11M, Peak:2.11M | Scene, ViewLayer | Updating Mesh | Computing normals
Fra:22 Mem:31.41M (Peak 53.98M) | Time:00:00.13 | Mem:2.11M, Peak:2.11M | Scene, ViewLayer | Updating Mesh | Copying Mesh to device
Fra:22 Mem:31.41M (Peak 53.98M) | Time:00:00.13 | Mem:3.70M, Peak:3.70M | Scene, ViewLayer | Updating Objects Flags
Fra:22 Mem:31.41M (Peak 53.98M) | Time:00:00.13 | Mem:3.70M, Peak:3.70M | Scene, ViewLayer | Updating Primitive Offsets
Fra:22 Mem:31.41M (Peak 53.98M) | Time:00:00.13 | Mem:3.70M, Peak:3.70M | Scene, ViewLayer | Updating Images
Fra:22 Mem:31.41M (Peak 53.98M) | Time:00:00.13 | Mem:3.70M, Peak:3.70M | Scene, ViewLayer | Updating Camera Volume
Fra:22 Mem:31.41M (Peak 53.98M) | Time:00:00.13 | Mem:3.70M, Peak:3.70M | Scene, ViewLayer | Updating Lookup Tables
Fra:22 Mem:31.41M (Peak 53.98M) | Time:00:00.13 | Mem:3.78M, Peak:3.78M | Scene, ViewLayer | Updating Lights
Fra:22 Mem:31.41M (Peak 53.98M) | Time:00:00.13 | Mem:3.78M, Peak:3.78M | Scene, ViewLayer | Updating Lights | Computing tree
Fra:22 Mem:31.41M (Peak 53.98M) | Time:00:00.13 | Mem:3.78M, Peak:3.78M | Scene, ViewLayer | Updating Integrator
Fra:22 Mem:31.41M (Peak 53.98M) | Time:00:00.13 | Mem:3.78M, Peak:3.78M | Scene, ViewLayer | Updating Film
Fra:22 Mem:31.42M (Peak 53.98M) | Time:00:00.13 | Mem:3.70M, Peak:3.78M | Scene, ViewLayer | Updating Lookup Tables
Fra:22 Mem:31.42M (Peak 53.98M) | Time:00:00.13 | Mem:3.78M, Peak:3.78M | Scene, ViewLayer | Updating Baking
Fra:22 Mem:31.42M (Peak 53.98M) | Time:00:00.13 | Mem:3.78M, Peak:3.78M | Scene, ViewLayer | Updating Device | Writing constant memory
Fra:22 Mem:31.42M (Peak 53.98M) | Time:00:00.13 | Mem:3.78M, Peak:3.78M | Scene, ViewLayer | Loading denoising kernels (may take a few minutes the first time)
Fra:22 Mem:35.42M (Peak 53.98M) | Time:00:00.13 | Mem:355.78M, Peak:355.78M | Scene, ViewLayer | Sample 0/24
Fra:22 Mem:78.18M (Peak 78.18M) | Time:00:00.14 | Remaining:00:00.13 | Mem:398.53M, Peak:398.53M | Scene, ViewLayer | Sample 1/24
2026-09-23T06:31:18+0900/hunyuan-rig/heartbeat {'stage': 'up_right', 'frame': 22} images=36
Fra:22 Mem:96.18M (Peak 123.18M) | Time:00:01.62 | Mem:398.54M, Peak:398.54M | Scene, ViewLayer | Sample 24/24
Fra:22 Mem:96.18M (Peak 123.18M) | Time:00:01.62 | Mem:398.54M, Peak:398.54M | Scene, ViewLayer | Finished
Saved: '/home/cbsim/ws/slime-workflow/.tmp/2026-09-23_06-25-15/up_right-08.png'
Time: 00:01.75 (Saving: 00:00.04)

2026-09-23T06:31:19+0900/hunyuan-rig/complete {'status': 'rigged_ball_joint_candidate', 'source_mesh_sha256': 'c7d203381d12221945b9d6a7483ab2ef10dc6216295232e8827c77f6a0be8310', 'source_motion_id': 'mannequin-walk/v1', 'source_motion_sha256': '5ab353ed313a2395c00389f2f94ed3dff9a5d2187dd3f3f4d0f08862ad1866d6', 'bones': 24, 'parts': [{'name': 'head-shell-part', 'bone': 'joint-15', 'kind': 'shell', 'triangles': 5818}, {'name': 'neck-shell-part', 'bone': 'joint-12', 'kind': 'shell', 'triangles': 495}, {'name': 'chest-shell-part', 'bone': 'joint-09', 'kind': 'shell', 'triangles': 4391}, {'name': 'abdomen-shell-part', 'bone': 'joint-06', 'kind': 'shell', 'triangles': 1945}, {'name': 'pelvis-shell-part', 'bone': 'body-root-control', 'kind': 'shell', 'triangles': 5052}, {'name': 'head-pivot-ball', 'bone': 'joint-15', 'kind': 'ball', 'triangles': 720}, {'name': 'waist-internal-core', 'bone': 'joint-06', 'kind': 'ball', 'triangles': 720}, {'name': 'chest-internal-core', 'bone': 'joint-09', 'kind': 'ball', 'triangles': 720}, {'name': 'left-upper-arm-shell', 'bone': 'joint-18', 'kind': 'shell', 'triangles': 2524}, {'name': 'left-forearm-shell', 'bone': 'joint-20', 'kind': 'shell', 'triangles': 2539}, {'name': 'left-hand-shell', 'bone': 'hand-20-deform', 'kind': 'shell', 'triangles': 1752}, {'name': 'left-thigh-shell', 'bone': 'joint-04', 'kind': 'shell', 'triangles': 3690}, {'name': 'left-shin-shell', 'bone': 'joint-07', 'kind': 'shell', 'triangles': 2626}, {'name': 'left-foot-shell', 'bone': 'joint-10', 'kind': 'shell', 'triangles': 2352}, {'name': 'left-shoulder-ball', 'bone': 'joint-18', 'kind': 'ball', 'triangles': 720}, {'name': 'left-elbow-ball', 'bone': 'joint-20', 'kind': 'ball', 'triangles': 720}, {'name': 'left-wrist-ball', 'bone': 'hand-20-deform', 'kind': 'ball', 'triangles': 720}, {'name': 'left-hip-ball', 'bone': 'joint-04', 'kind': 'ball', 'triangles': 720}, {'name': 'left-knee-ball', 'bone': 'joint-07', 'kind': 'ball', 'triangles': 720}, {'name': 'left-ankle-ball', 'bone': 'joint-10', 'kind': 'ball', 'triangles': 720}, {'name': 'right-upper-arm-shell', 'bone': 'joint-19', 'kind': 'shell', 'triangles': 1939}, {'name': 'right-forearm-shell', 'bone': 'joint-21', 'kind': 'shell', 'triangles': 2513}, {'name': 'right-hand-shell', 'bone': 'hand-21-deform', 'kind': 'shell', 'triangles': 1750}, {'name': 'right-thigh-shell', 'bone': 'joint-05', 'kind': 'shell', 'triangles': 3723}, {'name': 'right-shin-shell', 'bone': 'joint-08', 'kind': 'shell', 'triangles': 2674}, {'name': 'right-foot-shell', 'bone': 'joint-11', 'kind': 'shell', 'triangles': 2346}, {'name': 'right-shoulder-ball', 'bone': 'joint-19', 'kind': 'ball', 'triangles': 720}, {'name': 'right-elbow-ball', 'bone': 'joint-21', 'kind': 'ball', 'triangles': 720}, {'name': 'right-wrist-ball', 'bone': 'hand-21-deform', 'kind': 'ball', 'triangles': 720}, {'name': 'right-hip-ball', 'bone': 'joint-05', 'kind': 'ball', 'triangles': 720}, {'name': 'right-knee-ball', 'bone': 'joint-08', 'kind': 'ball', 'triangles': 720}, {'name': 'right-ankle-ball', 'bone': 'joint-11', 'kind': 'ball', 'triangles': 720}], 'weight_method': '각 독립 부품의 정점을 단일 본에 가중치 1.0으로 고정', 'unweighted_vertices': 0, 'fps': 20, 'cycle_seconds': 1.2, 'ground_offsets': [-0.024669693782925606, -0.02158254198729992, -0.02381104603409767, -0.03219566121697426, -0.04390759393572807, -0.06553639471530914, -0.06967870891094208, -0.06729169189929962, -0.06391546875238419, -0.06386199593544006, -0.050963204354047775, -0.035547345876693726, -0.023149199783802032, -0.01885116845369339, -0.023060718551278114, -0.010730074718594551, -0.02683456987142563, -0.029597869142889977, -0.04277795925736427, -0.0419960618019104, -0.03767009824514389, -0.05626875162124634, -0.04881254956126213, -0.03290306031703949, -0.024669693782925606], 'render_sample_frames': [1, 4, 7, 10, 13, 16, 19, 22], 'quality_warnings': ['디지털 모션 검수용이며 실물 조립용 공차·내부 고정 구조 미설계', '손가락 개별 리그 없음', '극단 각도에서 셸 간 충돌은 추가 검수 필요']}
Freeing memory after the leak detector has run. This can happen when using static variables in C++ that are defined outside of functions. To fix this error, use the 'construct on first use' idiom.
Freeing memory after the leak detector has run. This can happen when using static variables in C++ that are defined outside of functions. To fix this error, use the 'construct on first use' idiom.
Freeing memory after the leak detector has run. This can happen when using static variables in C++ that are defined outside of functions. To fix this error, use the 'construct on first use' idiom.
Freeing memory after the leak detector has run. This can happen when using static variables in C++ that are defined outside of functions. To fix this error, use the 'construct on first use' idiom.
Freeing memory after the leak detector has run. This can happen when using static variables in C++ that are defined outside of functions. To fix this error, use the 'construct on first use' idiom.
Freeing memory after the leak detector has run. This can happen when using static variables in C++ that are defined outside of functions. To fix this error, use the 'construct on first use' idiom.
Freeing memory after the leak detector has run. This can happen when using static variables in C++ that are defined outside of functions. To fix this error, use the 'construct on first use' idiom.
Freeing memory after the leak detector has run. This can happen when using static variables in C++ that are defined outside of functions. To fix this error, use the 'construct on first use' idiom.
Freeing memory after the leak detector has run. This can happen when using static variables in C++ that are defined outside of functions. To fix this error, use the 'construct on first use' idiom.
