2026-09-23T06:35:38+0900/hunyuan-rig/start 입력=/home/cbsim/ws/slime-workflow/.tmp/2026-09-23_01-02-22/model-review/mannequin.blend, /home/cbsim/ws/slime-workflow/assets/motion-sheet/mannequin-walk-v1/mannequin-motion.npz 출력=/home/cbsim/ws/slime-workflow/.tmp/2026-09-23_06-25-15
2026-09-23T06:35:38+0900/hunyuan-rig/surface-partition head-shell-part
2026-09-23T06:35:38+0900/hunyuan-rig/before-socket head-shell-part: 5404
2026-09-23T06:35:38+0900/hunyuan-rig/after-socket head-shell-part: 5573
2026-09-23T06:35:38+0900/hunyuan-rig/surface-partition neck-shell-part
2026-09-23T06:35:38+0900/hunyuan-rig/before-socket neck-shell-part: 393
2026-09-23T06:35:38+0900/hunyuan-rig/after-socket neck-shell-part: 393
2026-09-23T06:35:38+0900/hunyuan-rig/surface-partition chest-shell-part
2026-09-23T06:35:38+0900/hunyuan-rig/before-socket chest-shell-part: 3084
2026-09-23T06:35:38+0900/hunyuan-rig/after-socket chest-shell-part: 3202
2026-09-23T06:35:38+0900/hunyuan-rig/surface-partition abdomen-shell-part
2026-09-23T06:35:38+0900/hunyuan-rig/before-socket abdomen-shell-part: 1824
2026-09-23T06:35:38+0900/hunyuan-rig/after-socket abdomen-shell-part: 1824
2026-09-23T06:35:38+0900/hunyuan-rig/surface-partition pelvis-shell-part
2026-09-23T06:35:38+0900/hunyuan-rig/before-socket pelvis-shell-part: 2980
2026-09-23T06:35:39+0900/hunyuan-rig/after-socket pelvis-shell-part: 3741
2026-09-23T06:35:39+0900/hunyuan-rig/surface-partition left-upper-arm-shell
2026-09-23T06:35:39+0900/hunyuan-rig/before-socket left-upper-arm-shell: 1145
2026-09-23T06:35:39+0900/hunyuan-rig/after-socket left-upper-arm-shell: 1648
2026-09-23T06:35:39+0900/hunyuan-rig/surface-partition left-forearm-shell
2026-09-23T06:35:39+0900/hunyuan-rig/before-socket left-forearm-shell: 1297
2026-09-23T06:35:39+0900/hunyuan-rig/after-socket left-forearm-shell: 1734
2026-09-23T06:35:39+0900/hunyuan-rig/surface-partition left-hand-shell
2026-09-23T06:35:39+0900/hunyuan-rig/before-socket left-hand-shell: 1274
2026-09-23T06:35:39+0900/hunyuan-rig/after-socket left-hand-shell: 1470
2026-09-23T06:35:39+0900/hunyuan-rig/surface-partition left-thigh-shell
2026-09-23T06:35:39+0900/hunyuan-rig/before-socket left-thigh-shell: 2627
2026-09-23T06:35:39+0900/hunyuan-rig/after-socket left-thigh-shell: 2954
2026-09-23T06:35:39+0900/hunyuan-rig/surface-partition left-shin-shell
2026-09-23T06:35:39+0900/hunyuan-rig/before-socket left-shin-shell: 1563
2026-09-23T06:35:39+0900/hunyuan-rig/after-socket left-shin-shell: 1984
2026-09-23T06:35:39+0900/hunyuan-rig/surface-partition left-foot-shell
2026-09-23T06:35:39+0900/hunyuan-rig/before-socket left-foot-shell: 1847
2026-09-23T06:35:39+0900/hunyuan-rig/after-socket left-foot-shell: 2061
2026-09-23T06:35:40+0900/hunyuan-rig/surface-partition right-upper-arm-shell
2026-09-23T06:35:40+0900/hunyuan-rig/before-socket right-upper-arm-shell: 1157
2026-09-23T06:35:40+0900/hunyuan-rig/after-socket right-upper-arm-shell: 1898
2026-09-23T06:35:40+0900/hunyuan-rig/surface-partition right-forearm-shell
2026-09-23T06:35:40+0900/hunyuan-rig/before-socket right-forearm-shell: 1306
2026-09-23T06:35:40+0900/hunyuan-rig/after-socket right-forearm-shell: 1734
2026-09-23T06:35:40+0900/hunyuan-rig/surface-partition right-hand-shell
2026-09-23T06:35:40+0900/hunyuan-rig/before-socket right-hand-shell: 1262
2026-09-23T06:35:40+0900/hunyuan-rig/after-socket right-hand-shell: 1459
2026-09-23T06:35:40+0900/hunyuan-rig/surface-partition right-thigh-shell
2026-09-23T06:35:40+0900/hunyuan-rig/before-socket right-thigh-shell: 2650
2026-09-23T06:35:40+0900/hunyuan-rig/after-socket right-thigh-shell: 2990
2026-09-23T06:35:40+0900/hunyuan-rig/surface-partition right-shin-shell
2026-09-23T06:35:40+0900/hunyuan-rig/before-socket right-shin-shell: 1590
2026-09-23T06:35:40+0900/hunyuan-rig/after-socket right-shin-shell: 2007
2026-09-23T06:35:40+0900/hunyuan-rig/surface-partition right-foot-shell
2026-09-23T06:35:40+0900/hunyuan-rig/before-socket right-foot-shell: 1826
2026-09-23T06:35:40+0900/hunyuan-rig/after-socket right-foot-shell: 2040
2026-09-23T06:35:41+0900/hunyuan-rig/weights 구체는 단일 본, 외곽 연결부는 최대 두 본 혼합
2026-09-23T06:35:41+0900/hunyuan-rig/retarget-calibration {'joint-03': -13.383407631329897, 'joint-06': 21.32680780392674, 'joint-09': 34.31701910947553, 'joint-12': -47.75663822168655, 'joint-15': 5.472132353100661}
2026-09-23T06:35:41+0900/hunyuan-rig/rigid-socket-lock 고관절·쇄골 보조 본 고정 및 보행 골반 회전 적용
Info: Saved as "rigged-mannequin.blend"
INFO Draco mesh compression is available, use library at /home/cbsim/ws/slime-workflow/.local/blender-runtime/lib/python3.11/site-packages/bpy/4.5/scripts/addons_core/io_scene_gltf2/libextern_draco.so
06:35:41 | INFO: Starting glTF 2.0 export
06:35:41 | INFO: Extracting primitive: abdomen-shell-part-mesh
06:35:41 | INFO: Primitives created: 1
06:35:41 | INFO: Extracting primitive: Sphere.007
06:35:41 | INFO: Primitives created: 1
06:35:41 | WARNING: Mesh chest-shell-part-mesh is not valid, and may be exported wrongly
06:35:41 | INFO: Extracting primitive: chest-shell-part-mesh
06:35:41 | INFO: Primitives created: 1
06:35:41 | INFO: Extracting primitive: Sphere.005
06:35:41 | INFO: Primitives created: 1
06:35:41 | INFO: Extracting primitive: head-shell-part-mesh
06:35:41 | INFO: Primitives created: 1
06:35:41 | INFO: Extracting primitive: Sphere.023
06:35:41 | INFO: Primitives created: 1
06:35:41 | INFO: Extracting primitive: Sphere.019
06:35:41 | INFO: Primitives created: 1
06:35:41 | INFO: Extracting primitive: left-foot-shell-mesh
06:35:41 | INFO: Primitives created: 1
06:35:41 | WARNING: Mesh left-forearm-shell-mesh is not valid, and may be exported wrongly
06:35:41 | INFO: Extracting primitive: left-forearm-shell-mesh
06:35:41 | INFO: Primitives created: 1
06:35:41 | INFO: Extracting primitive: left-hand-shell-mesh
06:35:41 | INFO: Primitives created: 1
06:35:41 | INFO: Extracting primitive: Sphere.021
06:35:41 | INFO: Primitives created: 1
06:35:41 | INFO: Extracting primitive: Sphere.022
06:35:41 | INFO: Primitives created: 1
06:35:41 | INFO: Extracting primitive: left-shin-shell-mesh
06:35:41 | INFO: Primitives created: 1
06:35:41 | INFO: Extracting primitive: Sphere.018
06:35:41 | INFO: Primitives created: 1
06:35:41 | INFO: Extracting primitive: left-thigh-shell-mesh
06:35:41 | INFO: Primitives created: 1
06:35:41 | INFO: Extracting primitive: left-upper-arm-shell-mesh
06:35:42 | INFO: Primitives created: 1
06:35:42 | INFO: Extracting primitive: Sphere.020
06:35:42 | INFO: Primitives created: 1
06:35:42 | INFO: Extracting primitive: neck-shell-part-mesh
06:35:42 | INFO: Primitives created: 1
06:35:42 | WARNING: Mesh pelvis-shell-part-mesh is not valid, and may be exported wrongly
06:35:42 | INFO: Extracting primitive: pelvis-shell-part-mesh
06:35:42 | INFO: Primitives created: 1
06:35:42 | INFO: Extracting primitive: Sphere.039
06:35:42 | INFO: Primitives created: 1
06:35:42 | INFO: Extracting primitive: Sphere.035
06:35:42 | INFO: Primitives created: 1
06:35:42 | INFO: Extracting primitive: right-foot-shell-mesh
06:35:42 | INFO: Primitives created: 1
06:35:42 | WARNING: Mesh right-forearm-shell-mesh is not valid, and may be exported wrongly
06:35:42 | INFO: Extracting primitive: right-forearm-shell-mesh
06:35:42 | INFO: Primitives created: 1
06:35:42 | INFO: Extracting primitive: right-hand-shell-mesh
06:35:42 | INFO: Primitives created: 1
06:35:42 | INFO: Extracting primitive: Sphere.037
06:35:42 | INFO: Primitives created: 1
06:35:42 | INFO: Extracting primitive: Sphere.038
06:35:42 | INFO: Primitives created: 1
06:35:42 | WARNING: Mesh right-shin-shell-mesh is not valid, and may be exported wrongly
06:35:42 | INFO: Extracting primitive: right-shin-shell-mesh
06:35:42 | INFO: Primitives created: 1
06:35:42 | INFO: Extracting primitive: Sphere.034
06:35:42 | INFO: Primitives created: 1
06:35:42 | WARNING: Mesh right-thigh-shell-mesh is not valid, and may be exported wrongly
06:35:42 | INFO: Extracting primitive: right-thigh-shell-mesh
06:35:42 | INFO: Primitives created: 1
06:35:42 | INFO: Extracting primitive: right-upper-arm-shell-mesh
06:35:42 | INFO: Primitives created: 1
06:35:42 | INFO: Extracting primitive: Sphere.036
06:35:42 | INFO: Primitives created: 1
06:35:42 | INFO: Extracting primitive: Sphere.006
06:35:42 | INFO: Primitives created: 1
06:35:42 | INFO: Finished glTF 2.0 export in 0.17355060577392578 s
Read blend: "/home/cbsim/ws/slime-workflow/.tmp/2026-09-23_01-02-22/model-review/mannequin.blend"
Fra:1 Mem:27.74M (Peak 27.74M) | Time:00:00.09 | Mem:0.00M, Peak:0.00M | Scene, ViewLayer | Synchronizing object | fill
Fra:1 Mem:27.74M (Peak 27.74M) | Time:00:00.09 | Mem:0.00M, Peak:0.00M | Scene, ViewLayer | Synchronizing object | head-shell-part
Fra:1 Mem:27.74M (Peak 27.74M) | Time:00:00.09 | Mem:0.00M, Peak:0.00M | Scene, ViewLayer | Synchronizing object | abdomen-shell-part
Fra:1 Mem:27.75M (Peak 27.75M) | Time:00:00.09 | Mem:0.00M, Peak:0.00M | Scene, ViewLayer | Synchronizing object | head-pivot-ball
Fra:1 Mem:27.77M (Peak 27.77M) | Time:00:00.09 | Mem:0.00M, Peak:0.00M | Scene, ViewLayer | Synchronizing object | waist-internal-core
Fra:1 Mem:29.78M (Peak 29.78M) | Time:00:00.09 | Mem:0.00M, Peak:0.00M | Scene, ViewLayer | Synchronizing object | chest-internal-core
Fra:1 Mem:29.85M (Peak 29.85M) | Time:00:00.09 | Mem:0.00M, Peak:0.00M | Scene, ViewLayer | Synchronizing object | left-forearm-shell
Fra:1 Mem:29.90M (Peak 29.90M) | Time:00:00.09 | Mem:0.00M, Peak:0.00M | Scene, ViewLayer | Synchronizing object | right-knee-ball
Fra:1 Mem:29.96M (Peak 29.96M) | Time:00:00.09 | Mem:0.00M, Peak:0.00M | Scene, ViewLayer | Synchronizing object | left-elbow-ball
Fra:1 Mem:29.96M (Peak 29.96M) | Time:00:00.09 | Mem:0.00M, Peak:0.00M | Scene, ViewLayer | Synchronizing object | left-wrist-ball
Fra:1 Mem:30.00M (Peak 30.00M) | Time:00:00.09 | Mem:0.00M, Peak:0.00M | Scene, ViewLayer | Synchronizing object | left-hip-ball
Fra:1 Mem:30.08M (Peak 30.08M) | Time:00:00.09 | Mem:0.00M, Peak:0.00M | Scene, ViewLayer | Synchronizing object | left-knee-ball
Fra:1 Mem:30.09M (Peak 30.09M) | Time:00:00.09 | Mem:0.00M, Peak:0.00M | Scene, ViewLayer | Synchronizing object | right-upper-arm-shell
Fra:1 Mem:30.14M (Peak 30.14M) | Time:00:00.09 | Mem:0.00M, Peak:0.00M | Scene, ViewLayer | Synchronizing object | right-forearm-shell
Fra:1 Mem:30.16M (Peak 30.16M) | Time:00:00.09 | Mem:0.00M, Peak:0.00M | Scene, ViewLayer | Synchronizing object | right-hand-shell
Fra:1 Mem:30.20M (Peak 30.20M) | Time:00:00.09 | Mem:0.00M, Peak:0.00M | Scene, ViewLayer | Synchronizing object | right-shoulder-ball
Fra:1 Mem:30.25M (Peak 30.25M) | Time:00:00.09 | Mem:0.00M, Peak:0.00M | Scene, ViewLayer | Synchronizing object | right-elbow-ball
Fra:1 Mem:31.13M (Peak 31.13M) | Time:00:00.09 | Mem:0.00M, Peak:0.00M | Scene, ViewLayer | Synchronizing object | right-wrist-ball
Fra:1 Mem:33.34M (Peak 33.34M) | Time:00:00.10 | Mem:0.00M, Peak:0.00M | Scene, ViewLayer | Initializing
Fra:1 Mem:30.37M (Peak 33.34M) | Time:00:00.10 | Mem:0.00M, Peak:0.00M | Scene, ViewLayer | Waiting for render to start
Fra:1 Mem:30.37M (Peak 33.34M) | Time:00:00.10 | Mem:0.00M, Peak:0.00M | Scene, ViewLayer | Updating Scene
Fra:1 Mem:30.37M (Peak 33.34M) | Time:00:00.10 | Mem:0.00M, Peak:0.00M | Scene, ViewLayer | Updating Shaders
Fra:1 Mem:30.37M (Peak 33.34M) | Time:00:00.10 | Mem:0.00M, Peak:0.00M | Scene, ViewLayer | Loading render kernels (may take a few minutes the first time)
Fra:1 Mem:30.45M (Peak 58.48M) | Time:00:00.16 | Mem:0.00M, Peak:0.00M | Scene, ViewLayer | Updating Procedurals
Fra:1 Mem:30.45M (Peak 58.48M) | Time:00:00.16 | Mem:0.00M, Peak:0.00M | Scene, ViewLayer | Updating Background
Fra:1 Mem:30.45M (Peak 58.48M) | Time:00:00.16 | Mem:0.00M, Peak:0.00M | Scene, ViewLayer | Updating Camera
Fra:1 Mem:30.45M (Peak 58.48M) | Time:00:00.16 | Mem:0.00M, Peak:0.00M | Scene, ViewLayer | Updating Meshes Flags
Fra:1 Mem:30.45M (Peak 58.48M) | Time:00:00.16 | Mem:0.00M, Peak:0.00M | Scene, ViewLayer | Updating Objects
Fra:1 Mem:30.45M (Peak 58.48M) | Time:00:00.16 | Mem:0.00M, Peak:0.00M | Scene, ViewLayer | Updating Objects | Copying Transformations to device
Fra:1 Mem:30.46M (Peak 58.48M) | Time:00:00.16 | Mem:0.01M, Peak:0.01M | Scene, ViewLayer | Updating Particle Systems
Fra:1 Mem:30.46M (Peak 58.48M) | Time:00:00.16 | Mem:0.01M, Peak:0.01M | Scene, ViewLayer | Updating Particle Systems | Copying Particles to device
Fra:1 Mem:30.46M (Peak 58.48M) | Time:00:00.16 | Mem:0.01M, Peak:0.01M | Scene, ViewLayer | Updating Meshes
Fra:1 Mem:30.46M (Peak 58.48M) | Time:00:00.16 | Mem:0.01M, Peak:0.01M | Scene, ViewLayer | Updating Objects | Applying Static Transformations
Fra:1 Mem:30.46M (Peak 58.48M) | Time:00:00.16 | Mem:0.01M, Peak:0.01M | Scene, ViewLayer | Updating Mesh | Computing attributes
Fra:1 Mem:30.86M (Peak 58.48M) | Time:00:00.16 | Mem:0.01M, Peak:0.01M | Scene, ViewLayer | Updating Mesh | Copying Attributes to device
Fra:1 Mem:30.86M (Peak 58.48M) | Time:00:00.16 | Mem:0.41M, Peak:0.41M | Scene, ViewLayer | Updating Scene BVH | Building
Fra:1 Mem:30.86M (Peak 58.48M) | Time:00:00.16 | Mem:0.41M, Peak:0.41M | Scene, ViewLayer | Updating Scene BVH | Building BVH
Fra:1 Mem:34.23M (Peak 58.48M) | Time:00:00.16 | Mem:0.41M, Peak:0.41M | Scene, ViewLayer | Updating Scene BVH | Packing BVH triangles and strands
Fra:1 Mem:34.46M (Peak 58.48M) | Time:00:00.16 | Mem:0.41M, Peak:0.41M | Scene, ViewLayer | Updating Scene BVH | Packing BVH nodes
Fra:1 Mem:34.39M (Peak 58.48M) | Time:00:00.17 | Mem:0.41M, Peak:0.41M | Scene, ViewLayer | Updating Scene BVH | Copying BVH to device
Fra:1 Mem:34.39M (Peak 58.48M) | Time:00:00.17 | Mem:2.17M, Peak:2.17M | Scene, ViewLayer | Updating Mesh | Computing normals
Fra:1 Mem:36.08M (Peak 58.48M) | Time:00:00.17 | Mem:2.17M, Peak:2.17M | Scene, ViewLayer | Updating Mesh | Copying Mesh to device
Fra:1 Mem:36.08M (Peak 58.48M) | Time:00:00.17 | Mem:3.86M, Peak:3.86M | Scene, ViewLayer | Updating Objects Flags
Fra:1 Mem:36.08M (Peak 58.48M) | Time:00:00.17 | Mem:3.87M, Peak:3.87M | Scene, ViewLayer | Updating Primitive Offsets
Fra:1 Mem:36.08M (Peak 58.48M) | Time:00:00.17 | Mem:3.87M, Peak:3.87M | Scene, ViewLayer | Updating Images
Fra:1 Mem:36.08M (Peak 58.48M) | Time:00:00.17 | Mem:3.87M, Peak:3.87M | Scene, ViewLayer | Updating Camera Volume
Fra:1 Mem:36.08M (Peak 58.48M) | Time:00:00.17 | Mem:3.87M, Peak:3.87M | Scene, ViewLayer | Updating Lookup Tables
Fra:1 Mem:36.08M (Peak 58.48M) | Time:00:00.17 | Mem:3.95M, Peak:3.95M | Scene, ViewLayer | Updating Lights
Fra:1 Mem:36.08M (Peak 58.48M) | Time:00:00.17 | Mem:3.95M, Peak:3.95M | Scene, ViewLayer | Updating Lights | Computing tree
Fra:1 Mem:36.08M (Peak 58.48M) | Time:00:00.17 | Mem:3.95M, Peak:3.95M | Scene, ViewLayer | Updating Integrator
Fra:1 Mem:36.08M (Peak 58.48M) | Time:00:00.17 | Mem:3.95M, Peak:3.95M | Scene, ViewLayer | Updating Film
Fra:1 Mem:36.09M (Peak 58.48M) | Time:00:00.17 | Mem:3.87M, Peak:3.95M | Scene, ViewLayer | Updating Lookup Tables
Fra:1 Mem:36.09M (Peak 58.48M) | Time:00:00.17 | Mem:3.95M, Peak:3.95M | Scene, ViewLayer | Updating Baking
Fra:1 Mem:36.09M (Peak 58.48M) | Time:00:00.17 | Mem:3.95M, Peak:3.95M | Scene, ViewLayer | Updating Device | Writing constant memory
Fra:1 Mem:36.09M (Peak 58.48M) | Time:00:00.17 | Mem:3.95M, Peak:3.95M | Scene, ViewLayer | Loading denoising kernels (may take a few minutes the first time)
Fra:1 Mem:40.09M (Peak 58.48M) | Time:00:00.17 | Mem:355.95M, Peak:355.95M | Scene, ViewLayer | Sample 0/24
Fra:1 Mem:82.85M (Peak 82.85M) | Time:00:00.18 | Remaining:00:00.13 | Mem:398.70M, Peak:398.70M | Scene, ViewLayer | Sample 1/24

2026-09-23T06:35:43+0900/hunyuan-rig/heartbeat {'stage': 'rest-front', 'frame': 25} images=45
Fra:1 Mem:100.85M (Peak 127.85M) | Time:00:01.62 | Mem:398.71M, Peak:398.71M | Scene, ViewLayer | Sample 24/24
Fra:1 Mem:100.85M (Peak 127.85M) | Time:00:01.62 | Mem:398.71M, Peak:398.71M | Scene, ViewLayer | Finished
Saved: '/home/cbsim/ws/slime-workflow/.tmp/2026-09-23_06-25-15/rest-front.png'
Time: 00:01.78 (Saving: 00:00.06)

Fra:1 Mem:30.41M (Peak 30.41M) | Time:00:00.07 | Mem:0.00M, Peak:0.00M | Scene, ViewLayer | Synchronizing object | key
Fra:1 Mem:30.41M (Peak 30.41M) | Time:00:00.07 | Mem:0.00M, Peak:0.00M | Scene, ViewLayer | Synchronizing object | pelvis-shell-part
Fra:1 Mem:30.42M (Peak 30.42M) | Time:00:00.07 | Mem:0.00M, Peak:0.00M | Scene, ViewLayer | Synchronizing object | chest-internal-core
Fra:1 Mem:30.42M (Peak 30.42M) | Time:00:00.07 | Mem:0.00M, Peak:0.00M | Scene, ViewLayer | Synchronizing object | left-thigh-shell
Fra:1 Mem:30.42M (Peak 30.42M) | Time:00:00.07 | Mem:0.00M, Peak:0.00M | Scene, ViewLayer | Synchronizing object | left-shoulder-ball
Fra:1 Mem:30.43M (Peak 30.43M) | Time:00:00.07 | Mem:0.00M, Peak:0.00M | Scene, ViewLayer | Synchronizing object | right-ankle-ball
Fra:1 Mem:30.58M (Peak 30.58M) | Time:00:00.07 | Mem:0.00M, Peak:0.00M | Scene, ViewLayer | Synchronizing object | right-knee-ball
Fra:1 Mem:30.62M (Peak 30.62M) | Time:00:00.07 | Mem:0.00M, Peak:0.00M | Scene, ViewLayer | Synchronizing object | right-forearm-shell
Fra:1 Mem:30.72M (Peak 30.72M) | Time:00:00.07 | Mem:0.00M, Peak:0.00M | Scene, ViewLayer | Synchronizing object | right-hand-shell
Fra:1 Mem:30.76M (Peak 30.76M) | Time:00:00.07 | Mem:0.00M, Peak:0.00M | Scene, ViewLayer | Synchronizing object | right-hip-ball
Fra:1 Mem:30.77M (Peak 30.77M) | Time:00:00.07 | Mem:0.00M, Peak:0.00M | Scene, ViewLayer | Synchronizing object | right-shin-shell
Fra:1 Mem:31.06M (Peak 31.06M) | Time:00:00.07 | Mem:0.00M, Peak:0.00M | Scene, ViewLayer | Synchronizing object | right-foot-shell
Fra:1 Mem:31.59M (Peak 31.59M) | Time:00:00.07 | Mem:0.00M, Peak:0.00M | Scene, ViewLayer | Synchronizing object | right-shoulder-ball
Fra:1 Mem:31.71M (Peak 31.71M) | Time:00:00.07 | Mem:0.00M, Peak:0.00M | Scene, ViewLayer | Synchronizing object | right-elbow-ball
Fra:1 Mem:31.93M (Peak 31.93M) | Time:00:00.07 | Mem:0.00M, Peak:0.00M | Scene, ViewLayer | Synchronizing object | right-wrist-ball
Fra:1 Mem:33.34M (Peak 33.34M) | Time:00:00.08 | Mem:0.00M, Peak:0.00M | Scene, ViewLayer | Initializing
Fra:1 Mem:30.37M (Peak 33.34M) | Time:00:00.08 | Mem:0.00M, Peak:0.00M | Scene, ViewLayer | Waiting for render to start
Fra:1 Mem:30.37M (Peak 33.34M) | Time:00:00.08 | Mem:0.00M, Peak:0.00M | Scene, ViewLayer | Updating Scene
Fra:1 Mem:30.37M (Peak 33.34M) | Time:00:00.08 | Mem:0.00M, Peak:0.00M | Scene, ViewLayer | Updating Shaders
Fra:1 Mem:30.37M (Peak 33.34M) | Time:00:00.08 | Mem:0.00M, Peak:0.00M | Scene, ViewLayer | Loading render kernels (may take a few minutes the first time)
Fra:1 Mem:30.45M (Peak 58.48M) | Time:00:00.12 | Mem:0.00M, Peak:0.00M | Scene, ViewLayer | Updating Procedurals
Fra:1 Mem:30.45M (Peak 58.48M) | Time:00:00.12 | Mem:0.00M, Peak:0.00M | Scene, ViewLayer | Updating Background
Fra:1 Mem:30.45M (Peak 58.48M) | Time:00:00.12 | Mem:0.00M, Peak:0.00M | Scene, ViewLayer | Updating Camera
Fra:1 Mem:30.45M (Peak 58.48M) | Time:00:00.12 | Mem:0.00M, Peak:0.00M | Scene, ViewLayer | Updating Meshes Flags
Fra:1 Mem:30.45M (Peak 58.48M) | Time:00:00.12 | Mem:0.00M, Peak:0.00M | Scene, ViewLayer | Updating Objects
Fra:1 Mem:30.45M (Peak 58.48M) | Time:00:00.12 | Mem:0.00M, Peak:0.00M | Scene, ViewLayer | Updating Objects | Copying Transformations to device
Fra:1 Mem:30.46M (Peak 58.48M) | Time:00:00.12 | Mem:0.01M, Peak:0.01M | Scene, ViewLayer | Updating Particle Systems
Fra:1 Mem:30.46M (Peak 58.48M) | Time:00:00.12 | Mem:0.01M, Peak:0.01M | Scene, ViewLayer | Updating Particle Systems | Copying Particles to device
Fra:1 Mem:30.46M (Peak 58.48M) | Time:00:00.12 | Mem:0.01M, Peak:0.01M | Scene, ViewLayer | Updating Meshes
Fra:1 Mem:30.46M (Peak 58.48M) | Time:00:00.12 | Mem:0.01M, Peak:0.01M | Scene, ViewLayer | Updating Objects | Applying Static Transformations
Fra:1 Mem:30.46M (Peak 58.48M) | Time:00:00.12 | Mem:0.01M, Peak:0.01M | Scene, ViewLayer | Updating Mesh | Computing attributes
Fra:1 Mem:30.86M (Peak 58.48M) | Time:00:00.12 | Mem:0.01M, Peak:0.01M | Scene, ViewLayer | Updating Mesh | Copying Attributes to device
Fra:1 Mem:30.86M (Peak 58.48M) | Time:00:00.12 | Mem:0.41M, Peak:0.41M | Scene, ViewLayer | Updating Scene BVH | Building
Fra:1 Mem:30.86M (Peak 58.48M) | Time:00:00.12 | Mem:0.41M, Peak:0.41M | Scene, ViewLayer | Updating Scene BVH | Building BVH
Fra:1 Mem:34.23M (Peak 58.48M) | Time:00:00.13 | Mem:0.41M, Peak:0.41M | Scene, ViewLayer | Updating Scene BVH | Packing BVH triangles and strands
Fra:1 Mem:34.46M (Peak 58.48M) | Time:00:00.13 | Mem:0.41M, Peak:0.41M | Scene, ViewLayer | Updating Scene BVH | Packing BVH nodes
Fra:1 Mem:34.39M (Peak 58.48M) | Time:00:00.13 | Mem:0.41M, Peak:0.41M | Scene, ViewLayer | Updating Scene BVH | Copying BVH to device
Fra:1 Mem:34.39M (Peak 58.48M) | Time:00:00.13 | Mem:2.17M, Peak:2.17M | Scene, ViewLayer | Updating Mesh | Computing normals
Fra:1 Mem:36.08M (Peak 58.48M) | Time:00:00.13 | Mem:2.17M, Peak:2.17M | Scene, ViewLayer | Updating Mesh | Copying Mesh to device
Fra:1 Mem:36.08M (Peak 58.48M) | Time:00:00.13 | Mem:3.86M, Peak:3.86M | Scene, ViewLayer | Updating Objects Flags
Fra:1 Mem:36.08M (Peak 58.48M) | Time:00:00.13 | Mem:3.87M, Peak:3.87M | Scene, ViewLayer | Updating Primitive Offsets
Fra:1 Mem:36.08M (Peak 58.48M) | Time:00:00.13 | Mem:3.87M, Peak:3.87M | Scene, ViewLayer | Updating Images
Fra:1 Mem:36.08M (Peak 58.48M) | Time:00:00.13 | Mem:3.87M, Peak:3.87M | Scene, ViewLayer | Updating Camera Volume
Fra:1 Mem:36.08M (Peak 58.48M) | Time:00:00.13 | Mem:3.87M, Peak:3.87M | Scene, ViewLayer | Updating Lookup Tables
Fra:1 Mem:36.08M (Peak 58.48M) | Time:00:00.13 | Mem:3.95M, Peak:3.95M | Scene, ViewLayer | Updating Lights
Fra:1 Mem:36.08M (Peak 58.48M) | Time:00:00.13 | Mem:3.95M, Peak:3.95M | Scene, ViewLayer | Updating Lights | Computing tree
Fra:1 Mem:36.08M (Peak 58.48M) | Time:00:00.13 | Mem:3.95M, Peak:3.95M | Scene, ViewLayer | Updating Integrator
Fra:1 Mem:36.08M (Peak 58.48M) | Time:00:00.13 | Mem:3.95M, Peak:3.95M | Scene, ViewLayer | Updating Film
Fra:1 Mem:36.09M (Peak 58.48M) | Time:00:00.13 | Mem:3.87M, Peak:3.95M | Scene, ViewLayer | Updating Lookup Tables
Fra:1 Mem:36.09M (Peak 58.48M) | Time:00:00.13 | Mem:3.95M, Peak:3.95M | Scene, ViewLayer | Updating Baking
Fra:1 Mem:36.09M (Peak 58.48M) | Time:00:00.13 | Mem:3.95M, Peak:3.95M | Scene, ViewLayer | Updating Device | Writing constant memory
Fra:1 Mem:36.09M (Peak 58.48M) | Time:00:00.13 | Mem:3.95M, Peak:3.95M | Scene, ViewLayer | Loading denoising kernels (may take a few minutes the first time)
Fra:1 Mem:40.09M (Peak 58.48M) | Time:00:00.14 | Mem:355.95M, Peak:355.95M | Scene, ViewLayer | Sample 0/24
Fra:1 Mem:82.85M (Peak 82.85M) | Time:00:00.14 | Remaining:00:00.11 | Mem:398.70M, Peak:398.70M | Scene, ViewLayer | Sample 1/24
Fra:1 Mem:100.85M (Peak 127.85M) | Time:00:01.59 | Mem:398.71M, Peak:398.71M | Scene, ViewLayer | Sample 24/24
Fra:1 Mem:100.85M (Peak 127.85M) | Time:00:01.59 | Mem:398.71M, Peak:398.71M | Scene, ViewLayer | Finished
Saved: '/home/cbsim/ws/slime-workflow/.tmp/2026-09-23_06-25-15/rest-side.png'
Time: 00:01.72 (Saving: 00:00.03)

Fra:1 Mem:30.42M (Peak 30.42M) | Time:00:00.08 | Mem:0.00M, Peak:0.00M | Scene, ViewLayer | Synchronizing object | key
Fra:1 Mem:30.42M (Peak 30.42M) | Time:00:00.08 | Mem:0.00M, Peak:0.00M | Scene, ViewLayer | Synchronizing object | head-shell-part
Fra:1 Mem:30.42M (Peak 30.42M) | Time:00:00.08 | Mem:0.00M, Peak:0.00M | Scene, ViewLayer | Synchronizing object | neck-shell-part
Fra:1 Mem:30.45M (Peak 30.45M) | Time:00:00.08 | Mem:0.00M, Peak:0.00M | Scene, ViewLayer | Synchronizing object | chest-shell-part
Fra:1 Mem:30.48M (Peak 30.48M) | Time:00:00.08 | Mem:0.00M, Peak:0.00M | Scene, ViewLayer | Synchronizing object | waist-internal-core
Fra:1 Mem:30.51M (Peak 30.51M) | Time:00:00.08 | Mem:0.00M, Peak:0.00M | Scene, ViewLayer | Synchronizing object | right-knee-ball
Fra:1 Mem:30.57M (Peak 30.57M) | Time:00:00.08 | Mem:0.00M, Peak:0.00M | Scene, ViewLayer | Synchronizing object | chest-internal-core
Fra:1 Mem:30.63M (Peak 30.63M) | Time:00:00.08 | Mem:0.00M, Peak:0.00M | Scene, ViewLayer | Synchronizing object | left-upper-arm-shell
Fra:1 Mem:30.76M (Peak 30.76M) | Time:00:00.08 | Mem:0.00M, Peak:0.00M | Scene, ViewLayer | Synchronizing object | left-hand-shell
Fra:1 Mem:30.78M (Peak 30.78M) | Time:00:00.08 | Mem:0.00M, Peak:0.00M | Scene, ViewLayer | Synchronizing object | left-elbow-ball
Fra:1 Mem:30.84M (Peak 30.84M) | Time:00:00.08 | Mem:0.00M, Peak:0.00M | Scene, ViewLayer | Synchronizing object | left-wrist-ball
Fra:1 Mem:30.86M (Peak 30.86M) | Time:00:00.08 | Mem:0.00M, Peak:0.00M | Scene, ViewLayer | Synchronizing object | right-upper-arm-shell
Fra:1 Mem:31.00M (Peak 31.00M) | Time:00:00.08 | Mem:0.00M, Peak:0.00M | Scene, ViewLayer | Synchronizing object | right-forearm-shell
Fra:1 Mem:31.09M (Peak 31.09M) | Time:00:00.08 | Mem:0.00M, Peak:0.00M | Scene, ViewLayer | Synchronizing object | right-foot-shell
Fra:1 Mem:31.28M (Peak 31.28M) | Time:00:00.08 | Mem:0.00M, Peak:0.00M | Scene, ViewLayer | Synchronizing object | right-shoulder-ball
Fra:1 Mem:31.37M (Peak 31.37M) | Time:00:00.08 | Mem:0.00M, Peak:0.00M | Scene, ViewLayer | Synchronizing object | right-elbow-ball
Fra:1 Mem:33.34M (Peak 33.34M) | Time:00:00.08 | Mem:0.00M, Peak:0.00M | Scene, ViewLayer | Initializing
Fra:1 Mem:30.37M (Peak 33.34M) | Time:00:00.08 | Mem:0.00M, Peak:0.00M | Scene, ViewLayer | Waiting for render to start
Fra:1 Mem:30.37M (Peak 33.34M) | Time:00:00.08 | Mem:0.00M, Peak:0.00M | Scene, ViewLayer | Updating Scene
Fra:1 Mem:30.37M (Peak 33.34M) | Time:00:00.08 | Mem:0.00M, Peak:0.00M | Scene, ViewLayer | Updating Shaders
Fra:1 Mem:30.37M (Peak 33.34M) | Time:00:00.08 | Mem:0.00M, Peak:0.00M | Scene, ViewLayer | Loading render kernels (may take a few minutes the first time)
Fra:1 Mem:30.45M (Peak 58.48M) | Time:00:00.12 | Mem:0.00M, Peak:0.00M | Scene, ViewLayer | Updating Procedurals
Fra:1 Mem:30.45M (Peak 58.48M) | Time:00:00.12 | Mem:0.00M, Peak:0.00M | Scene, ViewLayer | Updating Background
Fra:1 Mem:30.45M (Peak 58.48M) | Time:00:00.12 | Mem:0.00M, Peak:0.00M | Scene, ViewLayer | Updating Camera
Fra:1 Mem:30.45M (Peak 58.48M) | Time:00:00.12 | Mem:0.00M, Peak:0.00M | Scene, ViewLayer | Updating Meshes Flags
Fra:1 Mem:30.45M (Peak 58.48M) | Time:00:00.12 | Mem:0.00M, Peak:0.00M | Scene, ViewLayer | Updating Objects
Fra:1 Mem:30.45M (Peak 58.48M) | Time:00:00.12 | Mem:0.00M, Peak:0.00M | Scene, ViewLayer | Updating Objects | Copying Transformations to device
Fra:1 Mem:30.46M (Peak 58.48M) | Time:00:00.12 | Mem:0.01M, Peak:0.01M | Scene, ViewLayer | Updating Particle Systems
Fra:1 Mem:30.46M (Peak 58.48M) | Time:00:00.12 | Mem:0.01M, Peak:0.01M | Scene, ViewLayer | Updating Particle Systems | Copying Particles to device
Fra:1 Mem:30.46M (Peak 58.48M) | Time:00:00.12 | Mem:0.01M, Peak:0.01M | Scene, ViewLayer | Updating Meshes
Fra:1 Mem:30.46M (Peak 58.48M) | Time:00:00.12 | Mem:0.01M, Peak:0.01M | Scene, ViewLayer | Updating Objects | Applying Static Transformations
Fra:1 Mem:30.46M (Peak 58.48M) | Time:00:00.12 | Mem:0.01M, Peak:0.01M | Scene, ViewLayer | Updating Mesh | Computing attributes
Fra:1 Mem:30.86M (Peak 58.48M) | Time:00:00.12 | Mem:0.01M, Peak:0.01M | Scene, ViewLayer | Updating Mesh | Copying Attributes to device
Fra:1 Mem:30.86M (Peak 58.48M) | Time:00:00.12 | Mem:0.41M, Peak:0.41M | Scene, ViewLayer | Updating Scene BVH | Building
Fra:1 Mem:30.86M (Peak 58.48M) | Time:00:00.12 | Mem:0.41M, Peak:0.41M | Scene, ViewLayer | Updating Scene BVH | Building BVH
Fra:1 Mem:34.23M (Peak 58.48M) | Time:00:00.13 | Mem:0.41M, Peak:0.41M | Scene, ViewLayer | Updating Scene BVH | Packing BVH triangles and strands
Fra:1 Mem:34.46M (Peak 58.48M) | Time:00:00.13 | Mem:0.41M, Peak:0.41M | Scene, ViewLayer | Updating Scene BVH | Packing BVH nodes
Fra:1 Mem:34.39M (Peak 58.48M) | Time:00:00.13 | Mem:0.41M, Peak:0.41M | Scene, ViewLayer | Updating Scene BVH | Copying BVH to device
Fra:1 Mem:34.39M (Peak 58.48M) | Time:00:00.13 | Mem:2.17M, Peak:2.17M | Scene, ViewLayer | Updating Mesh | Computing normals
Fra:1 Mem:36.08M (Peak 58.48M) | Time:00:00.13 | Mem:2.17M, Peak:2.17M | Scene, ViewLayer | Updating Mesh | Copying Mesh to device
Fra:1 Mem:36.08M (Peak 58.48M) | Time:00:00.13 | Mem:3.86M, Peak:3.86M | Scene, ViewLayer | Updating Objects Flags
Fra:1 Mem:36.08M (Peak 58.48M) | Time:00:00.13 | Mem:3.87M, Peak:3.87M | Scene, ViewLayer | Updating Primitive Offsets
Fra:1 Mem:36.08M (Peak 58.48M) | Time:00:00.13 | Mem:3.87M, Peak:3.87M | Scene, ViewLayer | Updating Images
Fra:1 Mem:36.08M (Peak 58.48M) | Time:00:00.13 | Mem:3.87M, Peak:3.87M | Scene, ViewLayer | Updating Camera Volume
Fra:1 Mem:36.08M (Peak 58.48M) | Time:00:00.13 | Mem:3.87M, Peak:3.87M | Scene, ViewLayer | Updating Lookup Tables
Fra:1 Mem:36.08M (Peak 58.48M) | Time:00:00.13 | Mem:3.95M, Peak:3.95M | Scene, ViewLayer | Updating Lights
Fra:1 Mem:36.08M (Peak 58.48M) | Time:00:00.13 | Mem:3.95M, Peak:3.95M | Scene, ViewLayer | Updating Lights | Computing tree
Fra:1 Mem:36.08M (Peak 58.48M) | Time:00:00.13 | Mem:3.95M, Peak:3.95M | Scene, ViewLayer | Updating Integrator
Fra:1 Mem:36.08M (Peak 58.48M) | Time:00:00.13 | Mem:3.95M, Peak:3.95M | Scene, ViewLayer | Updating Film
Fra:1 Mem:36.09M (Peak 58.48M) | Time:00:00.13 | Mem:3.87M, Peak:3.95M | Scene, ViewLayer | Updating Lookup Tables
Fra:1 Mem:36.09M (Peak 58.48M) | Time:00:00.13 | Mem:3.95M, Peak:3.95M | Scene, ViewLayer | Updating Baking
Fra:1 Mem:36.09M (Peak 58.48M) | Time:00:00.13 | Mem:3.95M, Peak:3.95M | Scene, ViewLayer | Updating Device | Writing constant memory
Fra:1 Mem:36.09M (Peak 58.48M) | Time:00:00.13 | Mem:3.95M, Peak:3.95M | Scene, ViewLayer | Loading denoising kernels (may take a few minutes the first time)
Fra:1 Mem:40.09M (Peak 58.48M) | Time:00:00.14 | Mem:355.95M, Peak:355.95M | Scene, ViewLayer | Sample 0/24
Fra:1 Mem:82.85M (Peak 82.85M) | Time:00:00.14 | Remaining:00:00.13 | Mem:398.70M, Peak:398.70M | Scene, ViewLayer | Sample 1/24
Fra:1 Mem:100.85M (Peak 127.85M) | Time:00:01.57 | Mem:398.71M, Peak:398.71M | Scene, ViewLayer | Sample 24/24
Fra:1 Mem:100.85M (Peak 127.85M) | Time:00:01.57 | Mem:398.71M, Peak:398.71M | Scene, ViewLayer | Finished
Saved: '/home/cbsim/ws/slime-workflow/.tmp/2026-09-23_06-25-15/rest-back.png'
Time: 00:01.69 (Saving: 00:00.03)

Fra:1 Mem:30.42M (Peak 30.42M) | Time:00:00.08 | Mem:0.00M, Peak:0.00M | Scene, ViewLayer | Synchronizing object | key
Fra:1 Mem:30.42M (Peak 30.42M) | Time:00:00.08 | Mem:0.00M, Peak:0.00M | Scene, ViewLayer | Synchronizing object | head-shell-part
Fra:1 Mem:30.42M (Peak 30.42M) | Time:00:00.08 | Mem:0.00M, Peak:0.00M | Scene, ViewLayer | Synchronizing object | neck-shell-part
Fra:1 Mem:30.43M (Peak 30.43M) | Time:00:00.08 | Mem:0.00M, Peak:0.00M | Scene, ViewLayer | Synchronizing object | pelvis-shell-part
Fra:1 Mem:30.51M (Peak 30.51M) | Time:00:00.08 | Mem:0.00M, Peak:0.00M | Scene, ViewLayer | Synchronizing object | head-pivot-ball
Fra:1 Mem:30.52M (Peak 30.52M) | Time:00:00.08 | Mem:0.00M, Peak:0.00M | Scene, ViewLayer | Synchronizing object | right-knee-ball
Fra:1 Mem:30.59M (Peak 30.59M) | Time:00:00.08 | Mem:0.00M, Peak:0.00M | Scene, ViewLayer | Synchronizing object | left-upper-arm-shell
Fra:1 Mem:30.61M (Peak 30.61M) | Time:00:00.08 | Mem:0.00M, Peak:0.00M | Scene, ViewLayer | Synchronizing object | left-shin-shell
Fra:1 Mem:30.64M (Peak 30.64M) | Time:00:00.08 | Mem:0.00M, Peak:0.00M | Scene, ViewLayer | Synchronizing object | left-hip-ball
Fra:1 Mem:30.69M (Peak 30.69M) | Time:00:00.08 | Mem:0.00M, Peak:0.00M | Scene, ViewLayer | Synchronizing object | right-upper-arm-shell
Fra:1 Mem:30.77M (Peak 30.77M) | Time:00:00.08 | Mem:0.00M, Peak:0.00M | Scene, ViewLayer | Synchronizing object | right-hand-shell
Fra:1 Mem:31.13M (Peak 31.13M) | Time:00:00.08 | Mem:0.00M, Peak:0.00M | Scene, ViewLayer | Synchronizing object | right-shoulder-ball
Fra:1 Mem:31.30M (Peak 31.30M) | Time:00:00.08 | Mem:0.00M, Peak:0.00M | Scene, ViewLayer | Synchronizing object | right-elbow-ball
Fra:1 Mem:31.43M (Peak 31.43M) | Time:00:00.08 | Mem:0.00M, Peak:0.00M | Scene, ViewLayer | Synchronizing object | right-wrist-ball
Fra:1 Mem:31.55M (Peak 31.55M) | Time:00:00.08 | Mem:0.00M, Peak:0.00M | Scene, ViewLayer | Synchronizing object | right-hip-ball
Fra:1 Mem:33.34M (Peak 34.05M) | Time:00:00.08 | Mem:0.00M, Peak:0.00M | Scene, ViewLayer | Initializing
Fra:1 Mem:30.37M (Peak 34.05M) | Time:00:00.08 | Mem:0.00M, Peak:0.00M | Scene, ViewLayer | Waiting for render to start
Fra:1 Mem:30.37M (Peak 34.05M) | Time:00:00.08 | Mem:0.00M, Peak:0.00M | Scene, ViewLayer | Updating Scene
Fra:1 Mem:30.37M (Peak 34.05M) | Time:00:00.08 | Mem:0.00M, Peak:0.00M | Scene, ViewLayer | Updating Shaders
Fra:1 Mem:30.37M (Peak 34.05M) | Time:00:00.08 | Mem:0.00M, Peak:0.00M | Scene, ViewLayer | Loading render kernels (may take a few minutes the first time)
Fra:1 Mem:30.45M (Peak 58.48M) | Time:00:00.12 | Mem:0.00M, Peak:0.00M | Scene, ViewLayer | Updating Procedurals
Fra:1 Mem:30.45M (Peak 58.48M) | Time:00:00.12 | Mem:0.00M, Peak:0.00M | Scene, ViewLayer | Updating Background
Fra:1 Mem:30.45M (Peak 58.48M) | Time:00:00.12 | Mem:0.00M, Peak:0.00M | Scene, ViewLayer | Updating Camera
Fra:1 Mem:30.45M (Peak 58.48M) | Time:00:00.12 | Mem:0.00M, Peak:0.00M | Scene, ViewLayer | Updating Meshes Flags
Fra:1 Mem:30.45M (Peak 58.48M) | Time:00:00.12 | Mem:0.00M, Peak:0.00M | Scene, ViewLayer | Updating Objects
Fra:1 Mem:30.45M (Peak 58.48M) | Time:00:00.12 | Mem:0.00M, Peak:0.00M | Scene, ViewLayer | Updating Objects | Copying Transformations to device
Fra:1 Mem:30.46M (Peak 58.48M) | Time:00:00.12 | Mem:0.01M, Peak:0.01M | Scene, ViewLayer | Updating Particle Systems
Fra:1 Mem:30.46M (Peak 58.48M) | Time:00:00.12 | Mem:0.01M, Peak:0.01M | Scene, ViewLayer | Updating Particle Systems | Copying Particles to device
Fra:1 Mem:30.46M (Peak 58.48M) | Time:00:00.12 | Mem:0.01M, Peak:0.01M | Scene, ViewLayer | Updating Meshes
Fra:1 Mem:30.46M (Peak 58.48M) | Time:00:00.12 | Mem:0.01M, Peak:0.01M | Scene, ViewLayer | Updating Objects | Applying Static Transformations
Fra:1 Mem:30.46M (Peak 58.48M) | Time:00:00.12 | Mem:0.01M, Peak:0.01M | Scene, ViewLayer | Updating Mesh | Computing attributes
Fra:1 Mem:30.86M (Peak 58.48M) | Time:00:00.12 | Mem:0.01M, Peak:0.01M | Scene, ViewLayer | Updating Mesh | Copying Attributes to device
Fra:1 Mem:30.86M (Peak 58.48M) | Time:00:00.12 | Mem:0.41M, Peak:0.41M | Scene, ViewLayer | Updating Scene BVH | Building
Fra:1 Mem:30.86M (Peak 58.48M) | Time:00:00.12 | Mem:0.41M, Peak:0.41M | Scene, ViewLayer | Updating Scene BVH | Building BVH
Fra:1 Mem:34.23M (Peak 58.48M) | Time:00:00.13 | Mem:0.41M, Peak:0.41M | Scene, ViewLayer | Updating Scene BVH | Packing BVH triangles and strands
Fra:1 Mem:34.46M (Peak 58.48M) | Time:00:00.13 | Mem:0.41M, Peak:0.41M | Scene, ViewLayer | Updating Scene BVH | Packing BVH nodes
Fra:1 Mem:34.39M (Peak 58.48M) | Time:00:00.13 | Mem:0.41M, Peak:0.41M | Scene, ViewLayer | Updating Scene BVH | Copying BVH to device
Fra:1 Mem:34.39M (Peak 58.48M) | Time:00:00.13 | Mem:2.17M, Peak:2.17M | Scene, ViewLayer | Updating Mesh | Computing normals
Fra:1 Mem:36.08M (Peak 58.48M) | Time:00:00.13 | Mem:2.17M, Peak:2.17M | Scene, ViewLayer | Updating Mesh | Copying Mesh to device
Fra:1 Mem:36.08M (Peak 58.48M) | Time:00:00.13 | Mem:3.86M, Peak:3.86M | Scene, ViewLayer | Updating Objects Flags
Fra:1 Mem:36.08M (Peak 58.48M) | Time:00:00.13 | Mem:3.87M, Peak:3.87M | Scene, ViewLayer | Updating Primitive Offsets
Fra:1 Mem:36.08M (Peak 58.48M) | Time:00:00.13 | Mem:3.87M, Peak:3.87M | Scene, ViewLayer | Updating Images
Fra:1 Mem:36.08M (Peak 58.48M) | Time:00:00.13 | Mem:3.87M, Peak:3.87M | Scene, ViewLayer | Updating Camera Volume
Fra:1 Mem:36.08M (Peak 58.48M) | Time:00:00.13 | Mem:3.87M, Peak:3.87M | Scene, ViewLayer | Updating Lookup Tables
Fra:1 Mem:36.08M (Peak 58.48M) | Time:00:00.13 | Mem:3.95M, Peak:3.95M | Scene, ViewLayer | Updating Lights
Fra:1 Mem:36.08M (Peak 58.48M) | Time:00:00.13 | Mem:3.95M, Peak:3.95M | Scene, ViewLayer | Updating Lights | Computing tree
Fra:1 Mem:36.08M (Peak 58.48M) | Time:00:00.13 | Mem:3.95M, Peak:3.95M | Scene, ViewLayer | Updating Integrator
Fra:1 Mem:36.08M (Peak 58.48M) | Time:00:00.13 | Mem:3.95M, Peak:3.95M | Scene, ViewLayer | Updating Film
Fra:1 Mem:36.09M (Peak 58.48M) | Time:00:00.13 | Mem:3.87M, Peak:3.95M | Scene, ViewLayer | Updating Lookup Tables
Fra:1 Mem:36.09M (Peak 58.48M) | Time:00:00.13 | Mem:3.95M, Peak:3.95M | Scene, ViewLayer | Updating Baking
Fra:1 Mem:36.09M (Peak 58.48M) | Time:00:00.13 | Mem:3.95M, Peak:3.95M | Scene, ViewLayer | Updating Device | Writing constant memory
Fra:1 Mem:36.09M (Peak 58.48M) | Time:00:00.13 | Mem:3.95M, Peak:3.95M | Scene, ViewLayer | Loading denoising kernels (may take a few minutes the first time)
Fra:1 Mem:40.09M (Peak 58.48M) | Time:00:00.14 | Mem:355.95M, Peak:355.95M | Scene, ViewLayer | Sample 0/24
Fra:1 Mem:82.85M (Peak 82.85M) | Time:00:00.14 | Remaining:00:00.13 | Mem:398.70M, Peak:398.70M | Scene, ViewLayer | Sample 1/24
2026-09-23T06:35:48+0900/hunyuan-rig/heartbeat {'stage': 'rest-three-quarter', 'frame': 25} images=45
Fra:1 Mem:100.85M (Peak 127.85M) | Time:00:01.61 | Mem:398.71M, Peak:398.71M | Scene, ViewLayer | Sample 24/24
Fra:1 Mem:100.85M (Peak 127.85M) | Time:00:01.61 | Mem:398.71M, Peak:398.71M | Scene, ViewLayer | Finished
Saved: '/home/cbsim/ws/slime-workflow/.tmp/2026-09-23_06-25-15/rest-three-quarter.png'
Time: 00:01.73 (Saving: 00:00.03)

Fra:1 Mem:31.33M (Peak 31.33M) | Time:00:00.08 | Mem:0.00M, Peak:0.00M | Scene, ViewLayer | Synchronizing object | key
Fra:1 Mem:31.33M (Peak 31.33M) | Time:00:00.08 | Mem:0.00M, Peak:0.00M | Scene, ViewLayer | Synchronizing object | fill
Fra:1 Mem:31.33M (Peak 31.33M) | Time:00:00.08 | Mem:0.00M, Peak:0.00M | Scene, ViewLayer | Synchronizing object | right-ankle-ball
Fra:1 Mem:31.34M (Peak 31.34M) | Time:00:00.08 | Mem:0.00M, Peak:0.00M | Scene, ViewLayer | Synchronizing object | neck-shell-part
Fra:1 Mem:31.40M (Peak 31.40M) | Time:00:00.08 | Mem:0.00M, Peak:0.00M | Scene, ViewLayer | Synchronizing object | chest-shell-part
Fra:1 Mem:31.42M (Peak 31.42M) | Time:00:00.08 | Mem:0.00M, Peak:0.00M | Scene, ViewLayer | Synchronizing object | right-knee-ball
Fra:1 Mem:31.43M (Peak 31.43M) | Time:00:00.08 | Mem:0.00M, Peak:0.00M | Scene, ViewLayer | Synchronizing object | head-pivot-ball
Fra:1 Mem:31.49M (Peak 31.49M) | Time:00:00.08 | Mem:0.00M, Peak:0.00M | Scene, ViewLayer | Synchronizing object | right-hip-ball
Fra:1 Mem:31.58M (Peak 31.58M) | Time:00:00.08 | Mem:0.00M, Peak:0.00M | Scene, ViewLayer | Synchronizing object | chest-internal-core
Fra:1 Mem:31.60M (Peak 31.60M) | Time:00:00.08 | Mem:0.00M, Peak:0.00M | Scene, ViewLayer | Synchronizing object | right-wrist-ball
Fra:1 Mem:31.61M (Peak 31.61M) | Time:00:00.08 | Mem:0.00M, Peak:0.00M | Scene, ViewLayer | Synchronizing object | left-hand-shell
Fra:1 Mem:31.67M (Peak 31.67M) | Time:00:00.08 | Mem:0.00M, Peak:0.00M | Scene, ViewLayer | Synchronizing object | left-thigh-shell
Fra:1 Mem:31.81M (Peak 31.81M) | Time:00:00.08 | Mem:0.00M, Peak:0.00M | Scene, ViewLayer | Synchronizing object | left-knee-ball
Fra:1 Mem:32.04M (Peak 32.04M) | Time:00:00.08 | Mem:0.00M, Peak:0.00M | Scene, ViewLayer | Synchronizing object | left-ankle-ball
Fra:1 Mem:32.12M (Peak 32.12M) | Time:00:00.08 | Mem:0.00M, Peak:0.00M | Scene, ViewLayer | Synchronizing object | right-shoulder-ball
Fra:1 Mem:32.34M (Peak 32.34M) | Time:00:00.08 | Mem:0.00M, Peak:0.00M | Scene, ViewLayer | Synchronizing object | right-elbow-ball
Fra:1 Mem:34.25M (Peak 34.25M) | Time:00:00.08 | Mem:0.00M, Peak:0.00M | Scene, ViewLayer | Initializing
Fra:1 Mem:30.83M (Peak 34.25M) | Time:00:00.08 | Mem:0.00M, Peak:0.00M | Scene, ViewLayer | Waiting for render to start
Fra:1 Mem:30.83M (Peak 34.25M) | Time:00:00.08 | Mem:0.00M, Peak:0.00M | Scene, ViewLayer | Updating Scene
Fra:1 Mem:30.83M (Peak 34.25M) | Time:00:00.08 | Mem:0.00M, Peak:0.00M | Scene, ViewLayer | Updating Shaders
Fra:1 Mem:30.83M (Peak 34.25M) | Time:00:00.08 | Mem:0.00M, Peak:0.00M | Scene, ViewLayer | Loading render kernels (may take a few minutes the first time)
Fra:1 Mem:30.91M (Peak 58.93M) | Time:00:00.12 | Mem:0.00M, Peak:0.00M | Scene, ViewLayer | Updating Procedurals
Fra:1 Mem:30.91M (Peak 58.93M) | Time:00:00.12 | Mem:0.00M, Peak:0.00M | Scene, ViewLayer | Updating Background
Fra:1 Mem:30.91M (Peak 58.93M) | Time:00:00.12 | Mem:0.00M, Peak:0.00M | Scene, ViewLayer | Updating Camera
Fra:1 Mem:30.91M (Peak 58.93M) | Time:00:00.12 | Mem:0.00M, Peak:0.00M | Scene, ViewLayer | Updating Meshes Flags
Fra:1 Mem:30.91M (Peak 58.93M) | Time:00:00.12 | Mem:0.00M, Peak:0.00M | Scene, ViewLayer | Updating Objects
Fra:1 Mem:30.91M (Peak 58.93M) | Time:00:00.12 | Mem:0.00M, Peak:0.00M | Scene, ViewLayer | Updating Objects | Copying Transformations to device
Fra:1 Mem:30.92M (Peak 58.93M) | Time:00:00.12 | Mem:0.01M, Peak:0.01M | Scene, ViewLayer | Updating Particle Systems
Fra:1 Mem:30.92M (Peak 58.93M) | Time:00:00.12 | Mem:0.01M, Peak:0.01M | Scene, ViewLayer | Updating Particle Systems | Copying Particles to device
Fra:1 Mem:30.92M (Peak 58.93M) | Time:00:00.12 | Mem:0.01M, Peak:0.01M | Scene, ViewLayer | Updating Meshes
Fra:1 Mem:30.92M (Peak 58.93M) | Time:00:00.12 | Mem:0.01M, Peak:0.01M | Scene, ViewLayer | Updating Objects | Applying Static Transformations
Fra:1 Mem:30.92M (Peak 58.93M) | Time:00:00.12 | Mem:0.01M, Peak:0.01M | Scene, ViewLayer | Updating Mesh | Computing attributes
Fra:1 Mem:31.32M (Peak 58.93M) | Time:00:00.12 | Mem:0.01M, Peak:0.01M | Scene, ViewLayer | Updating Mesh | Copying Attributes to device
Fra:1 Mem:31.32M (Peak 58.93M) | Time:00:00.12 | Mem:0.41M, Peak:0.41M | Scene, ViewLayer | Updating Scene BVH | Building
Fra:1 Mem:31.32M (Peak 58.93M) | Time:00:00.12 | Mem:0.41M, Peak:0.41M | Scene, ViewLayer | Updating Scene BVH | Building BVH
Fra:1 Mem:34.69M (Peak 58.93M) | Time:00:00.13 | Mem:0.41M, Peak:0.41M | Scene, ViewLayer | Updating Scene BVH | Packing BVH triangles and strands
Fra:1 Mem:34.92M (Peak 58.93M) | Time:00:00.13 | Mem:0.41M, Peak:0.41M | Scene, ViewLayer | Updating Scene BVH | Packing BVH nodes
Fra:1 Mem:34.84M (Peak 58.93M) | Time:00:00.13 | Mem:0.41M, Peak:0.41M | Scene, ViewLayer | Updating Scene BVH | Copying BVH to device
Fra:1 Mem:34.84M (Peak 58.93M) | Time:00:00.13 | Mem:2.17M, Peak:2.17M | Scene, ViewLayer | Updating Mesh | Computing normals
Fra:1 Mem:36.54M (Peak 58.93M) | Time:00:00.13 | Mem:2.17M, Peak:2.17M | Scene, ViewLayer | Updating Mesh | Copying Mesh to device
Fra:1 Mem:36.54M (Peak 58.93M) | Time:00:00.13 | Mem:3.86M, Peak:3.86M | Scene, ViewLayer | Updating Objects Flags
Fra:1 Mem:36.54M (Peak 58.93M) | Time:00:00.13 | Mem:3.86M, Peak:3.86M | Scene, ViewLayer | Updating Primitive Offsets
Fra:1 Mem:36.54M (Peak 58.93M) | Time:00:00.13 | Mem:3.86M, Peak:3.86M | Scene, ViewLayer | Updating Images
Fra:1 Mem:36.54M (Peak 58.93M) | Time:00:00.13 | Mem:3.86M, Peak:3.86M | Scene, ViewLayer | Updating Camera Volume
Fra:1 Mem:36.54M (Peak 58.93M) | Time:00:00.13 | Mem:3.86M, Peak:3.86M | Scene, ViewLayer | Updating Lookup Tables
Fra:1 Mem:36.54M (Peak 58.93M) | Time:00:00.13 | Mem:3.94M, Peak:3.94M | Scene, ViewLayer | Updating Lights
Fra:1 Mem:36.54M (Peak 58.93M) | Time:00:00.13 | Mem:3.94M, Peak:3.94M | Scene, ViewLayer | Updating Lights | Computing tree
Fra:1 Mem:36.54M (Peak 58.93M) | Time:00:00.13 | Mem:3.94M, Peak:3.94M | Scene, ViewLayer | Updating Integrator
Fra:1 Mem:36.54M (Peak 58.93M) | Time:00:00.13 | Mem:3.94M, Peak:3.94M | Scene, ViewLayer | Updating Film
Fra:1 Mem:36.54M (Peak 58.93M) | Time:00:00.13 | Mem:3.86M, Peak:3.94M | Scene, ViewLayer | Updating Lookup Tables
Fra:1 Mem:36.54M (Peak 58.93M) | Time:00:00.13 | Mem:3.95M, Peak:3.95M | Scene, ViewLayer | Updating Baking
Fra:1 Mem:36.54M (Peak 58.93M) | Time:00:00.13 | Mem:3.95M, Peak:3.95M | Scene, ViewLayer | Updating Device | Writing constant memory
Fra:1 Mem:36.54M (Peak 58.93M) | Time:00:00.13 | Mem:3.95M, Peak:3.95M | Scene, ViewLayer | Loading denoising kernels (may take a few minutes the first time)
Fra:1 Mem:40.55M (Peak 58.93M) | Time:00:00.14 | Mem:355.95M, Peak:355.95M | Scene, ViewLayer | Sample 0/24
Fra:1 Mem:83.30M (Peak 83.30M) | Time:00:00.14 | Remaining:00:00.13 | Mem:398.70M, Peak:398.70M | Scene, ViewLayer | Sample 1/24
Fra:1 Mem:101.30M (Peak 128.31M) | Time:00:01.58 | Mem:398.70M, Peak:398.70M | Scene, ViewLayer | Sample 24/24
Fra:1 Mem:101.30M (Peak 128.31M) | Time:00:01.58 | Mem:398.70M, Peak:398.70M | Scene, ViewLayer | Finished
Saved: '/home/cbsim/ws/slime-workflow/.tmp/2026-09-23_06-25-15/down_left-01.png'
Time: 00:01.71 (Saving: 00:00.03)

Fra:4 Mem:31.33M (Peak 31.33M) | Time:00:00.07 | Mem:0.00M, Peak:0.00M | Scene, ViewLayer | Synchronizing object | key
Fra:4 Mem:31.33M (Peak 31.33M) | Time:00:00.07 | Mem:0.00M, Peak:0.00M | Scene, ViewLayer | Synchronizing object | fill
Fra:4 Mem:31.33M (Peak 31.33M) | Time:00:00.07 | Mem:0.00M, Peak:0.00M | Scene, ViewLayer | Synchronizing object | head-shell-part
Fra:4 Mem:31.33M (Peak 31.33M) | Time:00:00.07 | Mem:0.00M, Peak:0.00M | Scene, ViewLayer | Synchronizing object | right-ankle-ball
Fra:4 Mem:31.34M (Peak 31.34M) | Time:00:00.07 | Mem:0.00M, Peak:0.00M | Scene, ViewLayer | Synchronizing object | pelvis-shell-part
Fra:4 Mem:31.45M (Peak 31.45M) | Time:00:00.07 | Mem:0.00M, Peak:0.00M | Scene, ViewLayer | Synchronizing object | waist-internal-core
Fra:4 Mem:31.47M (Peak 31.47M) | Time:00:00.07 | Mem:0.00M, Peak:0.00M | Scene, ViewLayer | Synchronizing object | left-shin-shell
Fra:4 Mem:31.49M (Peak 31.49M) | Time:00:00.07 | Mem:0.00M, Peak:0.00M | Scene, ViewLayer | Synchronizing object | left-elbow-ball
Fra:4 Mem:31.54M (Peak 31.54M) | Time:00:00.07 | Mem:0.00M, Peak:0.00M | Scene, ViewLayer | Synchronizing object | left-hip-ball
Fra:4 Mem:31.65M (Peak 31.65M) | Time:00:00.07 | Mem:0.00M, Peak:0.00M | Scene, ViewLayer | Synchronizing object | left-knee-ball
Fra:4 Mem:31.66M (Peak 31.66M) | Time:00:00.07 | Mem:0.00M, Peak:0.00M | Scene, ViewLayer | Synchronizing object | left-ankle-ball
Fra:4 Mem:31.73M (Peak 31.73M) | Time:00:00.07 | Mem:0.00M, Peak:0.00M | Scene, ViewLayer | Synchronizing object | right-upper-arm-shell
Fra:4 Mem:31.78M (Peak 31.78M) | Time:00:00.07 | Mem:0.00M, Peak:0.00M | Scene, ViewLayer | Synchronizing object | right-wrist-ball
Fra:4 Mem:31.94M (Peak 31.94M) | Time:00:00.07 | Mem:0.00M, Peak:0.00M | Scene, ViewLayer | Synchronizing object | right-hip-ball
Fra:4 Mem:32.28M (Peak 32.28M) | Time:00:00.08 | Mem:0.00M, Peak:0.00M | Scene, ViewLayer | Synchronizing object | right-knee-ball
Fra:4 Mem:34.25M (Peak 34.97M) | Time:00:00.08 | Mem:0.00M, Peak:0.00M | Scene, ViewLayer | Initializing
Fra:4 Mem:30.83M (Peak 34.97M) | Time:00:00.08 | Mem:0.00M, Peak:0.00M | Scene, ViewLayer | Waiting for render to start
Fra:4 Mem:30.83M (Peak 34.97M) | Time:00:00.08 | Mem:0.00M, Peak:0.00M | Scene, ViewLayer | Updating Scene
Fra:4 Mem:30.83M (Peak 34.97M) | Time:00:00.08 | Mem:0.00M, Peak:0.00M | Scene, ViewLayer | Updating Shaders
Fra:4 Mem:30.83M (Peak 34.97M) | Time:00:00.08 | Mem:0.00M, Peak:0.00M | Scene, ViewLayer | Loading render kernels (may take a few minutes the first time)
Fra:4 Mem:30.91M (Peak 58.93M) | Time:00:00.12 | Mem:0.00M, Peak:0.00M | Scene, ViewLayer | Updating Procedurals
Fra:4 Mem:30.91M (Peak 58.93M) | Time:00:00.12 | Mem:0.00M, Peak:0.00M | Scene, ViewLayer | Updating Background
Fra:4 Mem:30.91M (Peak 58.93M) | Time:00:00.12 | Mem:0.00M, Peak:0.00M | Scene, ViewLayer | Updating Camera
Fra:4 Mem:30.91M (Peak 58.93M) | Time:00:00.12 | Mem:0.00M, Peak:0.00M | Scene, ViewLayer | Updating Meshes Flags
Fra:4 Mem:30.91M (Peak 58.93M) | Time:00:00.12 | Mem:0.00M, Peak:0.00M | Scene, ViewLayer | Updating Objects
Fra:4 Mem:30.91M (Peak 58.93M) | Time:00:00.12 | Mem:0.00M, Peak:0.00M | Scene, ViewLayer | Updating Objects | Copying Transformations to device
Fra:4 Mem:30.92M (Peak 58.93M) | Time:00:00.12 | Mem:0.01M, Peak:0.01M | Scene, ViewLayer | Updating Particle Systems
Fra:4 Mem:30.92M (Peak 58.93M) | Time:00:00.12 | Mem:0.01M, Peak:0.01M | Scene, ViewLayer | Updating Particle Systems | Copying Particles to device
Fra:4 Mem:30.92M (Peak 58.93M) | Time:00:00.12 | Mem:0.01M, Peak:0.01M | Scene, ViewLayer | Updating Meshes
Fra:4 Mem:30.92M (Peak 58.93M) | Time:00:00.12 | Mem:0.01M, Peak:0.01M | Scene, ViewLayer | Updating Objects | Applying Static Transformations
Fra:4 Mem:30.92M (Peak 58.93M) | Time:00:00.12 | Mem:0.01M, Peak:0.01M | Scene, ViewLayer | Updating Mesh | Computing attributes
Fra:4 Mem:31.32M (Peak 58.93M) | Time:00:00.12 | Mem:0.01M, Peak:0.01M | Scene, ViewLayer | Updating Mesh | Copying Attributes to device
Fra:4 Mem:31.32M (Peak 58.93M) | Time:00:00.12 | Mem:0.41M, Peak:0.41M | Scene, ViewLayer | Updating Scene BVH | Building
Fra:4 Mem:31.32M (Peak 58.93M) | Time:00:00.12 | Mem:0.41M, Peak:0.41M | Scene, ViewLayer | Updating Scene BVH | Building BVH
Fra:4 Mem:34.69M (Peak 58.93M) | Time:00:00.13 | Mem:0.41M, Peak:0.41M | Scene, ViewLayer | Updating Scene BVH | Packing BVH triangles and strands
Fra:4 Mem:34.92M (Peak 58.93M) | Time:00:00.13 | Mem:0.41M, Peak:0.41M | Scene, ViewLayer | Updating Scene BVH | Packing BVH nodes
Fra:4 Mem:34.85M (Peak 58.93M) | Time:00:00.13 | Mem:0.41M, Peak:0.41M | Scene, ViewLayer | Updating Scene BVH | Copying BVH to device
Fra:4 Mem:34.85M (Peak 58.93M) | Time:00:00.13 | Mem:2.17M, Peak:2.17M | Scene, ViewLayer | Updating Mesh | Computing normals
Fra:4 Mem:36.54M (Peak 58.93M) | Time:00:00.13 | Mem:2.17M, Peak:2.17M | Scene, ViewLayer | Updating Mesh | Copying Mesh to device
Fra:4 Mem:36.54M (Peak 58.93M) | Time:00:00.13 | Mem:3.86M, Peak:3.86M | Scene, ViewLayer | Updating Objects Flags
Fra:4 Mem:36.54M (Peak 58.93M) | Time:00:00.13 | Mem:3.86M, Peak:3.86M | Scene, ViewLayer | Updating Primitive Offsets
Fra:4 Mem:36.54M (Peak 58.93M) | Time:00:00.13 | Mem:3.86M, Peak:3.86M | Scene, ViewLayer | Updating Images
Fra:4 Mem:36.54M (Peak 58.93M) | Time:00:00.13 | Mem:3.86M, Peak:3.86M | Scene, ViewLayer | Updating Camera Volume
Fra:4 Mem:36.54M (Peak 58.93M) | Time:00:00.13 | Mem:3.86M, Peak:3.86M | Scene, ViewLayer | Updating Lookup Tables
Fra:4 Mem:36.54M (Peak 58.93M) | Time:00:00.13 | Mem:3.94M, Peak:3.94M | Scene, ViewLayer | Updating Lights
Fra:4 Mem:36.54M (Peak 58.93M) | Time:00:00.13 | Mem:3.94M, Peak:3.94M | Scene, ViewLayer | Updating Lights | Computing tree
Fra:4 Mem:36.54M (Peak 58.93M) | Time:00:00.13 | Mem:3.95M, Peak:3.95M | Scene, ViewLayer | Updating Integrator
Fra:4 Mem:36.54M (Peak 58.93M) | Time:00:00.13 | Mem:3.95M, Peak:3.95M | Scene, ViewLayer | Updating Film
Fra:4 Mem:36.54M (Peak 58.93M) | Time:00:00.13 | Mem:3.86M, Peak:3.95M | Scene, ViewLayer | Updating Lookup Tables
Fra:4 Mem:36.54M (Peak 58.93M) | Time:00:00.13 | Mem:3.95M, Peak:3.95M | Scene, ViewLayer | Updating Baking
Fra:4 Mem:36.54M (Peak 58.93M) | Time:00:00.13 | Mem:3.95M, Peak:3.95M | Scene, ViewLayer | Updating Device | Writing constant memory
Fra:4 Mem:36.55M (Peak 58.93M) | Time:00:00.13 | Mem:3.95M, Peak:3.95M | Scene, ViewLayer | Loading denoising kernels (may take a few minutes the first time)
Fra:4 Mem:40.55M (Peak 58.93M) | Time:00:00.14 | Mem:355.95M, Peak:355.95M | Scene, ViewLayer | Sample 0/24
Fra:4 Mem:83.30M (Peak 83.30M) | Time:00:00.14 | Remaining:00:00.13 | Mem:398.70M, Peak:398.70M | Scene, ViewLayer | Sample 1/24
Fra:4 Mem:101.31M (Peak 128.31M) | Time:00:01.58 | Mem:398.70M, Peak:398.70M | Scene, ViewLayer | Sample 24/24
Fra:4 Mem:101.31M (Peak 128.31M) | Time:00:01.58 | Mem:398.70M, Peak:398.70M | Scene, ViewLayer | Finished
Saved: '/home/cbsim/ws/slime-workflow/.tmp/2026-09-23_06-25-15/down_left-02.png'
Time: 00:01.72 (Saving: 00:00.04)

Fra:7 Mem:31.33M (Peak 31.33M) | Time:00:00.08 | Mem:0.00M, Peak:0.00M | Scene, ViewLayer | Synchronizing object | key
Fra:7 Mem:31.33M (Peak 31.33M) | Time:00:00.08 | Mem:0.00M, Peak:0.00M | Scene, ViewLayer | Synchronizing object | fill
Fra:7 Mem:31.33M (Peak 31.33M) | Time:00:00.08 | Mem:0.00M, Peak:0.00M | Scene, ViewLayer | Synchronizing object | head-shell-part
Fra:7 Mem:31.34M (Peak 31.34M) | Time:00:00.08 | Mem:0.00M, Peak:0.00M | Scene, ViewLayer | Synchronizing object | neck-shell-part
Fra:7 Mem:31.36M (Peak 31.36M) | Time:00:00.08 | Mem:0.00M, Peak:0.00M | Scene, ViewLayer | Synchronizing object | pelvis-shell-part
Fra:7 Mem:31.37M (Peak 31.37M) | Time:00:00.08 | Mem:0.00M, Peak:0.00M | Scene, ViewLayer | Synchronizing object | chest-internal-core
Fra:7 Mem:31.42M (Peak 31.42M) | Time:00:00.08 | Mem:0.00M, Peak:0.00M | Scene, ViewLayer | Synchronizing object | left-hand-shell
Fra:7 Mem:31.49M (Peak 31.49M) | Time:00:00.08 | Mem:0.00M, Peak:0.00M | Scene, ViewLayer | Synchronizing object | left-shin-shell
Fra:7 Mem:31.52M (Peak 31.52M) | Time:00:00.08 | Mem:0.00M, Peak:0.00M | Scene, ViewLayer | Synchronizing object | left-shoulder-ball
Fra:7 Mem:31.61M (Peak 31.62M) | Time:00:00.08 | Mem:0.00M, Peak:0.00M | Scene, ViewLayer | Synchronizing object | left-ankle-ball
Fra:7 Mem:31.62M (Peak 31.62M) | Time:00:00.08 | Mem:0.00M, Peak:0.00M | Scene, ViewLayer | Synchronizing object | right-thigh-shell
Fra:7 Mem:31.75M (Peak 31.73M) | Time:00:00.08 | Mem:0.00M, Peak:0.00M | Scene, ViewLayer | Synchronizing object | right-foot-shell
Fra:7 Mem:31.79M (Peak 31.79M) | Time:00:00.08 | Mem:0.00M, Peak:0.00M | Scene, ViewLayer | Synchronizing object | right-knee-ball
Fra:7 Mem:31.81M (Peak 31.81M) | Time:00:00.08 | Mem:0.00M, Peak:0.00M | Scene, ViewLayer | Synchronizing object | right-elbow-ball
Fra:7 Mem:31.86M (Peak 31.86M) | Time:00:00.08 | Mem:0.00M, Peak:0.00M | Scene, ViewLayer | Synchronizing object | right-hip-ball
Fra:7 Mem:34.25M (Peak 34.97M) | Time:00:00.09 | Mem:0.00M, Peak:0.00M | Scene, ViewLayer | Initializing
Fra:7 Mem:30.83M (Peak 34.97M) | Time:00:00.09 | Mem:0.00M, Peak:0.00M | Scene, ViewLayer | Waiting for render to start
Fra:7 Mem:30.83M (Peak 34.97M) | Time:00:00.09 | Mem:0.00M, Peak:0.00M | Scene, ViewLayer | Updating Scene
Fra:7 Mem:30.83M (Peak 34.97M) | Time:00:00.09 | Mem:0.00M, Peak:0.00M | Scene, ViewLayer | Updating Shaders
Fra:7 Mem:30.83M (Peak 34.97M) | Time:00:00.09 | Mem:0.00M, Peak:0.00M | Scene, ViewLayer | Loading render kernels (may take a few minutes the first time)
Fra:7 Mem:30.91M (Peak 58.93M) | Time:00:00.13 | Mem:0.00M, Peak:0.00M | Scene, ViewLayer | Updating Procedurals
Fra:7 Mem:30.91M (Peak 58.93M) | Time:00:00.13 | Mem:0.00M, Peak:0.00M | Scene, ViewLayer | Updating Background
Fra:7 Mem:30.91M (Peak 58.93M) | Time:00:00.13 | Mem:0.00M, Peak:0.00M | Scene, ViewLayer | Updating Camera
Fra:7 Mem:30.91M (Peak 58.93M) | Time:00:00.13 | Mem:0.00M, Peak:0.00M | Scene, ViewLayer | Updating Meshes Flags
Fra:7 Mem:30.91M (Peak 58.93M) | Time:00:00.13 | Mem:0.00M, Peak:0.00M | Scene, ViewLayer | Updating Objects
Fra:7 Mem:30.91M (Peak 58.93M) | Time:00:00.13 | Mem:0.00M, Peak:0.00M | Scene, ViewLayer | Updating Objects | Copying Transformations to device
Fra:7 Mem:30.92M (Peak 58.93M) | Time:00:00.13 | Mem:0.01M, Peak:0.01M | Scene, ViewLayer | Updating Particle Systems
Fra:7 Mem:30.92M (Peak 58.93M) | Time:00:00.13 | Mem:0.01M, Peak:0.01M | Scene, ViewLayer | Updating Particle Systems | Copying Particles to device
Fra:7 Mem:30.92M (Peak 58.93M) | Time:00:00.13 | Mem:0.01M, Peak:0.01M | Scene, ViewLayer | Updating Meshes
Fra:7 Mem:30.92M (Peak 58.93M) | Time:00:00.13 | Mem:0.01M, Peak:0.01M | Scene, ViewLayer | Updating Objects | Applying Static Transformations
Fra:7 Mem:30.92M (Peak 58.93M) | Time:00:00.13 | Mem:0.01M, Peak:0.01M | Scene, ViewLayer | Updating Mesh | Computing attributes
Fra:7 Mem:31.32M (Peak 58.93M) | Time:00:00.13 | Mem:0.01M, Peak:0.01M | Scene, ViewLayer | Updating Mesh | Copying Attributes to device
Fra:7 Mem:31.32M (Peak 58.93M) | Time:00:00.13 | Mem:0.41M, Peak:0.41M | Scene, ViewLayer | Updating Scene BVH | Building
Fra:7 Mem:31.32M (Peak 58.93M) | Time:00:00.13 | Mem:0.41M, Peak:0.41M | Scene, ViewLayer | Updating Scene BVH | Building BVH
Fra:7 Mem:34.69M (Peak 58.93M) | Time:00:00.13 | Mem:0.41M, Peak:0.41M | Scene, ViewLayer | Updating Scene BVH | Packing BVH triangles and strands
Fra:7 Mem:34.92M (Peak 58.93M) | Time:00:00.14 | Mem:0.41M, Peak:0.41M | Scene, ViewLayer | Updating Scene BVH | Packing BVH nodes
Fra:7 Mem:34.83M (Peak 58.93M) | Time:00:00.14 | Mem:0.41M, Peak:0.41M | Scene, ViewLayer | Updating Scene BVH | Copying BVH to device
Fra:7 Mem:34.83M (Peak 58.93M) | Time:00:00.14 | Mem:2.16M, Peak:2.16M | Scene, ViewLayer | Updating Mesh | Computing normals
Fra:7 Mem:36.52M (Peak 58.93M) | Time:00:00.14 | Mem:2.16M, Peak:2.16M | Scene, ViewLayer | Updating Mesh | Copying Mesh to device
Fra:7 Mem:36.52M (Peak 58.93M) | Time:00:00.14 | Mem:3.85M, Peak:3.85M | Scene, ViewLayer | Updating Objects Flags
Fra:7 Mem:36.52M (Peak 58.93M) | Time:00:00.14 | Mem:3.85M, Peak:3.85M | Scene, ViewLayer | Updating Primitive Offsets
Fra:7 Mem:36.52M (Peak 58.93M) | Time:00:00.14 | Mem:3.85M, Peak:3.85M | Scene, ViewLayer | Updating Images
Fra:7 Mem:36.52M (Peak 58.93M) | Time:00:00.14 | Mem:3.85M, Peak:3.85M | Scene, ViewLayer | Updating Camera Volume
Fra:7 Mem:36.52M (Peak 58.93M) | Time:00:00.14 | Mem:3.85M, Peak:3.85M | Scene, ViewLayer | Updating Lookup Tables
Fra:7 Mem:36.52M (Peak 58.93M) | Time:00:00.14 | Mem:3.94M, Peak:3.94M | Scene, ViewLayer | Updating Lights
Fra:7 Mem:36.52M (Peak 58.93M) | Time:00:00.14 | Mem:3.94M, Peak:3.94M | Scene, ViewLayer | Updating Lights | Computing tree
Fra:7 Mem:36.52M (Peak 58.93M) | Time:00:00.14 | Mem:3.94M, Peak:3.94M | Scene, ViewLayer | Updating Integrator
Fra:7 Mem:36.52M (Peak 58.93M) | Time:00:00.14 | Mem:3.94M, Peak:3.94M | Scene, ViewLayer | Updating Film
Fra:7 Mem:36.53M (Peak 58.93M) | Time:00:00.14 | Mem:3.86M, Peak:3.94M | Scene, ViewLayer | Updating Lookup Tables
Fra:7 Mem:36.53M (Peak 58.93M) | Time:00:00.14 | Mem:3.94M, Peak:3.94M | Scene, ViewLayer | Updating Baking
Fra:7 Mem:36.53M (Peak 58.93M) | Time:00:00.14 | Mem:3.94M, Peak:3.94M | Scene, ViewLayer | Updating Device | Writing constant memory
Fra:7 Mem:36.53M (Peak 58.93M) | Time:00:00.14 | Mem:3.94M, Peak:3.94M | Scene, ViewLayer | Loading denoising kernels (may take a few minutes the first time)
Fra:7 Mem:40.53M (Peak 58.93M) | Time:00:00.14 | Mem:355.94M, Peak:355.94M | Scene, ViewLayer | Sample 0/24
Fra:7 Mem:83.28M (Peak 83.28M) | Time:00:00.15 | Remaining:00:00.13 | Mem:398.69M, Peak:398.69M | Scene, ViewLayer | Sample 1/24
2026-09-23T06:35:53+0900/hunyuan-rig/heartbeat {'stage': 'down_left', 'frame': 7} images=45
Fra:7 Mem:101.29M (Peak 128.29M) | Time:00:01.60 | Mem:398.69M, Peak:398.69M | Scene, ViewLayer | Sample 24/24
Fra:7 Mem:101.29M (Peak 128.29M) | Time:00:01.60 | Mem:398.69M, Peak:398.69M | Scene, ViewLayer | Finished
Saved: '/home/cbsim/ws/slime-workflow/.tmp/2026-09-23_06-25-15/down_left-03.png'
Time: 00:01.72 (Saving: 00:00.03)

Fra:10 Mem:31.33M (Peak 31.33M) | Time:00:00.07 | Mem:0.00M, Peak:0.00M | Scene, ViewLayer | Synchronizing object | key
Fra:10 Mem:31.33M (Peak 31.33M) | Time:00:00.07 | Mem:0.00M, Peak:0.00M | Scene, ViewLayer | Synchronizing object | head-shell-part
Fra:10 Mem:31.33M (Peak 31.33M) | Time:00:00.07 | Mem:0.00M, Peak:0.00M | Scene, ViewLayer | Synchronizing object | neck-shell-part
Fra:10 Mem:31.34M (Peak 31.34M) | Time:00:00.07 | Mem:0.00M, Peak:0.00M | Scene, ViewLayer | Synchronizing object | chest-shell-part
Fra:10 Mem:31.39M (Peak 31.39M) | Time:00:00.07 | Mem:0.00M, Peak:0.00M | Scene, ViewLayer | Synchronizing object | waist-internal-core
Fra:10 Mem:31.45M (Peak 31.45M) | Time:00:00.07 | Mem:0.00M, Peak:0.00M | Scene, ViewLayer | Synchronizing object | right-knee-ball
Fra:10 Mem:31.50M (Peak 31.50M) | Time:00:00.07 | Mem:0.00M, Peak:0.00M | Scene, ViewLayer | Synchronizing object | chest-internal-core
Fra:10 Mem:31.51M (Peak 31.51M) | Time:00:00.07 | Mem:0.00M, Peak:0.00M | Scene, ViewLayer | Synchronizing object | left-shin-shell
Fra:10 Mem:31.69M (Peak 31.69M) | Time:00:00.07 | Mem:0.00M, Peak:0.00M | Scene, ViewLayer | Synchronizing object | left-elbow-ball
Fra:10 Mem:31.73M (Peak 31.73M) | Time:00:00.07 | Mem:0.00M, Peak:0.00M | Scene, ViewLayer | Synchronizing object | left-wrist-ball
Fra:10 Mem:31.78M (Peak 31.78M) | Time:00:00.07 | Mem:0.00M, Peak:0.00M | Scene, ViewLayer | Synchronizing object | right-upper-arm-shell
Fra:10 Mem:31.80M (Peak 31.80M) | Time:00:00.07 | Mem:0.00M, Peak:0.00M | Scene, ViewLayer | Synchronizing object | right-shin-shell
Fra:10 Mem:31.85M (Peak 31.85M) | Time:00:00.07 | Mem:0.00M, Peak:0.00M | Scene, ViewLayer | Synchronizing object | right-shoulder-ball
Fra:10 Mem:32.15M (Peak 32.15M) | Time:00:00.07 | Mem:0.00M, Peak:0.00M | Scene, ViewLayer | Synchronizing object | right-elbow-ball
Fra:10 Mem:32.18M (Peak 32.18M) | Time:00:00.07 | Mem:0.00M, Peak:0.00M | Scene, ViewLayer | Synchronizing object | right-wrist-ball
Fra:10 Mem:32.57M (Peak 32.57M) | Time:00:00.07 | Mem:0.00M, Peak:0.00M | Scene, ViewLayer | Synchronizing object | right-hip-ball
Fra:10 Mem:34.25M (Peak 34.25M) | Time:00:00.08 | Mem:0.00M, Peak:0.00M | Scene, ViewLayer | Initializing
Fra:10 Mem:30.83M (Peak 34.25M) | Time:00:00.08 | Mem:0.00M, Peak:0.00M | Scene, ViewLayer | Waiting for render to start
Fra:10 Mem:30.83M (Peak 34.25M) | Time:00:00.08 | Mem:0.00M, Peak:0.00M | Scene, ViewLayer | Updating Scene
Fra:10 Mem:30.83M (Peak 34.25M) | Time:00:00.08 | Mem:0.00M, Peak:0.00M | Scene, ViewLayer | Updating Shaders
Fra:10 Mem:30.83M (Peak 34.25M) | Time:00:00.08 | Mem:0.00M, Peak:0.00M | Scene, ViewLayer | Loading render kernels (may take a few minutes the first time)
Fra:10 Mem:30.91M (Peak 58.93M) | Time:00:00.12 | Mem:0.00M, Peak:0.00M | Scene, ViewLayer | Updating Procedurals
Fra:10 Mem:30.91M (Peak 58.93M) | Time:00:00.12 | Mem:0.00M, Peak:0.00M | Scene, ViewLayer | Updating Background
Fra:10 Mem:30.91M (Peak 58.93M) | Time:00:00.12 | Mem:0.00M, Peak:0.00M | Scene, ViewLayer | Updating Camera
Fra:10 Mem:30.91M (Peak 58.93M) | Time:00:00.12 | Mem:0.00M, Peak:0.00M | Scene, ViewLayer | Updating Meshes Flags
Fra:10 Mem:30.91M (Peak 58.93M) | Time:00:00.12 | Mem:0.00M, Peak:0.00M | Scene, ViewLayer | Updating Objects
Fra:10 Mem:30.91M (Peak 58.93M) | Time:00:00.12 | Mem:0.00M, Peak:0.00M | Scene, ViewLayer | Updating Objects | Copying Transformations to device
Fra:10 Mem:30.92M (Peak 58.93M) | Time:00:00.12 | Mem:0.01M, Peak:0.01M | Scene, ViewLayer | Updating Particle Systems
Fra:10 Mem:30.92M (Peak 58.93M) | Time:00:00.12 | Mem:0.01M, Peak:0.01M | Scene, ViewLayer | Updating Particle Systems | Copying Particles to device
Fra:10 Mem:30.92M (Peak 58.93M) | Time:00:00.12 | Mem:0.01M, Peak:0.01M | Scene, ViewLayer | Updating Meshes
Fra:10 Mem:30.92M (Peak 58.93M) | Time:00:00.12 | Mem:0.01M, Peak:0.01M | Scene, ViewLayer | Updating Objects | Applying Static Transformations
Fra:10 Mem:30.92M (Peak 58.93M) | Time:00:00.12 | Mem:0.01M, Peak:0.01M | Scene, ViewLayer | Updating Mesh | Computing attributes
Fra:10 Mem:31.32M (Peak 58.93M) | Time:00:00.12 | Mem:0.01M, Peak:0.01M | Scene, ViewLayer | Updating Mesh | Copying Attributes to device
Fra:10 Mem:31.32M (Peak 58.93M) | Time:00:00.12 | Mem:0.41M, Peak:0.41M | Scene, ViewLayer | Updating Scene BVH | Building
Fra:10 Mem:31.32M (Peak 58.93M) | Time:00:00.12 | Mem:0.41M, Peak:0.41M | Scene, ViewLayer | Updating Scene BVH | Building BVH
Fra:10 Mem:34.69M (Peak 58.93M) | Time:00:00.13 | Mem:0.41M, Peak:0.41M | Scene, ViewLayer | Updating Scene BVH | Packing BVH triangles and strands
Fra:10 Mem:34.92M (Peak 58.93M) | Time:00:00.13 | Mem:0.41M, Peak:0.41M | Scene, ViewLayer | Updating Scene BVH | Packing BVH nodes
Fra:10 Mem:34.84M (Peak 58.93M) | Time:00:00.13 | Mem:0.41M, Peak:0.41M | Scene, ViewLayer | Updating Scene BVH | Copying BVH to device
Fra:10 Mem:34.84M (Peak 58.93M) | Time:00:00.13 | Mem:2.17M, Peak:2.17M | Scene, ViewLayer | Updating Mesh | Computing normals
Fra:10 Mem:36.53M (Peak 58.93M) | Time:00:00.13 | Mem:2.17M, Peak:2.17M | Scene, ViewLayer | Updating Mesh | Copying Mesh to device
Fra:10 Mem:36.53M (Peak 58.93M) | Time:00:00.13 | Mem:3.86M, Peak:3.86M | Scene, ViewLayer | Updating Objects Flags
Fra:10 Mem:36.53M (Peak 58.93M) | Time:00:00.13 | Mem:3.86M, Peak:3.86M | Scene, ViewLayer | Updating Primitive Offsets
Fra:10 Mem:36.53M (Peak 58.93M) | Time:00:00.13 | Mem:3.86M, Peak:3.86M | Scene, ViewLayer | Updating Images
Fra:10 Mem:36.53M (Peak 58.93M) | Time:00:00.13 | Mem:3.86M, Peak:3.86M | Scene, ViewLayer | Updating Camera Volume
Fra:10 Mem:36.53M (Peak 58.93M) | Time:00:00.13 | Mem:3.86M, Peak:3.86M | Scene, ViewLayer | Updating Lookup Tables
Fra:10 Mem:36.53M (Peak 58.93M) | Time:00:00.13 | Mem:3.94M, Peak:3.94M | Scene, ViewLayer | Updating Lights
Fra:10 Mem:36.53M (Peak 58.93M) | Time:00:00.13 | Mem:3.94M, Peak:3.94M | Scene, ViewLayer | Updating Lights | Computing tree
Fra:10 Mem:36.53M (Peak 58.93M) | Time:00:00.13 | Mem:3.94M, Peak:3.94M | Scene, ViewLayer | Updating Integrator
Fra:10 Mem:36.53M (Peak 58.93M) | Time:00:00.13 | Mem:3.94M, Peak:3.94M | Scene, ViewLayer | Updating Film
Fra:10 Mem:36.53M (Peak 58.93M) | Time:00:00.13 | Mem:3.86M, Peak:3.94M | Scene, ViewLayer | Updating Lookup Tables
Fra:10 Mem:36.53M (Peak 58.93M) | Time:00:00.13 | Mem:3.94M, Peak:3.94M | Scene, ViewLayer | Updating Baking
Fra:10 Mem:36.53M (Peak 58.93M) | Time:00:00.13 | Mem:3.94M, Peak:3.94M | Scene, ViewLayer | Updating Device | Writing constant memory
Fra:10 Mem:36.53M (Peak 58.93M) | Time:00:00.13 | Mem:3.94M, Peak:3.94M | Scene, ViewLayer | Loading denoising kernels (may take a few minutes the first time)
Fra:10 Mem:40.54M (Peak 58.93M) | Time:00:00.14 | Mem:355.95M, Peak:355.95M | Scene, ViewLayer | Sample 0/24
Fra:10 Mem:83.29M (Peak 83.29M) | Time:00:00.14 | Remaining:00:00.13 | Mem:398.70M, Peak:398.70M | Scene, ViewLayer | Sample 1/24
Fra:10 Mem:101.29M (Peak 128.30M) | Time:00:01.56 | Mem:398.70M, Peak:398.70M | Scene, ViewLayer | Sample 24/24
Fra:10 Mem:101.29M (Peak 128.30M) | Time:00:01.56 | Mem:398.70M, Peak:398.70M | Scene, ViewLayer | Finished
Saved: '/home/cbsim/ws/slime-workflow/.tmp/2026-09-23_06-25-15/down_left-04.png'
Time: 00:01.69 (Saving: 00:00.03)

Fra:13 Mem:31.33M (Peak 31.33M) | Time:00:00.07 | Mem:0.00M, Peak:0.00M | Scene, ViewLayer | Synchronizing object | key
Fra:13 Mem:31.33M (Peak 31.33M) | Time:00:00.07 | Mem:0.00M, Peak:0.00M | Scene, ViewLayer | Synchronizing object | neck-shell-part
Fra:13 Mem:31.33M (Peak 31.33M) | Time:00:00.07 | Mem:0.00M, Peak:0.00M | Scene, ViewLayer | Synchronizing object | chest-shell-part
Fra:13 Mem:31.36M (Peak 31.36M) | Time:00:00.07 | Mem:0.00M, Peak:0.00M | Scene, ViewLayer | Synchronizing object | pelvis-shell-part
Fra:13 Mem:31.43M (Peak 31.43M) | Time:00:00.07 | Mem:0.00M, Peak:0.00M | Scene, ViewLayer | Synchronizing object | head-pivot-ball
Fra:13 Mem:31.44M (Peak 31.44M) | Time:00:00.07 | Mem:0.00M, Peak:0.00M | Scene, ViewLayer | Synchronizing object | waist-internal-core
Fra:13 Mem:31.53M (Peak 31.53M) | Time:00:00.07 | Mem:0.00M, Peak:0.00M | Scene, ViewLayer | Synchronizing object | left-thigh-shell
Fra:13 Mem:31.63M (Peak 31.63M) | Time:00:00.07 | Mem:0.00M, Peak:0.00M | Scene, ViewLayer | Synchronizing object | left-foot-shell
Fra:13 Mem:31.71M (Peak 31.71M) | Time:00:00.07 | Mem:0.00M, Peak:0.00M | Scene, ViewLayer | Synchronizing object | left-elbow-ball
Fra:13 Mem:31.93M (Peak 31.93M) | Time:00:00.07 | Mem:0.00M, Peak:0.00M | Scene, ViewLayer | Synchronizing object | left-knee-ball
Fra:13 Mem:32.06M (Peak 32.06M) | Time:00:00.07 | Mem:0.00M, Peak:0.00M | Scene, ViewLayer | Synchronizing object | right-hand-shell
Fra:13 Mem:32.15M (Peak 32.15M) | Time:00:00.07 | Mem:0.00M, Peak:0.00M | Scene, ViewLayer | Synchronizing object | right-shin-shell
Fra:13 Mem:32.39M (Peak 32.39M) | Time:00:00.07 | Mem:0.00M, Peak:0.00M | Scene, ViewLayer | Synchronizing object | right-foot-shell
Fra:13 Mem:33.04M (Peak 33.04M) | Time:00:00.07 | Mem:0.00M, Peak:0.00M | Scene, ViewLayer | Synchronizing object | right-shoulder-ball
Fra:13 Mem:33.14M (Peak 33.14M) | Time:00:00.07 | Mem:0.00M, Peak:0.00M | Scene, ViewLayer | Synchronizing object | right-elbow-ball
Fra:13 Mem:33.73M (Peak 33.73M) | Time:00:00.07 | Mem:0.00M, Peak:0.00M | Scene, ViewLayer | Synchronizing object | right-knee-ball
Fra:13 Mem:34.04M (Peak 34.04M) | Time:00:00.07 | Mem:0.00M, Peak:0.00M | Scene, ViewLayer | Synchronizing object | right-hip-ball
Fra:13 Mem:34.33M (Peak 34.33M) | Time:00:00.07 | Mem:0.00M, Peak:0.00M | Scene, ViewLayer | Synchronizing object | right-wrist-ball
Fra:13 Mem:34.25M (Peak 34.33M) | Time:00:00.08 | Mem:0.00M, Peak:0.00M | Scene, ViewLayer | Initializing
Fra:13 Mem:30.83M (Peak 34.33M) | Time:00:00.08 | Mem:0.00M, Peak:0.00M | Scene, ViewLayer | Waiting for render to start
Fra:13 Mem:30.83M (Peak 34.33M) | Time:00:00.08 | Mem:0.00M, Peak:0.00M | Scene, ViewLayer | Updating Scene
Fra:13 Mem:30.83M (Peak 34.33M) | Time:00:00.08 | Mem:0.00M, Peak:0.00M | Scene, ViewLayer | Updating Shaders
Fra:13 Mem:30.83M (Peak 34.33M) | Time:00:00.08 | Mem:0.00M, Peak:0.00M | Scene, ViewLayer | Loading render kernels (may take a few minutes the first time)
Fra:13 Mem:30.91M (Peak 58.93M) | Time:00:00.12 | Mem:0.00M, Peak:0.00M | Scene, ViewLayer | Updating Procedurals
Fra:13 Mem:30.91M (Peak 58.93M) | Time:00:00.12 | Mem:0.00M, Peak:0.00M | Scene, ViewLayer | Updating Background
Fra:13 Mem:30.91M (Peak 58.93M) | Time:00:00.12 | Mem:0.00M, Peak:0.00M | Scene, ViewLayer | Updating Camera
Fra:13 Mem:30.91M (Peak 58.93M) | Time:00:00.12 | Mem:0.00M, Peak:0.00M | Scene, ViewLayer | Updating Meshes Flags
Fra:13 Mem:30.91M (Peak 58.93M) | Time:00:00.12 | Mem:0.00M, Peak:0.00M | Scene, ViewLayer | Updating Objects
Fra:13 Mem:30.91M (Peak 58.93M) | Time:00:00.12 | Mem:0.00M, Peak:0.00M | Scene, ViewLayer | Updating Objects | Copying Transformations to device
Fra:13 Mem:30.92M (Peak 58.93M) | Time:00:00.12 | Mem:0.01M, Peak:0.01M | Scene, ViewLayer | Updating Particle Systems
Fra:13 Mem:30.92M (Peak 58.93M) | Time:00:00.12 | Mem:0.01M, Peak:0.01M | Scene, ViewLayer | Updating Particle Systems | Copying Particles to device
Fra:13 Mem:30.92M (Peak 58.93M) | Time:00:00.12 | Mem:0.01M, Peak:0.01M | Scene, ViewLayer | Updating Meshes
Fra:13 Mem:30.92M (Peak 58.93M) | Time:00:00.12 | Mem:0.01M, Peak:0.01M | Scene, ViewLayer | Updating Objects | Applying Static Transformations
Fra:13 Mem:30.92M (Peak 58.93M) | Time:00:00.12 | Mem:0.01M, Peak:0.01M | Scene, ViewLayer | Updating Mesh | Computing attributes
Fra:13 Mem:31.32M (Peak 58.93M) | Time:00:00.12 | Mem:0.01M, Peak:0.01M | Scene, ViewLayer | Updating Mesh | Copying Attributes to device
Fra:13 Mem:31.32M (Peak 58.93M) | Time:00:00.12 | Mem:0.41M, Peak:0.41M | Scene, ViewLayer | Updating Scene BVH | Building
Fra:13 Mem:31.32M (Peak 58.93M) | Time:00:00.12 | Mem:0.41M, Peak:0.41M | Scene, ViewLayer | Updating Scene BVH | Building BVH
Fra:13 Mem:34.69M (Peak 58.93M) | Time:00:00.13 | Mem:0.41M, Peak:0.41M | Scene, ViewLayer | Updating Scene BVH | Packing BVH triangles and strands
Fra:13 Mem:34.92M (Peak 58.93M) | Time:00:00.13 | Mem:0.41M, Peak:0.41M | Scene, ViewLayer | Updating Scene BVH | Packing BVH nodes
Fra:13 Mem:34.83M (Peak 58.93M) | Time:00:00.13 | Mem:0.41M, Peak:0.41M | Scene, ViewLayer | Updating Scene BVH | Copying BVH to device
Fra:13 Mem:34.83M (Peak 58.93M) | Time:00:00.13 | Mem:2.16M, Peak:2.16M | Scene, ViewLayer | Updating Mesh | Computing normals
Fra:13 Mem:36.52M (Peak 58.93M) | Time:00:00.13 | Mem:2.16M, Peak:2.16M | Scene, ViewLayer | Updating Mesh | Copying Mesh to device
Fra:13 Mem:36.52M (Peak 58.93M) | Time:00:00.13 | Mem:3.85M, Peak:3.85M | Scene, ViewLayer | Updating Objects Flags
Fra:13 Mem:36.52M (Peak 58.93M) | Time:00:00.13 | Mem:3.85M, Peak:3.85M | Scene, ViewLayer | Updating Primitive Offsets
Fra:13 Mem:36.52M (Peak 58.93M) | Time:00:00.13 | Mem:3.85M, Peak:3.85M | Scene, ViewLayer | Updating Images
Fra:13 Mem:36.52M (Peak 58.93M) | Time:00:00.13 | Mem:3.85M, Peak:3.85M | Scene, ViewLayer | Updating Camera Volume
Fra:13 Mem:36.52M (Peak 58.93M) | Time:00:00.13 | Mem:3.85M, Peak:3.85M | Scene, ViewLayer | Updating Lookup Tables
Fra:13 Mem:36.52M (Peak 58.93M) | Time:00:00.13 | Mem:3.93M, Peak:3.93M | Scene, ViewLayer | Updating Lights
Fra:13 Mem:36.52M (Peak 58.93M) | Time:00:00.13 | Mem:3.93M, Peak:3.93M | Scene, ViewLayer | Updating Lights | Computing tree
Fra:13 Mem:36.52M (Peak 58.93M) | Time:00:00.13 | Mem:3.94M, Peak:3.94M | Scene, ViewLayer | Updating Integrator
Fra:13 Mem:36.52M (Peak 58.93M) | Time:00:00.13 | Mem:3.94M, Peak:3.94M | Scene, ViewLayer | Updating Film
Fra:13 Mem:36.52M (Peak 58.93M) | Time:00:00.13 | Mem:3.85M, Peak:3.94M | Scene, ViewLayer | Updating Lookup Tables
Fra:13 Mem:36.52M (Peak 58.93M) | Time:00:00.13 | Mem:3.94M, Peak:3.94M | Scene, ViewLayer | Updating Baking
Fra:13 Mem:36.52M (Peak 58.93M) | Time:00:00.13 | Mem:3.94M, Peak:3.94M | Scene, ViewLayer | Updating Device | Writing constant memory
Fra:13 Mem:36.52M (Peak 58.93M) | Time:00:00.13 | Mem:3.94M, Peak:3.94M | Scene, ViewLayer | Loading denoising kernels (may take a few minutes the first time)
Fra:13 Mem:40.53M (Peak 58.93M) | Time:00:00.13 | Mem:355.94M, Peak:355.94M | Scene, ViewLayer | Sample 0/24
Fra:13 Mem:83.28M (Peak 83.28M) | Time:00:00.14 | Remaining:00:00.14 | Mem:398.69M, Peak:398.69M | Scene, ViewLayer | Sample 1/24
Fra:13 Mem:101.28M (Peak 128.29M) | Time:00:01.61 | Mem:398.69M, Peak:398.69M | Scene, ViewLayer | Sample 24/24
Fra:13 Mem:101.28M (Peak 128.29M) | Time:00:01.61 | Mem:398.69M, Peak:398.69M | Scene, ViewLayer | Finished
Saved: '/home/cbsim/ws/slime-workflow/.tmp/2026-09-23_06-25-15/down_left-05.png'
Time: 00:01.75 (Saving: 00:00.04)

Fra:16 Mem:31.33M (Peak 31.33M) | Time:00:00.07 | Mem:0.00M, Peak:0.00M | Scene, ViewLayer | Synchronizing object | key
Fra:16 Mem:31.33M (Peak 31.33M) | Time:00:00.07 | Mem:0.00M, Peak:0.00M | Scene, ViewLayer | Synchronizing object | head-shell-part
Fra:16 Mem:31.33M (Peak 31.33M) | Time:00:00.07 | Mem:0.00M, Peak:0.00M | Scene, ViewLayer | Synchronizing object | right-ankle-ball
Fra:16 Mem:31.34M (Peak 31.35M) | Time:00:00.07 | Mem:0.00M, Peak:0.00M | Scene, ViewLayer | Synchronizing object | neck-shell-part
Fra:16 Mem:31.43M (Peak 31.44M) | Time:00:00.07 | Mem:0.00M, Peak:0.00M | Scene, ViewLayer | Synchronizing object | chest-shell-part
Fra:16 Mem:31.48M (Peak 31.48M) | Time:00:00.07 | Mem:0.00M, Peak:0.00M | Scene, ViewLayer | Synchronizing object | head-pivot-ball
Fra:16 Mem:31.51M (Peak 31.51M) | Time:00:00.07 | Mem:0.00M, Peak:0.00M | Scene, ViewLayer | Synchronizing object | waist-internal-core
Fra:16 Mem:31.65M (Peak 31.66M) | Time:00:00.07 | Mem:0.00M, Peak:0.00M | Scene, ViewLayer | Synchronizing object | left-upper-arm-shell
Fra:16 Mem:31.69M (Peak 31.69M) | Time:00:00.07 | Mem:0.00M, Peak:0.00M | Scene, ViewLayer | Synchronizing object | right-hip-ball
Fra:16 Mem:31.82M (Peak 31.82M) | Time:00:00.07 | Mem:0.00M, Peak:0.00M | Scene, ViewLayer | Synchronizing object | right-wrist-ball
Fra:16 Mem:31.93M (Peak 31.93M) | Time:00:00.07 | Mem:0.00M, Peak:0.00M | Scene, ViewLayer | Synchronizing object | right-elbow-ball
Fra:16 Mem:31.97M (Peak 31.97M) | Time:00:00.07 | Mem:0.00M, Peak:0.00M | Scene, ViewLayer | Synchronizing object | left-thigh-shell
Fra:16 Mem:32.02M (Peak 32.02M) | Time:00:00.07 | Mem:0.00M, Peak:0.00M | Scene, ViewLayer | Synchronizing object | left-elbow-ball
Fra:16 Mem:32.04M (Peak 32.04M) | Time:00:00.07 | Mem:0.00M, Peak:0.00M | Scene, ViewLayer | Synchronizing object | right-thigh-shell
Fra:16 Mem:32.10M (Peak 32.10M) | Time:00:00.07 | Mem:0.00M, Peak:0.00M | Scene, ViewLayer | Synchronizing object | right-shin-shell
Fra:16 Mem:32.12M (Peak 32.12M) | Time:00:00.07 | Mem:0.00M, Peak:0.00M | Scene, ViewLayer | Synchronizing object | right-foot-shell
Fra:16 Mem:34.25M (Peak 34.25M) | Time:00:00.08 | Mem:0.00M, Peak:0.00M | Scene, ViewLayer | Initializing
Fra:16 Mem:30.83M (Peak 34.25M) | Time:00:00.08 | Mem:0.00M, Peak:0.00M | Scene, ViewLayer | Waiting for render to start
Fra:16 Mem:30.83M (Peak 34.25M) | Time:00:00.08 | Mem:0.00M, Peak:0.00M | Scene, ViewLayer | Updating Scene
Fra:16 Mem:30.83M (Peak 34.25M) | Time:00:00.08 | Mem:0.00M, Peak:0.00M | Scene, ViewLayer | Updating Shaders
Fra:16 Mem:30.83M (Peak 34.25M) | Time:00:00.08 | Mem:0.00M, Peak:0.00M | Scene, ViewLayer | Loading render kernels (may take a few minutes the first time)
Fra:16 Mem:30.91M (Peak 58.93M) | Time:00:00.12 | Mem:0.00M, Peak:0.00M | Scene, ViewLayer | Updating Procedurals
Fra:16 Mem:30.91M (Peak 58.93M) | Time:00:00.12 | Mem:0.00M, Peak:0.00M | Scene, ViewLayer | Updating Background
Fra:16 Mem:30.91M (Peak 58.93M) | Time:00:00.12 | Mem:0.00M, Peak:0.00M | Scene, ViewLayer | Updating Camera
Fra:16 Mem:30.91M (Peak 58.93M) | Time:00:00.12 | Mem:0.00M, Peak:0.00M | Scene, ViewLayer | Updating Meshes Flags
Fra:16 Mem:30.91M (Peak 58.93M) | Time:00:00.12 | Mem:0.00M, Peak:0.00M | Scene, ViewLayer | Updating Objects
Fra:16 Mem:30.91M (Peak 58.93M) | Time:00:00.12 | Mem:0.00M, Peak:0.00M | Scene, ViewLayer | Updating Objects | Copying Transformations to device
Fra:16 Mem:30.92M (Peak 58.93M) | Time:00:00.12 | Mem:0.01M, Peak:0.01M | Scene, ViewLayer | Updating Particle Systems
Fra:16 Mem:30.92M (Peak 58.93M) | Time:00:00.12 | Mem:0.01M, Peak:0.01M | Scene, ViewLayer | Updating Particle Systems | Copying Particles to device
Fra:16 Mem:30.92M (Peak 58.93M) | Time:00:00.12 | Mem:0.01M, Peak:0.01M | Scene, ViewLayer | Updating Meshes
Fra:16 Mem:30.92M (Peak 58.93M) | Time:00:00.12 | Mem:0.01M, Peak:0.01M | Scene, ViewLayer | Updating Objects | Applying Static Transformations
Fra:16 Mem:30.92M (Peak 58.93M) | Time:00:00.12 | Mem:0.01M, Peak:0.01M | Scene, ViewLayer | Updating Mesh | Computing attributes
Fra:16 Mem:31.32M (Peak 58.93M) | Time:00:00.12 | Mem:0.01M, Peak:0.01M | Scene, ViewLayer | Updating Mesh | Copying Attributes to device
Fra:16 Mem:31.32M (Peak 58.93M) | Time:00:00.12 | Mem:0.41M, Peak:0.41M | Scene, ViewLayer | Updating Scene BVH | Building
Fra:16 Mem:31.32M (Peak 58.93M) | Time:00:00.12 | Mem:0.41M, Peak:0.41M | Scene, ViewLayer | Updating Scene BVH | Building BVH
Fra:16 Mem:34.69M (Peak 58.93M) | Time:00:00.13 | Mem:0.41M, Peak:0.41M | Scene, ViewLayer | Updating Scene BVH | Packing BVH triangles and strands
Fra:16 Mem:34.92M (Peak 58.93M) | Time:00:00.13 | Mem:0.41M, Peak:0.41M | Scene, ViewLayer | Updating Scene BVH | Packing BVH nodes
Fra:16 Mem:34.85M (Peak 58.93M) | Time:00:00.13 | Mem:0.41M, Peak:0.41M | Scene, ViewLayer | Updating Scene BVH | Copying BVH to device
Fra:16 Mem:34.85M (Peak 58.93M) | Time:00:00.13 | Mem:2.17M, Peak:2.17M | Scene, ViewLayer | Updating Mesh | Computing normals
Fra:16 Mem:36.54M (Peak 58.93M) | Time:00:00.13 | Mem:2.17M, Peak:2.17M | Scene, ViewLayer | Updating Mesh | Copying Mesh to device
Fra:16 Mem:36.54M (Peak 58.93M) | Time:00:00.13 | Mem:3.86M, Peak:3.86M | Scene, ViewLayer | Updating Objects Flags
Fra:16 Mem:36.54M (Peak 58.93M) | Time:00:00.13 | Mem:3.86M, Peak:3.86M | Scene, ViewLayer | Updating Primitive Offsets
Fra:16 Mem:36.54M (Peak 58.93M) | Time:00:00.13 | Mem:3.86M, Peak:3.86M | Scene, ViewLayer | Updating Images
Fra:16 Mem:36.54M (Peak 58.93M) | Time:00:00.13 | Mem:3.86M, Peak:3.86M | Scene, ViewLayer | Updating Camera Volume
Fra:16 Mem:36.54M (Peak 58.93M) | Time:00:00.13 | Mem:3.86M, Peak:3.86M | Scene, ViewLayer | Updating Lookup Tables
Fra:16 Mem:36.54M (Peak 58.93M) | Time:00:00.13 | Mem:3.94M, Peak:3.94M | Scene, ViewLayer | Updating Lights
Fra:16 Mem:36.54M (Peak 58.93M) | Time:00:00.13 | Mem:3.95M, Peak:3.95M | Scene, ViewLayer | Updating Lights | Computing tree
Fra:16 Mem:36.54M (Peak 58.93M) | Time:00:00.13 | Mem:3.95M, Peak:3.95M | Scene, ViewLayer | Updating Integrator
Fra:16 Mem:36.54M (Peak 58.93M) | Time:00:00.13 | Mem:3.95M, Peak:3.95M | Scene, ViewLayer | Updating Film
Fra:16 Mem:36.54M (Peak 58.93M) | Time:00:00.13 | Mem:3.86M, Peak:3.95M | Scene, ViewLayer | Updating Lookup Tables
Fra:16 Mem:36.54M (Peak 58.93M) | Time:00:00.13 | Mem:3.95M, Peak:3.95M | Scene, ViewLayer | Updating Baking
Fra:16 Mem:36.54M (Peak 58.93M) | Time:00:00.13 | Mem:3.95M, Peak:3.95M | Scene, ViewLayer | Updating Device | Writing constant memory
Fra:16 Mem:36.55M (Peak 58.93M) | Time:00:00.13 | Mem:3.95M, Peak:3.95M | Scene, ViewLayer | Loading denoising kernels (may take a few minutes the first time)
Fra:16 Mem:40.55M (Peak 58.93M) | Time:00:00.13 | Mem:355.95M, Peak:355.95M | Scene, ViewLayer | Sample 0/24
Fra:16 Mem:83.30M (Peak 83.30M) | Time:00:00.14 | Remaining:00:00.13 | Mem:398.70M, Peak:398.70M | Scene, ViewLayer | Sample 1/24
2026-09-23T06:35:58+0900/hunyuan-rig/heartbeat {'stage': 'down_left', 'frame': 16} images=45
Fra:16 Mem:101.31M (Peak 128.31M) | Time:00:01.58 | Mem:398.70M, Peak:398.70M | Scene, ViewLayer | Sample 24/24
Fra:16 Mem:101.31M (Peak 128.31M) | Time:00:01.58 | Mem:398.70M, Peak:398.70M | Scene, ViewLayer | Finished
Saved: '/home/cbsim/ws/slime-workflow/.tmp/2026-09-23_06-25-15/down_left-06.png'
Time: 00:01.71 (Saving: 00:00.04)

Fra:19 Mem:31.33M (Peak 31.33M) | Time:00:00.08 | Mem:0.00M, Peak:0.00M | Scene, ViewLayer | Synchronizing object | key
Fra:19 Mem:31.33M (Peak 31.33M) | Time:00:00.08 | Mem:0.00M, Peak:0.00M | Scene, ViewLayer | Synchronizing object | fill
Fra:19 Mem:31.33M (Peak 31.33M) | Time:00:00.08 | Mem:0.00M, Peak:0.00M | Scene, ViewLayer | Synchronizing object | head-shell-part
Fra:19 Mem:31.35M (Peak 31.35M) | Time:00:00.08 | Mem:0.00M, Peak:0.00M | Scene, ViewLayer | Synchronizing object | neck-shell-part
Fra:19 Mem:31.39M (Peak 31.39M) | Time:00:00.08 | Mem:0.00M, Peak:0.00M | Scene, ViewLayer | Synchronizing object | pelvis-shell-part
Fra:19 Mem:31.44M (Peak 31.44M) | Time:00:00.08 | Mem:0.00M, Peak:0.00M | Scene, ViewLayer | Synchronizing object | waist-internal-core
Fra:19 Mem:31.58M (Peak 31.58M) | Time:00:00.08 | Mem:0.00M, Peak:0.00M | Scene, ViewLayer | Synchronizing object | chest-internal-core
Fra:19 Mem:31.63M (Peak 31.63M) | Time:00:00.08 | Mem:0.00M, Peak:0.00M | Scene, ViewLayer | Synchronizing object | left-forearm-shell
Fra:19 Mem:31.68M (Peak 31.68M) | Time:00:00.08 | Mem:0.00M, Peak:0.00M | Scene, ViewLayer | Synchronizing object | left-thigh-shell
Fra:19 Mem:31.77M (Peak 31.77M) | Time:00:00.08 | Mem:0.00M, Peak:0.00M | Scene, ViewLayer | Synchronizing object | left-shoulder-ball
Fra:19 Mem:31.84M (Peak 31.84M) | Time:00:00.08 | Mem:0.00M, Peak:0.00M | Scene, ViewLayer | Synchronizing object | left-wrist-ball
Fra:19 Mem:31.88M (Peak 31.88M) | Time:00:00.08 | Mem:0.00M, Peak:0.00M | Scene, ViewLayer | Synchronizing object | left-knee-ball
Fra:19 Mem:32.11M (Peak 32.11M) | Time:00:00.08 | Mem:0.00M, Peak:0.00M | Scene, ViewLayer | Synchronizing object | left-ankle-ball
Fra:19 Mem:32.21M (Peak 32.21M) | Time:00:00.08 | Mem:0.00M, Peak:0.00M | Scene, ViewLayer | Synchronizing object | right-thigh-shell
Fra:19 Mem:32.28M (Peak 32.28M) | Time:00:00.08 | Mem:0.00M, Peak:0.00M | Scene, ViewLayer | Synchronizing object | right-shin-shell
Fra:19 Mem:32.39M (Peak 32.39M) | Time:00:00.08 | Mem:0.00M, Peak:0.00M | Scene, ViewLayer | Synchronizing object | right-foot-shell
Fra:19 Mem:32.39M (Peak 32.39M) | Time:00:00.08 | Mem:0.00M, Peak:0.00M | Scene, ViewLayer | Synchronizing object | right-knee-ball
Fra:19 Mem:34.25M (Peak 34.25M) | Time:00:00.08 | Mem:0.00M, Peak:0.00M | Scene, ViewLayer | Initializing
Fra:19 Mem:30.83M (Peak 34.25M) | Time:00:00.08 | Mem:0.00M, Peak:0.00M | Scene, ViewLayer | Waiting for render to start
Fra:19 Mem:30.83M (Peak 34.25M) | Time:00:00.09 | Mem:0.00M, Peak:0.00M | Scene, ViewLayer | Updating Scene
Fra:19 Mem:30.83M (Peak 34.25M) | Time:00:00.09 | Mem:0.00M, Peak:0.00M | Scene, ViewLayer | Updating Shaders
Fra:19 Mem:30.83M (Peak 34.25M) | Time:00:00.09 | Mem:0.00M, Peak:0.00M | Scene, ViewLayer | Loading render kernels (may take a few minutes the first time)
Fra:19 Mem:30.91M (Peak 58.93M) | Time:00:00.13 | Mem:0.00M, Peak:0.00M | Scene, ViewLayer | Updating Procedurals
Fra:19 Mem:30.91M (Peak 58.93M) | Time:00:00.13 | Mem:0.00M, Peak:0.00M | Scene, ViewLayer | Updating Background
Fra:19 Mem:30.91M (Peak 58.93M) | Time:00:00.13 | Mem:0.00M, Peak:0.00M | Scene, ViewLayer | Updating Camera
Fra:19 Mem:30.91M (Peak 58.93M) | Time:00:00.13 | Mem:0.00M, Peak:0.00M | Scene, ViewLayer | Updating Meshes Flags
Fra:19 Mem:30.91M (Peak 58.93M) | Time:00:00.13 | Mem:0.00M, Peak:0.00M | Scene, ViewLayer | Updating Objects
Fra:19 Mem:30.91M (Peak 58.93M) | Time:00:00.13 | Mem:0.00M, Peak:0.00M | Scene, ViewLayer | Updating Objects | Copying Transformations to device
Fra:19 Mem:30.92M (Peak 58.93M) | Time:00:00.13 | Mem:0.01M, Peak:0.01M | Scene, ViewLayer | Updating Particle Systems
Fra:19 Mem:30.92M (Peak 58.93M) | Time:00:00.13 | Mem:0.01M, Peak:0.01M | Scene, ViewLayer | Updating Particle Systems | Copying Particles to device
Fra:19 Mem:30.92M (Peak 58.93M) | Time:00:00.13 | Mem:0.01M, Peak:0.01M | Scene, ViewLayer | Updating Meshes
Fra:19 Mem:30.92M (Peak 58.93M) | Time:00:00.13 | Mem:0.01M, Peak:0.01M | Scene, ViewLayer | Updating Objects | Applying Static Transformations
Fra:19 Mem:30.92M (Peak 58.93M) | Time:00:00.13 | Mem:0.01M, Peak:0.01M | Scene, ViewLayer | Updating Mesh | Computing attributes
Fra:19 Mem:31.32M (Peak 58.93M) | Time:00:00.13 | Mem:0.01M, Peak:0.01M | Scene, ViewLayer | Updating Mesh | Copying Attributes to device
Fra:19 Mem:31.32M (Peak 58.93M) | Time:00:00.13 | Mem:0.41M, Peak:0.41M | Scene, ViewLayer | Updating Scene BVH | Building
Fra:19 Mem:31.32M (Peak 58.93M) | Time:00:00.13 | Mem:0.41M, Peak:0.41M | Scene, ViewLayer | Updating Scene BVH | Building BVH
Fra:19 Mem:34.69M (Peak 58.93M) | Time:00:00.13 | Mem:0.41M, Peak:0.41M | Scene, ViewLayer | Updating Scene BVH | Packing BVH triangles and strands
Fra:19 Mem:34.92M (Peak 58.93M) | Time:00:00.13 | Mem:0.41M, Peak:0.41M | Scene, ViewLayer | Updating Scene BVH | Packing BVH nodes
Fra:19 Mem:34.84M (Peak 58.93M) | Time:00:00.13 | Mem:0.41M, Peak:0.41M | Scene, ViewLayer | Updating Scene BVH | Copying BVH to device
Fra:19 Mem:34.84M (Peak 58.93M) | Time:00:00.13 | Mem:2.17M, Peak:2.17M | Scene, ViewLayer | Updating Mesh | Computing normals
Fra:19 Mem:36.53M (Peak 58.93M) | Time:00:00.14 | Mem:2.17M, Peak:2.17M | Scene, ViewLayer | Updating Mesh | Copying Mesh to device
Fra:19 Mem:36.53M (Peak 58.93M) | Time:00:00.14 | Mem:3.86M, Peak:3.86M | Scene, ViewLayer | Updating Objects Flags
Fra:19 Mem:36.53M (Peak 58.93M) | Time:00:00.14 | Mem:3.86M, Peak:3.86M | Scene, ViewLayer | Updating Primitive Offsets
Fra:19 Mem:36.53M (Peak 58.93M) | Time:00:00.14 | Mem:3.86M, Peak:3.86M | Scene, ViewLayer | Updating Images
Fra:19 Mem:36.53M (Peak 58.93M) | Time:00:00.14 | Mem:3.86M, Peak:3.86M | Scene, ViewLayer | Updating Camera Volume
Fra:19 Mem:36.53M (Peak 58.93M) | Time:00:00.14 | Mem:3.86M, Peak:3.86M | Scene, ViewLayer | Updating Lookup Tables
Fra:19 Mem:36.53M (Peak 58.93M) | Time:00:00.14 | Mem:3.94M, Peak:3.94M | Scene, ViewLayer | Updating Lights
Fra:19 Mem:36.53M (Peak 58.93M) | Time:00:00.14 | Mem:3.94M, Peak:3.94M | Scene, ViewLayer | Updating Lights | Computing tree
Fra:19 Mem:36.53M (Peak 58.93M) | Time:00:00.14 | Mem:3.94M, Peak:3.94M | Scene, ViewLayer | Updating Integrator
Fra:19 Mem:36.53M (Peak 58.93M) | Time:00:00.14 | Mem:3.94M, Peak:3.94M | Scene, ViewLayer | Updating Film
Fra:19 Mem:36.53M (Peak 58.93M) | Time:00:00.14 | Mem:3.86M, Peak:3.94M | Scene, ViewLayer | Updating Lookup Tables
Fra:19 Mem:36.53M (Peak 58.93M) | Time:00:00.14 | Mem:3.94M, Peak:3.94M | Scene, ViewLayer | Updating Baking
Fra:19 Mem:36.53M (Peak 58.93M) | Time:00:00.14 | Mem:3.94M, Peak:3.94M | Scene, ViewLayer | Updating Device | Writing constant memory
Fra:19 Mem:36.54M (Peak 58.93M) | Time:00:00.14 | Mem:3.94M, Peak:3.94M | Scene, ViewLayer | Loading denoising kernels (may take a few minutes the first time)
Fra:19 Mem:40.54M (Peak 58.93M) | Time:00:00.14 | Mem:355.95M, Peak:355.95M | Scene, ViewLayer | Sample 0/24
Fra:19 Mem:83.29M (Peak 83.29M) | Time:00:00.14 | Remaining:00:00.13 | Mem:398.70M, Peak:398.70M | Scene, ViewLayer | Sample 1/24
Fra:19 Mem:101.30M (Peak 128.30M) | Time:00:01.63 | Mem:398.70M, Peak:398.70M | Scene, ViewLayer | Sample 24/24
Fra:19 Mem:101.30M (Peak 128.30M) | Time:00:01.63 | Mem:398.70M, Peak:398.70M | Scene, ViewLayer | Finished
Saved: '/home/cbsim/ws/slime-workflow/.tmp/2026-09-23_06-25-15/down_left-07.png'
Time: 00:01.75 (Saving: 00:00.03)

Fra:22 Mem:31.33M (Peak 31.33M) | Time:00:00.08 | Mem:0.00M, Peak:0.00M | Scene, ViewLayer | Synchronizing object | key
Fra:22 Mem:31.33M (Peak 31.33M) | Time:00:00.08 | Mem:0.00M, Peak:0.00M | Scene, ViewLayer | Synchronizing object | head-shell-part
Fra:22 Mem:31.33M (Peak 31.33M) | Time:00:00.08 | Mem:0.00M, Peak:0.00M | Scene, ViewLayer | Synchronizing object | neck-shell-part
Fra:22 Mem:31.34M (Peak 31.34M) | Time:00:00.08 | Mem:0.00M, Peak:0.00M | Scene, ViewLayer | Synchronizing object | pelvis-shell-part
Fra:22 Mem:31.44M (Peak 31.44M) | Time:00:00.08 | Mem:0.00M, Peak:0.00M | Scene, ViewLayer | Synchronizing object | head-pivot-ball
Fra:22 Mem:31.48M (Peak 31.48M) | Time:00:00.08 | Mem:0.00M, Peak:0.00M | Scene, ViewLayer | Synchronizing object | waist-internal-core
Fra:22 Mem:31.52M (Peak 31.52M) | Time:00:00.08 | Mem:0.00M, Peak:0.00M | Scene, ViewLayer | Synchronizing object | left-thigh-shell
Fra:22 Mem:31.53M (Peak 31.53M) | Time:00:00.08 | Mem:0.00M, Peak:0.00M | Scene, ViewLayer | Synchronizing object | left-shin-shell
Fra:22 Mem:31.55M (Peak 31.55M) | Time:00:00.08 | Mem:0.00M, Peak:0.00M | Scene, ViewLayer | Synchronizing object | left-wrist-ball
Fra:22 Mem:31.60M (Peak 31.60M) | Time:00:00.08 | Mem:0.00M, Peak:0.00M | Scene, ViewLayer | Synchronizing object | left-ankle-ball
Fra:22 Mem:31.68M (Peak 31.68M) | Time:00:00.08 | Mem:0.00M, Peak:0.00M | Scene, ViewLayer | Synchronizing object | right-upper-arm-shell
Fra:22 Mem:31.69M (Peak 31.69M) | Time:00:00.08 | Mem:0.00M, Peak:0.00M | Scene, ViewLayer | Synchronizing object | right-forearm-shell
Fra:22 Mem:31.84M (Peak 31.84M) | Time:00:00.08 | Mem:0.00M, Peak:0.00M | Scene, ViewLayer | Synchronizing object | right-hand-shell
Fra:22 Mem:32.08M (Peak 32.08M) | Time:00:00.08 | Mem:0.00M, Peak:0.00M | Scene, ViewLayer | Synchronizing object | right-foot-shell
Fra:22 Mem:32.29M (Peak 32.29M) | Time:00:00.08 | Mem:0.00M, Peak:0.00M | Scene, ViewLayer | Synchronizing object | right-shoulder-ball
Fra:22 Mem:32.58M (Peak 32.58M) | Time:00:00.08 | Mem:0.00M, Peak:0.00M | Scene, ViewLayer | Synchronizing object | right-elbow-ball
Fra:22 Mem:32.94M (Peak 32.94M) | Time:00:00.08 | Mem:0.00M, Peak:0.00M | Scene, ViewLayer | Synchronizing object | right-hip-ball
Fra:22 Mem:34.25M (Peak 34.25M) | Time:00:00.08 | Mem:0.00M, Peak:0.00M | Scene, ViewLayer | Initializing
Fra:22 Mem:30.83M (Peak 34.25M) | Time:00:00.08 | Mem:0.00M, Peak:0.00M | Scene, ViewLayer | Waiting for render to start
Fra:22 Mem:30.83M (Peak 34.25M) | Time:00:00.08 | Mem:0.00M, Peak:0.00M | Scene, ViewLayer | Updating Scene
Fra:22 Mem:30.83M (Peak 34.25M) | Time:00:00.08 | Mem:0.00M, Peak:0.00M | Scene, ViewLayer | Updating Shaders
Fra:22 Mem:30.83M (Peak 34.25M) | Time:00:00.08 | Mem:0.00M, Peak:0.00M | Scene, ViewLayer | Loading render kernels (may take a few minutes the first time)
Fra:22 Mem:30.91M (Peak 58.93M) | Time:00:00.12 | Mem:0.00M, Peak:0.00M | Scene, ViewLayer | Updating Procedurals
Fra:22 Mem:30.91M (Peak 58.93M) | Time:00:00.12 | Mem:0.00M, Peak:0.00M | Scene, ViewLayer | Updating Background
Fra:22 Mem:30.91M (Peak 58.93M) | Time:00:00.12 | Mem:0.00M, Peak:0.00M | Scene, ViewLayer | Updating Camera
Fra:22 Mem:30.91M (Peak 58.93M) | Time:00:00.12 | Mem:0.00M, Peak:0.00M | Scene, ViewLayer | Updating Meshes Flags
Fra:22 Mem:30.91M (Peak 58.93M) | Time:00:00.12 | Mem:0.00M, Peak:0.00M | Scene, ViewLayer | Updating Objects
Fra:22 Mem:30.91M (Peak 58.93M) | Time:00:00.12 | Mem:0.00M, Peak:0.00M | Scene, ViewLayer | Updating Objects | Copying Transformations to device
Fra:22 Mem:30.92M (Peak 58.93M) | Time:00:00.12 | Mem:0.01M, Peak:0.01M | Scene, ViewLayer | Updating Particle Systems
Fra:22 Mem:30.92M (Peak 58.93M) | Time:00:00.12 | Mem:0.01M, Peak:0.01M | Scene, ViewLayer | Updating Particle Systems | Copying Particles to device
Fra:22 Mem:30.92M (Peak 58.93M) | Time:00:00.12 | Mem:0.01M, Peak:0.01M | Scene, ViewLayer | Updating Meshes
Fra:22 Mem:30.92M (Peak 58.93M) | Time:00:00.12 | Mem:0.01M, Peak:0.01M | Scene, ViewLayer | Updating Objects | Applying Static Transformations
Fra:22 Mem:30.92M (Peak 58.93M) | Time:00:00.12 | Mem:0.01M, Peak:0.01M | Scene, ViewLayer | Updating Mesh | Computing attributes
Fra:22 Mem:31.32M (Peak 58.93M) | Time:00:00.12 | Mem:0.01M, Peak:0.01M | Scene, ViewLayer | Updating Mesh | Copying Attributes to device
Fra:22 Mem:31.32M (Peak 58.93M) | Time:00:00.12 | Mem:0.41M, Peak:0.41M | Scene, ViewLayer | Updating Scene BVH | Building
Fra:22 Mem:31.32M (Peak 58.93M) | Time:00:00.12 | Mem:0.41M, Peak:0.41M | Scene, ViewLayer | Updating Scene BVH | Building BVH
Fra:22 Mem:34.69M (Peak 58.93M) | Time:00:00.13 | Mem:0.41M, Peak:0.41M | Scene, ViewLayer | Updating Scene BVH | Packing BVH triangles and strands
Fra:22 Mem:34.92M (Peak 58.93M) | Time:00:00.13 | Mem:0.41M, Peak:0.41M | Scene, ViewLayer | Updating Scene BVH | Packing BVH nodes
Fra:22 Mem:34.84M (Peak 58.93M) | Time:00:00.13 | Mem:0.41M, Peak:0.41M | Scene, ViewLayer | Updating Scene BVH | Copying BVH to device
Fra:22 Mem:34.84M (Peak 58.93M) | Time:00:00.13 | Mem:2.17M, Peak:2.17M | Scene, ViewLayer | Updating Mesh | Computing normals
Fra:22 Mem:36.53M (Peak 58.93M) | Time:00:00.13 | Mem:2.17M, Peak:2.17M | Scene, ViewLayer | Updating Mesh | Copying Mesh to device
Fra:22 Mem:36.53M (Peak 58.93M) | Time:00:00.13 | Mem:3.86M, Peak:3.86M | Scene, ViewLayer | Updating Objects Flags
Fra:22 Mem:36.53M (Peak 58.93M) | Time:00:00.13 | Mem:3.86M, Peak:3.86M | Scene, ViewLayer | Updating Primitive Offsets
Fra:22 Mem:36.53M (Peak 58.93M) | Time:00:00.13 | Mem:3.86M, Peak:3.86M | Scene, ViewLayer | Updating Images
Fra:22 Mem:36.53M (Peak 58.93M) | Time:00:00.13 | Mem:3.86M, Peak:3.86M | Scene, ViewLayer | Updating Camera Volume
Fra:22 Mem:36.53M (Peak 58.93M) | Time:00:00.13 | Mem:3.86M, Peak:3.86M | Scene, ViewLayer | Updating Lookup Tables
Fra:22 Mem:36.53M (Peak 58.93M) | Time:00:00.13 | Mem:3.94M, Peak:3.94M | Scene, ViewLayer | Updating Lights
Fra:22 Mem:36.53M (Peak 58.93M) | Time:00:00.13 | Mem:3.94M, Peak:3.94M | Scene, ViewLayer | Updating Lights | Computing tree
Fra:22 Mem:36.54M (Peak 58.93M) | Time:00:00.13 | Mem:3.94M, Peak:3.94M | Scene, ViewLayer | Updating Integrator
Fra:22 Mem:36.54M (Peak 58.93M) | Time:00:00.13 | Mem:3.94M, Peak:3.94M | Scene, ViewLayer | Updating Film
Fra:22 Mem:36.54M (Peak 58.93M) | Time:00:00.13 | Mem:3.86M, Peak:3.94M | Scene, ViewLayer | Updating Lookup Tables
Fra:22 Mem:36.54M (Peak 58.93M) | Time:00:00.13 | Mem:3.95M, Peak:3.95M | Scene, ViewLayer | Updating Baking
Fra:22 Mem:36.54M (Peak 58.93M) | Time:00:00.13 | Mem:3.95M, Peak:3.95M | Scene, ViewLayer | Updating Device | Writing constant memory
Fra:22 Mem:36.54M (Peak 58.93M) | Time:00:00.13 | Mem:3.95M, Peak:3.95M | Scene, ViewLayer | Loading denoising kernels (may take a few minutes the first time)
Fra:22 Mem:40.54M (Peak 58.93M) | Time:00:00.14 | Mem:355.95M, Peak:355.95M | Scene, ViewLayer | Sample 0/24
Fra:22 Mem:83.30M (Peak 83.30M) | Time:00:00.14 | Remaining:00:00.13 | Mem:398.70M, Peak:398.70M | Scene, ViewLayer | Sample 1/24
Fra:22 Mem:101.30M (Peak 128.30M) | Time:00:01.58 | Mem:398.70M, Peak:398.70M | Scene, ViewLayer | Sample 24/24
Fra:22 Mem:101.30M (Peak 128.30M) | Time:00:01.58 | Mem:398.70M, Peak:398.70M | Scene, ViewLayer | Finished
Saved: '/home/cbsim/ws/slime-workflow/.tmp/2026-09-23_06-25-15/down_left-08.png'
Time: 00:01.70 (Saving: 00:00.03)

Fra:1 Mem:31.33M (Peak 31.33M) | Time:00:00.07 | Mem:0.00M, Peak:0.00M | Scene, ViewLayer | Synchronizing object | key
Fra:1 Mem:31.33M (Peak 31.33M) | Time:00:00.07 | Mem:0.00M, Peak:0.00M | Scene, ViewLayer | Synchronizing object | chest-shell-part
Fra:1 Mem:31.33M (Peak 31.33M) | Time:00:00.07 | Mem:0.00M, Peak:0.00M | Scene, ViewLayer | Synchronizing object | head-pivot-ball
Fra:1 Mem:31.35M (Peak 31.35M) | Time:00:00.07 | Mem:0.00M, Peak:0.00M | Scene, ViewLayer | Synchronizing object | right-ankle-ball
Fra:1 Mem:31.40M (Peak 31.40M) | Time:00:00.07 | Mem:0.00M, Peak:0.00M | Scene, ViewLayer | Synchronizing object | chest-internal-core
Fra:1 Mem:31.40M (Peak 31.40M) | Time:00:00.07 | Mem:0.00M, Peak:0.00M | Scene, ViewLayer | Synchronizing object | left-shoulder-ball
Fra:1 Mem:31.40M (Peak 31.40M) | Time:00:00.07 | Mem:0.00M, Peak:0.00M | Scene, ViewLayer | Synchronizing object | left-elbow-ball
Fra:1 Mem:31.47M (Peak 31.47M) | Time:00:00.07 | Mem:0.00M, Peak:0.00M | Scene, ViewLayer | Synchronizing object | left-ankle-ball
Fra:1 Mem:31.52M (Peak 31.52M) | Time:00:00.07 | Mem:0.00M, Peak:0.00M | Scene, ViewLayer | Synchronizing object | right-forearm-shell
Fra:1 Mem:31.59M (Peak 31.59M) | Time:00:00.07 | Mem:0.00M, Peak:0.00M | Scene, ViewLayer | Synchronizing object | right-knee-ball
Fra:1 Mem:31.59M (Peak 31.59M) | Time:00:00.07 | Mem:0.00M, Peak:0.00M | Scene, ViewLayer | Synchronizing object | right-thigh-shell
Fra:1 Mem:31.82M (Peak 31.82M) | Time:00:00.08 | Mem:0.00M, Peak:0.00M | Scene, ViewLayer | Synchronizing object | right-foot-shell
Fra:1 Mem:32.11M (Peak 32.11M) | Time:00:00.08 | Mem:0.00M, Peak:0.00M | Scene, ViewLayer | Synchronizing object | right-wrist-ball
Fra:1 Mem:34.05M (Peak 34.05M) | Time:00:00.08 | Mem:0.00M, Peak:0.00M | Scene, ViewLayer | Synchronizing object | right-hip-ball
Fra:1 Mem:34.25M (Peak 34.25M) | Time:00:00.08 | Mem:0.00M, Peak:0.00M | Scene, ViewLayer | Initializing
Fra:1 Mem:30.83M (Peak 34.25M) | Time:00:00.08 | Mem:0.00M, Peak:0.00M | Scene, ViewLayer | Waiting for render to start
Fra:1 Mem:30.83M (Peak 34.25M) | Time:00:00.08 | Mem:0.00M, Peak:0.00M | Scene, ViewLayer | Updating Scene
Fra:1 Mem:30.83M (Peak 34.25M) | Time:00:00.08 | Mem:0.00M, Peak:0.00M | Scene, ViewLayer | Updating Shaders
Fra:1 Mem:30.83M (Peak 34.25M) | Time:00:00.08 | Mem:0.00M, Peak:0.00M | Scene, ViewLayer | Loading render kernels (may take a few minutes the first time)
Fra:1 Mem:30.91M (Peak 58.93M) | Time:00:00.12 | Mem:0.00M, Peak:0.00M | Scene, ViewLayer | Updating Procedurals
Fra:1 Mem:30.91M (Peak 58.93M) | Time:00:00.12 | Mem:0.00M, Peak:0.00M | Scene, ViewLayer | Updating Background
Fra:1 Mem:30.91M (Peak 58.93M) | Time:00:00.12 | Mem:0.00M, Peak:0.00M | Scene, ViewLayer | Updating Camera
Fra:1 Mem:30.91M (Peak 58.93M) | Time:00:00.12 | Mem:0.00M, Peak:0.00M | Scene, ViewLayer | Updating Meshes Flags
Fra:1 Mem:30.91M (Peak 58.93M) | Time:00:00.12 | Mem:0.00M, Peak:0.00M | Scene, ViewLayer | Updating Objects
Fra:1 Mem:30.91M (Peak 58.93M) | Time:00:00.12 | Mem:0.00M, Peak:0.00M | Scene, ViewLayer | Updating Objects | Copying Transformations to device
Fra:1 Mem:30.92M (Peak 58.93M) | Time:00:00.12 | Mem:0.01M, Peak:0.01M | Scene, ViewLayer | Updating Particle Systems
Fra:1 Mem:30.92M (Peak 58.93M) | Time:00:00.12 | Mem:0.01M, Peak:0.01M | Scene, ViewLayer | Updating Particle Systems | Copying Particles to device
Fra:1 Mem:30.92M (Peak 58.93M) | Time:00:00.12 | Mem:0.01M, Peak:0.01M | Scene, ViewLayer | Updating Meshes
Fra:1 Mem:30.92M (Peak 58.93M) | Time:00:00.12 | Mem:0.01M, Peak:0.01M | Scene, ViewLayer | Updating Objects | Applying Static Transformations
Fra:1 Mem:30.92M (Peak 58.93M) | Time:00:00.12 | Mem:0.01M, Peak:0.01M | Scene, ViewLayer | Updating Mesh | Computing attributes
Fra:1 Mem:31.32M (Peak 58.93M) | Time:00:00.12 | Mem:0.01M, Peak:0.01M | Scene, ViewLayer | Updating Mesh | Copying Attributes to device
Fra:1 Mem:31.32M (Peak 58.93M) | Time:00:00.12 | Mem:0.41M, Peak:0.41M | Scene, ViewLayer | Updating Scene BVH | Building
Fra:1 Mem:31.32M (Peak 58.93M) | Time:00:00.12 | Mem:0.41M, Peak:0.41M | Scene, ViewLayer | Updating Scene BVH | Building BVH
Fra:1 Mem:34.69M (Peak 58.93M) | Time:00:00.13 | Mem:0.41M, Peak:0.41M | Scene, ViewLayer | Updating Scene BVH | Packing BVH triangles and strands
Fra:1 Mem:34.92M (Peak 58.93M) | Time:00:00.13 | Mem:0.41M, Peak:0.41M | Scene, ViewLayer | Updating Scene BVH | Packing BVH nodes
Fra:1 Mem:34.84M (Peak 58.93M) | Time:00:00.13 | Mem:0.41M, Peak:0.41M | Scene, ViewLayer | Updating Scene BVH | Copying BVH to device
Fra:1 Mem:34.84M (Peak 58.93M) | Time:00:00.13 | Mem:2.17M, Peak:2.17M | Scene, ViewLayer | Updating Mesh | Computing normals
Fra:1 Mem:36.54M (Peak 58.93M) | Time:00:00.13 | Mem:2.17M, Peak:2.17M | Scene, ViewLayer | Updating Mesh | Copying Mesh to device
Fra:1 Mem:36.54M (Peak 58.93M) | Time:00:00.13 | Mem:3.86M, Peak:3.86M | Scene, ViewLayer | Updating Objects Flags
Fra:1 Mem:36.54M (Peak 58.93M) | Time:00:00.13 | Mem:3.86M, Peak:3.86M | Scene, ViewLayer | Updating Primitive Offsets
Fra:1 Mem:36.54M (Peak 58.93M) | Time:00:00.13 | Mem:3.86M, Peak:3.86M | Scene, ViewLayer | Updating Images
Fra:1 Mem:36.54M (Peak 58.93M) | Time:00:00.13 | Mem:3.86M, Peak:3.86M | Scene, ViewLayer | Updating Camera Volume
Fra:1 Mem:36.54M (Peak 58.93M) | Time:00:00.13 | Mem:3.86M, Peak:3.86M | Scene, ViewLayer | Updating Lookup Tables
Fra:1 Mem:36.54M (Peak 58.93M) | Time:00:00.13 | Mem:3.94M, Peak:3.94M | Scene, ViewLayer | Updating Lights
Fra:1 Mem:36.54M (Peak 58.93M) | Time:00:00.13 | Mem:3.94M, Peak:3.94M | Scene, ViewLayer | Updating Lights | Computing tree
Fra:1 Mem:36.54M (Peak 58.93M) | Time:00:00.13 | Mem:3.94M, Peak:3.94M | Scene, ViewLayer | Updating Integrator
Fra:1 Mem:36.54M (Peak 58.93M) | Time:00:00.13 | Mem:3.94M, Peak:3.94M | Scene, ViewLayer | Updating Film
Fra:1 Mem:36.54M (Peak 58.93M) | Time:00:00.13 | Mem:3.86M, Peak:3.94M | Scene, ViewLayer | Updating Lookup Tables
Fra:1 Mem:36.54M (Peak 58.93M) | Time:00:00.13 | Mem:3.95M, Peak:3.95M | Scene, ViewLayer | Updating Baking
Fra:1 Mem:36.54M (Peak 58.93M) | Time:00:00.13 | Mem:3.95M, Peak:3.95M | Scene, ViewLayer | Updating Device | Writing constant memory
Fra:1 Mem:36.54M (Peak 58.93M) | Time:00:00.13 | Mem:3.95M, Peak:3.95M | Scene, ViewLayer | Loading denoising kernels (may take a few minutes the first time)
Fra:1 Mem:40.55M (Peak 58.93M) | Time:00:00.13 | Mem:355.95M, Peak:355.95M | Scene, ViewLayer | Sample 0/24
Fra:1 Mem:83.30M (Peak 83.30M) | Time:00:00.14 | Remaining:00:00.14 | Mem:398.70M, Peak:398.70M | Scene, ViewLayer | Sample 1/24
2026-09-23T06:36:03+0900/hunyuan-rig/heartbeat {'stage': 'down_right', 'frame': 1} images=45
Fra:1 Mem:101.30M (Peak 128.31M) | Time:00:01.59 | Mem:398.70M, Peak:398.70M | Scene, ViewLayer | Sample 24/24
Fra:1 Mem:101.30M (Peak 128.31M) | Time:00:01.59 | Mem:398.70M, Peak:398.70M | Scene, ViewLayer | Finished
Saved: '/home/cbsim/ws/slime-workflow/.tmp/2026-09-23_06-25-15/down_right-01.png'
Time: 00:01.71 (Saving: 00:00.03)

Fra:4 Mem:31.33M (Peak 31.33M) | Time:00:00.08 | Mem:0.00M, Peak:0.00M | Scene, ViewLayer | Synchronizing object | key
Fra:4 Mem:31.33M (Peak 31.33M) | Time:00:00.08 | Mem:0.00M, Peak:0.00M | Scene, ViewLayer | Synchronizing object | head-shell-part
Fra:4 Mem:31.33M (Peak 31.33M) | Time:00:00.08 | Mem:0.00M, Peak:0.00M | Scene, ViewLayer | Synchronizing object | neck-shell-part
Fra:4 Mem:31.39M (Peak 31.39M) | Time:00:00.08 | Mem:0.00M, Peak:0.00M | Scene, ViewLayer | Synchronizing object | chest-shell-part
Fra:4 Mem:31.43M (Peak 31.43M) | Time:00:00.08 | Mem:0.00M, Peak:0.00M | Scene, ViewLayer | Synchronizing object | abdomen-shell-part
Fra:4 Mem:31.44M (Peak 31.44M) | Time:00:00.08 | Mem:0.00M, Peak:0.00M | Scene, ViewLayer | Synchronizing object | pelvis-shell-part
Fra:4 Mem:31.58M (Peak 31.58M) | Time:00:00.08 | Mem:0.00M, Peak:0.00M | Scene, ViewLayer | Synchronizing object | left-hand-shell
Fra:4 Mem:31.65M (Peak 31.65M) | Time:00:00.08 | Mem:0.00M, Peak:0.00M | Scene, ViewLayer | Synchronizing object | left-thigh-shell
Fra:4 Mem:31.76M (Peak 31.76M) | Time:00:00.08 | Mem:0.00M, Peak:0.00M | Scene, ViewLayer | Synchronizing object | right-hip-ball
Fra:4 Mem:31.92M (Peak 31.92M) | Time:00:00.08 | Mem:0.00M, Peak:0.00M | Scene, ViewLayer | Synchronizing object | left-foot-shell
Fra:4 Mem:32.10M (Peak 32.10M) | Time:00:00.08 | Mem:0.00M, Peak:0.00M | Scene, ViewLayer | Synchronizing object | right-forearm-shell
Fra:4 Mem:32.16M (Peak 32.16M) | Time:00:00.08 | Mem:0.00M, Peak:0.00M | Scene, ViewLayer | Synchronizing object | right-thigh-shell
Fra:4 Mem:32.57M (Peak 32.57M) | Time:00:00.08 | Mem:0.00M, Peak:0.00M | Scene, ViewLayer | Synchronizing object | right-foot-shell
Fra:4 Mem:32.62M (Peak 32.62M) | Time:00:00.08 | Mem:0.00M, Peak:0.00M | Scene, ViewLayer | Synchronizing object | right-shoulder-ball
Fra:4 Mem:33.49M (Peak 33.49M) | Time:00:00.08 | Mem:0.00M, Peak:0.00M | Scene, ViewLayer | Synchronizing object | right-elbow-ball
Fra:4 Mem:33.66M (Peak 33.69M) | Time:00:00.08 | Mem:0.00M, Peak:0.00M | Scene, ViewLayer | Synchronizing object | right-wrist-ball
Fra:4 Mem:34.25M (Peak 34.25M) | Time:00:00.09 | Mem:0.00M, Peak:0.00M | Scene, ViewLayer | Initializing
Fra:4 Mem:30.83M (Peak 34.25M) | Time:00:00.09 | Mem:0.00M, Peak:0.00M | Scene, ViewLayer | Waiting for render to start
Fra:4 Mem:30.83M (Peak 34.25M) | Time:00:00.09 | Mem:0.00M, Peak:0.00M | Scene, ViewLayer | Updating Scene
Fra:4 Mem:30.83M (Peak 34.25M) | Time:00:00.09 | Mem:0.00M, Peak:0.00M | Scene, ViewLayer | Updating Shaders
Fra:4 Mem:30.83M (Peak 34.25M) | Time:00:00.09 | Mem:0.00M, Peak:0.00M | Scene, ViewLayer | Loading render kernels (may take a few minutes the first time)
Fra:4 Mem:30.91M (Peak 58.93M) | Time:00:00.13 | Mem:0.00M, Peak:0.00M | Scene, ViewLayer | Updating Procedurals
Fra:4 Mem:30.91M (Peak 58.93M) | Time:00:00.13 | Mem:0.00M, Peak:0.00M | Scene, ViewLayer | Updating Background
Fra:4 Mem:30.91M (Peak 58.93M) | Time:00:00.13 | Mem:0.00M, Peak:0.00M | Scene, ViewLayer | Updating Camera
Fra:4 Mem:30.91M (Peak 58.93M) | Time:00:00.13 | Mem:0.00M, Peak:0.00M | Scene, ViewLayer | Updating Meshes Flags
Fra:4 Mem:30.91M (Peak 58.93M) | Time:00:00.13 | Mem:0.00M, Peak:0.00M | Scene, ViewLayer | Updating Objects
Fra:4 Mem:30.91M (Peak 58.93M) | Time:00:00.13 | Mem:0.00M, Peak:0.00M | Scene, ViewLayer | Updating Objects | Copying Transformations to device
Fra:4 Mem:30.92M (Peak 58.93M) | Time:00:00.13 | Mem:0.01M, Peak:0.01M | Scene, ViewLayer | Updating Particle Systems
Fra:4 Mem:30.92M (Peak 58.93M) | Time:00:00.13 | Mem:0.01M, Peak:0.01M | Scene, ViewLayer | Updating Particle Systems | Copying Particles to device
Fra:4 Mem:30.92M (Peak 58.93M) | Time:00:00.13 | Mem:0.01M, Peak:0.01M | Scene, ViewLayer | Updating Meshes
Fra:4 Mem:30.92M (Peak 58.93M) | Time:00:00.13 | Mem:0.01M, Peak:0.01M | Scene, ViewLayer | Updating Objects | Applying Static Transformations
Fra:4 Mem:30.92M (Peak 58.93M) | Time:00:00.13 | Mem:0.01M, Peak:0.01M | Scene, ViewLayer | Updating Mesh | Computing attributes
Fra:4 Mem:31.32M (Peak 58.93M) | Time:00:00.13 | Mem:0.01M, Peak:0.01M | Scene, ViewLayer | Updating Mesh | Copying Attributes to device
Fra:4 Mem:31.32M (Peak 58.93M) | Time:00:00.13 | Mem:0.41M, Peak:0.41M | Scene, ViewLayer | Updating Scene BVH | Building
Fra:4 Mem:31.32M (Peak 58.93M) | Time:00:00.13 | Mem:0.41M, Peak:0.41M | Scene, ViewLayer | Updating Scene BVH | Building BVH
Fra:4 Mem:34.69M (Peak 58.93M) | Time:00:00.14 | Mem:0.41M, Peak:0.41M | Scene, ViewLayer | Updating Scene BVH | Packing BVH triangles and strands
Fra:4 Mem:34.92M (Peak 58.93M) | Time:00:00.14 | Mem:0.41M, Peak:0.41M | Scene, ViewLayer | Updating Scene BVH | Packing BVH nodes
Fra:4 Mem:34.85M (Peak 58.93M) | Time:00:00.14 | Mem:0.41M, Peak:0.41M | Scene, ViewLayer | Updating Scene BVH | Copying BVH to device
Fra:4 Mem:34.85M (Peak 58.93M) | Time:00:00.14 | Mem:2.17M, Peak:2.17M | Scene, ViewLayer | Updating Mesh | Computing normals
Fra:4 Mem:36.54M (Peak 58.93M) | Time:00:00.14 | Mem:2.17M, Peak:2.17M | Scene, ViewLayer | Updating Mesh | Copying Mesh to device
Fra:4 Mem:36.54M (Peak 58.93M) | Time:00:00.14 | Mem:3.86M, Peak:3.86M | Scene, ViewLayer | Updating Objects Flags
Fra:4 Mem:36.54M (Peak 58.93M) | Time:00:00.14 | Mem:3.86M, Peak:3.86M | Scene, ViewLayer | Updating Primitive Offsets
Fra:4 Mem:36.54M (Peak 58.93M) | Time:00:00.14 | Mem:3.86M, Peak:3.86M | Scene, ViewLayer | Updating Images
Fra:4 Mem:36.54M (Peak 58.93M) | Time:00:00.14 | Mem:3.86M, Peak:3.86M | Scene, ViewLayer | Updating Camera Volume
Fra:4 Mem:36.54M (Peak 58.93M) | Time:00:00.14 | Mem:3.86M, Peak:3.86M | Scene, ViewLayer | Updating Lookup Tables
Fra:4 Mem:36.54M (Peak 58.93M) | Time:00:00.14 | Mem:3.94M, Peak:3.94M | Scene, ViewLayer | Updating Lights
Fra:4 Mem:36.54M (Peak 58.93M) | Time:00:00.14 | Mem:3.94M, Peak:3.94M | Scene, ViewLayer | Updating Lights | Computing tree
Fra:4 Mem:36.54M (Peak 58.93M) | Time:00:00.14 | Mem:3.95M, Peak:3.95M | Scene, ViewLayer | Updating Integrator
Fra:4 Mem:36.54M (Peak 58.93M) | Time:00:00.14 | Mem:3.95M, Peak:3.95M | Scene, ViewLayer | Updating Film
Fra:4 Mem:36.54M (Peak 58.93M) | Time:00:00.14 | Mem:3.86M, Peak:3.95M | Scene, ViewLayer | Updating Lookup Tables
Fra:4 Mem:36.54M (Peak 58.93M) | Time:00:00.14 | Mem:3.95M, Peak:3.95M | Scene, ViewLayer | Updating Baking
Fra:4 Mem:36.54M (Peak 58.93M) | Time:00:00.14 | Mem:3.95M, Peak:3.95M | Scene, ViewLayer | Updating Device | Writing constant memory
Fra:4 Mem:36.55M (Peak 58.93M) | Time:00:00.14 | Mem:3.95M, Peak:3.95M | Scene, ViewLayer | Loading denoising kernels (may take a few minutes the first time)
Fra:4 Mem:40.55M (Peak 58.93M) | Time:00:00.14 | Mem:355.95M, Peak:355.95M | Scene, ViewLayer | Sample 0/24
Fra:4 Mem:83.30M (Peak 83.30M) | Time:00:00.15 | Remaining:00:00.13 | Mem:398.70M, Peak:398.70M | Scene, ViewLayer | Sample 1/24
Fra:4 Mem:101.31M (Peak 128.31M) | Time:00:01.61 | Mem:398.70M, Peak:398.70M | Scene, ViewLayer | Sample 24/24
Fra:4 Mem:101.31M (Peak 128.31M) | Time:00:01.61 | Mem:398.70M, Peak:398.70M | Scene, ViewLayer | Finished
Saved: '/home/cbsim/ws/slime-workflow/.tmp/2026-09-23_06-25-15/down_right-02.png'
Time: 00:01.73 (Saving: 00:00.03)

Fra:7 Mem:31.33M (Peak 31.33M) | Time:00:00.07 | Mem:0.00M, Peak:0.00M | Scene, ViewLayer | Synchronizing object | key
Fra:7 Mem:31.33M (Peak 31.33M) | Time:00:00.07 | Mem:0.00M, Peak:0.00M | Scene, ViewLayer | Synchronizing object | head-shell-part
Fra:7 Mem:31.33M (Peak 31.33M) | Time:00:00.07 | Mem:0.00M, Peak:0.00M | Scene, ViewLayer | Synchronizing object | neck-shell-part
Fra:7 Mem:31.34M (Peak 31.34M) | Time:00:00.07 | Mem:0.00M, Peak:0.00M | Scene, ViewLayer | Synchronizing object | chest-shell-part
Fra:7 Mem:31.43M (Peak 31.43M) | Time:00:00.07 | Mem:0.00M, Peak:0.00M | Scene, ViewLayer | Synchronizing object | right-knee-ball
Fra:7 Mem:31.48M (Peak 31.48M) | Time:00:00.07 | Mem:0.00M, Peak:0.00M | Scene, ViewLayer | Synchronizing object | head-pivot-ball
Fra:7 Mem:31.50M (Peak 31.50M) | Time:00:00.07 | Mem:0.00M, Peak:0.00M | Scene, ViewLayer | Synchronizing object | right-hip-ball
Fra:7 Mem:31.58M (Peak 31.58M) | Time:00:00.07 | Mem:0.00M, Peak:0.00M | Scene, ViewLayer | Synchronizing object | waist-internal-core
Fra:7 Mem:31.59M (Peak 31.59M) | Time:00:00.07 | Mem:0.00M, Peak:0.00M | Scene, ViewLayer | Synchronizing object | left-shin-shell
Fra:7 Mem:31.61M (Peak 31.61M) | Time:00:00.07 | Mem:0.00M, Peak:0.00M | Scene, ViewLayer | Synchronizing object | left-elbow-ball
Fra:7 Mem:31.65M (Peak 31.65M) | Time:00:00.07 | Mem:0.00M, Peak:0.00M | Scene, ViewLayer | Synchronizing object | left-wrist-ball
Fra:7 Mem:31.78M (Peak 31.78M) | Time:00:00.07 | Mem:0.00M, Peak:0.00M | Scene, ViewLayer | Synchronizing object | right-upper-arm-shell
Fra:7 Mem:31.80M (Peak 31.80M) | Time:00:00.07 | Mem:0.00M, Peak:0.00M | Scene, ViewLayer | Synchronizing object | right-thigh-shell
Fra:7 Mem:31.80M (Peak 31.80M) | Time:00:00.07 | Mem:0.00M, Peak:0.00M | Scene, ViewLayer | Synchronizing object | right-shin-shell
Fra:7 Mem:31.81M (Peak 31.80M) | Time:00:00.07 | Mem:0.00M, Peak:0.00M | Scene, ViewLayer | Synchronizing object | right-shoulder-ball
Fra:7 Mem:31.92M (Peak 31.92M) | Time:00:00.07 | Mem:0.00M, Peak:0.00M | Scene, ViewLayer | Synchronizing object | right-elbow-ball
Fra:7 Mem:34.25M (Peak 34.25M) | Time:00:00.08 | Mem:0.00M, Peak:0.00M | Scene, ViewLayer | Initializing
Fra:7 Mem:30.83M (Peak 34.25M) | Time:00:00.08 | Mem:0.00M, Peak:0.00M | Scene, ViewLayer | Waiting for render to start
Fra:7 Mem:30.83M (Peak 34.25M) | Time:00:00.08 | Mem:0.00M, Peak:0.00M | Scene, ViewLayer | Updating Scene
Fra:7 Mem:30.83M (Peak 34.25M) | Time:00:00.08 | Mem:0.00M, Peak:0.00M | Scene, ViewLayer | Updating Shaders
Fra:7 Mem:30.83M (Peak 34.25M) | Time:00:00.08 | Mem:0.00M, Peak:0.00M | Scene, ViewLayer | Loading render kernels (may take a few minutes the first time)
Fra:7 Mem:30.91M (Peak 58.93M) | Time:00:00.12 | Mem:0.00M, Peak:0.00M | Scene, ViewLayer | Updating Procedurals
Fra:7 Mem:30.91M (Peak 58.93M) | Time:00:00.12 | Mem:0.00M, Peak:0.00M | Scene, ViewLayer | Updating Background
Fra:7 Mem:30.91M (Peak 58.93M) | Time:00:00.12 | Mem:0.00M, Peak:0.00M | Scene, ViewLayer | Updating Camera
Fra:7 Mem:30.91M (Peak 58.93M) | Time:00:00.12 | Mem:0.00M, Peak:0.00M | Scene, ViewLayer | Updating Meshes Flags
Fra:7 Mem:30.91M (Peak 58.93M) | Time:00:00.12 | Mem:0.00M, Peak:0.00M | Scene, ViewLayer | Updating Objects
Fra:7 Mem:30.91M (Peak 58.93M) | Time:00:00.12 | Mem:0.00M, Peak:0.00M | Scene, ViewLayer | Updating Objects | Copying Transformations to device
Fra:7 Mem:30.92M (Peak 58.93M) | Time:00:00.12 | Mem:0.01M, Peak:0.01M | Scene, ViewLayer | Updating Particle Systems
Fra:7 Mem:30.92M (Peak 58.93M) | Time:00:00.12 | Mem:0.01M, Peak:0.01M | Scene, ViewLayer | Updating Particle Systems | Copying Particles to device
Fra:7 Mem:30.92M (Peak 58.93M) | Time:00:00.12 | Mem:0.01M, Peak:0.01M | Scene, ViewLayer | Updating Meshes
Fra:7 Mem:30.92M (Peak 58.93M) | Time:00:00.12 | Mem:0.01M, Peak:0.01M | Scene, ViewLayer | Updating Objects | Applying Static Transformations
Fra:7 Mem:30.92M (Peak 58.93M) | Time:00:00.12 | Mem:0.01M, Peak:0.01M | Scene, ViewLayer | Updating Mesh | Computing attributes
Fra:7 Mem:31.32M (Peak 58.93M) | Time:00:00.12 | Mem:0.01M, Peak:0.01M | Scene, ViewLayer | Updating Mesh | Copying Attributes to device
Fra:7 Mem:31.32M (Peak 58.93M) | Time:00:00.12 | Mem:0.41M, Peak:0.41M | Scene, ViewLayer | Updating Scene BVH | Building
Fra:7 Mem:31.32M (Peak 58.93M) | Time:00:00.12 | Mem:0.41M, Peak:0.41M | Scene, ViewLayer | Updating Scene BVH | Building BVH
Fra:7 Mem:34.69M (Peak 58.93M) | Time:00:00.13 | Mem:0.41M, Peak:0.41M | Scene, ViewLayer | Updating Scene BVH | Packing BVH triangles and strands
Fra:7 Mem:34.92M (Peak 58.93M) | Time:00:00.13 | Mem:0.41M, Peak:0.41M | Scene, ViewLayer | Updating Scene BVH | Packing BVH nodes
Fra:7 Mem:34.83M (Peak 58.93M) | Time:00:00.13 | Mem:0.41M, Peak:0.41M | Scene, ViewLayer | Updating Scene BVH | Copying BVH to device
Fra:7 Mem:34.83M (Peak 58.93M) | Time:00:00.13 | Mem:2.16M, Peak:2.16M | Scene, ViewLayer | Updating Mesh | Computing normals
Fra:7 Mem:36.52M (Peak 58.93M) | Time:00:00.13 | Mem:2.16M, Peak:2.16M | Scene, ViewLayer | Updating Mesh | Copying Mesh to device
Fra:7 Mem:36.52M (Peak 58.93M) | Time:00:00.13 | Mem:3.85M, Peak:3.85M | Scene, ViewLayer | Updating Objects Flags
Fra:7 Mem:36.52M (Peak 58.93M) | Time:00:00.13 | Mem:3.85M, Peak:3.85M | Scene, ViewLayer | Updating Primitive Offsets
Fra:7 Mem:36.52M (Peak 58.93M) | Time:00:00.13 | Mem:3.85M, Peak:3.85M | Scene, ViewLayer | Updating Images
Fra:7 Mem:36.52M (Peak 58.93M) | Time:00:00.13 | Mem:3.85M, Peak:3.85M | Scene, ViewLayer | Updating Camera Volume
Fra:7 Mem:36.52M (Peak 58.93M) | Time:00:00.13 | Mem:3.85M, Peak:3.85M | Scene, ViewLayer | Updating Lookup Tables
Fra:7 Mem:36.52M (Peak 58.93M) | Time:00:00.13 | Mem:3.94M, Peak:3.94M | Scene, ViewLayer | Updating Lights
Fra:7 Mem:36.52M (Peak 58.93M) | Time:00:00.13 | Mem:3.94M, Peak:3.94M | Scene, ViewLayer | Updating Lights | Computing tree
Fra:7 Mem:36.52M (Peak 58.93M) | Time:00:00.13 | Mem:3.94M, Peak:3.94M | Scene, ViewLayer | Updating Integrator
Fra:7 Mem:36.52M (Peak 58.93M) | Time:00:00.13 | Mem:3.94M, Peak:3.94M | Scene, ViewLayer | Updating Film
Fra:7 Mem:36.53M (Peak 58.93M) | Time:00:00.13 | Mem:3.86M, Peak:3.94M | Scene, ViewLayer | Updating Lookup Tables
Fra:7 Mem:36.53M (Peak 58.93M) | Time:00:00.13 | Mem:3.94M, Peak:3.94M | Scene, ViewLayer | Updating Baking
Fra:7 Mem:36.53M (Peak 58.93M) | Time:00:00.13 | Mem:3.94M, Peak:3.94M | Scene, ViewLayer | Updating Device | Writing constant memory
Fra:7 Mem:36.53M (Peak 58.93M) | Time:00:00.13 | Mem:3.94M, Peak:3.94M | Scene, ViewLayer | Loading denoising kernels (may take a few minutes the first time)
Fra:7 Mem:40.53M (Peak 58.93M) | Time:00:00.14 | Mem:355.94M, Peak:355.94M | Scene, ViewLayer | Sample 0/24
Fra:7 Mem:83.28M (Peak 83.28M) | Time:00:00.14 | Remaining:00:00.13 | Mem:398.69M, Peak:398.69M | Scene, ViewLayer | Sample 1/24
Fra:7 Mem:101.29M (Peak 128.29M) | Time:00:01.60 | Mem:398.69M, Peak:398.69M | Scene, ViewLayer | Sample 24/24
Fra:7 Mem:101.29M (Peak 128.29M) | Time:00:01.60 | Mem:398.69M, Peak:398.69M | Scene, ViewLayer | Finished
Saved: '/home/cbsim/ws/slime-workflow/.tmp/2026-09-23_06-25-15/down_right-03.png'
Time: 00:01.72 (Saving: 00:00.03)

Fra:10 Mem:31.33M (Peak 31.33M) | Time:00:00.08 | Mem:0.00M, Peak:0.00M | Scene, ViewLayer | Synchronizing object | key
Fra:10 Mem:31.33M (Peak 31.33M) | Time:00:00.08 | Mem:0.00M, Peak:0.00M | Scene, ViewLayer | Synchronizing object | right-ankle-ball
Fra:10 Mem:31.33M (Peak 31.33M) | Time:00:00.08 | Mem:0.00M, Peak:0.00M | Scene, ViewLayer | Synchronizing object | neck-shell-part
Fra:10 Mem:31.40M (Peak 31.40M) | Time:00:00.08 | Mem:0.00M, Peak:0.00M | Scene, ViewLayer | Synchronizing object | chest-shell-part
Fra:10 Mem:31.43M (Peak 31.43M) | Time:00:00.08 | Mem:0.00M, Peak:0.00M | Scene, ViewLayer | Synchronizing object | pelvis-shell-part
Fra:10 Mem:31.48M (Peak 31.48M) | Time:00:00.08 | Mem:0.00M, Peak:0.00M | Scene, ViewLayer | Synchronizing object | chest-internal-core
Fra:10 Mem:31.51M (Peak 31.51M) | Time:00:00.08 | Mem:0.00M, Peak:0.00M | Scene, ViewLayer | Synchronizing object | left-hand-shell
Fra:10 Mem:31.59M (Peak 31.59M) | Time:00:00.08 | Mem:0.00M, Peak:0.00M | Scene, ViewLayer | Synchronizing object | left-shin-shell
Fra:10 Mem:31.60M (Peak 31.60M) | Time:00:00.08 | Mem:0.00M, Peak:0.00M | Scene, ViewLayer | Synchronizing object | left-elbow-ball
Fra:10 Mem:31.73M (Peak 31.73M) | Time:00:00.08 | Mem:0.00M, Peak:0.00M | Scene, ViewLayer | Synchronizing object | left-ankle-ball
Fra:10 Mem:32.05M (Peak 32.05M) | Time:00:00.08 | Mem:0.00M, Peak:0.00M | Scene, ViewLayer | Synchronizing object | right-hand-shell
Fra:10 Mem:32.12M (Peak 32.12M) | Time:00:00.08 | Mem:0.00M, Peak:0.00M | Scene, ViewLayer | Synchronizing object | right-shin-shell
Fra:10 Mem:32.17M (Peak 32.17M) | Time:00:00.08 | Mem:0.00M, Peak:0.00M | Scene, ViewLayer | Synchronizing object | right-shoulder-ball
Fra:10 Mem:32.59M (Peak 32.59M) | Time:00:00.08 | Mem:0.00M, Peak:0.00M | Scene, ViewLayer | Synchronizing object | right-elbow-ball
Fra:10 Mem:34.25M (Peak 34.25M) | Time:00:00.08 | Mem:0.00M, Peak:0.00M | Scene, ViewLayer | Initializing
Fra:10 Mem:30.83M (Peak 34.25M) | Time:00:00.08 | Mem:0.00M, Peak:0.00M | Scene, ViewLayer | Waiting for render to start
Fra:10 Mem:30.83M (Peak 34.25M) | Time:00:00.08 | Mem:0.00M, Peak:0.00M | Scene, ViewLayer | Updating Scene
Fra:10 Mem:30.83M (Peak 34.25M) | Time:00:00.08 | Mem:0.00M, Peak:0.00M | Scene, ViewLayer | Updating Shaders
Fra:10 Mem:30.83M (Peak 34.25M) | Time:00:00.08 | Mem:0.00M, Peak:0.00M | Scene, ViewLayer | Loading render kernels (may take a few minutes the first time)
Fra:10 Mem:30.91M (Peak 58.93M) | Time:00:00.12 | Mem:0.00M, Peak:0.00M | Scene, ViewLayer | Updating Procedurals
Fra:10 Mem:30.91M (Peak 58.93M) | Time:00:00.12 | Mem:0.00M, Peak:0.00M | Scene, ViewLayer | Updating Background
Fra:10 Mem:30.91M (Peak 58.93M) | Time:00:00.12 | Mem:0.00M, Peak:0.00M | Scene, ViewLayer | Updating Camera
Fra:10 Mem:30.91M (Peak 58.93M) | Time:00:00.12 | Mem:0.00M, Peak:0.00M | Scene, ViewLayer | Updating Meshes Flags
Fra:10 Mem:30.91M (Peak 58.93M) | Time:00:00.12 | Mem:0.00M, Peak:0.00M | Scene, ViewLayer | Updating Objects
Fra:10 Mem:30.91M (Peak 58.93M) | Time:00:00.12 | Mem:0.00M, Peak:0.00M | Scene, ViewLayer | Updating Objects | Copying Transformations to device
Fra:10 Mem:30.92M (Peak 58.93M) | Time:00:00.12 | Mem:0.01M, Peak:0.01M | Scene, ViewLayer | Updating Particle Systems
Fra:10 Mem:30.92M (Peak 58.93M) | Time:00:00.12 | Mem:0.01M, Peak:0.01M | Scene, ViewLayer | Updating Particle Systems | Copying Particles to device
Fra:10 Mem:30.92M (Peak 58.93M) | Time:00:00.13 | Mem:0.01M, Peak:0.01M | Scene, ViewLayer | Updating Meshes
Fra:10 Mem:30.92M (Peak 58.93M) | Time:00:00.13 | Mem:0.01M, Peak:0.01M | Scene, ViewLayer | Updating Objects | Applying Static Transformations
Fra:10 Mem:30.92M (Peak 58.93M) | Time:00:00.13 | Mem:0.01M, Peak:0.01M | Scene, ViewLayer | Updating Mesh | Computing attributes
Fra:10 Mem:31.32M (Peak 58.93M) | Time:00:00.13 | Mem:0.01M, Peak:0.01M | Scene, ViewLayer | Updating Mesh | Copying Attributes to device
Fra:10 Mem:31.32M (Peak 58.93M) | Time:00:00.13 | Mem:0.41M, Peak:0.41M | Scene, ViewLayer | Updating Scene BVH | Building
Fra:10 Mem:31.32M (Peak 58.93M) | Time:00:00.13 | Mem:0.41M, Peak:0.41M | Scene, ViewLayer | Updating Scene BVH | Building BVH
Fra:10 Mem:34.69M (Peak 58.93M) | Time:00:00.13 | Mem:0.41M, Peak:0.41M | Scene, ViewLayer | Updating Scene BVH | Packing BVH triangles and strands
Fra:10 Mem:34.92M (Peak 58.93M) | Time:00:00.13 | Mem:0.41M, Peak:0.41M | Scene, ViewLayer | Updating Scene BVH | Packing BVH nodes
Fra:10 Mem:34.84M (Peak 58.93M) | Time:00:00.13 | Mem:0.41M, Peak:0.41M | Scene, ViewLayer | Updating Scene BVH | Copying BVH to device
Fra:10 Mem:34.84M (Peak 58.93M) | Time:00:00.13 | Mem:2.17M, Peak:2.17M | Scene, ViewLayer | Updating Mesh | Computing normals
Fra:10 Mem:36.53M (Peak 58.93M) | Time:00:00.13 | Mem:2.17M, Peak:2.17M | Scene, ViewLayer | Updating Mesh | Copying Mesh to device
Fra:10 Mem:36.53M (Peak 58.93M) | Time:00:00.13 | Mem:3.86M, Peak:3.86M | Scene, ViewLayer | Updating Objects Flags
Fra:10 Mem:36.53M (Peak 58.93M) | Time:00:00.13 | Mem:3.86M, Peak:3.86M | Scene, ViewLayer | Updating Primitive Offsets
Fra:10 Mem:36.53M (Peak 58.93M) | Time:00:00.13 | Mem:3.86M, Peak:3.86M | Scene, ViewLayer | Updating Images
Fra:10 Mem:36.53M (Peak 58.93M) | Time:00:00.13 | Mem:3.86M, Peak:3.86M | Scene, ViewLayer | Updating Camera Volume
Fra:10 Mem:36.53M (Peak 58.93M) | Time:00:00.13 | Mem:3.86M, Peak:3.86M | Scene, ViewLayer | Updating Lookup Tables
Fra:10 Mem:36.53M (Peak 58.93M) | Time:00:00.13 | Mem:3.94M, Peak:3.94M | Scene, ViewLayer | Updating Lights
Fra:10 Mem:36.53M (Peak 58.93M) | Time:00:00.13 | Mem:3.94M, Peak:3.94M | Scene, ViewLayer | Updating Lights | Computing tree
Fra:10 Mem:36.53M (Peak 58.93M) | Time:00:00.13 | Mem:3.94M, Peak:3.94M | Scene, ViewLayer | Updating Integrator
Fra:10 Mem:36.53M (Peak 58.93M) | Time:00:00.13 | Mem:3.94M, Peak:3.94M | Scene, ViewLayer | Updating Film
Fra:10 Mem:36.53M (Peak 58.93M) | Time:00:00.13 | Mem:3.86M, Peak:3.94M | Scene, ViewLayer | Updating Lookup Tables
Fra:10 Mem:36.53M (Peak 58.93M) | Time:00:00.14 | Mem:3.94M, Peak:3.94M | Scene, ViewLayer | Updating Baking
Fra:10 Mem:36.53M (Peak 58.93M) | Time:00:00.14 | Mem:3.94M, Peak:3.94M | Scene, ViewLayer | Updating Device | Writing constant memory
Fra:10 Mem:36.53M (Peak 58.93M) | Time:00:00.14 | Mem:3.94M, Peak:3.94M | Scene, ViewLayer | Loading denoising kernels (may take a few minutes the first time)
Fra:10 Mem:40.54M (Peak 58.93M) | Time:00:00.14 | Mem:355.95M, Peak:355.95M | Scene, ViewLayer | Sample 0/24
Fra:10 Mem:83.29M (Peak 83.29M) | Time:00:00.14 | Remaining:00:00.13 | Mem:398.70M, Peak:398.70M | Scene, ViewLayer | Sample 1/24
2026-09-23T06:36:08+0900/hunyuan-rig/heartbeat {'stage': 'down_right', 'frame': 10} images=45
Fra:10 Mem:101.29M (Peak 128.30M) | Time:00:01.62 | Mem:398.70M, Peak:398.70M | Scene, ViewLayer | Sample 24/24
Fra:10 Mem:101.29M (Peak 128.30M) | Time:00:01.62 | Mem:398.70M, Peak:398.70M | Scene, ViewLayer | Finished
Saved: '/home/cbsim/ws/slime-workflow/.tmp/2026-09-23_06-25-15/down_right-04.png'
Time: 00:01.74 (Saving: 00:00.03)

Fra:13 Mem:31.33M (Peak 31.33M) | Time:00:00.07 | Mem:0.00M, Peak:0.00M | Scene, ViewLayer | Synchronizing object | key
Fra:13 Mem:31.33M (Peak 31.33M) | Time:00:00.07 | Mem:0.00M, Peak:0.00M | Scene, ViewLayer | Synchronizing object | head-shell-part
Fra:13 Mem:31.34M (Peak 31.34M) | Time:00:00.07 | Mem:0.00M, Peak:0.00M | Scene, ViewLayer | Synchronizing object | neck-shell-part
Fra:13 Mem:31.34M (Peak 31.34M) | Time:00:00.07 | Mem:0.00M, Peak:0.00M | Scene, ViewLayer | Synchronizing object | right-ankle-ball
Fra:13 Mem:31.43M (Peak 31.43M) | Time:00:00.07 | Mem:0.00M, Peak:0.00M | Scene, ViewLayer | Synchronizing object | chest-shell-part
Fra:13 Mem:31.46M (Peak 31.46M) | Time:00:00.07 | Mem:0.00M, Peak:0.00M | Scene, ViewLayer | Synchronizing object | abdomen-shell-part
Fra:13 Mem:31.60M (Peak 31.60M) | Time:00:00.07 | Mem:0.00M, Peak:0.00M | Scene, ViewLayer | Synchronizing object | right-knee-ball
Fra:13 Mem:31.63M (Peak 31.63M) | Time:00:00.07 | Mem:0.00M, Peak:0.00M | Scene, ViewLayer | Synchronizing object | head-pivot-ball
Fra:13 Mem:31.74M (Peak 31.74M) | Time:00:00.07 | Mem:0.00M, Peak:0.00M | Scene, ViewLayer | Synchronizing object | right-hip-ball
Fra:13 Mem:31.87M (Peak 31.87M) | Time:00:00.07 | Mem:0.00M, Peak:0.00M | Scene, ViewLayer | Synchronizing object | waist-internal-core
Fra:13 Mem:31.87M (Peak 31.87M) | Time:00:00.07 | Mem:0.00M, Peak:0.00M | Scene, ViewLayer | Synchronizing object | chest-internal-core
Fra:13 Mem:31.94M (Peak 31.94M) | Time:00:00.07 | Mem:0.00M, Peak:0.00M | Scene, ViewLayer | Synchronizing object | left-upper-arm-shell
Fra:13 Mem:32.03M (Peak 32.03M) | Time:00:00.07 | Mem:0.00M, Peak:0.00M | Scene, ViewLayer | Synchronizing object | left-forearm-shell
Fra:13 Mem:32.07M (Peak 32.07M) | Time:00:00.07 | Mem:0.00M, Peak:0.00M | Scene, ViewLayer | Synchronizing object | left-thigh-shell
Fra:13 Mem:32.10M (Peak 32.10M) | Time:00:00.07 | Mem:0.00M, Peak:0.00M | Scene, ViewLayer | Synchronizing object | left-shin-shell
Fra:13 Mem:32.14M (Peak 32.14M) | Time:00:00.07 | Mem:0.00M, Peak:0.00M | Scene, ViewLayer | Synchronizing object | right-upper-arm-shell
Fra:13 Mem:32.28M (Peak 32.28M) | Time:00:00.07 | Mem:0.00M, Peak:0.00M | Scene, ViewLayer | Synchronizing object | right-hand-shell
Fra:13 Mem:32.45M (Peak 32.45M) | Time:00:00.07 | Mem:0.00M, Peak:0.00M | Scene, ViewLayer | Synchronizing object | right-forearm-shell
Fra:13 Mem:32.85M (Peak 32.85M) | Time:00:00.07 | Mem:0.00M, Peak:0.00M | Scene, ViewLayer | Synchronizing object | right-thigh-shell
Fra:13 Mem:33.09M (Peak 33.09M) | Time:00:00.07 | Mem:0.00M, Peak:0.00M | Scene, ViewLayer | Synchronizing object | right-shin-shell
Fra:13 Mem:33.15M (Peak 33.15M) | Time:00:00.07 | Mem:0.00M, Peak:0.00M | Scene, ViewLayer | Synchronizing object | right-shoulder-ball
Fra:13 Mem:33.40M (Peak 33.40M) | Time:00:00.07 | Mem:0.00M, Peak:0.00M | Scene, ViewLayer | Synchronizing object | right-elbow-ball
Fra:13 Mem:34.25M (Peak 34.25M) | Time:00:00.08 | Mem:0.00M, Peak:0.00M | Scene, ViewLayer | Initializing
Fra:13 Mem:30.83M (Peak 34.25M) | Time:00:00.08 | Mem:0.00M, Peak:0.00M | Scene, ViewLayer | Waiting for render to start
Fra:13 Mem:30.83M (Peak 34.25M) | Time:00:00.08 | Mem:0.00M, Peak:0.00M | Scene, ViewLayer | Updating Scene
Fra:13 Mem:30.83M (Peak 34.25M) | Time:00:00.08 | Mem:0.00M, Peak:0.00M | Scene, ViewLayer | Updating Shaders
Fra:13 Mem:30.83M (Peak 34.25M) | Time:00:00.08 | Mem:0.00M, Peak:0.00M | Scene, ViewLayer | Loading render kernels (may take a few minutes the first time)
Fra:13 Mem:30.91M (Peak 58.93M) | Time:00:00.12 | Mem:0.00M, Peak:0.00M | Scene, ViewLayer | Updating Procedurals
Fra:13 Mem:30.91M (Peak 58.93M) | Time:00:00.12 | Mem:0.00M, Peak:0.00M | Scene, ViewLayer | Updating Background
Fra:13 Mem:30.91M (Peak 58.93M) | Time:00:00.12 | Mem:0.00M, Peak:0.00M | Scene, ViewLayer | Updating Camera
Fra:13 Mem:30.91M (Peak 58.93M) | Time:00:00.12 | Mem:0.00M, Peak:0.00M | Scene, ViewLayer | Updating Meshes Flags
Fra:13 Mem:30.91M (Peak 58.93M) | Time:00:00.12 | Mem:0.00M, Peak:0.00M | Scene, ViewLayer | Updating Objects
Fra:13 Mem:30.91M (Peak 58.93M) | Time:00:00.12 | Mem:0.00M, Peak:0.00M | Scene, ViewLayer | Updating Objects | Copying Transformations to device
Fra:13 Mem:30.92M (Peak 58.93M) | Time:00:00.12 | Mem:0.01M, Peak:0.01M | Scene, ViewLayer | Updating Particle Systems
Fra:13 Mem:30.92M (Peak 58.93M) | Time:00:00.12 | Mem:0.01M, Peak:0.01M | Scene, ViewLayer | Updating Particle Systems | Copying Particles to device
Fra:13 Mem:30.92M (Peak 58.93M) | Time:00:00.12 | Mem:0.01M, Peak:0.01M | Scene, ViewLayer | Updating Meshes
Fra:13 Mem:30.92M (Peak 58.93M) | Time:00:00.12 | Mem:0.01M, Peak:0.01M | Scene, ViewLayer | Updating Objects | Applying Static Transformations
Fra:13 Mem:30.92M (Peak 58.93M) | Time:00:00.12 | Mem:0.01M, Peak:0.01M | Scene, ViewLayer | Updating Mesh | Computing attributes
Fra:13 Mem:31.32M (Peak 58.93M) | Time:00:00.12 | Mem:0.01M, Peak:0.01M | Scene, ViewLayer | Updating Mesh | Copying Attributes to device
Fra:13 Mem:31.32M (Peak 58.93M) | Time:00:00.12 | Mem:0.41M, Peak:0.41M | Scene, ViewLayer | Updating Scene BVH | Building
Fra:13 Mem:31.32M (Peak 58.93M) | Time:00:00.12 | Mem:0.41M, Peak:0.41M | Scene, ViewLayer | Updating Scene BVH | Building BVH
Fra:13 Mem:34.69M (Peak 58.93M) | Time:00:00.13 | Mem:0.41M, Peak:0.41M | Scene, ViewLayer | Updating Scene BVH | Packing BVH triangles and strands
Fra:13 Mem:34.92M (Peak 58.93M) | Time:00:00.13 | Mem:0.41M, Peak:0.41M | Scene, ViewLayer | Updating Scene BVH | Packing BVH nodes
Fra:13 Mem:34.83M (Peak 58.93M) | Time:00:00.13 | Mem:0.41M, Peak:0.41M | Scene, ViewLayer | Updating Scene BVH | Copying BVH to device
Fra:13 Mem:34.83M (Peak 58.93M) | Time:00:00.13 | Mem:2.16M, Peak:2.16M | Scene, ViewLayer | Updating Mesh | Computing normals
Fra:13 Mem:36.52M (Peak 58.93M) | Time:00:00.13 | Mem:2.16M, Peak:2.16M | Scene, ViewLayer | Updating Mesh | Copying Mesh to device
Fra:13 Mem:36.52M (Peak 58.93M) | Time:00:00.13 | Mem:3.85M, Peak:3.85M | Scene, ViewLayer | Updating Objects Flags
Fra:13 Mem:36.52M (Peak 58.93M) | Time:00:00.13 | Mem:3.85M, Peak:3.85M | Scene, ViewLayer | Updating Primitive Offsets
Fra:13 Mem:36.52M (Peak 58.93M) | Time:00:00.13 | Mem:3.85M, Peak:3.85M | Scene, ViewLayer | Updating Images
Fra:13 Mem:36.52M (Peak 58.93M) | Time:00:00.13 | Mem:3.85M, Peak:3.85M | Scene, ViewLayer | Updating Camera Volume
Fra:13 Mem:36.52M (Peak 58.93M) | Time:00:00.13 | Mem:3.85M, Peak:3.85M | Scene, ViewLayer | Updating Lookup Tables
Fra:13 Mem:36.52M (Peak 58.93M) | Time:00:00.13 | Mem:3.93M, Peak:3.93M | Scene, ViewLayer | Updating Lights
Fra:13 Mem:36.52M (Peak 58.93M) | Time:00:00.13 | Mem:3.93M, Peak:3.93M | Scene, ViewLayer | Updating Lights | Computing tree
Fra:13 Mem:36.52M (Peak 58.93M) | Time:00:00.13 | Mem:3.94M, Peak:3.94M | Scene, ViewLayer | Updating Integrator
Fra:13 Mem:36.52M (Peak 58.93M) | Time:00:00.13 | Mem:3.94M, Peak:3.94M | Scene, ViewLayer | Updating Film
Fra:13 Mem:36.52M (Peak 58.93M) | Time:00:00.13 | Mem:3.85M, Peak:3.94M | Scene, ViewLayer | Updating Lookup Tables
Fra:13 Mem:36.52M (Peak 58.93M) | Time:00:00.13 | Mem:3.94M, Peak:3.94M | Scene, ViewLayer | Updating Baking
Fra:13 Mem:36.52M (Peak 58.93M) | Time:00:00.13 | Mem:3.94M, Peak:3.94M | Scene, ViewLayer | Updating Device | Writing constant memory
Fra:13 Mem:36.52M (Peak 58.93M) | Time:00:00.13 | Mem:3.94M, Peak:3.94M | Scene, ViewLayer | Loading denoising kernels (may take a few minutes the first time)
Fra:13 Mem:40.53M (Peak 58.93M) | Time:00:00.13 | Mem:355.94M, Peak:355.94M | Scene, ViewLayer | Sample 0/24
Fra:13 Mem:83.28M (Peak 83.28M) | Time:00:00.14 | Remaining:00:00.13 | Mem:398.69M, Peak:398.69M | Scene, ViewLayer | Sample 1/24
Fra:13 Mem:101.28M (Peak 128.29M) | Time:00:01.59 | Mem:398.69M, Peak:398.69M | Scene, ViewLayer | Sample 24/24
Fra:13 Mem:101.28M (Peak 128.29M) | Time:00:01.59 | Mem:398.69M, Peak:398.69M | Scene, ViewLayer | Finished
Saved: '/home/cbsim/ws/slime-workflow/.tmp/2026-09-23_06-25-15/down_right-05.png'
Time: 00:01.71 (Saving: 00:00.03)

Fra:16 Mem:31.33M (Peak 31.33M) | Time:00:00.07 | Mem:0.00M, Peak:0.00M | Scene, ViewLayer | Synchronizing object | key
Fra:16 Mem:31.33M (Peak 31.33M) | Time:00:00.07 | Mem:0.00M, Peak:0.00M | Scene, ViewLayer | Synchronizing object | right-ankle-ball
Fra:16 Mem:31.34M (Peak 31.33M) | Time:00:00.07 | Mem:0.00M, Peak:0.00M | Scene, ViewLayer | Synchronizing object | head-shell-part
Fra:16 Mem:31.38M (Peak 31.38M) | Time:00:00.07 | Mem:0.00M, Peak:0.00M | Scene, ViewLayer | Synchronizing object | neck-shell-part
Fra:16 Mem:31.39M (Peak 31.39M) | Time:00:00.07 | Mem:0.00M, Peak:0.00M | Scene, ViewLayer | Synchronizing object | head-pivot-ball
Fra:16 Mem:31.44M (Peak 31.44M) | Time:00:00.07 | Mem:0.00M, Peak:0.00M | Scene, ViewLayer | Synchronizing object | chest-internal-core
Fra:16 Mem:31.50M (Peak 31.50M) | Time:00:00.07 | Mem:0.00M, Peak:0.00M | Scene, ViewLayer | Synchronizing object | left-upper-arm-shell
Fra:16 Mem:31.56M (Peak 31.56M) | Time:00:00.07 | Mem:0.00M, Peak:0.00M | Scene, ViewLayer | Synchronizing object | left-shoulder-ball
Fra:16 Mem:31.57M (Peak 31.57M) | Time:00:00.07 | Mem:0.00M, Peak:0.00M | Scene, ViewLayer | Synchronizing object | left-elbow-ball
Fra:16 Mem:31.65M (Peak 31.65M) | Time:00:00.07 | Mem:0.00M, Peak:0.00M | Scene, ViewLayer | Synchronizing object | left-hip-ball
Fra:16 Mem:31.78M (Peak 31.78M) | Time:00:00.08 | Mem:0.00M, Peak:0.00M | Scene, ViewLayer | Synchronizing object | left-knee-ball
Fra:16 Mem:31.90M (Peak 31.90M) | Time:00:00.08 | Mem:0.00M, Peak:0.00M | Scene, ViewLayer | Synchronizing object | right-thigh-shell
Fra:16 Mem:32.03M (Peak 32.03M) | Time:00:00.08 | Mem:0.00M, Peak:0.00M | Scene, ViewLayer | Synchronizing object | right-shin-shell
Fra:16 Mem:32.05M (Peak 32.05M) | Time:00:00.08 | Mem:0.00M, Peak:0.00M | Scene, ViewLayer | Synchronizing object | right-foot-shell
Fra:16 Mem:32.06M (Peak 32.06M) | Time:00:00.08 | Mem:0.00M, Peak:0.00M | Scene, ViewLayer | Synchronizing object | right-shoulder-ball
Fra:16 Mem:32.22M (Peak 32.22M) | Time:00:00.08 | Mem:0.00M, Peak:0.00M | Scene, ViewLayer | Synchronizing object | right-wrist-ball
Fra:16 Mem:32.41M (Peak 32.41M) | Time:00:00.08 | Mem:0.00M, Peak:0.00M | Scene, ViewLayer | Synchronizing object | right-hip-ball
Fra:16 Mem:34.25M (Peak 34.25M) | Time:00:00.08 | Mem:0.00M, Peak:0.00M | Scene, ViewLayer | Initializing
Fra:16 Mem:30.83M (Peak 34.25M) | Time:00:00.08 | Mem:0.00M, Peak:0.00M | Scene, ViewLayer | Waiting for render to start
Fra:16 Mem:30.83M (Peak 34.25M) | Time:00:00.08 | Mem:0.00M, Peak:0.00M | Scene, ViewLayer | Updating Scene
Fra:16 Mem:30.83M (Peak 34.25M) | Time:00:00.08 | Mem:0.00M, Peak:0.00M | Scene, ViewLayer | Updating Shaders
Fra:16 Mem:30.83M (Peak 34.25M) | Time:00:00.08 | Mem:0.00M, Peak:0.00M | Scene, ViewLayer | Loading render kernels (may take a few minutes the first time)
Fra:16 Mem:30.91M (Peak 58.93M) | Time:00:00.12 | Mem:0.00M, Peak:0.00M | Scene, ViewLayer | Updating Procedurals
Fra:16 Mem:30.91M (Peak 58.93M) | Time:00:00.12 | Mem:0.00M, Peak:0.00M | Scene, ViewLayer | Updating Background
Fra:16 Mem:30.91M (Peak 58.93M) | Time:00:00.12 | Mem:0.00M, Peak:0.00M | Scene, ViewLayer | Updating Camera
Fra:16 Mem:30.91M (Peak 58.93M) | Time:00:00.12 | Mem:0.00M, Peak:0.00M | Scene, ViewLayer | Updating Meshes Flags
Fra:16 Mem:30.91M (Peak 58.93M) | Time:00:00.12 | Mem:0.00M, Peak:0.00M | Scene, ViewLayer | Updating Objects
Fra:16 Mem:30.91M (Peak 58.93M) | Time:00:00.12 | Mem:0.00M, Peak:0.00M | Scene, ViewLayer | Updating Objects | Copying Transformations to device
Fra:16 Mem:30.92M (Peak 58.93M) | Time:00:00.12 | Mem:0.01M, Peak:0.01M | Scene, ViewLayer | Updating Particle Systems
Fra:16 Mem:30.92M (Peak 58.93M) | Time:00:00.12 | Mem:0.01M, Peak:0.01M | Scene, ViewLayer | Updating Particle Systems | Copying Particles to device
Fra:16 Mem:30.92M (Peak 58.93M) | Time:00:00.12 | Mem:0.01M, Peak:0.01M | Scene, ViewLayer | Updating Meshes
Fra:16 Mem:30.92M (Peak 58.93M) | Time:00:00.12 | Mem:0.01M, Peak:0.01M | Scene, ViewLayer | Updating Objects | Applying Static Transformations
Fra:16 Mem:30.92M (Peak 58.93M) | Time:00:00.12 | Mem:0.01M, Peak:0.01M | Scene, ViewLayer | Updating Mesh | Computing attributes
Fra:16 Mem:31.32M (Peak 58.93M) | Time:00:00.12 | Mem:0.01M, Peak:0.01M | Scene, ViewLayer | Updating Mesh | Copying Attributes to device
Fra:16 Mem:31.32M (Peak 58.93M) | Time:00:00.12 | Mem:0.41M, Peak:0.41M | Scene, ViewLayer | Updating Scene BVH | Building
Fra:16 Mem:31.32M (Peak 58.93M) | Time:00:00.12 | Mem:0.41M, Peak:0.41M | Scene, ViewLayer | Updating Scene BVH | Building BVH
Fra:16 Mem:34.69M (Peak 58.93M) | Time:00:00.13 | Mem:0.41M, Peak:0.41M | Scene, ViewLayer | Updating Scene BVH | Packing BVH triangles and strands
Fra:16 Mem:34.92M (Peak 58.93M) | Time:00:00.13 | Mem:0.41M, Peak:0.41M | Scene, ViewLayer | Updating Scene BVH | Packing BVH nodes
Fra:16 Mem:34.85M (Peak 58.93M) | Time:00:00.13 | Mem:0.41M, Peak:0.41M | Scene, ViewLayer | Updating Scene BVH | Copying BVH to device
Fra:16 Mem:34.85M (Peak 58.93M) | Time:00:00.13 | Mem:2.17M, Peak:2.17M | Scene, ViewLayer | Updating Mesh | Computing normals
Fra:16 Mem:36.54M (Peak 58.93M) | Time:00:00.13 | Mem:2.17M, Peak:2.17M | Scene, ViewLayer | Updating Mesh | Copying Mesh to device
Fra:16 Mem:36.54M (Peak 58.93M) | Time:00:00.13 | Mem:3.86M, Peak:3.86M | Scene, ViewLayer | Updating Objects Flags
Fra:16 Mem:36.54M (Peak 58.93M) | Time:00:00.13 | Mem:3.86M, Peak:3.86M | Scene, ViewLayer | Updating Primitive Offsets
Fra:16 Mem:36.54M (Peak 58.93M) | Time:00:00.13 | Mem:3.86M, Peak:3.86M | Scene, ViewLayer | Updating Images
Fra:16 Mem:36.54M (Peak 58.93M) | Time:00:00.13 | Mem:3.86M, Peak:3.86M | Scene, ViewLayer | Updating Camera Volume
Fra:16 Mem:36.54M (Peak 58.93M) | Time:00:00.13 | Mem:3.86M, Peak:3.86M | Scene, ViewLayer | Updating Lookup Tables
Fra:16 Mem:36.54M (Peak 58.93M) | Time:00:00.13 | Mem:3.94M, Peak:3.94M | Scene, ViewLayer | Updating Lights
Fra:16 Mem:36.54M (Peak 58.93M) | Time:00:00.13 | Mem:3.95M, Peak:3.95M | Scene, ViewLayer | Updating Lights | Computing tree
Fra:16 Mem:36.54M (Peak 58.93M) | Time:00:00.13 | Mem:3.95M, Peak:3.95M | Scene, ViewLayer | Updating Integrator
Fra:16 Mem:36.54M (Peak 58.93M) | Time:00:00.13 | Mem:3.95M, Peak:3.95M | Scene, ViewLayer | Updating Film
Fra:16 Mem:36.54M (Peak 58.93M) | Time:00:00.13 | Mem:3.86M, Peak:3.95M | Scene, ViewLayer | Updating Lookup Tables
Fra:16 Mem:36.54M (Peak 58.93M) | Time:00:00.13 | Mem:3.95M, Peak:3.95M | Scene, ViewLayer | Updating Baking
Fra:16 Mem:36.54M (Peak 58.93M) | Time:00:00.13 | Mem:3.95M, Peak:3.95M | Scene, ViewLayer | Updating Device | Writing constant memory
Fra:16 Mem:36.55M (Peak 58.93M) | Time:00:00.13 | Mem:3.95M, Peak:3.95M | Scene, ViewLayer | Loading denoising kernels (may take a few minutes the first time)
Fra:16 Mem:40.55M (Peak 58.93M) | Time:00:00.14 | Mem:355.95M, Peak:355.95M | Scene, ViewLayer | Sample 0/24
Fra:16 Mem:83.30M (Peak 83.30M) | Time:00:00.14 | Remaining:00:00.14 | Mem:398.70M, Peak:398.70M | Scene, ViewLayer | Sample 1/24
Fra:16 Mem:101.31M (Peak 128.31M) | Time:00:01.62 | Mem:398.70M, Peak:398.70M | Scene, ViewLayer | Sample 24/24
Fra:16 Mem:101.31M (Peak 128.31M) | Time:00:01.62 | Mem:398.70M, Peak:398.70M | Scene, ViewLayer | Finished
Saved: '/home/cbsim/ws/slime-workflow/.tmp/2026-09-23_06-25-15/down_right-06.png'
Time: 00:01.75 (Saving: 00:00.03)

Fra:19 Mem:31.33M (Peak 31.33M) | Time:00:00.08 | Mem:0.00M, Peak:0.00M | Scene, ViewLayer | Synchronizing object | fill
Fra:19 Mem:31.33M (Peak 31.33M) | Time:00:00.08 | Mem:0.00M, Peak:0.00M | Scene, ViewLayer | Synchronizing object | right-ankle-ball
Fra:19 Mem:31.34M (Peak 31.34M) | Time:00:00.08 | Mem:0.00M, Peak:0.00M | Scene, ViewLayer | Synchronizing object | head-shell-part
Fra:19 Mem:31.39M (Peak 31.39M) | Time:00:00.08 | Mem:0.00M, Peak:0.00M | Scene, ViewLayer | Synchronizing object | right-knee-ball
Fra:19 Mem:31.43M (Peak 31.43M) | Time:00:00.08 | Mem:0.00M, Peak:0.00M | Scene, ViewLayer | Synchronizing object | neck-shell-part
Fra:19 Mem:31.47M (Peak 31.47M) | Time:00:00.08 | Mem:0.00M, Peak:0.00M | Scene, ViewLayer | Synchronizing object | head-pivot-ball
Fra:19 Mem:31.55M (Peak 31.55M) | Time:00:00.08 | Mem:0.00M, Peak:0.00M | Scene, ViewLayer | Synchronizing object | chest-internal-core
Fra:19 Mem:31.58M (Peak 31.58M) | Time:00:00.08 | Mem:0.00M, Peak:0.00M | Scene, ViewLayer | Synchronizing object | left-upper-arm-shell
Fra:19 Mem:31.74M (Peak 31.74M) | Time:00:00.08 | Mem:0.00M, Peak:0.00M | Scene, ViewLayer | Synchronizing object | left-forearm-shell
Fra:19 Mem:31.80M (Peak 31.80M) | Time:00:00.08 | Mem:0.00M, Peak:0.00M | Scene, ViewLayer | Synchronizing object | right-wrist-ball
Fra:19 Mem:31.84M (Peak 31.84M) | Time:00:00.08 | Mem:0.00M, Peak:0.00M | Scene, ViewLayer | Synchronizing object | left-foot-shell
Fra:19 Mem:31.85M (Peak 31.85M) | Time:00:00.08 | Mem:0.00M, Peak:0.00M | Scene, ViewLayer | Synchronizing object | right-elbow-ball
Fra:19 Mem:31.97M (Peak 31.99M) | Time:00:00.08 | Mem:0.00M, Peak:0.00M | Scene, ViewLayer | Synchronizing object | left-shoulder-ball
Fra:19 Mem:32.08M (Peak 32.08M) | Time:00:00.08 | Mem:0.00M, Peak:0.00M | Scene, ViewLayer | Synchronizing object | left-ankle-ball
Fra:19 Mem:32.08M (Peak 32.08M) | Time:00:00.08 | Mem:0.00M, Peak:0.00M | Scene, ViewLayer | Synchronizing object | right-upper-arm-shell
Fra:19 Mem:32.14M (Peak 32.14M) | Time:00:00.08 | Mem:0.00M, Peak:0.00M | Scene, ViewLayer | Synchronizing object | right-hand-shell
Fra:19 Mem:32.23M (Peak 32.23M) | Time:00:00.08 | Mem:0.00M, Peak:0.00M | Scene, ViewLayer | Synchronizing object | right-foot-shell
2026-09-23T06:36:13+0900/hunyuan-rig/heartbeat {'stage': 'down_right', 'frame': 19} images=45
Fra:19 Mem:34.25M (Peak 35.42M) | Time:00:00.08 | Mem:0.00M, Peak:0.00M | Scene, ViewLayer | Initializing
Fra:19 Mem:30.83M (Peak 35.42M) | Time:00:00.09 | Mem:0.00M, Peak:0.00M | Scene, ViewLayer | Waiting for render to start
Fra:19 Mem:30.83M (Peak 35.42M) | Time:00:00.09 | Mem:0.00M, Peak:0.00M | Scene, ViewLayer | Updating Scene
Fra:19 Mem:30.83M (Peak 35.42M) | Time:00:00.09 | Mem:0.00M, Peak:0.00M | Scene, ViewLayer | Updating Shaders
Fra:19 Mem:30.83M (Peak 35.42M) | Time:00:00.09 | Mem:0.00M, Peak:0.00M | Scene, ViewLayer | Loading render kernels (may take a few minutes the first time)
Fra:19 Mem:30.91M (Peak 58.93M) | Time:00:00.13 | Mem:0.00M, Peak:0.00M | Scene, ViewLayer | Updating Procedurals
Fra:19 Mem:30.91M (Peak 58.93M) | Time:00:00.13 | Mem:0.00M, Peak:0.00M | Scene, ViewLayer | Updating Background
Fra:19 Mem:30.91M (Peak 58.93M) | Time:00:00.13 | Mem:0.00M, Peak:0.00M | Scene, ViewLayer | Updating Camera
Fra:19 Mem:30.91M (Peak 58.93M) | Time:00:00.13 | Mem:0.00M, Peak:0.00M | Scene, ViewLayer | Updating Meshes Flags
Fra:19 Mem:30.91M (Peak 58.93M) | Time:00:00.13 | Mem:0.00M, Peak:0.00M | Scene, ViewLayer | Updating Objects
Fra:19 Mem:30.91M (Peak 58.93M) | Time:00:00.13 | Mem:0.00M, Peak:0.00M | Scene, ViewLayer | Updating Objects | Copying Transformations to device
Fra:19 Mem:30.92M (Peak 58.93M) | Time:00:00.13 | Mem:0.01M, Peak:0.01M | Scene, ViewLayer | Updating Particle Systems
Fra:19 Mem:30.92M (Peak 58.93M) | Time:00:00.13 | Mem:0.01M, Peak:0.01M | Scene, ViewLayer | Updating Particle Systems | Copying Particles to device
Fra:19 Mem:30.92M (Peak 58.93M) | Time:00:00.13 | Mem:0.01M, Peak:0.01M | Scene, ViewLayer | Updating Meshes
Fra:19 Mem:30.92M (Peak 58.93M) | Time:00:00.13 | Mem:0.01M, Peak:0.01M | Scene, ViewLayer | Updating Objects | Applying Static Transformations
Fra:19 Mem:30.92M (Peak 58.93M) | Time:00:00.13 | Mem:0.01M, Peak:0.01M | Scene, ViewLayer | Updating Mesh | Computing attributes
Fra:19 Mem:31.32M (Peak 58.93M) | Time:00:00.13 | Mem:0.01M, Peak:0.01M | Scene, ViewLayer | Updating Mesh | Copying Attributes to device
Fra:19 Mem:31.32M (Peak 58.93M) | Time:00:00.13 | Mem:0.41M, Peak:0.41M | Scene, ViewLayer | Updating Scene BVH | Building
Fra:19 Mem:31.32M (Peak 58.93M) | Time:00:00.13 | Mem:0.41M, Peak:0.41M | Scene, ViewLayer | Updating Scene BVH | Building BVH
Fra:19 Mem:34.69M (Peak 58.93M) | Time:00:00.13 | Mem:0.41M, Peak:0.41M | Scene, ViewLayer | Updating Scene BVH | Packing BVH triangles and strands
Fra:19 Mem:34.92M (Peak 58.93M) | Time:00:00.13 | Mem:0.41M, Peak:0.41M | Scene, ViewLayer | Updating Scene BVH | Packing BVH nodes
Fra:19 Mem:34.84M (Peak 58.93M) | Time:00:00.13 | Mem:0.41M, Peak:0.41M | Scene, ViewLayer | Updating Scene BVH | Copying BVH to device
Fra:19 Mem:34.84M (Peak 58.93M) | Time:00:00.14 | Mem:2.17M, Peak:2.17M | Scene, ViewLayer | Updating Mesh | Computing normals
Fra:19 Mem:36.53M (Peak 58.93M) | Time:00:00.14 | Mem:2.17M, Peak:2.17M | Scene, ViewLayer | Updating Mesh | Copying Mesh to device
Fra:19 Mem:36.53M (Peak 58.93M) | Time:00:00.14 | Mem:3.86M, Peak:3.86M | Scene, ViewLayer | Updating Objects Flags
Fra:19 Mem:36.53M (Peak 58.93M) | Time:00:00.14 | Mem:3.86M, Peak:3.86M | Scene, ViewLayer | Updating Primitive Offsets
Fra:19 Mem:36.53M (Peak 58.93M) | Time:00:00.14 | Mem:3.86M, Peak:3.86M | Scene, ViewLayer | Updating Images
Fra:19 Mem:36.53M (Peak 58.93M) | Time:00:00.14 | Mem:3.86M, Peak:3.86M | Scene, ViewLayer | Updating Camera Volume
Fra:19 Mem:36.53M (Peak 58.93M) | Time:00:00.14 | Mem:3.86M, Peak:3.86M | Scene, ViewLayer | Updating Lookup Tables
Fra:19 Mem:36.53M (Peak 58.93M) | Time:00:00.14 | Mem:3.94M, Peak:3.94M | Scene, ViewLayer | Updating Lights
Fra:19 Mem:36.53M (Peak 58.93M) | Time:00:00.14 | Mem:3.94M, Peak:3.94M | Scene, ViewLayer | Updating Lights | Computing tree
Fra:19 Mem:36.53M (Peak 58.93M) | Time:00:00.14 | Mem:3.94M, Peak:3.94M | Scene, ViewLayer | Updating Integrator
Fra:19 Mem:36.53M (Peak 58.93M) | Time:00:00.14 | Mem:3.94M, Peak:3.94M | Scene, ViewLayer | Updating Film
Fra:19 Mem:36.53M (Peak 58.93M) | Time:00:00.14 | Mem:3.86M, Peak:3.94M | Scene, ViewLayer | Updating Lookup Tables
Fra:19 Mem:36.53M (Peak 58.93M) | Time:00:00.14 | Mem:3.94M, Peak:3.94M | Scene, ViewLayer | Updating Baking
Fra:19 Mem:36.53M (Peak 58.93M) | Time:00:00.14 | Mem:3.94M, Peak:3.94M | Scene, ViewLayer | Updating Device | Writing constant memory
Fra:19 Mem:36.54M (Peak 58.93M) | Time:00:00.14 | Mem:3.94M, Peak:3.94M | Scene, ViewLayer | Loading denoising kernels (may take a few minutes the first time)
Fra:19 Mem:40.54M (Peak 58.93M) | Time:00:00.14 | Mem:355.95M, Peak:355.95M | Scene, ViewLayer | Sample 0/24
Fra:19 Mem:83.29M (Peak 83.29M) | Time:00:00.15 | Remaining:00:00.13 | Mem:398.70M, Peak:398.70M | Scene, ViewLayer | Sample 1/24
Fra:19 Mem:101.30M (Peak 128.30M) | Time:00:01.60 | Mem:398.70M, Peak:398.70M | Scene, ViewLayer | Sample 24/24
Fra:19 Mem:101.30M (Peak 128.30M) | Time:00:01.60 | Mem:398.70M, Peak:398.70M | Scene, ViewLayer | Finished
Saved: '/home/cbsim/ws/slime-workflow/.tmp/2026-09-23_06-25-15/down_right-07.png'
Time: 00:01.73 (Saving: 00:00.03)

Fra:22 Mem:31.33M (Peak 31.33M) | Time:00:00.08 | Mem:0.00M, Peak:0.00M | Scene, ViewLayer | Synchronizing object | key
Fra:22 Mem:31.33M (Peak 31.33M) | Time:00:00.08 | Mem:0.00M, Peak:0.00M | Scene, ViewLayer | Synchronizing object | fill
Fra:22 Mem:31.33M (Peak 31.33M) | Time:00:00.08 | Mem:0.00M, Peak:0.00M | Scene, ViewLayer | Synchronizing object | head-shell-part
Fra:22 Mem:31.34M (Peak 31.34M) | Time:00:00.08 | Mem:0.00M, Peak:0.00M | Scene, ViewLayer | Synchronizing object | neck-shell-part
Fra:22 Mem:31.34M (Peak 31.34M) | Time:00:00.08 | Mem:0.00M, Peak:0.00M | Scene, ViewLayer | Synchronizing object | right-ankle-ball
Fra:22 Mem:31.49M (Peak 31.49M) | Time:00:00.08 | Mem:0.00M, Peak:0.00M | Scene, ViewLayer | Synchronizing object | chest-shell-part
Fra:22 Mem:31.49M (Peak 31.49M) | Time:00:00.08 | Mem:0.00M, Peak:0.00M | Scene, ViewLayer | Synchronizing object | right-knee-ball
Fra:22 Mem:31.57M (Peak 31.57M) | Time:00:00.08 | Mem:0.00M, Peak:0.00M | Scene, ViewLayer | Synchronizing object | abdomen-shell-part
Fra:22 Mem:31.59M (Peak 31.59M) | Time:00:00.08 | Mem:0.00M, Peak:0.00M | Scene, ViewLayer | Synchronizing object | chest-internal-core
Fra:22 Mem:31.59M (Peak 31.59M) | Time:00:00.08 | Mem:0.00M, Peak:0.00M | Scene, ViewLayer | Synchronizing object | left-upper-arm-shell
Fra:22 Mem:31.63M (Peak 31.63M) | Time:00:00.08 | Mem:0.00M, Peak:0.00M | Scene, ViewLayer | Synchronizing object | left-hand-shell
Fra:22 Mem:31.74M (Peak 31.74M) | Time:00:00.08 | Mem:0.00M, Peak:0.00M | Scene, ViewLayer | Synchronizing object | left-shoulder-ball
Fra:22 Mem:31.95M (Peak 31.95M) | Time:00:00.08 | Mem:0.00M, Peak:0.00M | Scene, ViewLayer | Synchronizing object | left-wrist-ball
Fra:22 Mem:32.08M (Peak 32.08M) | Time:00:00.08 | Mem:0.00M, Peak:0.00M | Scene, ViewLayer | Synchronizing object | right-forearm-shell
Fra:22 Mem:32.14M (Peak 32.14M) | Time:00:00.08 | Mem:0.00M, Peak:0.00M | Scene, ViewLayer | Synchronizing object | right-thigh-shell
Fra:22 Mem:32.18M (Peak 32.18M) | Time:00:00.08 | Mem:0.00M, Peak:0.00M | Scene, ViewLayer | Synchronizing object | right-foot-shell
Fra:22 Mem:32.33M (Peak 32.33M) | Time:00:00.08 | Mem:0.00M, Peak:0.00M | Scene, ViewLayer | Synchronizing object | right-wrist-ball
Fra:22 Mem:32.45M (Peak 32.47M) | Time:00:00.08 | Mem:0.00M, Peak:0.00M | Scene, ViewLayer | Synchronizing object | right-elbow-ball
Fra:22 Mem:34.25M (Peak 34.25M) | Time:00:00.08 | Mem:0.00M, Peak:0.00M | Scene, ViewLayer | Initializing
Fra:22 Mem:30.83M (Peak 34.25M) | Time:00:00.08 | Mem:0.00M, Peak:0.00M | Scene, ViewLayer | Waiting for render to start
Fra:22 Mem:30.83M (Peak 34.25M) | Time:00:00.08 | Mem:0.00M, Peak:0.00M | Scene, ViewLayer | Updating Scene
Fra:22 Mem:30.83M (Peak 34.25M) | Time:00:00.08 | Mem:0.00M, Peak:0.00M | Scene, ViewLayer | Updating Shaders
Fra:22 Mem:30.83M (Peak 34.25M) | Time:00:00.08 | Mem:0.00M, Peak:0.00M | Scene, ViewLayer | Loading render kernels (may take a few minutes the first time)
Fra:22 Mem:30.91M (Peak 58.93M) | Time:00:00.12 | Mem:0.00M, Peak:0.00M | Scene, ViewLayer | Updating Procedurals
Fra:22 Mem:30.91M (Peak 58.93M) | Time:00:00.12 | Mem:0.00M, Peak:0.00M | Scene, ViewLayer | Updating Background
Fra:22 Mem:30.91M (Peak 58.93M) | Time:00:00.12 | Mem:0.00M, Peak:0.00M | Scene, ViewLayer | Updating Camera
Fra:22 Mem:30.91M (Peak 58.93M) | Time:00:00.12 | Mem:0.00M, Peak:0.00M | Scene, ViewLayer | Updating Meshes Flags
Fra:22 Mem:30.91M (Peak 58.93M) | Time:00:00.12 | Mem:0.00M, Peak:0.00M | Scene, ViewLayer | Updating Objects
Fra:22 Mem:30.91M (Peak 58.93M) | Time:00:00.12 | Mem:0.00M, Peak:0.00M | Scene, ViewLayer | Updating Objects | Copying Transformations to device
Fra:22 Mem:30.92M (Peak 58.93M) | Time:00:00.12 | Mem:0.01M, Peak:0.01M | Scene, ViewLayer | Updating Particle Systems
Fra:22 Mem:30.92M (Peak 58.93M) | Time:00:00.12 | Mem:0.01M, Peak:0.01M | Scene, ViewLayer | Updating Particle Systems | Copying Particles to device
Fra:22 Mem:30.92M (Peak 58.93M) | Time:00:00.12 | Mem:0.01M, Peak:0.01M | Scene, ViewLayer | Updating Meshes
Fra:22 Mem:30.92M (Peak 58.93M) | Time:00:00.12 | Mem:0.01M, Peak:0.01M | Scene, ViewLayer | Updating Objects | Applying Static Transformations
Fra:22 Mem:30.92M (Peak 58.93M) | Time:00:00.12 | Mem:0.01M, Peak:0.01M | Scene, ViewLayer | Updating Mesh | Computing attributes
Fra:22 Mem:31.32M (Peak 58.93M) | Time:00:00.12 | Mem:0.01M, Peak:0.01M | Scene, ViewLayer | Updating Mesh | Copying Attributes to device
Fra:22 Mem:31.32M (Peak 58.93M) | Time:00:00.12 | Mem:0.41M, Peak:0.41M | Scene, ViewLayer | Updating Scene BVH | Building
Fra:22 Mem:31.32M (Peak 58.93M) | Time:00:00.12 | Mem:0.41M, Peak:0.41M | Scene, ViewLayer | Updating Scene BVH | Building BVH
Fra:22 Mem:34.69M (Peak 58.93M) | Time:00:00.13 | Mem:0.41M, Peak:0.41M | Scene, ViewLayer | Updating Scene BVH | Packing BVH triangles and strands
Fra:22 Mem:34.92M (Peak 58.93M) | Time:00:00.13 | Mem:0.41M, Peak:0.41M | Scene, ViewLayer | Updating Scene BVH | Packing BVH nodes
Fra:22 Mem:34.84M (Peak 58.93M) | Time:00:00.13 | Mem:0.41M, Peak:0.41M | Scene, ViewLayer | Updating Scene BVH | Copying BVH to device
Fra:22 Mem:34.84M (Peak 58.93M) | Time:00:00.13 | Mem:2.17M, Peak:2.17M | Scene, ViewLayer | Updating Mesh | Computing normals
Fra:22 Mem:36.53M (Peak 58.93M) | Time:00:00.13 | Mem:2.17M, Peak:2.17M | Scene, ViewLayer | Updating Mesh | Copying Mesh to device
Fra:22 Mem:36.53M (Peak 58.93M) | Time:00:00.13 | Mem:3.86M, Peak:3.86M | Scene, ViewLayer | Updating Objects Flags
Fra:22 Mem:36.53M (Peak 58.93M) | Time:00:00.13 | Mem:3.86M, Peak:3.86M | Scene, ViewLayer | Updating Primitive Offsets
Fra:22 Mem:36.53M (Peak 58.93M) | Time:00:00.13 | Mem:3.86M, Peak:3.86M | Scene, ViewLayer | Updating Images
Fra:22 Mem:36.53M (Peak 58.93M) | Time:00:00.13 | Mem:3.86M, Peak:3.86M | Scene, ViewLayer | Updating Camera Volume
Fra:22 Mem:36.53M (Peak 58.93M) | Time:00:00.13 | Mem:3.86M, Peak:3.86M | Scene, ViewLayer | Updating Lookup Tables
Fra:22 Mem:36.53M (Peak 58.93M) | Time:00:00.13 | Mem:3.94M, Peak:3.94M | Scene, ViewLayer | Updating Lights
Fra:22 Mem:36.53M (Peak 58.93M) | Time:00:00.13 | Mem:3.94M, Peak:3.94M | Scene, ViewLayer | Updating Lights | Computing tree
Fra:22 Mem:36.54M (Peak 58.93M) | Time:00:00.13 | Mem:3.94M, Peak:3.94M | Scene, ViewLayer | Updating Integrator
Fra:22 Mem:36.54M (Peak 58.93M) | Time:00:00.13 | Mem:3.94M, Peak:3.94M | Scene, ViewLayer | Updating Film
Fra:22 Mem:36.54M (Peak 58.93M) | Time:00:00.13 | Mem:3.86M, Peak:3.94M | Scene, ViewLayer | Updating Lookup Tables
Fra:22 Mem:36.54M (Peak 58.93M) | Time:00:00.13 | Mem:3.95M, Peak:3.95M | Scene, ViewLayer | Updating Baking
Fra:22 Mem:36.54M (Peak 58.93M) | Time:00:00.13 | Mem:3.95M, Peak:3.95M | Scene, ViewLayer | Updating Device | Writing constant memory
Fra:22 Mem:36.54M (Peak 58.93M) | Time:00:00.13 | Mem:3.95M, Peak:3.95M | Scene, ViewLayer | Loading denoising kernels (may take a few minutes the first time)
Fra:22 Mem:40.54M (Peak 58.93M) | Time:00:00.14 | Mem:355.95M, Peak:355.95M | Scene, ViewLayer | Sample 0/24
Fra:22 Mem:83.30M (Peak 83.30M) | Time:00:00.14 | Remaining:00:00.13 | Mem:398.70M, Peak:398.70M | Scene, ViewLayer | Sample 1/24
Fra:22 Mem:101.30M (Peak 128.30M) | Time:00:01.60 | Mem:398.70M, Peak:398.70M | Scene, ViewLayer | Sample 24/24
Fra:22 Mem:101.30M (Peak 128.30M) | Time:00:01.60 | Mem:398.70M, Peak:398.70M | Scene, ViewLayer | Finished
Saved: '/home/cbsim/ws/slime-workflow/.tmp/2026-09-23_06-25-15/down_right-08.png'
Time: 00:01.72 (Saving: 00:00.03)

Fra:1 Mem:31.33M (Peak 31.33M) | Time:00:00.08 | Mem:0.00M, Peak:0.00M | Scene, ViewLayer | Synchronizing object | key
Fra:1 Mem:31.33M (Peak 31.33M) | Time:00:00.08 | Mem:0.00M, Peak:0.00M | Scene, ViewLayer | Synchronizing object | right-ankle-ball
Fra:1 Mem:31.33M (Peak 31.33M) | Time:00:00.08 | Mem:0.00M, Peak:0.00M | Scene, ViewLayer | Synchronizing object | head-shell-part
Fra:1 Mem:31.39M (Peak 31.39M) | Time:00:00.08 | Mem:0.00M, Peak:0.00M | Scene, ViewLayer | Synchronizing object | right-knee-ball
Fra:1 Mem:31.47M (Peak 31.47M) | Time:00:00.08 | Mem:0.00M, Peak:0.00M | Scene, ViewLayer | Synchronizing object | neck-shell-part
Fra:1 Mem:31.49M (Peak 31.49M) | Time:00:00.08 | Mem:0.00M, Peak:0.00M | Scene, ViewLayer | Synchronizing object | right-hip-ball
Fra:1 Mem:31.64M (Peak 31.64M) | Time:00:00.08 | Mem:0.00M, Peak:0.00M | Scene, ViewLayer | Synchronizing object | chest-internal-core
Fra:1 Mem:31.67M (Peak 31.67M) | Time:00:00.08 | Mem:0.00M, Peak:0.00M | Scene, ViewLayer | Synchronizing object | left-foot-shell
Fra:1 Mem:31.67M (Peak 31.67M) | Time:00:00.08 | Mem:0.00M, Peak:0.00M | Scene, ViewLayer | Synchronizing object | left-elbow-ball
Fra:1 Mem:31.75M (Peak 31.75M) | Time:00:00.08 | Mem:0.00M, Peak:0.00M | Scene, ViewLayer | Synchronizing object | left-hip-ball
Fra:1 Mem:31.79M (Peak 31.79M) | Time:00:00.08 | Mem:0.00M, Peak:0.00M | Scene, ViewLayer | Synchronizing object | right-wrist-ball
Fra:1 Mem:31.88M (Peak 31.88M) | Time:00:00.08 | Mem:0.00M, Peak:0.00M | Scene, ViewLayer | Synchronizing object | left-knee-ball
Fra:1 Mem:31.92M (Peak 31.92M) | Time:00:00.08 | Mem:0.00M, Peak:0.00M | Scene, ViewLayer | Synchronizing object | right-thigh-shell
Fra:1 Mem:31.98M (Peak 31.98M) | Time:00:00.08 | Mem:0.00M, Peak:0.00M | Scene, ViewLayer | Synchronizing object | right-shoulder-ball
Fra:1 Mem:32.15M (Peak 32.15M) | Time:00:00.08 | Mem:0.00M, Peak:0.00M | Scene, ViewLayer | Synchronizing object | right-elbow-ball
Fra:1 Mem:34.25M (Peak 34.25M) | Time:00:00.08 | Mem:0.00M, Peak:0.00M | Scene, ViewLayer | Initializing
Fra:1 Mem:30.83M (Peak 34.25M) | Time:00:00.08 | Mem:0.00M, Peak:0.00M | Scene, ViewLayer | Waiting for render to start
Fra:1 Mem:30.83M (Peak 34.25M) | Time:00:00.08 | Mem:0.00M, Peak:0.00M | Scene, ViewLayer | Updating Scene
Fra:1 Mem:30.83M (Peak 34.25M) | Time:00:00.08 | Mem:0.00M, Peak:0.00M | Scene, ViewLayer | Updating Shaders
Fra:1 Mem:30.83M (Peak 34.25M) | Time:00:00.08 | Mem:0.00M, Peak:0.00M | Scene, ViewLayer | Loading render kernels (may take a few minutes the first time)
Fra:1 Mem:30.91M (Peak 58.93M) | Time:00:00.12 | Mem:0.00M, Peak:0.00M | Scene, ViewLayer | Updating Procedurals
Fra:1 Mem:30.91M (Peak 58.93M) | Time:00:00.12 | Mem:0.00M, Peak:0.00M | Scene, ViewLayer | Updating Background
Fra:1 Mem:30.91M (Peak 58.93M) | Time:00:00.12 | Mem:0.00M, Peak:0.00M | Scene, ViewLayer | Updating Camera
Fra:1 Mem:30.91M (Peak 58.93M) | Time:00:00.12 | Mem:0.00M, Peak:0.00M | Scene, ViewLayer | Updating Meshes Flags
Fra:1 Mem:30.91M (Peak 58.93M) | Time:00:00.12 | Mem:0.00M, Peak:0.00M | Scene, ViewLayer | Updating Objects
Fra:1 Mem:30.91M (Peak 58.93M) | Time:00:00.12 | Mem:0.00M, Peak:0.00M | Scene, ViewLayer | Updating Objects | Copying Transformations to device
Fra:1 Mem:30.92M (Peak 58.93M) | Time:00:00.12 | Mem:0.01M, Peak:0.01M | Scene, ViewLayer | Updating Particle Systems
Fra:1 Mem:30.92M (Peak 58.93M) | Time:00:00.12 | Mem:0.01M, Peak:0.01M | Scene, ViewLayer | Updating Particle Systems | Copying Particles to device
Fra:1 Mem:30.92M (Peak 58.93M) | Time:00:00.12 | Mem:0.01M, Peak:0.01M | Scene, ViewLayer | Updating Meshes
Fra:1 Mem:30.92M (Peak 58.93M) | Time:00:00.12 | Mem:0.01M, Peak:0.01M | Scene, ViewLayer | Updating Objects | Applying Static Transformations
Fra:1 Mem:30.92M (Peak 58.93M) | Time:00:00.12 | Mem:0.01M, Peak:0.01M | Scene, ViewLayer | Updating Mesh | Computing attributes
Fra:1 Mem:31.32M (Peak 58.93M) | Time:00:00.12 | Mem:0.01M, Peak:0.01M | Scene, ViewLayer | Updating Mesh | Copying Attributes to device
Fra:1 Mem:31.32M (Peak 58.93M) | Time:00:00.12 | Mem:0.41M, Peak:0.41M | Scene, ViewLayer | Updating Scene BVH | Building
Fra:1 Mem:31.32M (Peak 58.93M) | Time:00:00.12 | Mem:0.41M, Peak:0.41M | Scene, ViewLayer | Updating Scene BVH | Building BVH
Fra:1 Mem:34.69M (Peak 58.93M) | Time:00:00.13 | Mem:0.41M, Peak:0.41M | Scene, ViewLayer | Updating Scene BVH | Packing BVH triangles and strands
Fra:1 Mem:34.92M (Peak 58.93M) | Time:00:00.13 | Mem:0.41M, Peak:0.41M | Scene, ViewLayer | Updating Scene BVH | Packing BVH nodes
Fra:1 Mem:34.84M (Peak 58.93M) | Time:00:00.13 | Mem:0.41M, Peak:0.41M | Scene, ViewLayer | Updating Scene BVH | Copying BVH to device
Fra:1 Mem:34.84M (Peak 58.93M) | Time:00:00.13 | Mem:2.17M, Peak:2.17M | Scene, ViewLayer | Updating Mesh | Computing normals
Fra:1 Mem:36.54M (Peak 58.93M) | Time:00:00.13 | Mem:2.17M, Peak:2.17M | Scene, ViewLayer | Updating Mesh | Copying Mesh to device
Fra:1 Mem:36.54M (Peak 58.93M) | Time:00:00.13 | Mem:3.86M, Peak:3.86M | Scene, ViewLayer | Updating Objects Flags
Fra:1 Mem:36.54M (Peak 58.93M) | Time:00:00.13 | Mem:3.86M, Peak:3.86M | Scene, ViewLayer | Updating Primitive Offsets
Fra:1 Mem:36.54M (Peak 58.93M) | Time:00:00.13 | Mem:3.86M, Peak:3.86M | Scene, ViewLayer | Updating Images
Fra:1 Mem:36.54M (Peak 58.93M) | Time:00:00.13 | Mem:3.86M, Peak:3.86M | Scene, ViewLayer | Updating Camera Volume
Fra:1 Mem:36.54M (Peak 58.93M) | Time:00:00.13 | Mem:3.86M, Peak:3.86M | Scene, ViewLayer | Updating Lookup Tables
Fra:1 Mem:36.54M (Peak 58.93M) | Time:00:00.13 | Mem:3.94M, Peak:3.94M | Scene, ViewLayer | Updating Lights
Fra:1 Mem:36.54M (Peak 58.93M) | Time:00:00.13 | Mem:3.94M, Peak:3.94M | Scene, ViewLayer | Updating Lights | Computing tree
Fra:1 Mem:36.54M (Peak 58.93M) | Time:00:00.13 | Mem:3.94M, Peak:3.94M | Scene, ViewLayer | Updating Integrator
Fra:1 Mem:36.54M (Peak 58.93M) | Time:00:00.13 | Mem:3.94M, Peak:3.94M | Scene, ViewLayer | Updating Film
Fra:1 Mem:36.54M (Peak 58.93M) | Time:00:00.13 | Mem:3.86M, Peak:3.94M | Scene, ViewLayer | Updating Lookup Tables
Fra:1 Mem:36.54M (Peak 58.93M) | Time:00:00.13 | Mem:3.95M, Peak:3.95M | Scene, ViewLayer | Updating Baking
Fra:1 Mem:36.54M (Peak 58.93M) | Time:00:00.13 | Mem:3.95M, Peak:3.95M | Scene, ViewLayer | Updating Device | Writing constant memory
Fra:1 Mem:36.54M (Peak 58.93M) | Time:00:00.13 | Mem:3.95M, Peak:3.95M | Scene, ViewLayer | Loading denoising kernels (may take a few minutes the first time)
Fra:1 Mem:40.55M (Peak 58.93M) | Time:00:00.14 | Mem:355.95M, Peak:355.95M | Scene, ViewLayer | Sample 0/24
Fra:1 Mem:83.30M (Peak 83.30M) | Time:00:00.14 | Remaining:00:00.13 | Mem:398.70M, Peak:398.70M | Scene, ViewLayer | Sample 1/24
Fra:1 Mem:101.30M (Peak 128.31M) | Time:00:01.60 | Mem:398.70M, Peak:398.70M | Scene, ViewLayer | Sample 24/24
Fra:1 Mem:101.30M (Peak 128.31M) | Time:00:01.60 | Mem:398.70M, Peak:398.70M | Scene, ViewLayer | Finished
2026-09-23T06:36:18+0900/hunyuan-rig/heartbeat {'stage': 'up_left', 'frame': 1} images=45
Saved: '/home/cbsim/ws/slime-workflow/.tmp/2026-09-23_06-25-15/up_left-01.png'
Time: 00:01.73 (Saving: 00:00.03)

Fra:4 Mem:31.33M (Peak 31.33M) | Time:00:00.07 | Mem:0.00M, Peak:0.00M | Scene, ViewLayer | Synchronizing object | key
Fra:4 Mem:31.33M (Peak 31.33M) | Time:00:00.07 | Mem:0.00M, Peak:0.00M | Scene, ViewLayer | Synchronizing object | neck-shell-part
Fra:4 Mem:31.33M (Peak 31.33M) | Time:00:00.07 | Mem:0.00M, Peak:0.00M | Scene, ViewLayer | Synchronizing object | abdomen-shell-part
Fra:4 Mem:31.34M (Peak 31.34M) | Time:00:00.07 | Mem:0.00M, Peak:0.00M | Scene, ViewLayer | Synchronizing object | pelvis-shell-part
Fra:4 Mem:31.34M (Peak 31.34M) | Time:00:00.07 | Mem:0.00M, Peak:0.00M | Scene, ViewLayer | Synchronizing object | head-pivot-ball
Fra:4 Mem:31.40M (Peak 31.40M) | Time:00:00.07 | Mem:0.00M, Peak:0.00M | Scene, ViewLayer | Synchronizing object | left-forearm-shell
Fra:4 Mem:31.46M (Peak 31.46M) | Time:00:00.07 | Mem:0.00M, Peak:0.00M | Scene, ViewLayer | Synchronizing object | left-hand-shell
Fra:4 Mem:31.53M (Peak 31.53M) | Time:00:00.07 | Mem:0.00M, Peak:0.00M | Scene, ViewLayer | Synchronizing object | left-thigh-shell
Fra:4 Mem:31.63M (Peak 31.63M) | Time:00:00.07 | Mem:0.00M, Peak:0.00M | Scene, ViewLayer | Synchronizing object | left-wrist-ball
Fra:4 Mem:31.66M (Peak 31.66M) | Time:00:00.07 | Mem:0.00M, Peak:0.00M | Scene, ViewLayer | Synchronizing object | right-thigh-shell
Fra:4 Mem:31.70M (Peak 31.70M) | Time:00:00.07 | Mem:0.00M, Peak:0.00M | Scene, ViewLayer | Synchronizing object | right-shin-shell
Fra:4 Mem:31.73M (Peak 31.73M) | Time:00:00.07 | Mem:0.00M, Peak:0.00M | Scene, ViewLayer | Synchronizing object | right-shoulder-ball
Fra:4 Mem:31.84M (Peak 31.84M) | Time:00:00.07 | Mem:0.00M, Peak:0.00M | Scene, ViewLayer | Synchronizing object | right-elbow-ball
Fra:4 Mem:31.85M (Peak 31.85M) | Time:00:00.07 | Mem:0.00M, Peak:0.00M | Scene, ViewLayer | Synchronizing object | right-wrist-ball
Fra:4 Mem:31.90M (Peak 31.90M) | Time:00:00.07 | Mem:0.00M, Peak:0.00M | Scene, ViewLayer | Synchronizing object | right-hip-ball
Fra:4 Mem:34.25M (Peak 34.25M) | Time:00:00.08 | Mem:0.00M, Peak:0.00M | Scene, ViewLayer | Initializing
Fra:4 Mem:30.83M (Peak 34.25M) | Time:00:00.08 | Mem:0.00M, Peak:0.00M | Scene, ViewLayer | Waiting for render to start
Fra:4 Mem:30.83M (Peak 34.25M) | Time:00:00.08 | Mem:0.00M, Peak:0.00M | Scene, ViewLayer | Updating Scene
Fra:4 Mem:30.83M (Peak 34.25M) | Time:00:00.08 | Mem:0.00M, Peak:0.00M | Scene, ViewLayer | Updating Shaders
Fra:4 Mem:30.83M (Peak 34.25M) | Time:00:00.08 | Mem:0.00M, Peak:0.00M | Scene, ViewLayer | Loading render kernels (may take a few minutes the first time)
Fra:4 Mem:30.91M (Peak 58.93M) | Time:00:00.12 | Mem:0.00M, Peak:0.00M | Scene, ViewLayer | Updating Procedurals
Fra:4 Mem:30.91M (Peak 58.93M) | Time:00:00.12 | Mem:0.00M, Peak:0.00M | Scene, ViewLayer | Updating Background
Fra:4 Mem:30.91M (Peak 58.93M) | Time:00:00.12 | Mem:0.00M, Peak:0.00M | Scene, ViewLayer | Updating Camera
Fra:4 Mem:30.91M (Peak 58.93M) | Time:00:00.12 | Mem:0.00M, Peak:0.00M | Scene, ViewLayer | Updating Meshes Flags
Fra:4 Mem:30.91M (Peak 58.93M) | Time:00:00.12 | Mem:0.00M, Peak:0.00M | Scene, ViewLayer | Updating Objects
Fra:4 Mem:30.91M (Peak 58.93M) | Time:00:00.12 | Mem:0.00M, Peak:0.00M | Scene, ViewLayer | Updating Objects | Copying Transformations to device
Fra:4 Mem:30.92M (Peak 58.93M) | Time:00:00.12 | Mem:0.01M, Peak:0.01M | Scene, ViewLayer | Updating Particle Systems
Fra:4 Mem:30.92M (Peak 58.93M) | Time:00:00.12 | Mem:0.01M, Peak:0.01M | Scene, ViewLayer | Updating Particle Systems | Copying Particles to device
Fra:4 Mem:30.92M (Peak 58.93M) | Time:00:00.12 | Mem:0.01M, Peak:0.01M | Scene, ViewLayer | Updating Meshes
Fra:4 Mem:30.92M (Peak 58.93M) | Time:00:00.12 | Mem:0.01M, Peak:0.01M | Scene, ViewLayer | Updating Objects | Applying Static Transformations
Fra:4 Mem:30.92M (Peak 58.93M) | Time:00:00.12 | Mem:0.01M, Peak:0.01M | Scene, ViewLayer | Updating Mesh | Computing attributes
Fra:4 Mem:31.32M (Peak 58.93M) | Time:00:00.12 | Mem:0.01M, Peak:0.01M | Scene, ViewLayer | Updating Mesh | Copying Attributes to device
Fra:4 Mem:31.32M (Peak 58.93M) | Time:00:00.12 | Mem:0.41M, Peak:0.41M | Scene, ViewLayer | Updating Scene BVH | Building
Fra:4 Mem:31.32M (Peak 58.93M) | Time:00:00.12 | Mem:0.41M, Peak:0.41M | Scene, ViewLayer | Updating Scene BVH | Building BVH
Fra:4 Mem:34.69M (Peak 58.93M) | Time:00:00.13 | Mem:0.41M, Peak:0.41M | Scene, ViewLayer | Updating Scene BVH | Packing BVH triangles and strands
Fra:4 Mem:34.92M (Peak 58.93M) | Time:00:00.13 | Mem:0.41M, Peak:0.41M | Scene, ViewLayer | Updating Scene BVH | Packing BVH nodes
Fra:4 Mem:34.85M (Peak 58.93M) | Time:00:00.13 | Mem:0.41M, Peak:0.41M | Scene, ViewLayer | Updating Scene BVH | Copying BVH to device
Fra:4 Mem:34.85M (Peak 58.93M) | Time:00:00.13 | Mem:2.17M, Peak:2.17M | Scene, ViewLayer | Updating Mesh | Computing normals
Fra:4 Mem:36.54M (Peak 58.93M) | Time:00:00.13 | Mem:2.17M, Peak:2.17M | Scene, ViewLayer | Updating Mesh | Copying Mesh to device
Fra:4 Mem:36.54M (Peak 58.93M) | Time:00:00.13 | Mem:3.86M, Peak:3.86M | Scene, ViewLayer | Updating Objects Flags
Fra:4 Mem:36.54M (Peak 58.93M) | Time:00:00.13 | Mem:3.86M, Peak:3.86M | Scene, ViewLayer | Updating Primitive Offsets
Fra:4 Mem:36.54M (Peak 58.93M) | Time:00:00.13 | Mem:3.86M, Peak:3.86M | Scene, ViewLayer | Updating Images
Fra:4 Mem:36.54M (Peak 58.93M) | Time:00:00.13 | Mem:3.86M, Peak:3.86M | Scene, ViewLayer | Updating Camera Volume
Fra:4 Mem:36.54M (Peak 58.93M) | Time:00:00.13 | Mem:3.86M, Peak:3.86M | Scene, ViewLayer | Updating Lookup Tables
Fra:4 Mem:36.54M (Peak 58.93M) | Time:00:00.13 | Mem:3.94M, Peak:3.94M | Scene, ViewLayer | Updating Lights
Fra:4 Mem:36.54M (Peak 58.93M) | Time:00:00.13 | Mem:3.94M, Peak:3.94M | Scene, ViewLayer | Updating Lights | Computing tree
Fra:4 Mem:36.54M (Peak 58.93M) | Time:00:00.13 | Mem:3.95M, Peak:3.95M | Scene, ViewLayer | Updating Integrator
Fra:4 Mem:36.54M (Peak 58.93M) | Time:00:00.13 | Mem:3.95M, Peak:3.95M | Scene, ViewLayer | Updating Film
Fra:4 Mem:36.54M (Peak 58.93M) | Time:00:00.13 | Mem:3.86M, Peak:3.95M | Scene, ViewLayer | Updating Lookup Tables
Fra:4 Mem:36.54M (Peak 58.93M) | Time:00:00.13 | Mem:3.95M, Peak:3.95M | Scene, ViewLayer | Updating Baking
Fra:4 Mem:36.54M (Peak 58.93M) | Time:00:00.13 | Mem:3.95M, Peak:3.95M | Scene, ViewLayer | Updating Device | Writing constant memory
Fra:4 Mem:36.55M (Peak 58.93M) | Time:00:00.13 | Mem:3.95M, Peak:3.95M | Scene, ViewLayer | Loading denoising kernels (may take a few minutes the first time)
Fra:4 Mem:40.55M (Peak 58.93M) | Time:00:00.14 | Mem:355.95M, Peak:355.95M | Scene, ViewLayer | Sample 0/24
Fra:4 Mem:83.30M (Peak 83.30M) | Time:00:00.14 | Remaining:00:00.13 | Mem:398.70M, Peak:398.70M | Scene, ViewLayer | Sample 1/24
Fra:4 Mem:101.31M (Peak 128.31M) | Time:00:01.58 | Mem:398.70M, Peak:398.70M | Scene, ViewLayer | Sample 24/24
Fra:4 Mem:101.31M (Peak 128.31M) | Time:00:01.58 | Mem:398.70M, Peak:398.70M | Scene, ViewLayer | Finished
Saved: '/home/cbsim/ws/slime-workflow/.tmp/2026-09-23_06-25-15/up_left-02.png'
Time: 00:01.70 (Saving: 00:00.03)

Fra:7 Mem:31.33M (Peak 31.33M) | Time:00:00.08 | Mem:0.00M, Peak:0.00M | Scene, ViewLayer | Synchronizing object | key
Fra:7 Mem:31.33M (Peak 31.33M) | Time:00:00.08 | Mem:0.00M, Peak:0.00M | Scene, ViewLayer | Synchronizing object | neck-shell-part
Fra:7 Mem:31.34M (Peak 31.34M) | Time:00:00.08 | Mem:0.00M, Peak:0.00M | Scene, ViewLayer | Synchronizing object | chest-shell-part
Fra:7 Mem:31.36M (Peak 31.36M) | Time:00:00.08 | Mem:0.00M, Peak:0.00M | Scene, ViewLayer | Synchronizing object | waist-internal-core
Fra:7 Mem:31.40M (Peak 31.40M) | Time:00:00.08 | Mem:0.00M, Peak:0.00M | Scene, ViewLayer | Synchronizing object | left-upper-arm-shell
Fra:7 Mem:31.44M (Peak 31.44M) | Time:00:00.08 | Mem:0.00M, Peak:0.00M | Scene, ViewLayer | Synchronizing object | left-shin-shell
Fra:7 Mem:31.45M (Peak 31.45M) | Time:00:00.08 | Mem:0.00M, Peak:0.00M | Scene, ViewLayer | Synchronizing object | left-wrist-ball
Fra:7 Mem:31.52M (Peak 31.52M) | Time:00:00.08 | Mem:0.00M, Peak:0.00M | Scene, ViewLayer | Synchronizing object | left-knee-ball
Fra:7 Mem:31.60M (Peak 31.60M) | Time:00:00.08 | Mem:0.00M, Peak:0.00M | Scene, ViewLayer | Synchronizing object | right-forearm-shell
Fra:7 Mem:31.68M (Peak 31.68M) | Time:00:00.08 | Mem:0.00M, Peak:0.00M | Scene, ViewLayer | Synchronizing object | right-shin-shell
Fra:7 Mem:31.72M (Peak 31.72M) | Time:00:00.08 | Mem:0.00M, Peak:0.00M | Scene, ViewLayer | Synchronizing object | right-foot-shell
Fra:7 Mem:31.85M (Peak 31.85M) | Time:00:00.08 | Mem:0.00M, Peak:0.00M | Scene, ViewLayer | Synchronizing object | right-shoulder-ball
Fra:7 Mem:32.03M (Peak 32.03M) | Time:00:00.08 | Mem:0.00M, Peak:0.00M | Scene, ViewLayer | Synchronizing object | right-elbow-ball
Fra:7 Mem:33.26M (Peak 33.26M) | Time:00:00.08 | Mem:0.00M, Peak:0.00M | Scene, ViewLayer | Synchronizing object | right-wrist-ball
Fra:7 Mem:33.48M (Peak 33.48M) | Time:00:00.08 | Mem:0.00M, Peak:0.00M | Scene, ViewLayer | Synchronizing object | right-hip-ball
Fra:7 Mem:34.25M (Peak 34.25M) | Time:00:00.08 | Mem:0.00M, Peak:0.00M | Scene, ViewLayer | Initializing
Fra:7 Mem:30.83M (Peak 34.25M) | Time:00:00.08 | Mem:0.00M, Peak:0.00M | Scene, ViewLayer | Waiting for render to start
Fra:7 Mem:30.83M (Peak 34.25M) | Time:00:00.08 | Mem:0.00M, Peak:0.00M | Scene, ViewLayer | Updating Scene
Fra:7 Mem:30.83M (Peak 34.25M) | Time:00:00.08 | Mem:0.00M, Peak:0.00M | Scene, ViewLayer | Updating Shaders
Fra:7 Mem:30.83M (Peak 34.25M) | Time:00:00.08 | Mem:0.00M, Peak:0.00M | Scene, ViewLayer | Loading render kernels (may take a few minutes the first time)
Fra:7 Mem:30.91M (Peak 58.93M) | Time:00:00.12 | Mem:0.00M, Peak:0.00M | Scene, ViewLayer | Updating Procedurals
Fra:7 Mem:30.91M (Peak 58.93M) | Time:00:00.12 | Mem:0.00M, Peak:0.00M | Scene, ViewLayer | Updating Background
Fra:7 Mem:30.91M (Peak 58.93M) | Time:00:00.12 | Mem:0.00M, Peak:0.00M | Scene, ViewLayer | Updating Camera
Fra:7 Mem:30.91M (Peak 58.93M) | Time:00:00.12 | Mem:0.00M, Peak:0.00M | Scene, ViewLayer | Updating Meshes Flags
Fra:7 Mem:30.91M (Peak 58.93M) | Time:00:00.12 | Mem:0.00M, Peak:0.00M | Scene, ViewLayer | Updating Objects
Fra:7 Mem:30.91M (Peak 58.93M) | Time:00:00.12 | Mem:0.00M, Peak:0.00M | Scene, ViewLayer | Updating Objects | Copying Transformations to device
Fra:7 Mem:30.92M (Peak 58.93M) | Time:00:00.12 | Mem:0.01M, Peak:0.01M | Scene, ViewLayer | Updating Particle Systems
Fra:7 Mem:30.92M (Peak 58.93M) | Time:00:00.12 | Mem:0.01M, Peak:0.01M | Scene, ViewLayer | Updating Particle Systems | Copying Particles to device
Fra:7 Mem:30.92M (Peak 58.93M) | Time:00:00.12 | Mem:0.01M, Peak:0.01M | Scene, ViewLayer | Updating Meshes
Fra:7 Mem:30.92M (Peak 58.93M) | Time:00:00.12 | Mem:0.01M, Peak:0.01M | Scene, ViewLayer | Updating Objects | Applying Static Transformations
Fra:7 Mem:30.92M (Peak 58.93M) | Time:00:00.12 | Mem:0.01M, Peak:0.01M | Scene, ViewLayer | Updating Mesh | Computing attributes
Fra:7 Mem:31.32M (Peak 58.93M) | Time:00:00.12 | Mem:0.01M, Peak:0.01M | Scene, ViewLayer | Updating Mesh | Copying Attributes to device
Fra:7 Mem:31.32M (Peak 58.93M) | Time:00:00.12 | Mem:0.41M, Peak:0.41M | Scene, ViewLayer | Updating Scene BVH | Building
Fra:7 Mem:31.32M (Peak 58.93M) | Time:00:00.12 | Mem:0.41M, Peak:0.41M | Scene, ViewLayer | Updating Scene BVH | Building BVH
Fra:7 Mem:34.69M (Peak 58.93M) | Time:00:00.13 | Mem:0.41M, Peak:0.41M | Scene, ViewLayer | Updating Scene BVH | Packing BVH triangles and strands
Fra:7 Mem:34.92M (Peak 58.93M) | Time:00:00.13 | Mem:0.41M, Peak:0.41M | Scene, ViewLayer | Updating Scene BVH | Packing BVH nodes
Fra:7 Mem:34.83M (Peak 58.93M) | Time:00:00.13 | Mem:0.41M, Peak:0.41M | Scene, ViewLayer | Updating Scene BVH | Copying BVH to device
Fra:7 Mem:34.83M (Peak 58.93M) | Time:00:00.13 | Mem:2.16M, Peak:2.16M | Scene, ViewLayer | Updating Mesh | Computing normals
Fra:7 Mem:36.52M (Peak 58.93M) | Time:00:00.13 | Mem:2.16M, Peak:2.16M | Scene, ViewLayer | Updating Mesh | Copying Mesh to device
Fra:7 Mem:36.52M (Peak 58.93M) | Time:00:00.13 | Mem:3.85M, Peak:3.85M | Scene, ViewLayer | Updating Objects Flags
Fra:7 Mem:36.52M (Peak 58.93M) | Time:00:00.13 | Mem:3.85M, Peak:3.85M | Scene, ViewLayer | Updating Primitive Offsets
Fra:7 Mem:36.52M (Peak 58.93M) | Time:00:00.13 | Mem:3.85M, Peak:3.85M | Scene, ViewLayer | Updating Images
Fra:7 Mem:36.52M (Peak 58.93M) | Time:00:00.13 | Mem:3.85M, Peak:3.85M | Scene, ViewLayer | Updating Camera Volume
Fra:7 Mem:36.52M (Peak 58.93M) | Time:00:00.13 | Mem:3.85M, Peak:3.85M | Scene, ViewLayer | Updating Lookup Tables
Fra:7 Mem:36.52M (Peak 58.93M) | Time:00:00.13 | Mem:3.94M, Peak:3.94M | Scene, ViewLayer | Updating Lights
Fra:7 Mem:36.52M (Peak 58.93M) | Time:00:00.13 | Mem:3.94M, Peak:3.94M | Scene, ViewLayer | Updating Lights | Computing tree
Fra:7 Mem:36.52M (Peak 58.93M) | Time:00:00.13 | Mem:3.94M, Peak:3.94M | Scene, ViewLayer | Updating Integrator
Fra:7 Mem:36.52M (Peak 58.93M) | Time:00:00.13 | Mem:3.94M, Peak:3.94M | Scene, ViewLayer | Updating Film
Fra:7 Mem:36.53M (Peak 58.93M) | Time:00:00.13 | Mem:3.86M, Peak:3.94M | Scene, ViewLayer | Updating Lookup Tables
Fra:7 Mem:36.53M (Peak 58.93M) | Time:00:00.13 | Mem:3.94M, Peak:3.94M | Scene, ViewLayer | Updating Baking
Fra:7 Mem:36.53M (Peak 58.93M) | Time:00:00.13 | Mem:3.94M, Peak:3.94M | Scene, ViewLayer | Updating Device | Writing constant memory
Fra:7 Mem:36.53M (Peak 58.93M) | Time:00:00.13 | Mem:3.94M, Peak:3.94M | Scene, ViewLayer | Loading denoising kernels (may take a few minutes the first time)
Fra:7 Mem:40.53M (Peak 58.93M) | Time:00:00.14 | Mem:355.94M, Peak:355.94M | Scene, ViewLayer | Sample 0/24
Fra:7 Mem:83.28M (Peak 83.28M) | Time:00:00.14 | Remaining:00:00.13 | Mem:398.69M, Peak:398.69M | Scene, ViewLayer | Sample 1/24
Fra:7 Mem:101.29M (Peak 128.29M) | Time:00:01.61 | Mem:398.69M, Peak:398.69M | Scene, ViewLayer | Sample 24/24
Fra:7 Mem:101.29M (Peak 128.29M) | Time:00:01.61 | Mem:398.69M, Peak:398.69M | Scene, ViewLayer | Finished
Saved: '/home/cbsim/ws/slime-workflow/.tmp/2026-09-23_06-25-15/up_left-03.png'
Time: 00:01.73 (Saving: 00:00.03)

Fra:10 Mem:31.33M (Peak 31.33M) | Time:00:00.07 | Mem:0.00M, Peak:0.00M | Scene, ViewLayer | Synchronizing object | key
Fra:10 Mem:31.33M (Peak 31.33M) | Time:00:00.07 | Mem:0.00M, Peak:0.00M | Scene, ViewLayer | Synchronizing object | head-shell-part
Fra:10 Mem:31.34M (Peak 31.34M) | Time:00:00.07 | Mem:0.00M, Peak:0.00M | Scene, ViewLayer | Synchronizing object | neck-shell-part
Fra:10 Mem:31.36M (Peak 31.36M) | Time:00:00.07 | Mem:0.00M, Peak:0.00M | Scene, ViewLayer | Synchronizing object | head-pivot-ball
Fra:10 Mem:31.41M (Peak 31.41M) | Time:00:00.07 | Mem:0.00M, Peak:0.00M | Scene, ViewLayer | Synchronizing object | left-hand-shell
Fra:10 Mem:31.46M (Peak 31.46M) | Time:00:00.07 | Mem:0.00M, Peak:0.00M | Scene, ViewLayer | Synchronizing object | left-shin-shell
Fra:10 Mem:31.58M (Peak 31.58M) | Time:00:00.07 | Mem:0.00M, Peak:0.00M | Scene, ViewLayer | Synchronizing object | left-foot-shell
Fra:10 Mem:31.75M (Peak 31.75M) | Time:00:00.07 | Mem:0.00M, Peak:0.00M | Scene, ViewLayer | Synchronizing object | left-elbow-ball
Fra:10 Mem:31.79M (Peak 31.79M) | Time:00:00.07 | Mem:0.00M, Peak:0.00M | Scene, ViewLayer | Synchronizing object | left-knee-ball
Fra:10 Mem:31.90M (Peak 31.90M) | Time:00:00.07 | Mem:0.00M, Peak:0.00M | Scene, ViewLayer | Synchronizing object | left-ankle-ball
Fra:10 Mem:32.01M (Peak 32.01M) | Time:00:00.07 | Mem:0.00M, Peak:0.00M | Scene, ViewLayer | Synchronizing object | right-foot-shell
Fra:10 Mem:32.67M (Peak 32.68M) | Time:00:00.07 | Mem:0.00M, Peak:0.00M | Scene, ViewLayer | Synchronizing object | right-shoulder-ball
Fra:10 Mem:32.83M (Peak 32.83M) | Time:00:00.07 | Mem:0.00M, Peak:0.00M | Scene, ViewLayer | Synchronizing object | right-elbow-ball
Fra:10 Mem:33.13M (Peak 33.13M) | Time:00:00.07 | Mem:0.00M, Peak:0.00M | Scene, ViewLayer | Synchronizing object | right-wrist-ball
Fra:10 Mem:33.22M (Peak 33.22M) | Time:00:00.07 | Mem:0.00M, Peak:0.00M | Scene, ViewLayer | Synchronizing object | right-hip-ball
Fra:10 Mem:34.25M (Peak 34.25M) | Time:00:00.08 | Mem:0.00M, Peak:0.00M | Scene, ViewLayer | Initializing
Fra:10 Mem:30.83M (Peak 34.25M) | Time:00:00.08 | Mem:0.00M, Peak:0.00M | Scene, ViewLayer | Waiting for render to start
Fra:10 Mem:30.83M (Peak 34.25M) | Time:00:00.08 | Mem:0.00M, Peak:0.00M | Scene, ViewLayer | Updating Scene
Fra:10 Mem:30.83M (Peak 34.25M) | Time:00:00.08 | Mem:0.00M, Peak:0.00M | Scene, ViewLayer | Updating Shaders
Fra:10 Mem:30.83M (Peak 34.25M) | Time:00:00.08 | Mem:0.00M, Peak:0.00M | Scene, ViewLayer | Loading render kernels (may take a few minutes the first time)
Fra:10 Mem:30.91M (Peak 58.93M) | Time:00:00.12 | Mem:0.00M, Peak:0.00M | Scene, ViewLayer | Updating Procedurals
Fra:10 Mem:30.91M (Peak 58.93M) | Time:00:00.12 | Mem:0.00M, Peak:0.00M | Scene, ViewLayer | Updating Background
Fra:10 Mem:30.91M (Peak 58.93M) | Time:00:00.12 | Mem:0.00M, Peak:0.00M | Scene, ViewLayer | Updating Camera
Fra:10 Mem:30.91M (Peak 58.93M) | Time:00:00.12 | Mem:0.00M, Peak:0.00M | Scene, ViewLayer | Updating Meshes Flags
Fra:10 Mem:30.91M (Peak 58.93M) | Time:00:00.12 | Mem:0.00M, Peak:0.00M | Scene, ViewLayer | Updating Objects
Fra:10 Mem:30.91M (Peak 58.93M) | Time:00:00.12 | Mem:0.00M, Peak:0.00M | Scene, ViewLayer | Updating Objects | Copying Transformations to device
Fra:10 Mem:30.92M (Peak 58.93M) | Time:00:00.12 | Mem:0.01M, Peak:0.01M | Scene, ViewLayer | Updating Particle Systems
Fra:10 Mem:30.92M (Peak 58.93M) | Time:00:00.12 | Mem:0.01M, Peak:0.01M | Scene, ViewLayer | Updating Particle Systems | Copying Particles to device
Fra:10 Mem:30.92M (Peak 58.93M) | Time:00:00.12 | Mem:0.01M, Peak:0.01M | Scene, ViewLayer | Updating Meshes
Fra:10 Mem:30.92M (Peak 58.93M) | Time:00:00.12 | Mem:0.01M, Peak:0.01M | Scene, ViewLayer | Updating Objects | Applying Static Transformations
Fra:10 Mem:30.92M (Peak 58.93M) | Time:00:00.12 | Mem:0.01M, Peak:0.01M | Scene, ViewLayer | Updating Mesh | Computing attributes
Fra:10 Mem:31.32M (Peak 58.93M) | Time:00:00.12 | Mem:0.01M, Peak:0.01M | Scene, ViewLayer | Updating Mesh | Copying Attributes to device
Fra:10 Mem:31.32M (Peak 58.93M) | Time:00:00.12 | Mem:0.41M, Peak:0.41M | Scene, ViewLayer | Updating Scene BVH | Building
Fra:10 Mem:31.32M (Peak 58.93M) | Time:00:00.12 | Mem:0.41M, Peak:0.41M | Scene, ViewLayer | Updating Scene BVH | Building BVH
Fra:10 Mem:34.69M (Peak 58.93M) | Time:00:00.12 | Mem:0.41M, Peak:0.41M | Scene, ViewLayer | Updating Scene BVH | Packing BVH triangles and strands
Fra:10 Mem:34.92M (Peak 58.93M) | Time:00:00.12 | Mem:0.41M, Peak:0.41M | Scene, ViewLayer | Updating Scene BVH | Packing BVH nodes
Fra:10 Mem:34.84M (Peak 58.93M) | Time:00:00.13 | Mem:0.41M, Peak:0.41M | Scene, ViewLayer | Updating Scene BVH | Copying BVH to device
Fra:10 Mem:34.84M (Peak 58.93M) | Time:00:00.13 | Mem:2.17M, Peak:2.17M | Scene, ViewLayer | Updating Mesh | Computing normals
Fra:10 Mem:36.53M (Peak 58.93M) | Time:00:00.13 | Mem:2.17M, Peak:2.17M | Scene, ViewLayer | Updating Mesh | Copying Mesh to device
Fra:10 Mem:36.53M (Peak 58.93M) | Time:00:00.13 | Mem:3.86M, Peak:3.86M | Scene, ViewLayer | Updating Objects Flags
Fra:10 Mem:36.53M (Peak 58.93M) | Time:00:00.13 | Mem:3.86M, Peak:3.86M | Scene, ViewLayer | Updating Primitive Offsets
Fra:10 Mem:36.53M (Peak 58.93M) | Time:00:00.13 | Mem:3.86M, Peak:3.86M | Scene, ViewLayer | Updating Images
Fra:10 Mem:36.53M (Peak 58.93M) | Time:00:00.13 | Mem:3.86M, Peak:3.86M | Scene, ViewLayer | Updating Camera Volume
Fra:10 Mem:36.53M (Peak 58.93M) | Time:00:00.13 | Mem:3.86M, Peak:3.86M | Scene, ViewLayer | Updating Lookup Tables
Fra:10 Mem:36.53M (Peak 58.93M) | Time:00:00.13 | Mem:3.94M, Peak:3.94M | Scene, ViewLayer | Updating Lights
Fra:10 Mem:36.53M (Peak 58.93M) | Time:00:00.13 | Mem:3.94M, Peak:3.94M | Scene, ViewLayer | Updating Lights | Computing tree
Fra:10 Mem:36.53M (Peak 58.93M) | Time:00:00.13 | Mem:3.94M, Peak:3.94M | Scene, ViewLayer | Updating Integrator
Fra:10 Mem:36.53M (Peak 58.93M) | Time:00:00.13 | Mem:3.94M, Peak:3.94M | Scene, ViewLayer | Updating Film
Fra:10 Mem:36.53M (Peak 58.93M) | Time:00:00.13 | Mem:3.86M, Peak:3.94M | Scene, ViewLayer | Updating Lookup Tables
Fra:10 Mem:36.53M (Peak 58.93M) | Time:00:00.13 | Mem:3.94M, Peak:3.94M | Scene, ViewLayer | Updating Baking
Fra:10 Mem:36.53M (Peak 58.93M) | Time:00:00.13 | Mem:3.94M, Peak:3.94M | Scene, ViewLayer | Updating Device | Writing constant memory
Fra:10 Mem:36.53M (Peak 58.93M) | Time:00:00.13 | Mem:3.94M, Peak:3.94M | Scene, ViewLayer | Loading denoising kernels (may take a few minutes the first time)
Fra:10 Mem:40.54M (Peak 58.93M) | Time:00:00.13 | Mem:355.95M, Peak:355.95M | Scene, ViewLayer | Sample 0/24
Fra:10 Mem:83.29M (Peak 83.29M) | Time:00:00.14 | Remaining:00:00.13 | Mem:398.70M, Peak:398.70M | Scene, ViewLayer | Sample 1/24
2026-09-23T06:36:23+0900/hunyuan-rig/heartbeat {'stage': 'up_left', 'frame': 10} images=45
Fra:10 Mem:101.29M (Peak 128.30M) | Time:00:01.57 | Mem:398.70M, Peak:398.70M | Scene, ViewLayer | Sample 24/24
Fra:10 Mem:101.29M (Peak 128.30M) | Time:00:01.57 | Mem:398.70M, Peak:398.70M | Scene, ViewLayer | Finished
Saved: '/home/cbsim/ws/slime-workflow/.tmp/2026-09-23_06-25-15/up_left-04.png'
Time: 00:01.69 (Saving: 00:00.03)

Fra:13 Mem:31.33M (Peak 31.33M) | Time:00:00.07 | Mem:0.00M, Peak:0.00M | Scene, ViewLayer | Synchronizing object | fill
Fra:13 Mem:31.33M (Peak 31.33M) | Time:00:00.07 | Mem:0.00M, Peak:0.00M | Scene, ViewLayer | Synchronizing object | key
Fra:13 Mem:31.33M (Peak 31.33M) | Time:00:00.08 | Mem:0.00M, Peak:0.00M | Scene, ViewLayer | Synchronizing object | head-shell-part
Fra:13 Mem:31.33M (Peak 31.33M) | Time:00:00.08 | Mem:0.00M, Peak:0.00M | Scene, ViewLayer | Synchronizing object | neck-shell-part
Fra:13 Mem:31.34M (Peak 31.34M) | Time:00:00.08 | Mem:0.00M, Peak:0.00M | Scene, ViewLayer | Synchronizing object | chest-shell-part
Fra:13 Mem:31.36M (Peak 31.36M) | Time:00:00.08 | Mem:0.00M, Peak:0.00M | Scene, ViewLayer | Synchronizing object | pelvis-shell-part
Fra:13 Mem:31.43M (Peak 31.43M) | Time:00:00.08 | Mem:0.00M, Peak:0.00M | Scene, ViewLayer | Synchronizing object | waist-internal-core
Fra:13 Mem:31.50M (Peak 31.50M) | Time:00:00.08 | Mem:0.00M, Peak:0.00M | Scene, ViewLayer | Synchronizing object | chest-internal-core
Fra:13 Mem:31.73M (Peak 31.73M) | Time:00:00.08 | Mem:0.00M, Peak:0.00M | Scene, ViewLayer | Synchronizing object | right-elbow-ball
Fra:13 Mem:31.82M (Peak 31.82M) | Time:00:00.08 | Mem:0.00M, Peak:0.00M | Scene, ViewLayer | Synchronizing object | right-knee-ball
Fra:13 Mem:31.87M (Peak 31.87M) | Time:00:00.08 | Mem:0.00M, Peak:0.00M | Scene, ViewLayer | Synchronizing object | right-hip-ball
Fra:13 Mem:31.92M (Peak 31.92M) | Time:00:00.08 | Mem:0.00M, Peak:0.00M | Scene, ViewLayer | Synchronizing object | right-wrist-ball
Fra:13 Mem:34.25M (Peak 35.77M) | Time:00:00.08 | Mem:0.00M, Peak:0.00M | Scene, ViewLayer | Initializing
Fra:13 Mem:30.83M (Peak 35.77M) | Time:00:00.08 | Mem:0.00M, Peak:0.00M | Scene, ViewLayer | Waiting for render to start
Fra:13 Mem:30.83M (Peak 35.77M) | Time:00:00.08 | Mem:0.00M, Peak:0.00M | Scene, ViewLayer | Updating Scene
Fra:13 Mem:30.83M (Peak 35.77M) | Time:00:00.08 | Mem:0.00M, Peak:0.00M | Scene, ViewLayer | Updating Shaders
Fra:13 Mem:30.83M (Peak 35.77M) | Time:00:00.08 | Mem:0.00M, Peak:0.00M | Scene, ViewLayer | Loading render kernels (may take a few minutes the first time)
Fra:13 Mem:30.91M (Peak 58.93M) | Time:00:00.12 | Mem:0.00M, Peak:0.00M | Scene, ViewLayer | Updating Procedurals
Fra:13 Mem:30.91M (Peak 58.93M) | Time:00:00.12 | Mem:0.00M, Peak:0.00M | Scene, ViewLayer | Updating Background
Fra:13 Mem:30.91M (Peak 58.93M) | Time:00:00.12 | Mem:0.00M, Peak:0.00M | Scene, ViewLayer | Updating Camera
Fra:13 Mem:30.91M (Peak 58.93M) | Time:00:00.12 | Mem:0.00M, Peak:0.00M | Scene, ViewLayer | Updating Meshes Flags
Fra:13 Mem:30.91M (Peak 58.93M) | Time:00:00.12 | Mem:0.00M, Peak:0.00M | Scene, ViewLayer | Updating Objects
Fra:13 Mem:30.91M (Peak 58.93M) | Time:00:00.12 | Mem:0.00M, Peak:0.00M | Scene, ViewLayer | Updating Objects | Copying Transformations to device
Fra:13 Mem:30.92M (Peak 58.93M) | Time:00:00.12 | Mem:0.01M, Peak:0.01M | Scene, ViewLayer | Updating Particle Systems
Fra:13 Mem:30.92M (Peak 58.93M) | Time:00:00.12 | Mem:0.01M, Peak:0.01M | Scene, ViewLayer | Updating Particle Systems | Copying Particles to device
Fra:13 Mem:30.92M (Peak 58.93M) | Time:00:00.12 | Mem:0.01M, Peak:0.01M | Scene, ViewLayer | Updating Meshes
Fra:13 Mem:30.92M (Peak 58.93M) | Time:00:00.12 | Mem:0.01M, Peak:0.01M | Scene, ViewLayer | Updating Objects | Applying Static Transformations
Fra:13 Mem:30.92M (Peak 58.93M) | Time:00:00.12 | Mem:0.01M, Peak:0.01M | Scene, ViewLayer | Updating Mesh | Computing attributes
Fra:13 Mem:31.32M (Peak 58.93M) | Time:00:00.12 | Mem:0.01M, Peak:0.01M | Scene, ViewLayer | Updating Mesh | Copying Attributes to device
Fra:13 Mem:31.32M (Peak 58.93M) | Time:00:00.12 | Mem:0.41M, Peak:0.41M | Scene, ViewLayer | Updating Scene BVH | Building
Fra:13 Mem:31.32M (Peak 58.93M) | Time:00:00.12 | Mem:0.41M, Peak:0.41M | Scene, ViewLayer | Updating Scene BVH | Building BVH
Fra:13 Mem:34.69M (Peak 58.93M) | Time:00:00.13 | Mem:0.41M, Peak:0.41M | Scene, ViewLayer | Updating Scene BVH | Packing BVH triangles and strands
Fra:13 Mem:34.92M (Peak 58.93M) | Time:00:00.13 | Mem:0.41M, Peak:0.41M | Scene, ViewLayer | Updating Scene BVH | Packing BVH nodes
Fra:13 Mem:34.83M (Peak 58.93M) | Time:00:00.13 | Mem:0.41M, Peak:0.41M | Scene, ViewLayer | Updating Scene BVH | Copying BVH to device
Fra:13 Mem:34.83M (Peak 58.93M) | Time:00:00.13 | Mem:2.16M, Peak:2.16M | Scene, ViewLayer | Updating Mesh | Computing normals
Fra:13 Mem:36.52M (Peak 58.93M) | Time:00:00.13 | Mem:2.16M, Peak:2.16M | Scene, ViewLayer | Updating Mesh | Copying Mesh to device
Fra:13 Mem:36.52M (Peak 58.93M) | Time:00:00.13 | Mem:3.85M, Peak:3.85M | Scene, ViewLayer | Updating Objects Flags
Fra:13 Mem:36.52M (Peak 58.93M) | Time:00:00.13 | Mem:3.85M, Peak:3.85M | Scene, ViewLayer | Updating Primitive Offsets
Fra:13 Mem:36.52M (Peak 58.93M) | Time:00:00.13 | Mem:3.85M, Peak:3.85M | Scene, ViewLayer | Updating Images
Fra:13 Mem:36.52M (Peak 58.93M) | Time:00:00.13 | Mem:3.85M, Peak:3.85M | Scene, ViewLayer | Updating Camera Volume
Fra:13 Mem:36.52M (Peak 58.93M) | Time:00:00.13 | Mem:3.85M, Peak:3.85M | Scene, ViewLayer | Updating Lookup Tables
Fra:13 Mem:36.52M (Peak 58.93M) | Time:00:00.13 | Mem:3.93M, Peak:3.93M | Scene, ViewLayer | Updating Lights
Fra:13 Mem:36.52M (Peak 58.93M) | Time:00:00.13 | Mem:3.93M, Peak:3.93M | Scene, ViewLayer | Updating Lights | Computing tree
Fra:13 Mem:36.52M (Peak 58.93M) | Time:00:00.13 | Mem:3.94M, Peak:3.94M | Scene, ViewLayer | Updating Integrator
Fra:13 Mem:36.52M (Peak 58.93M) | Time:00:00.13 | Mem:3.94M, Peak:3.94M | Scene, ViewLayer | Updating Film
Fra:13 Mem:36.52M (Peak 58.93M) | Time:00:00.13 | Mem:3.85M, Peak:3.94M | Scene, ViewLayer | Updating Lookup Tables
Fra:13 Mem:36.52M (Peak 58.93M) | Time:00:00.13 | Mem:3.94M, Peak:3.94M | Scene, ViewLayer | Updating Baking
Fra:13 Mem:36.52M (Peak 58.93M) | Time:00:00.13 | Mem:3.94M, Peak:3.94M | Scene, ViewLayer | Updating Device | Writing constant memory
Fra:13 Mem:36.52M (Peak 58.93M) | Time:00:00.13 | Mem:3.94M, Peak:3.94M | Scene, ViewLayer | Loading denoising kernels (may take a few minutes the first time)
Fra:13 Mem:40.53M (Peak 58.93M) | Time:00:00.14 | Mem:355.94M, Peak:355.94M | Scene, ViewLayer | Sample 0/24
Fra:13 Mem:83.28M (Peak 83.28M) | Time:00:00.14 | Remaining:00:00.13 | Mem:398.69M, Peak:398.69M | Scene, ViewLayer | Sample 1/24
Fra:13 Mem:101.28M (Peak 128.29M) | Time:00:01.62 | Mem:398.69M, Peak:398.69M | Scene, ViewLayer | Sample 24/24
Fra:13 Mem:101.28M (Peak 128.29M) | Time:00:01.62 | Mem:398.69M, Peak:398.69M | Scene, ViewLayer | Finished
Saved: '/home/cbsim/ws/slime-workflow/.tmp/2026-09-23_06-25-15/up_left-05.png'
Time: 00:01.74 (Saving: 00:00.03)

Fra:16 Mem:31.33M (Peak 31.33M) | Time:00:00.08 | Mem:0.00M, Peak:0.00M | Scene, ViewLayer | Synchronizing object | key
Fra:16 Mem:31.33M (Peak 31.33M) | Time:00:00.08 | Mem:0.00M, Peak:0.00M | Scene, ViewLayer | Synchronizing object | head-shell-part
Fra:16 Mem:31.34M (Peak 31.34M) | Time:00:00.08 | Mem:0.00M, Peak:0.00M | Scene, ViewLayer | Synchronizing object | right-ankle-ball
Fra:16 Mem:31.43M (Peak 31.43M) | Time:00:00.08 | Mem:0.00M, Peak:0.00M | Scene, ViewLayer | Synchronizing object | neck-shell-part
Fra:16 Mem:31.43M (Peak 31.43M) | Time:00:00.08 | Mem:0.00M, Peak:0.00M | Scene, ViewLayer | Synchronizing object | head-pivot-ball
Fra:16 Mem:31.44M (Peak 31.44M) | Time:00:00.08 | Mem:0.00M, Peak:0.00M | Scene, ViewLayer | Synchronizing object | right-knee-ball
Fra:16 Mem:31.45M (Peak 31.45M) | Time:00:00.08 | Mem:0.00M, Peak:0.00M | Scene, ViewLayer | Synchronizing object | left-shin-shell
Fra:16 Mem:31.55M (Peak 31.55M) | Time:00:00.08 | Mem:0.00M, Peak:0.00M | Scene, ViewLayer | Synchronizing object | left-shoulder-ball
Fra:16 Mem:31.72M (Peak 31.72M) | Time:00:00.08 | Mem:0.00M, Peak:0.00M | Scene, ViewLayer | Synchronizing object | left-elbow-ball
Fra:16 Mem:31.83M (Peak 31.83M) | Time:00:00.08 | Mem:0.00M, Peak:0.00M | Scene, ViewLayer | Synchronizing object | left-knee-ball
Fra:16 Mem:31.91M (Peak 31.91M) | Time:00:00.08 | Mem:0.00M, Peak:0.00M | Scene, ViewLayer | Synchronizing object | right-upper-arm-shell
Fra:16 Mem:31.95M (Peak 31.95M) | Time:00:00.08 | Mem:0.00M, Peak:0.00M | Scene, ViewLayer | Synchronizing object | right-forearm-shell
Fra:16 Mem:31.99M (Peak 31.99M) | Time:00:00.08 | Mem:0.00M, Peak:0.00M | Scene, ViewLayer | Synchronizing object | right-hand-shell
Fra:16 Mem:32.11M (Peak 32.09M) | Time:00:00.08 | Mem:0.00M, Peak:0.00M | Scene, ViewLayer | Synchronizing object | right-thigh-shell
Fra:16 Mem:32.40M (Peak 32.40M) | Time:00:00.08 | Mem:0.00M, Peak:0.00M | Scene, ViewLayer | Synchronizing object | right-shin-shell
Fra:16 Mem:32.44M (Peak 32.44M) | Time:00:00.08 | Mem:0.00M, Peak:0.00M | Scene, ViewLayer | Synchronizing object | right-shoulder-ball
Fra:16 Mem:32.51M (Peak 32.51M) | Time:00:00.08 | Mem:0.00M, Peak:0.00M | Scene, ViewLayer | Synchronizing object | right-elbow-ball
Fra:16 Mem:32.60M (Peak 32.60M) | Time:00:00.08 | Mem:0.00M, Peak:0.00M | Scene, ViewLayer | Synchronizing object | right-wrist-ball
Fra:16 Mem:32.78M (Peak 32.78M) | Time:00:00.08 | Mem:0.00M, Peak:0.00M | Scene, ViewLayer | Synchronizing object | right-hip-ball
Fra:16 Mem:34.25M (Peak 34.97M) | Time:00:00.08 | Mem:0.00M, Peak:0.00M | Scene, ViewLayer | Initializing
Fra:16 Mem:30.83M (Peak 34.97M) | Time:00:00.08 | Mem:0.00M, Peak:0.00M | Scene, ViewLayer | Waiting for render to start
Fra:16 Mem:30.83M (Peak 34.97M) | Time:00:00.08 | Mem:0.00M, Peak:0.00M | Scene, ViewLayer | Updating Scene
Fra:16 Mem:30.83M (Peak 34.97M) | Time:00:00.08 | Mem:0.00M, Peak:0.00M | Scene, ViewLayer | Updating Shaders
Fra:16 Mem:30.83M (Peak 34.97M) | Time:00:00.08 | Mem:0.00M, Peak:0.00M | Scene, ViewLayer | Loading render kernels (may take a few minutes the first time)
Fra:16 Mem:30.91M (Peak 58.93M) | Time:00:00.12 | Mem:0.00M, Peak:0.00M | Scene, ViewLayer | Updating Procedurals
Fra:16 Mem:30.91M (Peak 58.93M) | Time:00:00.12 | Mem:0.00M, Peak:0.00M | Scene, ViewLayer | Updating Background
Fra:16 Mem:30.91M (Peak 58.93M) | Time:00:00.12 | Mem:0.00M, Peak:0.00M | Scene, ViewLayer | Updating Camera
Fra:16 Mem:30.91M (Peak 58.93M) | Time:00:00.12 | Mem:0.00M, Peak:0.00M | Scene, ViewLayer | Updating Meshes Flags
Fra:16 Mem:30.91M (Peak 58.93M) | Time:00:00.12 | Mem:0.00M, Peak:0.00M | Scene, ViewLayer | Updating Objects
Fra:16 Mem:30.91M (Peak 58.93M) | Time:00:00.12 | Mem:0.00M, Peak:0.00M | Scene, ViewLayer | Updating Objects | Copying Transformations to device
Fra:16 Mem:30.92M (Peak 58.93M) | Time:00:00.12 | Mem:0.01M, Peak:0.01M | Scene, ViewLayer | Updating Particle Systems
Fra:16 Mem:30.92M (Peak 58.93M) | Time:00:00.12 | Mem:0.01M, Peak:0.01M | Scene, ViewLayer | Updating Particle Systems | Copying Particles to device
Fra:16 Mem:30.92M (Peak 58.93M) | Time:00:00.12 | Mem:0.01M, Peak:0.01M | Scene, ViewLayer | Updating Meshes
Fra:16 Mem:30.92M (Peak 58.93M) | Time:00:00.12 | Mem:0.01M, Peak:0.01M | Scene, ViewLayer | Updating Objects | Applying Static Transformations
Fra:16 Mem:30.92M (Peak 58.93M) | Time:00:00.12 | Mem:0.01M, Peak:0.01M | Scene, ViewLayer | Updating Mesh | Computing attributes
Fra:16 Mem:31.32M (Peak 58.93M) | Time:00:00.12 | Mem:0.01M, Peak:0.01M | Scene, ViewLayer | Updating Mesh | Copying Attributes to device
Fra:16 Mem:31.32M (Peak 58.93M) | Time:00:00.12 | Mem:0.41M, Peak:0.41M | Scene, ViewLayer | Updating Scene BVH | Building
Fra:16 Mem:31.32M (Peak 58.93M) | Time:00:00.12 | Mem:0.41M, Peak:0.41M | Scene, ViewLayer | Updating Scene BVH | Building BVH
Fra:16 Mem:34.69M (Peak 58.93M) | Time:00:00.13 | Mem:0.41M, Peak:0.41M | Scene, ViewLayer | Updating Scene BVH | Packing BVH triangles and strands
Fra:16 Mem:34.92M (Peak 58.93M) | Time:00:00.13 | Mem:0.41M, Peak:0.41M | Scene, ViewLayer | Updating Scene BVH | Packing BVH nodes
Fra:16 Mem:34.85M (Peak 58.93M) | Time:00:00.13 | Mem:0.41M, Peak:0.41M | Scene, ViewLayer | Updating Scene BVH | Copying BVH to device
Fra:16 Mem:34.85M (Peak 58.93M) | Time:00:00.13 | Mem:2.17M, Peak:2.17M | Scene, ViewLayer | Updating Mesh | Computing normals
Fra:16 Mem:36.54M (Peak 58.93M) | Time:00:00.13 | Mem:2.17M, Peak:2.17M | Scene, ViewLayer | Updating Mesh | Copying Mesh to device
Fra:16 Mem:36.54M (Peak 58.93M) | Time:00:00.13 | Mem:3.86M, Peak:3.86M | Scene, ViewLayer | Updating Objects Flags
Fra:16 Mem:36.54M (Peak 58.93M) | Time:00:00.13 | Mem:3.86M, Peak:3.86M | Scene, ViewLayer | Updating Primitive Offsets
Fra:16 Mem:36.54M (Peak 58.93M) | Time:00:00.13 | Mem:3.86M, Peak:3.86M | Scene, ViewLayer | Updating Images
Fra:16 Mem:36.54M (Peak 58.93M) | Time:00:00.13 | Mem:3.86M, Peak:3.86M | Scene, ViewLayer | Updating Camera Volume
Fra:16 Mem:36.54M (Peak 58.93M) | Time:00:00.13 | Mem:3.86M, Peak:3.86M | Scene, ViewLayer | Updating Lookup Tables
Fra:16 Mem:36.54M (Peak 58.93M) | Time:00:00.13 | Mem:3.94M, Peak:3.94M | Scene, ViewLayer | Updating Lights
Fra:16 Mem:36.54M (Peak 58.93M) | Time:00:00.13 | Mem:3.95M, Peak:3.95M | Scene, ViewLayer | Updating Lights | Computing tree
Fra:16 Mem:36.54M (Peak 58.93M) | Time:00:00.14 | Mem:3.95M, Peak:3.95M | Scene, ViewLayer | Updating Integrator
Fra:16 Mem:36.54M (Peak 58.93M) | Time:00:00.14 | Mem:3.95M, Peak:3.95M | Scene, ViewLayer | Updating Film
Fra:16 Mem:36.54M (Peak 58.93M) | Time:00:00.14 | Mem:3.86M, Peak:3.95M | Scene, ViewLayer | Updating Lookup Tables
Fra:16 Mem:36.54M (Peak 58.93M) | Time:00:00.14 | Mem:3.95M, Peak:3.95M | Scene, ViewLayer | Updating Baking
Fra:16 Mem:36.54M (Peak 58.93M) | Time:00:00.14 | Mem:3.95M, Peak:3.95M | Scene, ViewLayer | Updating Device | Writing constant memory
Fra:16 Mem:36.55M (Peak 58.93M) | Time:00:00.14 | Mem:3.95M, Peak:3.95M | Scene, ViewLayer | Loading denoising kernels (may take a few minutes the first time)
Fra:16 Mem:40.55M (Peak 58.93M) | Time:00:00.14 | Mem:355.95M, Peak:355.95M | Scene, ViewLayer | Sample 0/24
Fra:16 Mem:83.30M (Peak 83.30M) | Time:00:00.15 | Remaining:00:00.13 | Mem:398.70M, Peak:398.70M | Scene, ViewLayer | Sample 1/24
Fra:16 Mem:101.31M (Peak 128.31M) | Time:00:01.75 | Mem:398.70M, Peak:398.70M | Scene, ViewLayer | Sample 24/24
Fra:16 Mem:101.31M (Peak 128.31M) | Time:00:01.75 | Mem:398.70M, Peak:398.70M | Scene, ViewLayer | Finished
Saved: '/home/cbsim/ws/slime-workflow/.tmp/2026-09-23_06-25-15/up_left-06.png'
Time: 00:01.92 (Saving: 00:00.06)

Fra:19 Mem:31.33M (Peak 31.33M) | Time:00:00.08 | Mem:0.00M, Peak:0.00M | Scene, ViewLayer | Synchronizing object | key
Fra:19 Mem:31.33M (Peak 31.33M) | Time:00:00.08 | Mem:0.00M, Peak:0.00M | Scene, ViewLayer | Synchronizing object | neck-shell-part
Fra:19 Mem:31.34M (Peak 31.34M) | Time:00:00.08 | Mem:0.00M, Peak:0.00M | Scene, ViewLayer | Synchronizing object | chest-shell-part
Fra:19 Mem:31.35M (Peak 31.35M) | Time:00:00.08 | Mem:0.00M, Peak:0.00M | Scene, ViewLayer | Synchronizing object | head-pivot-ball
Fra:19 Mem:31.44M (Peak 31.44M) | Time:00:00.08 | Mem:0.00M, Peak:0.00M | Scene, ViewLayer | Synchronizing object | chest-internal-core
Fra:19 Mem:31.52M (Peak 31.52M) | Time:00:00.08 | Mem:0.00M, Peak:0.00M | Scene, ViewLayer | Synchronizing object | left-shin-shell
Fra:19 Mem:31.62M (Peak 31.62M) | Time:00:00.08 | Mem:0.00M, Peak:0.00M | Scene, ViewLayer | Synchronizing object | left-foot-shell
Fra:19 Mem:31.68M (Peak 31.68M) | Time:00:00.08 | Mem:0.00M, Peak:0.00M | Scene, ViewLayer | Synchronizing object | left-hip-ball
Fra:19 Mem:31.88M (Peak 31.88M) | Time:00:00.08 | Mem:0.00M, Peak:0.00M | Scene, ViewLayer | Synchronizing object | right-forearm-shell
Fra:19 Mem:31.93M (Peak 31.93M) | Time:00:00.08 | Mem:0.00M, Peak:0.00M | Scene, ViewLayer | Synchronizing object | right-hand-shell
Fra:19 Mem:32.05M (Peak 32.05M) | Time:00:00.08 | Mem:0.00M, Peak:0.00M | Scene, ViewLayer | Synchronizing object | right-foot-shell
Fra:19 Mem:32.64M (Peak 32.64M) | Time:00:00.08 | Mem:0.00M, Peak:0.00M | Scene, ViewLayer | Synchronizing object | right-shoulder-ball
Fra:19 Mem:33.20M (Peak 33.20M) | Time:00:00.08 | Mem:0.00M, Peak:0.00M | Scene, ViewLayer | Synchronizing object | right-elbow-ball
Fra:19 Mem:33.31M (Peak 33.31M) | Time:00:00.08 | Mem:0.00M, Peak:0.00M | Scene, ViewLayer | Synchronizing object | right-wrist-ball
Fra:19 Mem:33.42M (Peak 33.42M) | Time:00:00.08 | Mem:0.00M, Peak:0.00M | Scene, ViewLayer | Synchronizing object | right-hip-ball
Fra:19 Mem:34.25M (Peak 34.25M) | Time:00:00.09 | Mem:0.00M, Peak:0.00M | Scene, ViewLayer | Initializing
Fra:19 Mem:30.83M (Peak 34.25M) | Time:00:00.09 | Mem:0.00M, Peak:0.00M | Scene, ViewLayer | Waiting for render to start
Fra:19 Mem:30.83M (Peak 34.25M) | Time:00:00.09 | Mem:0.00M, Peak:0.00M | Scene, ViewLayer | Updating Scene
Fra:19 Mem:30.83M (Peak 34.25M) | Time:00:00.09 | Mem:0.00M, Peak:0.00M | Scene, ViewLayer | Updating Shaders
Fra:19 Mem:30.83M (Peak 34.25M) | Time:00:00.09 | Mem:0.00M, Peak:0.00M | Scene, ViewLayer | Loading render kernels (may take a few minutes the first time)
Fra:19 Mem:30.91M (Peak 58.93M) | Time:00:00.13 | Mem:0.00M, Peak:0.00M | Scene, ViewLayer | Updating Procedurals
Fra:19 Mem:30.91M (Peak 58.93M) | Time:00:00.13 | Mem:0.00M, Peak:0.00M | Scene, ViewLayer | Updating Background
Fra:19 Mem:30.91M (Peak 58.93M) | Time:00:00.13 | Mem:0.00M, Peak:0.00M | Scene, ViewLayer | Updating Camera
Fra:19 Mem:30.91M (Peak 58.93M) | Time:00:00.13 | Mem:0.00M, Peak:0.00M | Scene, ViewLayer | Updating Meshes Flags
Fra:19 Mem:30.91M (Peak 58.93M) | Time:00:00.13 | Mem:0.00M, Peak:0.00M | Scene, ViewLayer | Updating Objects
Fra:19 Mem:30.91M (Peak 58.93M) | Time:00:00.13 | Mem:0.00M, Peak:0.00M | Scene, ViewLayer | Updating Objects | Copying Transformations to device
Fra:19 Mem:30.92M (Peak 58.93M) | Time:00:00.13 | Mem:0.01M, Peak:0.01M | Scene, ViewLayer | Updating Particle Systems
Fra:19 Mem:30.92M (Peak 58.93M) | Time:00:00.13 | Mem:0.01M, Peak:0.01M | Scene, ViewLayer | Updating Particle Systems | Copying Particles to device
Fra:19 Mem:30.92M (Peak 58.93M) | Time:00:00.13 | Mem:0.01M, Peak:0.01M | Scene, ViewLayer | Updating Meshes
Fra:19 Mem:30.92M (Peak 58.93M) | Time:00:00.13 | Mem:0.01M, Peak:0.01M | Scene, ViewLayer | Updating Objects | Applying Static Transformations
Fra:19 Mem:30.92M (Peak 58.93M) | Time:00:00.13 | Mem:0.01M, Peak:0.01M | Scene, ViewLayer | Updating Mesh | Computing attributes
Fra:19 Mem:31.32M (Peak 58.93M) | Time:00:00.13 | Mem:0.01M, Peak:0.01M | Scene, ViewLayer | Updating Mesh | Copying Attributes to device
Fra:19 Mem:31.32M (Peak 58.93M) | Time:00:00.13 | Mem:0.41M, Peak:0.41M | Scene, ViewLayer | Updating Scene BVH | Building
Fra:19 Mem:31.32M (Peak 58.93M) | Time:00:00.13 | Mem:0.41M, Peak:0.41M | Scene, ViewLayer | Updating Scene BVH | Building BVH
Fra:19 Mem:34.69M (Peak 58.93M) | Time:00:00.14 | Mem:0.41M, Peak:0.41M | Scene, ViewLayer | Updating Scene BVH | Packing BVH triangles and strands
Fra:19 Mem:34.92M (Peak 58.93M) | Time:00:00.14 | Mem:0.41M, Peak:0.41M | Scene, ViewLayer | Updating Scene BVH | Packing BVH nodes
Fra:19 Mem:34.84M (Peak 58.93M) | Time:00:00.14 | Mem:0.41M, Peak:0.41M | Scene, ViewLayer | Updating Scene BVH | Copying BVH to device
Fra:19 Mem:34.84M (Peak 58.93M) | Time:00:00.14 | Mem:2.17M, Peak:2.17M | Scene, ViewLayer | Updating Mesh | Computing normals
Fra:19 Mem:36.53M (Peak 58.93M) | Time:00:00.14 | Mem:2.17M, Peak:2.17M | Scene, ViewLayer | Updating Mesh | Copying Mesh to device
Fra:19 Mem:36.53M (Peak 58.93M) | Time:00:00.14 | Mem:3.86M, Peak:3.86M | Scene, ViewLayer | Updating Objects Flags
Fra:19 Mem:36.53M (Peak 58.93M) | Time:00:00.14 | Mem:3.86M, Peak:3.86M | Scene, ViewLayer | Updating Primitive Offsets
Fra:19 Mem:36.53M (Peak 58.93M) | Time:00:00.14 | Mem:3.86M, Peak:3.86M | Scene, ViewLayer | Updating Images
Fra:19 Mem:36.53M (Peak 58.93M) | Time:00:00.14 | Mem:3.86M, Peak:3.86M | Scene, ViewLayer | Updating Camera Volume
Fra:19 Mem:36.53M (Peak 58.93M) | Time:00:00.14 | Mem:3.86M, Peak:3.86M | Scene, ViewLayer | Updating Lookup Tables
Fra:19 Mem:36.53M (Peak 58.93M) | Time:00:00.14 | Mem:3.94M, Peak:3.94M | Scene, ViewLayer | Updating Lights
Fra:19 Mem:36.53M (Peak 58.93M) | Time:00:00.14 | Mem:3.94M, Peak:3.94M | Scene, ViewLayer | Updating Lights | Computing tree
Fra:19 Mem:36.53M (Peak 58.93M) | Time:00:00.14 | Mem:3.94M, Peak:3.94M | Scene, ViewLayer | Updating Integrator
Fra:19 Mem:36.53M (Peak 58.93M) | Time:00:00.14 | Mem:3.94M, Peak:3.94M | Scene, ViewLayer | Updating Film
Fra:19 Mem:36.53M (Peak 58.93M) | Time:00:00.14 | Mem:3.86M, Peak:3.94M | Scene, ViewLayer | Updating Lookup Tables
Fra:19 Mem:36.53M (Peak 58.93M) | Time:00:00.14 | Mem:3.94M, Peak:3.94M | Scene, ViewLayer | Updating Baking
Fra:19 Mem:36.53M (Peak 58.93M) | Time:00:00.14 | Mem:3.94M, Peak:3.94M | Scene, ViewLayer | Updating Device | Writing constant memory
Fra:19 Mem:36.54M (Peak 58.93M) | Time:00:00.14 | Mem:3.94M, Peak:3.94M | Scene, ViewLayer | Loading denoising kernels (may take a few minutes the first time)
Fra:19 Mem:40.54M (Peak 58.93M) | Time:00:00.15 | Mem:355.95M, Peak:355.95M | Scene, ViewLayer | Sample 0/24
Fra:19 Mem:83.29M (Peak 83.29M) | Time:00:00.15 | Remaining:00:00.13 | Mem:398.70M, Peak:398.70M | Scene, ViewLayer | Sample 1/24
2026-09-23T06:36:28+0900/hunyuan-rig/heartbeat {'stage': 'up_left', 'frame': 19} images=60
Fra:19 Mem:101.30M (Peak 128.30M) | Time:00:01.78 | Mem:398.70M, Peak:398.70M | Scene, ViewLayer | Sample 24/24
Fra:19 Mem:101.30M (Peak 128.30M) | Time:00:01.78 | Mem:398.70M, Peak:398.70M | Scene, ViewLayer | Finished
Saved: '/home/cbsim/ws/slime-workflow/.tmp/2026-09-23_06-25-15/up_left-07.png'
Time: 00:01.91 (Saving: 00:00.03)

Fra:22 Mem:31.33M (Peak 31.33M) | Time:00:00.08 | Mem:0.00M, Peak:0.00M | Scene, ViewLayer | Synchronizing object | key
Fra:22 Mem:31.33M (Peak 31.33M) | Time:00:00.08 | Mem:0.00M, Peak:0.00M | Scene, ViewLayer | Synchronizing object | head-shell-part
Fra:22 Mem:31.38M (Peak 31.38M) | Time:00:00.08 | Mem:0.00M, Peak:0.00M | Scene, ViewLayer | Synchronizing object | chest-shell-part
Fra:22 Mem:31.40M (Peak 31.40M) | Time:00:00.08 | Mem:0.00M, Peak:0.00M | Scene, ViewLayer | Synchronizing object | right-knee-ball
Fra:22 Mem:31.50M (Peak 31.51M) | Time:00:00.08 | Mem:0.00M, Peak:0.00M | Scene, ViewLayer | Synchronizing object | abdomen-shell-part
Fra:22 Mem:31.70M (Peak 31.70M) | Time:00:00.08 | Mem:0.00M, Peak:0.00M | Scene, ViewLayer | Synchronizing object | right-hip-ball
Fra:22 Mem:31.80M (Peak 31.80M) | Time:00:00.08 | Mem:0.00M, Peak:0.00M | Scene, ViewLayer | Synchronizing object | left-forearm-shell
Fra:22 Mem:31.83M (Peak 31.83M) | Time:00:00.08 | Mem:0.00M, Peak:0.00M | Scene, ViewLayer | Synchronizing object | left-shoulder-ball
Fra:22 Mem:31.89M (Peak 31.89M) | Time:00:00.08 | Mem:0.00M, Peak:0.00M | Scene, ViewLayer | Synchronizing object | right-upper-arm-shell
Fra:22 Mem:32.06M (Peak 32.06M) | Time:00:00.08 | Mem:0.00M, Peak:0.00M | Scene, ViewLayer | Synchronizing object | right-hand-shell
Fra:22 Mem:32.33M (Peak 32.33M) | Time:00:00.08 | Mem:0.00M, Peak:0.00M | Scene, ViewLayer | Synchronizing object | right-thigh-shell
Fra:22 Mem:33.18M (Peak 33.18M) | Time:00:00.08 | Mem:0.00M, Peak:0.00M | Scene, ViewLayer | Synchronizing object | right-shin-shell
Fra:22 Mem:33.43M (Peak 33.43M) | Time:00:00.08 | Mem:0.00M, Peak:0.00M | Scene, ViewLayer | Synchronizing object | right-shoulder-ball
Fra:22 Mem:35.04M (Peak 35.04M) | Time:00:00.08 | Mem:0.00M, Peak:0.00M | Scene, ViewLayer | Synchronizing object | right-wrist-ball
Fra:22 Mem:34.25M (Peak 35.04M) | Time:00:00.08 | Mem:0.00M, Peak:0.00M | Scene, ViewLayer | Initializing
Fra:22 Mem:30.83M (Peak 35.04M) | Time:00:00.08 | Mem:0.00M, Peak:0.00M | Scene, ViewLayer | Waiting for render to start
Fra:22 Mem:30.83M (Peak 35.04M) | Time:00:00.08 | Mem:0.00M, Peak:0.00M | Scene, ViewLayer | Updating Scene
Fra:22 Mem:30.83M (Peak 35.04M) | Time:00:00.08 | Mem:0.00M, Peak:0.00M | Scene, ViewLayer | Updating Shaders
Fra:22 Mem:30.83M (Peak 35.04M) | Time:00:00.08 | Mem:0.00M, Peak:0.00M | Scene, ViewLayer | Loading render kernels (may take a few minutes the first time)
Fra:22 Mem:30.91M (Peak 58.93M) | Time:00:00.13 | Mem:0.00M, Peak:0.00M | Scene, ViewLayer | Updating Procedurals
Fra:22 Mem:30.91M (Peak 58.93M) | Time:00:00.13 | Mem:0.00M, Peak:0.00M | Scene, ViewLayer | Updating Background
Fra:22 Mem:30.91M (Peak 58.93M) | Time:00:00.13 | Mem:0.00M, Peak:0.00M | Scene, ViewLayer | Updating Camera
Fra:22 Mem:30.91M (Peak 58.93M) | Time:00:00.13 | Mem:0.00M, Peak:0.00M | Scene, ViewLayer | Updating Meshes Flags
Fra:22 Mem:30.91M (Peak 58.93M) | Time:00:00.13 | Mem:0.00M, Peak:0.00M | Scene, ViewLayer | Updating Objects
Fra:22 Mem:30.91M (Peak 58.93M) | Time:00:00.13 | Mem:0.00M, Peak:0.00M | Scene, ViewLayer | Updating Objects | Copying Transformations to device
Fra:22 Mem:30.92M (Peak 58.93M) | Time:00:00.13 | Mem:0.01M, Peak:0.01M | Scene, ViewLayer | Updating Particle Systems
Fra:22 Mem:30.92M (Peak 58.93M) | Time:00:00.13 | Mem:0.01M, Peak:0.01M | Scene, ViewLayer | Updating Particle Systems | Copying Particles to device
Fra:22 Mem:30.92M (Peak 58.93M) | Time:00:00.13 | Mem:0.01M, Peak:0.01M | Scene, ViewLayer | Updating Meshes
Fra:22 Mem:30.92M (Peak 58.93M) | Time:00:00.13 | Mem:0.01M, Peak:0.01M | Scene, ViewLayer | Updating Objects | Applying Static Transformations
Fra:22 Mem:30.92M (Peak 58.93M) | Time:00:00.13 | Mem:0.01M, Peak:0.01M | Scene, ViewLayer | Updating Mesh | Computing attributes
Fra:22 Mem:31.32M (Peak 58.93M) | Time:00:00.13 | Mem:0.01M, Peak:0.01M | Scene, ViewLayer | Updating Mesh | Copying Attributes to device
Fra:22 Mem:31.32M (Peak 58.93M) | Time:00:00.13 | Mem:0.41M, Peak:0.41M | Scene, ViewLayer | Updating Scene BVH | Building
Fra:22 Mem:31.32M (Peak 58.93M) | Time:00:00.13 | Mem:0.41M, Peak:0.41M | Scene, ViewLayer | Updating Scene BVH | Building BVH
Fra:22 Mem:34.69M (Peak 58.93M) | Time:00:00.13 | Mem:0.41M, Peak:0.41M | Scene, ViewLayer | Updating Scene BVH | Packing BVH triangles and strands
Fra:22 Mem:34.92M (Peak 58.93M) | Time:00:00.13 | Mem:0.41M, Peak:0.41M | Scene, ViewLayer | Updating Scene BVH | Packing BVH nodes
Fra:22 Mem:34.84M (Peak 58.93M) | Time:00:00.13 | Mem:0.41M, Peak:0.41M | Scene, ViewLayer | Updating Scene BVH | Copying BVH to device
Fra:22 Mem:34.84M (Peak 58.93M) | Time:00:00.13 | Mem:2.17M, Peak:2.17M | Scene, ViewLayer | Updating Mesh | Computing normals
Fra:22 Mem:36.53M (Peak 58.93M) | Time:00:00.13 | Mem:2.17M, Peak:2.17M | Scene, ViewLayer | Updating Mesh | Copying Mesh to device
Fra:22 Mem:36.53M (Peak 58.93M) | Time:00:00.14 | Mem:3.86M, Peak:3.86M | Scene, ViewLayer | Updating Objects Flags
Fra:22 Mem:36.53M (Peak 58.93M) | Time:00:00.14 | Mem:3.86M, Peak:3.86M | Scene, ViewLayer | Updating Primitive Offsets
Fra:22 Mem:36.53M (Peak 58.93M) | Time:00:00.14 | Mem:3.86M, Peak:3.86M | Scene, ViewLayer | Updating Images
Fra:22 Mem:36.53M (Peak 58.93M) | Time:00:00.14 | Mem:3.86M, Peak:3.86M | Scene, ViewLayer | Updating Camera Volume
Fra:22 Mem:36.53M (Peak 58.93M) | Time:00:00.14 | Mem:3.86M, Peak:3.86M | Scene, ViewLayer | Updating Lookup Tables
Fra:22 Mem:36.53M (Peak 58.93M) | Time:00:00.14 | Mem:3.94M, Peak:3.94M | Scene, ViewLayer | Updating Lights
Fra:22 Mem:36.53M (Peak 58.93M) | Time:00:00.14 | Mem:3.94M, Peak:3.94M | Scene, ViewLayer | Updating Lights | Computing tree
Fra:22 Mem:36.54M (Peak 58.93M) | Time:00:00.14 | Mem:3.94M, Peak:3.94M | Scene, ViewLayer | Updating Integrator
Fra:22 Mem:36.54M (Peak 58.93M) | Time:00:00.14 | Mem:3.94M, Peak:3.94M | Scene, ViewLayer | Updating Film
Fra:22 Mem:36.54M (Peak 58.93M) | Time:00:00.14 | Mem:3.86M, Peak:3.94M | Scene, ViewLayer | Updating Lookup Tables
Fra:22 Mem:36.54M (Peak 58.93M) | Time:00:00.14 | Mem:3.95M, Peak:3.95M | Scene, ViewLayer | Updating Baking
Fra:22 Mem:36.54M (Peak 58.93M) | Time:00:00.14 | Mem:3.95M, Peak:3.95M | Scene, ViewLayer | Updating Device | Writing constant memory
Fra:22 Mem:36.54M (Peak 58.93M) | Time:00:00.14 | Mem:3.95M, Peak:3.95M | Scene, ViewLayer | Loading denoising kernels (may take a few minutes the first time)
Fra:22 Mem:40.54M (Peak 58.93M) | Time:00:00.14 | Mem:355.95M, Peak:355.95M | Scene, ViewLayer | Sample 0/24
Fra:22 Mem:83.30M (Peak 83.30M) | Time:00:00.14 | Remaining:00:00.13 | Mem:398.70M, Peak:398.70M | Scene, ViewLayer | Sample 1/24
Fra:22 Mem:101.30M (Peak 128.30M) | Time:00:01.62 | Mem:398.70M, Peak:398.70M | Scene, ViewLayer | Sample 24/24
Fra:22 Mem:101.30M (Peak 128.30M) | Time:00:01.62 | Mem:398.70M, Peak:398.70M | Scene, ViewLayer | Finished
Saved: '/home/cbsim/ws/slime-workflow/.tmp/2026-09-23_06-25-15/up_left-08.png'
Time: 00:01.74 (Saving: 00:00.03)

Fra:1 Mem:31.33M (Peak 31.33M) | Time:00:00.08 | Mem:0.00M, Peak:0.00M | Scene, ViewLayer | Synchronizing object | key
Fra:1 Mem:31.33M (Peak 31.33M) | Time:00:00.08 | Mem:0.00M, Peak:0.00M | Scene, ViewLayer | Synchronizing object | head-shell-part
Fra:1 Mem:31.34M (Peak 31.34M) | Time:00:00.08 | Mem:0.00M, Peak:0.00M | Scene, ViewLayer | Synchronizing object | neck-shell-part
Fra:1 Mem:31.35M (Peak 31.35M) | Time:00:00.08 | Mem:0.00M, Peak:0.00M | Scene, ViewLayer | Synchronizing object | pelvis-shell-part
Fra:1 Mem:31.46M (Peak 31.46M) | Time:00:00.08 | Mem:0.00M, Peak:0.00M | Scene, ViewLayer | Synchronizing object | head-pivot-ball
Fra:1 Mem:31.47M (Peak 31.47M) | Time:00:00.08 | Mem:0.00M, Peak:0.00M | Scene, ViewLayer | Synchronizing object | right-knee-ball
Fra:1 Mem:31.57M (Peak 31.57M) | Time:00:00.08 | Mem:0.00M, Peak:0.00M | Scene, ViewLayer | Synchronizing object | waist-internal-core
Fra:1 Mem:31.58M (Peak 31.58M) | Time:00:00.08 | Mem:0.00M, Peak:0.00M | Scene, ViewLayer | Synchronizing object | left-shin-shell
Fra:1 Mem:31.62M (Peak 31.62M) | Time:00:00.08 | Mem:0.00M, Peak:0.00M | Scene, ViewLayer | Synchronizing object | left-wrist-ball
Fra:1 Mem:31.84M (Peak 31.84M) | Time:00:00.08 | Mem:0.00M, Peak:0.00M | Scene, ViewLayer | Synchronizing object | left-hip-ball
Fra:1 Mem:31.85M (Peak 31.85M) | Time:00:00.08 | Mem:0.00M, Peak:0.00M | Scene, ViewLayer | Synchronizing object | right-upper-arm-shell
Fra:1 Mem:31.94M (Peak 31.94M) | Time:00:00.08 | Mem:0.00M, Peak:0.00M | Scene, ViewLayer | Synchronizing object | right-elbow-ball
Fra:1 Mem:32.11M (Peak 32.11M) | Time:00:00.08 | Mem:0.00M, Peak:0.00M | Scene, ViewLayer | Synchronizing object | right-wrist-ball
Fra:1 Mem:34.25M (Peak 34.25M) | Time:00:00.08 | Mem:0.00M, Peak:0.00M | Scene, ViewLayer | Initializing
Fra:1 Mem:30.83M (Peak 34.25M) | Time:00:00.08 | Mem:0.00M, Peak:0.00M | Scene, ViewLayer | Waiting for render to start
Fra:1 Mem:30.83M (Peak 34.25M) | Time:00:00.08 | Mem:0.00M, Peak:0.00M | Scene, ViewLayer | Updating Scene
Fra:1 Mem:30.83M (Peak 34.25M) | Time:00:00.08 | Mem:0.00M, Peak:0.00M | Scene, ViewLayer | Updating Shaders
Fra:1 Mem:30.83M (Peak 34.25M) | Time:00:00.08 | Mem:0.00M, Peak:0.00M | Scene, ViewLayer | Loading render kernels (may take a few minutes the first time)
Fra:1 Mem:30.91M (Peak 58.93M) | Time:00:00.12 | Mem:0.00M, Peak:0.00M | Scene, ViewLayer | Updating Procedurals
Fra:1 Mem:30.91M (Peak 58.93M) | Time:00:00.12 | Mem:0.00M, Peak:0.00M | Scene, ViewLayer | Updating Background
Fra:1 Mem:30.91M (Peak 58.93M) | Time:00:00.12 | Mem:0.00M, Peak:0.00M | Scene, ViewLayer | Updating Camera
Fra:1 Mem:30.91M (Peak 58.93M) | Time:00:00.12 | Mem:0.00M, Peak:0.00M | Scene, ViewLayer | Updating Meshes Flags
Fra:1 Mem:30.91M (Peak 58.93M) | Time:00:00.12 | Mem:0.00M, Peak:0.00M | Scene, ViewLayer | Updating Objects
Fra:1 Mem:30.91M (Peak 58.93M) | Time:00:00.12 | Mem:0.00M, Peak:0.00M | Scene, ViewLayer | Updating Objects | Copying Transformations to device
Fra:1 Mem:30.92M (Peak 58.93M) | Time:00:00.12 | Mem:0.01M, Peak:0.01M | Scene, ViewLayer | Updating Particle Systems
Fra:1 Mem:30.92M (Peak 58.93M) | Time:00:00.12 | Mem:0.01M, Peak:0.01M | Scene, ViewLayer | Updating Particle Systems | Copying Particles to device
Fra:1 Mem:30.92M (Peak 58.93M) | Time:00:00.12 | Mem:0.01M, Peak:0.01M | Scene, ViewLayer | Updating Meshes
Fra:1 Mem:30.92M (Peak 58.93M) | Time:00:00.12 | Mem:0.01M, Peak:0.01M | Scene, ViewLayer | Updating Objects | Applying Static Transformations
Fra:1 Mem:30.92M (Peak 58.93M) | Time:00:00.12 | Mem:0.01M, Peak:0.01M | Scene, ViewLayer | Updating Mesh | Computing attributes
Fra:1 Mem:31.32M (Peak 58.93M) | Time:00:00.12 | Mem:0.01M, Peak:0.01M | Scene, ViewLayer | Updating Mesh | Copying Attributes to device
Fra:1 Mem:31.32M (Peak 58.93M) | Time:00:00.13 | Mem:0.41M, Peak:0.41M | Scene, ViewLayer | Updating Scene BVH | Building
Fra:1 Mem:31.32M (Peak 58.93M) | Time:00:00.13 | Mem:0.41M, Peak:0.41M | Scene, ViewLayer | Updating Scene BVH | Building BVH
Fra:1 Mem:34.69M (Peak 58.93M) | Time:00:00.13 | Mem:0.41M, Peak:0.41M | Scene, ViewLayer | Updating Scene BVH | Packing BVH triangles and strands
Fra:1 Mem:34.92M (Peak 58.93M) | Time:00:00.13 | Mem:0.41M, Peak:0.41M | Scene, ViewLayer | Updating Scene BVH | Packing BVH nodes
Fra:1 Mem:34.84M (Peak 58.93M) | Time:00:00.13 | Mem:0.41M, Peak:0.41M | Scene, ViewLayer | Updating Scene BVH | Copying BVH to device
Fra:1 Mem:34.84M (Peak 58.93M) | Time:00:00.13 | Mem:2.17M, Peak:2.17M | Scene, ViewLayer | Updating Mesh | Computing normals
Fra:1 Mem:36.54M (Peak 58.93M) | Time:00:00.13 | Mem:2.17M, Peak:2.17M | Scene, ViewLayer | Updating Mesh | Copying Mesh to device
Fra:1 Mem:36.54M (Peak 58.93M) | Time:00:00.13 | Mem:3.86M, Peak:3.86M | Scene, ViewLayer | Updating Objects Flags
Fra:1 Mem:36.54M (Peak 58.93M) | Time:00:00.13 | Mem:3.86M, Peak:3.86M | Scene, ViewLayer | Updating Primitive Offsets
Fra:1 Mem:36.54M (Peak 58.93M) | Time:00:00.13 | Mem:3.86M, Peak:3.86M | Scene, ViewLayer | Updating Images
Fra:1 Mem:36.54M (Peak 58.93M) | Time:00:00.13 | Mem:3.86M, Peak:3.86M | Scene, ViewLayer | Updating Camera Volume
Fra:1 Mem:36.54M (Peak 58.93M) | Time:00:00.13 | Mem:3.86M, Peak:3.86M | Scene, ViewLayer | Updating Lookup Tables
Fra:1 Mem:36.54M (Peak 58.93M) | Time:00:00.13 | Mem:3.94M, Peak:3.94M | Scene, ViewLayer | Updating Lights
Fra:1 Mem:36.54M (Peak 58.93M) | Time:00:00.13 | Mem:3.94M, Peak:3.94M | Scene, ViewLayer | Updating Lights | Computing tree
Fra:1 Mem:36.54M (Peak 58.93M) | Time:00:00.14 | Mem:3.94M, Peak:3.94M | Scene, ViewLayer | Updating Integrator
Fra:1 Mem:36.54M (Peak 58.93M) | Time:00:00.14 | Mem:3.94M, Peak:3.94M | Scene, ViewLayer | Updating Film
Fra:1 Mem:36.54M (Peak 58.93M) | Time:00:00.14 | Mem:3.86M, Peak:3.94M | Scene, ViewLayer | Updating Lookup Tables
Fra:1 Mem:36.54M (Peak 58.93M) | Time:00:00.14 | Mem:3.95M, Peak:3.95M | Scene, ViewLayer | Updating Baking
Fra:1 Mem:36.54M (Peak 58.93M) | Time:00:00.14 | Mem:3.95M, Peak:3.95M | Scene, ViewLayer | Updating Device | Writing constant memory
Fra:1 Mem:36.54M (Peak 58.93M) | Time:00:00.14 | Mem:3.95M, Peak:3.95M | Scene, ViewLayer | Loading denoising kernels (may take a few minutes the first time)
Fra:1 Mem:40.55M (Peak 58.93M) | Time:00:00.14 | Mem:355.95M, Peak:355.95M | Scene, ViewLayer | Sample 0/24
Fra:1 Mem:83.30M (Peak 83.30M) | Time:00:00.14 | Remaining:00:00.13 | Mem:398.70M, Peak:398.70M | Scene, ViewLayer | Sample 1/24
Fra:1 Mem:101.30M (Peak 128.31M) | Time:00:01.61 | Mem:398.70M, Peak:398.70M | Scene, ViewLayer | Sample 24/24
Fra:1 Mem:101.30M (Peak 128.31M) | Time:00:01.61 | Mem:398.70M, Peak:398.70M | Scene, ViewLayer | Finished
Saved: '/home/cbsim/ws/slime-workflow/.tmp/2026-09-23_06-25-15/up_right-01.png'
Time: 00:01.73 (Saving: 00:00.03)

Fra:4 Mem:31.33M (Peak 31.33M) | Time:00:00.08 | Mem:0.00M, Peak:0.00M | Scene, ViewLayer | Synchronizing object | fill
Fra:4 Mem:31.33M (Peak 31.33M) | Time:00:00.08 | Mem:0.00M, Peak:0.00M | Scene, ViewLayer | Synchronizing object | right-ankle-ball
Fra:4 Mem:31.34M (Peak 31.34M) | Time:00:00.08 | Mem:0.00M, Peak:0.00M | Scene, ViewLayer | Synchronizing object | head-shell-part
Fra:4 Mem:31.39M (Peak 31.39M) | Time:00:00.08 | Mem:0.00M, Peak:0.00M | Scene, ViewLayer | Synchronizing object | right-knee-ball
Fra:4 Mem:31.43M (Peak 31.43M) | Time:00:00.08 | Mem:0.00M, Peak:0.00M | Scene, ViewLayer | Synchronizing object | neck-shell-part
Fra:4 Mem:31.47M (Peak 31.47M) | Time:00:00.08 | Mem:0.00M, Peak:0.00M | Scene, ViewLayer | Synchronizing object | right-hip-ball
Fra:4 Mem:31.52M (Peak 31.52M) | Time:00:00.08 | Mem:0.00M, Peak:0.00M | Scene, ViewLayer | Synchronizing object | right-wrist-ball
Fra:4 Mem:31.56M (Peak 31.56M) | Time:00:00.08 | Mem:0.00M, Peak:0.00M | Scene, ViewLayer | Synchronizing object | waist-internal-core
Fra:4 Mem:31.60M (Peak 31.60M) | Time:00:00.08 | Mem:0.00M, Peak:0.00M | Scene, ViewLayer | Synchronizing object | chest-internal-core
Fra:4 Mem:31.61M (Peak 31.61M) | Time:00:00.08 | Mem:0.00M, Peak:0.00M | Scene, ViewLayer | Synchronizing object | right-elbow-ball
Fra:4 Mem:31.68M (Peak 31.68M) | Time:00:00.08 | Mem:0.00M, Peak:0.00M | Scene, ViewLayer | Synchronizing object | left-forearm-shell
Fra:4 Mem:31.72M (Peak 31.72M) | Time:00:00.08 | Mem:0.00M, Peak:0.00M | Scene, ViewLayer | Synchronizing object | right-shoulder-ball
Fra:4 Mem:31.72M (Peak 31.72M) | Time:00:00.08 | Mem:0.00M, Peak:0.00M | Scene, ViewLayer | Synchronizing object | left-ankle-ball
Fra:4 Mem:31.93M (Peak 31.93M) | Time:00:00.08 | Mem:0.00M, Peak:0.00M | Scene, ViewLayer | Synchronizing object | right-hand-shell
Fra:4 Mem:32.09M (Peak 32.09M) | Time:00:00.08 | Mem:0.00M, Peak:0.00M | Scene, ViewLayer | Synchronizing object | right-thigh-shell
Fra:4 Mem:32.75M (Peak 32.75M) | Time:00:00.08 | Mem:0.00M, Peak:0.00M | Scene, ViewLayer | Synchronizing object | right-shin-shell
Fra:4 Mem:34.25M (Peak 34.25M) | Time:00:00.08 | Mem:0.00M, Peak:0.00M | Scene, ViewLayer | Initializing
Fra:4 Mem:30.83M (Peak 34.25M) | Time:00:00.09 | Mem:0.00M, Peak:0.00M | Scene, ViewLayer | Waiting for render to start
Fra:4 Mem:30.83M (Peak 34.25M) | Time:00:00.09 | Mem:0.00M, Peak:0.00M | Scene, ViewLayer | Updating Scene
Fra:4 Mem:30.83M (Peak 34.25M) | Time:00:00.09 | Mem:0.00M, Peak:0.00M | Scene, ViewLayer | Updating Shaders
Fra:4 Mem:30.83M (Peak 34.25M) | Time:00:00.09 | Mem:0.00M, Peak:0.00M | Scene, ViewLayer | Loading render kernels (may take a few minutes the first time)
Fra:4 Mem:30.91M (Peak 58.93M) | Time:00:00.13 | Mem:0.00M, Peak:0.00M | Scene, ViewLayer | Updating Procedurals
Fra:4 Mem:30.91M (Peak 58.93M) | Time:00:00.13 | Mem:0.00M, Peak:0.00M | Scene, ViewLayer | Updating Background
Fra:4 Mem:30.91M (Peak 58.93M) | Time:00:00.13 | Mem:0.00M, Peak:0.00M | Scene, ViewLayer | Updating Camera
Fra:4 Mem:30.91M (Peak 58.93M) | Time:00:00.13 | Mem:0.00M, Peak:0.00M | Scene, ViewLayer | Updating Meshes Flags
Fra:4 Mem:30.91M (Peak 58.93M) | Time:00:00.13 | Mem:0.00M, Peak:0.00M | Scene, ViewLayer | Updating Objects
Fra:4 Mem:30.91M (Peak 58.93M) | Time:00:00.13 | Mem:0.00M, Peak:0.00M | Scene, ViewLayer | Updating Objects | Copying Transformations to device
Fra:4 Mem:30.92M (Peak 58.93M) | Time:00:00.13 | Mem:0.01M, Peak:0.01M | Scene, ViewLayer | Updating Particle Systems
Fra:4 Mem:30.92M (Peak 58.93M) | Time:00:00.13 | Mem:0.01M, Peak:0.01M | Scene, ViewLayer | Updating Particle Systems | Copying Particles to device
Fra:4 Mem:30.92M (Peak 58.93M) | Time:00:00.13 | Mem:0.01M, Peak:0.01M | Scene, ViewLayer | Updating Meshes
Fra:4 Mem:30.92M (Peak 58.93M) | Time:00:00.13 | Mem:0.01M, Peak:0.01M | Scene, ViewLayer | Updating Objects | Applying Static Transformations
Fra:4 Mem:30.92M (Peak 58.93M) | Time:00:00.13 | Mem:0.01M, Peak:0.01M | Scene, ViewLayer | Updating Mesh | Computing attributes
Fra:4 Mem:31.32M (Peak 58.93M) | Time:00:00.13 | Mem:0.01M, Peak:0.01M | Scene, ViewLayer | Updating Mesh | Copying Attributes to device
Fra:4 Mem:31.32M (Peak 58.93M) | Time:00:00.13 | Mem:0.41M, Peak:0.41M | Scene, ViewLayer | Updating Scene BVH | Building
Fra:4 Mem:31.32M (Peak 58.93M) | Time:00:00.13 | Mem:0.41M, Peak:0.41M | Scene, ViewLayer | Updating Scene BVH | Building BVH
Fra:4 Mem:34.69M (Peak 58.93M) | Time:00:00.13 | Mem:0.41M, Peak:0.41M | Scene, ViewLayer | Updating Scene BVH | Packing BVH triangles and strands
Fra:4 Mem:34.92M (Peak 58.93M) | Time:00:00.13 | Mem:0.41M, Peak:0.41M | Scene, ViewLayer | Updating Scene BVH | Packing BVH nodes
Fra:4 Mem:34.85M (Peak 58.93M) | Time:00:00.13 | Mem:0.41M, Peak:0.41M | Scene, ViewLayer | Updating Scene BVH | Copying BVH to device
Fra:4 Mem:34.85M (Peak 58.93M) | Time:00:00.13 | Mem:2.17M, Peak:2.17M | Scene, ViewLayer | Updating Mesh | Computing normals
Fra:4 Mem:36.54M (Peak 58.93M) | Time:00:00.14 | Mem:2.17M, Peak:2.17M | Scene, ViewLayer | Updating Mesh | Copying Mesh to device
Fra:4 Mem:36.54M (Peak 58.93M) | Time:00:00.14 | Mem:3.86M, Peak:3.86M | Scene, ViewLayer | Updating Objects Flags
Fra:4 Mem:36.54M (Peak 58.93M) | Time:00:00.14 | Mem:3.86M, Peak:3.86M | Scene, ViewLayer | Updating Primitive Offsets
Fra:4 Mem:36.54M (Peak 58.93M) | Time:00:00.14 | Mem:3.86M, Peak:3.86M | Scene, ViewLayer | Updating Images
Fra:4 Mem:36.54M (Peak 58.93M) | Time:00:00.14 | Mem:3.86M, Peak:3.86M | Scene, ViewLayer | Updating Camera Volume
Fra:4 Mem:36.54M (Peak 58.93M) | Time:00:00.14 | Mem:3.86M, Peak:3.86M | Scene, ViewLayer | Updating Lookup Tables
Fra:4 Mem:36.54M (Peak 58.93M) | Time:00:00.14 | Mem:3.94M, Peak:3.94M | Scene, ViewLayer | Updating Lights
Fra:4 Mem:36.54M (Peak 58.93M) | Time:00:00.14 | Mem:3.94M, Peak:3.94M | Scene, ViewLayer | Updating Lights | Computing tree
Fra:4 Mem:36.54M (Peak 58.93M) | Time:00:00.14 | Mem:3.95M, Peak:3.95M | Scene, ViewLayer | Updating Integrator
Fra:4 Mem:36.54M (Peak 58.93M) | Time:00:00.14 | Mem:3.95M, Peak:3.95M | Scene, ViewLayer | Updating Film
Fra:4 Mem:36.54M (Peak 58.93M) | Time:00:00.14 | Mem:3.86M, Peak:3.95M | Scene, ViewLayer | Updating Lookup Tables
Fra:4 Mem:36.54M (Peak 58.93M) | Time:00:00.14 | Mem:3.95M, Peak:3.95M | Scene, ViewLayer | Updating Baking
Fra:4 Mem:36.54M (Peak 58.93M) | Time:00:00.14 | Mem:3.95M, Peak:3.95M | Scene, ViewLayer | Updating Device | Writing constant memory
Fra:4 Mem:36.55M (Peak 58.93M) | Time:00:00.14 | Mem:3.95M, Peak:3.95M | Scene, ViewLayer | Loading denoising kernels (may take a few minutes the first time)
Fra:4 Mem:40.55M (Peak 58.93M) | Time:00:00.14 | Mem:355.95M, Peak:355.95M | Scene, ViewLayer | Sample 0/24
Fra:4 Mem:83.30M (Peak 83.30M) | Time:00:00.15 | Remaining:00:00.14 | Mem:398.70M, Peak:398.70M | Scene, ViewLayer | Sample 1/24
2026-09-23T06:36:33+0900/hunyuan-rig/heartbeat {'stage': 'up_right', 'frame': 4} images=60
Fra:4 Mem:101.31M (Peak 128.31M) | Time:00:01.61 | Mem:398.70M, Peak:398.70M | Scene, ViewLayer | Sample 24/24
Fra:4 Mem:101.31M (Peak 128.31M) | Time:00:01.61 | Mem:398.70M, Peak:398.70M | Scene, ViewLayer | Finished
Saved: '/home/cbsim/ws/slime-workflow/.tmp/2026-09-23_06-25-15/up_right-02.png'
Time: 00:01.73 (Saving: 00:00.03)

Fra:7 Mem:31.33M (Peak 31.33M) | Time:00:00.08 | Mem:0.00M, Peak:0.00M | Scene, ViewLayer | Synchronizing object | key
Fra:7 Mem:31.33M (Peak 31.33M) | Time:00:00.08 | Mem:0.00M, Peak:0.00M | Scene, ViewLayer | Synchronizing object | neck-shell-part
Fra:7 Mem:31.34M (Peak 31.34M) | Time:00:00.08 | Mem:0.00M, Peak:0.00M | Scene, ViewLayer | Synchronizing object | chest-shell-part
Fra:7 Mem:31.34M (Peak 31.34M) | Time:00:00.08 | Mem:0.00M, Peak:0.00M | Scene, ViewLayer | Synchronizing object | left-upper-arm-shell
Fra:7 Mem:31.37M (Peak 31.37M) | Time:00:00.08 | Mem:0.00M, Peak:0.00M | Scene, ViewLayer | Synchronizing object | left-forearm-shell
Fra:7 Mem:31.48M (Peak 31.48M) | Time:00:00.08 | Mem:0.00M, Peak:0.00M | Scene, ViewLayer | Synchronizing object | left-hand-shell
Fra:7 Mem:31.70M (Peak 31.70M) | Time:00:00.08 | Mem:0.00M, Peak:0.00M | Scene, ViewLayer | Synchronizing object | left-shin-shell
Fra:7 Mem:31.87M (Peak 31.87M) | Time:00:00.08 | Mem:0.00M, Peak:0.00M | Scene, ViewLayer | Synchronizing object | left-ankle-ball
Fra:7 Mem:31.96M (Peak 31.96M) | Time:00:00.08 | Mem:0.00M, Peak:0.00M | Scene, ViewLayer | Synchronizing object | right-hand-shell
Fra:7 Mem:32.12M (Peak 32.12M) | Time:00:00.08 | Mem:0.00M, Peak:0.00M | Scene, ViewLayer | Synchronizing object | right-foot-shell
Fra:7 Mem:33.02M (Peak 33.02M) | Time:00:00.08 | Mem:0.00M, Peak:0.00M | Scene, ViewLayer | Synchronizing object | right-shoulder-ball
Fra:7 Mem:33.22M (Peak 33.22M) | Time:00:00.08 | Mem:0.00M, Peak:0.00M | Scene, ViewLayer | Synchronizing object | right-elbow-ball
Fra:7 Mem:33.34M (Peak 33.34M) | Time:00:00.08 | Mem:0.00M, Peak:0.00M | Scene, ViewLayer | Synchronizing object | right-wrist-ball
Fra:7 Mem:33.80M (Peak 33.80M) | Time:00:00.08 | Mem:0.00M, Peak:0.00M | Scene, ViewLayer | Synchronizing object | right-hip-ball
Fra:7 Mem:33.86M (Peak 33.86M) | Time:00:00.08 | Mem:0.00M, Peak:0.00M | Scene, ViewLayer | Synchronizing object | right-knee-ball
Fra:7 Mem:34.25M (Peak 34.25M) | Time:00:00.08 | Mem:0.00M, Peak:0.00M | Scene, ViewLayer | Initializing
Fra:7 Mem:30.83M (Peak 34.25M) | Time:00:00.08 | Mem:0.00M, Peak:0.00M | Scene, ViewLayer | Waiting for render to start
Fra:7 Mem:30.83M (Peak 34.25M) | Time:00:00.08 | Mem:0.00M, Peak:0.00M | Scene, ViewLayer | Updating Scene
Fra:7 Mem:30.83M (Peak 34.25M) | Time:00:00.08 | Mem:0.00M, Peak:0.00M | Scene, ViewLayer | Updating Shaders
Fra:7 Mem:30.83M (Peak 34.25M) | Time:00:00.08 | Mem:0.00M, Peak:0.00M | Scene, ViewLayer | Loading render kernels (may take a few minutes the first time)
Fra:7 Mem:30.91M (Peak 58.93M) | Time:00:00.12 | Mem:0.00M, Peak:0.00M | Scene, ViewLayer | Updating Procedurals
Fra:7 Mem:30.91M (Peak 58.93M) | Time:00:00.12 | Mem:0.00M, Peak:0.00M | Scene, ViewLayer | Updating Background
Fra:7 Mem:30.91M (Peak 58.93M) | Time:00:00.12 | Mem:0.00M, Peak:0.00M | Scene, ViewLayer | Updating Camera
Fra:7 Mem:30.91M (Peak 58.93M) | Time:00:00.12 | Mem:0.00M, Peak:0.00M | Scene, ViewLayer | Updating Meshes Flags
Fra:7 Mem:30.91M (Peak 58.93M) | Time:00:00.12 | Mem:0.00M, Peak:0.00M | Scene, ViewLayer | Updating Objects
Fra:7 Mem:30.91M (Peak 58.93M) | Time:00:00.12 | Mem:0.00M, Peak:0.00M | Scene, ViewLayer | Updating Objects | Copying Transformations to device
Fra:7 Mem:30.92M (Peak 58.93M) | Time:00:00.12 | Mem:0.01M, Peak:0.01M | Scene, ViewLayer | Updating Particle Systems
Fra:7 Mem:30.92M (Peak 58.93M) | Time:00:00.12 | Mem:0.01M, Peak:0.01M | Scene, ViewLayer | Updating Particle Systems | Copying Particles to device
Fra:7 Mem:30.92M (Peak 58.93M) | Time:00:00.12 | Mem:0.01M, Peak:0.01M | Scene, ViewLayer | Updating Meshes
Fra:7 Mem:30.92M (Peak 58.93M) | Time:00:00.12 | Mem:0.01M, Peak:0.01M | Scene, ViewLayer | Updating Objects | Applying Static Transformations
Fra:7 Mem:30.92M (Peak 58.93M) | Time:00:00.12 | Mem:0.01M, Peak:0.01M | Scene, ViewLayer | Updating Mesh | Computing attributes
Fra:7 Mem:31.32M (Peak 58.93M) | Time:00:00.12 | Mem:0.01M, Peak:0.01M | Scene, ViewLayer | Updating Mesh | Copying Attributes to device
Fra:7 Mem:31.32M (Peak 58.93M) | Time:00:00.12 | Mem:0.41M, Peak:0.41M | Scene, ViewLayer | Updating Scene BVH | Building
Fra:7 Mem:31.32M (Peak 58.93M) | Time:00:00.12 | Mem:0.41M, Peak:0.41M | Scene, ViewLayer | Updating Scene BVH | Building BVH
Fra:7 Mem:34.69M (Peak 58.93M) | Time:00:00.13 | Mem:0.41M, Peak:0.41M | Scene, ViewLayer | Updating Scene BVH | Packing BVH triangles and strands
Fra:7 Mem:34.92M (Peak 58.93M) | Time:00:00.13 | Mem:0.41M, Peak:0.41M | Scene, ViewLayer | Updating Scene BVH | Packing BVH nodes
Fra:7 Mem:34.83M (Peak 58.93M) | Time:00:00.13 | Mem:0.41M, Peak:0.41M | Scene, ViewLayer | Updating Scene BVH | Copying BVH to device
Fra:7 Mem:34.83M (Peak 58.93M) | Time:00:00.13 | Mem:2.16M, Peak:2.16M | Scene, ViewLayer | Updating Mesh | Computing normals
Fra:7 Mem:36.52M (Peak 58.93M) | Time:00:00.13 | Mem:2.16M, Peak:2.16M | Scene, ViewLayer | Updating Mesh | Copying Mesh to device
Fra:7 Mem:36.52M (Peak 58.93M) | Time:00:00.13 | Mem:3.85M, Peak:3.85M | Scene, ViewLayer | Updating Objects Flags
Fra:7 Mem:36.52M (Peak 58.93M) | Time:00:00.13 | Mem:3.85M, Peak:3.85M | Scene, ViewLayer | Updating Primitive Offsets
Fra:7 Mem:36.52M (Peak 58.93M) | Time:00:00.13 | Mem:3.85M, Peak:3.85M | Scene, ViewLayer | Updating Images
Fra:7 Mem:36.52M (Peak 58.93M) | Time:00:00.13 | Mem:3.85M, Peak:3.85M | Scene, ViewLayer | Updating Camera Volume
Fra:7 Mem:36.52M (Peak 58.93M) | Time:00:00.13 | Mem:3.85M, Peak:3.85M | Scene, ViewLayer | Updating Lookup Tables
Fra:7 Mem:36.52M (Peak 58.93M) | Time:00:00.13 | Mem:3.94M, Peak:3.94M | Scene, ViewLayer | Updating Lights
Fra:7 Mem:36.52M (Peak 58.93M) | Time:00:00.13 | Mem:3.94M, Peak:3.94M | Scene, ViewLayer | Updating Lights | Computing tree
Fra:7 Mem:36.52M (Peak 58.93M) | Time:00:00.13 | Mem:3.94M, Peak:3.94M | Scene, ViewLayer | Updating Integrator
Fra:7 Mem:36.52M (Peak 58.93M) | Time:00:00.13 | Mem:3.94M, Peak:3.94M | Scene, ViewLayer | Updating Film
Fra:7 Mem:36.53M (Peak 58.93M) | Time:00:00.13 | Mem:3.86M, Peak:3.94M | Scene, ViewLayer | Updating Lookup Tables
Fra:7 Mem:36.53M (Peak 58.93M) | Time:00:00.13 | Mem:3.94M, Peak:3.94M | Scene, ViewLayer | Updating Baking
Fra:7 Mem:36.53M (Peak 58.93M) | Time:00:00.13 | Mem:3.94M, Peak:3.94M | Scene, ViewLayer | Updating Device | Writing constant memory
Fra:7 Mem:36.53M (Peak 58.93M) | Time:00:00.13 | Mem:3.94M, Peak:3.94M | Scene, ViewLayer | Loading denoising kernels (may take a few minutes the first time)
Fra:7 Mem:40.53M (Peak 58.93M) | Time:00:00.14 | Mem:355.94M, Peak:355.94M | Scene, ViewLayer | Sample 0/24
Fra:7 Mem:83.28M (Peak 83.28M) | Time:00:00.14 | Remaining:00:00.13 | Mem:398.69M, Peak:398.69M | Scene, ViewLayer | Sample 1/24
Fra:7 Mem:101.29M (Peak 128.29M) | Time:00:01.59 | Mem:398.69M, Peak:398.69M | Scene, ViewLayer | Sample 24/24
Fra:7 Mem:101.29M (Peak 128.29M) | Time:00:01.59 | Mem:398.69M, Peak:398.69M | Scene, ViewLayer | Finished
Saved: '/home/cbsim/ws/slime-workflow/.tmp/2026-09-23_06-25-15/up_right-03.png'
Time: 00:01.72 (Saving: 00:00.03)

Fra:10 Mem:31.33M (Peak 31.33M) | Time:00:00.08 | Mem:0.00M, Peak:0.00M | Scene, ViewLayer | Synchronizing object | key
Fra:10 Mem:31.33M (Peak 31.33M) | Time:00:00.08 | Mem:0.00M, Peak:0.00M | Scene, ViewLayer | Synchronizing object | head-shell-part
Fra:10 Mem:31.34M (Peak 31.34M) | Time:00:00.08 | Mem:0.00M, Peak:0.00M | Scene, ViewLayer | Synchronizing object | right-ankle-ball
Fra:10 Mem:31.42M (Peak 31.42M) | Time:00:00.08 | Mem:0.00M, Peak:0.00M | Scene, ViewLayer | Synchronizing object | neck-shell-part
Fra:10 Mem:31.44M (Peak 31.44M) | Time:00:00.08 | Mem:0.00M, Peak:0.00M | Scene, ViewLayer | Synchronizing object | chest-shell-part
Fra:10 Mem:31.59M (Peak 31.59M) | Time:00:00.08 | Mem:0.00M, Peak:0.00M | Scene, ViewLayer | Synchronizing object | head-pivot-ball
Fra:10 Mem:31.62M (Peak 31.62M) | Time:00:00.08 | Mem:0.00M, Peak:0.00M | Scene, ViewLayer | Synchronizing object | waist-internal-core
Fra:10 Mem:31.70M (Peak 31.70M) | Time:00:00.08 | Mem:0.00M, Peak:0.00M | Scene, ViewLayer | Synchronizing object | left-upper-arm-shell
Fra:10 Mem:31.77M (Peak 31.77M) | Time:00:00.08 | Mem:0.00M, Peak:0.00M | Scene, ViewLayer | Synchronizing object | left-wrist-ball
Fra:10 Mem:31.78M (Peak 31.78M) | Time:00:00.08 | Mem:0.00M, Peak:0.00M | Scene, ViewLayer | Synchronizing object | left-ankle-ball
Fra:10 Mem:31.93M (Peak 31.93M) | Time:00:00.08 | Mem:0.00M, Peak:0.00M | Scene, ViewLayer | Synchronizing object | right-hip-ball
Fra:10 Mem:32.01M (Peak 32.01M) | Time:00:00.08 | Mem:0.00M, Peak:0.00M | Scene, ViewLayer | Synchronizing object | right-upper-arm-shell
Fra:10 Mem:32.11M (Peak 32.11M) | Time:00:00.08 | Mem:0.00M, Peak:0.00M | Scene, ViewLayer | Synchronizing object | right-forearm-shell
Fra:10 Mem:32.41M (Peak 32.41M) | Time:00:00.08 | Mem:0.00M, Peak:0.00M | Scene, ViewLayer | Synchronizing object | right-elbow-ball
Fra:10 Mem:34.25M (Peak 34.25M) | Time:00:00.08 | Mem:0.00M, Peak:0.00M | Scene, ViewLayer | Initializing
Fra:10 Mem:30.83M (Peak 34.25M) | Time:00:00.08 | Mem:0.00M, Peak:0.00M | Scene, ViewLayer | Waiting for render to start
Fra:10 Mem:30.83M (Peak 34.25M) | Time:00:00.08 | Mem:0.00M, Peak:0.00M | Scene, ViewLayer | Updating Scene
Fra:10 Mem:30.83M (Peak 34.25M) | Time:00:00.08 | Mem:0.00M, Peak:0.00M | Scene, ViewLayer | Updating Shaders
Fra:10 Mem:30.83M (Peak 34.25M) | Time:00:00.08 | Mem:0.00M, Peak:0.00M | Scene, ViewLayer | Loading render kernels (may take a few minutes the first time)
Fra:10 Mem:30.91M (Peak 58.93M) | Time:00:00.12 | Mem:0.00M, Peak:0.00M | Scene, ViewLayer | Updating Procedurals
Fra:10 Mem:30.91M (Peak 58.93M) | Time:00:00.12 | Mem:0.00M, Peak:0.00M | Scene, ViewLayer | Updating Background
Fra:10 Mem:30.91M (Peak 58.93M) | Time:00:00.12 | Mem:0.00M, Peak:0.00M | Scene, ViewLayer | Updating Camera
Fra:10 Mem:30.91M (Peak 58.93M) | Time:00:00.12 | Mem:0.00M, Peak:0.00M | Scene, ViewLayer | Updating Meshes Flags
Fra:10 Mem:30.91M (Peak 58.93M) | Time:00:00.12 | Mem:0.00M, Peak:0.00M | Scene, ViewLayer | Updating Objects
Fra:10 Mem:30.91M (Peak 58.93M) | Time:00:00.12 | Mem:0.00M, Peak:0.00M | Scene, ViewLayer | Updating Objects | Copying Transformations to device
Fra:10 Mem:30.92M (Peak 58.93M) | Time:00:00.12 | Mem:0.01M, Peak:0.01M | Scene, ViewLayer | Updating Particle Systems
Fra:10 Mem:30.92M (Peak 58.93M) | Time:00:00.12 | Mem:0.01M, Peak:0.01M | Scene, ViewLayer | Updating Particle Systems | Copying Particles to device
Fra:10 Mem:30.92M (Peak 58.93M) | Time:00:00.12 | Mem:0.01M, Peak:0.01M | Scene, ViewLayer | Updating Meshes
Fra:10 Mem:30.92M (Peak 58.93M) | Time:00:00.12 | Mem:0.01M, Peak:0.01M | Scene, ViewLayer | Updating Objects | Applying Static Transformations
Fra:10 Mem:30.92M (Peak 58.93M) | Time:00:00.12 | Mem:0.01M, Peak:0.01M | Scene, ViewLayer | Updating Mesh | Computing attributes
Fra:10 Mem:31.32M (Peak 58.93M) | Time:00:00.12 | Mem:0.01M, Peak:0.01M | Scene, ViewLayer | Updating Mesh | Copying Attributes to device
Fra:10 Mem:31.32M (Peak 58.93M) | Time:00:00.12 | Mem:0.41M, Peak:0.41M | Scene, ViewLayer | Updating Scene BVH | Building
Fra:10 Mem:31.32M (Peak 58.93M) | Time:00:00.12 | Mem:0.41M, Peak:0.41M | Scene, ViewLayer | Updating Scene BVH | Building BVH
Fra:10 Mem:34.69M (Peak 58.93M) | Time:00:00.13 | Mem:0.41M, Peak:0.41M | Scene, ViewLayer | Updating Scene BVH | Packing BVH triangles and strands
Fra:10 Mem:34.92M (Peak 58.93M) | Time:00:00.13 | Mem:0.41M, Peak:0.41M | Scene, ViewLayer | Updating Scene BVH | Packing BVH nodes
Fra:10 Mem:34.84M (Peak 58.93M) | Time:00:00.13 | Mem:0.41M, Peak:0.41M | Scene, ViewLayer | Updating Scene BVH | Copying BVH to device
Fra:10 Mem:34.84M (Peak 58.93M) | Time:00:00.13 | Mem:2.17M, Peak:2.17M | Scene, ViewLayer | Updating Mesh | Computing normals
Fra:10 Mem:36.53M (Peak 58.93M) | Time:00:00.13 | Mem:2.17M, Peak:2.17M | Scene, ViewLayer | Updating Mesh | Copying Mesh to device
Fra:10 Mem:36.53M (Peak 58.93M) | Time:00:00.13 | Mem:3.86M, Peak:3.86M | Scene, ViewLayer | Updating Objects Flags
Fra:10 Mem:36.53M (Peak 58.93M) | Time:00:00.13 | Mem:3.86M, Peak:3.86M | Scene, ViewLayer | Updating Primitive Offsets
Fra:10 Mem:36.53M (Peak 58.93M) | Time:00:00.13 | Mem:3.86M, Peak:3.86M | Scene, ViewLayer | Updating Images
Fra:10 Mem:36.53M (Peak 58.93M) | Time:00:00.13 | Mem:3.86M, Peak:3.86M | Scene, ViewLayer | Updating Camera Volume
Fra:10 Mem:36.53M (Peak 58.93M) | Time:00:00.13 | Mem:3.86M, Peak:3.86M | Scene, ViewLayer | Updating Lookup Tables
Fra:10 Mem:36.53M (Peak 58.93M) | Time:00:00.13 | Mem:3.94M, Peak:3.94M | Scene, ViewLayer | Updating Lights
Fra:10 Mem:36.53M (Peak 58.93M) | Time:00:00.13 | Mem:3.94M, Peak:3.94M | Scene, ViewLayer | Updating Lights | Computing tree
Fra:10 Mem:36.53M (Peak 58.93M) | Time:00:00.13 | Mem:3.94M, Peak:3.94M | Scene, ViewLayer | Updating Integrator
Fra:10 Mem:36.53M (Peak 58.93M) | Time:00:00.13 | Mem:3.94M, Peak:3.94M | Scene, ViewLayer | Updating Film
Fra:10 Mem:36.53M (Peak 58.93M) | Time:00:00.13 | Mem:3.86M, Peak:3.94M | Scene, ViewLayer | Updating Lookup Tables
Fra:10 Mem:36.53M (Peak 58.93M) | Time:00:00.13 | Mem:3.94M, Peak:3.94M | Scene, ViewLayer | Updating Baking
Fra:10 Mem:36.53M (Peak 58.93M) | Time:00:00.13 | Mem:3.94M, Peak:3.94M | Scene, ViewLayer | Updating Device | Writing constant memory
Fra:10 Mem:36.53M (Peak 58.93M) | Time:00:00.13 | Mem:3.94M, Peak:3.94M | Scene, ViewLayer | Loading denoising kernels (may take a few minutes the first time)
Fra:10 Mem:40.54M (Peak 58.93M) | Time:00:00.14 | Mem:355.95M, Peak:355.95M | Scene, ViewLayer | Sample 0/24
Fra:10 Mem:83.29M (Peak 83.29M) | Time:00:00.14 | Remaining:00:00.13 | Mem:398.70M, Peak:398.70M | Scene, ViewLayer | Sample 1/24
Fra:10 Mem:101.29M (Peak 128.30M) | Time:00:01.63 | Mem:398.70M, Peak:398.70M | Scene, ViewLayer | Sample 24/24
Fra:10 Mem:101.29M (Peak 128.30M) | Time:00:01.63 | Mem:398.70M, Peak:398.70M | Scene, ViewLayer | Finished
Saved: '/home/cbsim/ws/slime-workflow/.tmp/2026-09-23_06-25-15/up_right-04.png'
Time: 00:01.76 (Saving: 00:00.03)

Fra:13 Mem:31.33M (Peak 31.33M) | Time:00:00.08 | Mem:0.00M, Peak:0.00M | Scene, ViewLayer | Synchronizing object | key
Fra:13 Mem:31.33M (Peak 31.33M) | Time:00:00.08 | Mem:0.00M, Peak:0.00M | Scene, ViewLayer | Synchronizing object | right-ankle-ball
Fra:13 Mem:31.34M (Peak 31.34M) | Time:00:00.08 | Mem:0.00M, Peak:0.00M | Scene, ViewLayer | Synchronizing object | head-shell-part
Fra:13 Mem:31.36M (Peak 31.37M) | Time:00:00.08 | Mem:0.00M, Peak:0.00M | Scene, ViewLayer | Synchronizing object | neck-shell-part
Fra:13 Mem:31.40M (Peak 31.40M) | Time:00:00.08 | Mem:0.00M, Peak:0.00M | Scene, ViewLayer | Synchronizing object | abdomen-shell-part
Fra:13 Mem:31.44M (Peak 31.44M) | Time:00:00.08 | Mem:0.00M, Peak:0.00M | Scene, ViewLayer | Synchronizing object | right-knee-ball
Fra:13 Mem:31.54M (Peak 31.54M) | Time:00:00.08 | Mem:0.00M, Peak:0.00M | Scene, ViewLayer | Synchronizing object | waist-internal-core
Fra:13 Mem:31.54M (Peak 31.54M) | Time:00:00.08 | Mem:0.00M, Peak:0.00M | Scene, ViewLayer | Synchronizing object | chest-internal-core
Fra:13 Mem:31.55M (Peak 31.55M) | Time:00:00.08 | Mem:0.00M, Peak:0.00M | Scene, ViewLayer | Synchronizing object | left-upper-arm-shell
Fra:13 Mem:31.63M (Peak 31.63M) | Time:00:00.08 | Mem:0.00M, Peak:0.00M | Scene, ViewLayer | Synchronizing object | left-thigh-shell
Fra:13 Mem:31.71M (Peak 31.71M) | Time:00:00.08 | Mem:0.00M, Peak:0.00M | Scene, ViewLayer | Synchronizing object | right-forearm-shell
Fra:13 Mem:31.83M (Peak 31.83M) | Time:00:00.08 | Mem:0.00M, Peak:0.00M | Scene, ViewLayer | Synchronizing object | right-hand-shell
Fra:13 Mem:32.15M (Peak 32.15M) | Time:00:00.08 | Mem:0.00M, Peak:0.00M | Scene, ViewLayer | Synchronizing object | right-shin-shell
Fra:13 Mem:32.93M (Peak 32.93M) | Time:00:00.08 | Mem:0.00M, Peak:0.00M | Scene, ViewLayer | Synchronizing object | right-foot-shell
Fra:13 Mem:34.16M (Peak 34.16M) | Time:00:00.08 | Mem:0.00M, Peak:0.00M | Scene, ViewLayer | Synchronizing object | right-shoulder-ball
Fra:13 Mem:34.29M (Peak 34.29M) | Time:00:00.08 | Mem:0.00M, Peak:0.00M | Scene, ViewLayer | Synchronizing object | right-elbow-ball
Fra:13 Mem:34.32M (Peak 34.32M) | Time:00:00.08 | Mem:0.00M, Peak:0.00M | Scene, ViewLayer | Synchronizing object | right-wrist-ball
Fra:13 Mem:34.25M (Peak 34.32M) | Time:00:00.08 | Mem:0.00M, Peak:0.00M | Scene, ViewLayer | Initializing
Fra:13 Mem:30.83M (Peak 34.32M) | Time:00:00.08 | Mem:0.00M, Peak:0.00M | Scene, ViewLayer | Waiting for render to start
Fra:13 Mem:30.83M (Peak 34.32M) | Time:00:00.08 | Mem:0.00M, Peak:0.00M | Scene, ViewLayer | Updating Scene
Fra:13 Mem:30.83M (Peak 34.32M) | Time:00:00.08 | Mem:0.00M, Peak:0.00M | Scene, ViewLayer | Updating Shaders
Fra:13 Mem:30.83M (Peak 34.32M) | Time:00:00.08 | Mem:0.00M, Peak:0.00M | Scene, ViewLayer | Loading render kernels (may take a few minutes the first time)
Fra:13 Mem:30.91M (Peak 58.93M) | Time:00:00.12 | Mem:0.00M, Peak:0.00M | Scene, ViewLayer | Updating Procedurals
Fra:13 Mem:30.91M (Peak 58.93M) | Time:00:00.12 | Mem:0.00M, Peak:0.00M | Scene, ViewLayer | Updating Background
Fra:13 Mem:30.91M (Peak 58.93M) | Time:00:00.12 | Mem:0.00M, Peak:0.00M | Scene, ViewLayer | Updating Camera
Fra:13 Mem:30.91M (Peak 58.93M) | Time:00:00.12 | Mem:0.00M, Peak:0.00M | Scene, ViewLayer | Updating Meshes Flags
Fra:13 Mem:30.91M (Peak 58.93M) | Time:00:00.12 | Mem:0.00M, Peak:0.00M | Scene, ViewLayer | Updating Objects
Fra:13 Mem:30.91M (Peak 58.93M) | Time:00:00.12 | Mem:0.00M, Peak:0.00M | Scene, ViewLayer | Updating Objects | Copying Transformations to device
Fra:13 Mem:30.92M (Peak 58.93M) | Time:00:00.12 | Mem:0.01M, Peak:0.01M | Scene, ViewLayer | Updating Particle Systems
Fra:13 Mem:30.92M (Peak 58.93M) | Time:00:00.12 | Mem:0.01M, Peak:0.01M | Scene, ViewLayer | Updating Particle Systems | Copying Particles to device
Fra:13 Mem:30.92M (Peak 58.93M) | Time:00:00.12 | Mem:0.01M, Peak:0.01M | Scene, ViewLayer | Updating Meshes
Fra:13 Mem:30.92M (Peak 58.93M) | Time:00:00.12 | Mem:0.01M, Peak:0.01M | Scene, ViewLayer | Updating Objects | Applying Static Transformations
Fra:13 Mem:30.92M (Peak 58.93M) | Time:00:00.12 | Mem:0.01M, Peak:0.01M | Scene, ViewLayer | Updating Mesh | Computing attributes
Fra:13 Mem:31.32M (Peak 58.93M) | Time:00:00.12 | Mem:0.01M, Peak:0.01M | Scene, ViewLayer | Updating Mesh | Copying Attributes to device
Fra:13 Mem:31.32M (Peak 58.93M) | Time:00:00.13 | Mem:0.41M, Peak:0.41M | Scene, ViewLayer | Updating Scene BVH | Building
Fra:13 Mem:31.32M (Peak 58.93M) | Time:00:00.13 | Mem:0.41M, Peak:0.41M | Scene, ViewLayer | Updating Scene BVH | Building BVH
Fra:13 Mem:34.69M (Peak 58.93M) | Time:00:00.13 | Mem:0.41M, Peak:0.41M | Scene, ViewLayer | Updating Scene BVH | Packing BVH triangles and strands
Fra:13 Mem:34.92M (Peak 58.93M) | Time:00:00.13 | Mem:0.41M, Peak:0.41M | Scene, ViewLayer | Updating Scene BVH | Packing BVH nodes
Fra:13 Mem:34.83M (Peak 58.93M) | Time:00:00.13 | Mem:0.41M, Peak:0.41M | Scene, ViewLayer | Updating Scene BVH | Copying BVH to device
Fra:13 Mem:34.83M (Peak 58.93M) | Time:00:00.13 | Mem:2.16M, Peak:2.16M | Scene, ViewLayer | Updating Mesh | Computing normals
Fra:13 Mem:36.52M (Peak 58.93M) | Time:00:00.13 | Mem:2.16M, Peak:2.16M | Scene, ViewLayer | Updating Mesh | Copying Mesh to device
Fra:13 Mem:36.52M (Peak 58.93M) | Time:00:00.13 | Mem:3.85M, Peak:3.85M | Scene, ViewLayer | Updating Objects Flags
Fra:13 Mem:36.52M (Peak 58.93M) | Time:00:00.13 | Mem:3.85M, Peak:3.85M | Scene, ViewLayer | Updating Primitive Offsets
Fra:13 Mem:36.52M (Peak 58.93M) | Time:00:00.13 | Mem:3.85M, Peak:3.85M | Scene, ViewLayer | Updating Images
Fra:13 Mem:36.52M (Peak 58.93M) | Time:00:00.13 | Mem:3.85M, Peak:3.85M | Scene, ViewLayer | Updating Camera Volume
Fra:13 Mem:36.52M (Peak 58.93M) | Time:00:00.13 | Mem:3.85M, Peak:3.85M | Scene, ViewLayer | Updating Lookup Tables
Fra:13 Mem:36.52M (Peak 58.93M) | Time:00:00.13 | Mem:3.93M, Peak:3.93M | Scene, ViewLayer | Updating Lights
Fra:13 Mem:36.52M (Peak 58.93M) | Time:00:00.13 | Mem:3.93M, Peak:3.93M | Scene, ViewLayer | Updating Lights | Computing tree
Fra:13 Mem:36.52M (Peak 58.93M) | Time:00:00.13 | Mem:3.94M, Peak:3.94M | Scene, ViewLayer | Updating Integrator
Fra:13 Mem:36.52M (Peak 58.93M) | Time:00:00.13 | Mem:3.94M, Peak:3.94M | Scene, ViewLayer | Updating Film
Fra:13 Mem:36.52M (Peak 58.93M) | Time:00:00.13 | Mem:3.85M, Peak:3.94M | Scene, ViewLayer | Updating Lookup Tables
Fra:13 Mem:36.52M (Peak 58.93M) | Time:00:00.14 | Mem:3.94M, Peak:3.94M | Scene, ViewLayer | Updating Baking
Fra:13 Mem:36.52M (Peak 58.93M) | Time:00:00.14 | Mem:3.94M, Peak:3.94M | Scene, ViewLayer | Updating Device | Writing constant memory
Fra:13 Mem:36.52M (Peak 58.93M) | Time:00:00.14 | Mem:3.94M, Peak:3.94M | Scene, ViewLayer | Loading denoising kernels (may take a few minutes the first time)
Fra:13 Mem:40.53M (Peak 58.93M) | Time:00:00.14 | Mem:355.94M, Peak:355.94M | Scene, ViewLayer | Sample 0/24
Fra:13 Mem:83.28M (Peak 83.28M) | Time:00:00.14 | Remaining:00:00.14 | Mem:398.69M, Peak:398.69M | Scene, ViewLayer | Sample 1/24
2026-09-23T06:36:38+0900/hunyuan-rig/heartbeat {'stage': 'up_right', 'frame': 13} images=60
Fra:13 Mem:101.28M (Peak 128.29M) | Time:00:01.64 | Mem:398.69M, Peak:398.69M | Scene, ViewLayer | Sample 24/24
Fra:13 Mem:101.28M (Peak 128.29M) | Time:00:01.64 | Mem:398.69M, Peak:398.69M | Scene, ViewLayer | Finished
Saved: '/home/cbsim/ws/slime-workflow/.tmp/2026-09-23_06-25-15/up_right-05.png'
Time: 00:01.77 (Saving: 00:00.04)

Fra:16 Mem:31.33M (Peak 31.33M) | Time:00:00.08 | Mem:0.00M, Peak:0.00M | Scene, ViewLayer | Synchronizing object | key
Fra:16 Mem:31.33M (Peak 31.33M) | Time:00:00.08 | Mem:0.00M, Peak:0.00M | Scene, ViewLayer | Synchronizing object | chest-shell-part
Fra:16 Mem:31.33M (Peak 31.33M) | Time:00:00.08 | Mem:0.00M, Peak:0.00M | Scene, ViewLayer | Synchronizing object | left-upper-arm-shell
Fra:16 Mem:31.33M (Peak 31.33M) | Time:00:00.08 | Mem:0.00M, Peak:0.00M | Scene, ViewLayer | Synchronizing object | right-ankle-ball
Fra:16 Mem:31.35M (Peak 31.35M) | Time:00:00.08 | Mem:0.00M, Peak:0.00M | Scene, ViewLayer | Synchronizing object | left-shoulder-ball
Fra:16 Mem:31.39M (Peak 31.39M) | Time:00:00.08 | Mem:0.00M, Peak:0.00M | Scene, ViewLayer | Synchronizing object | left-elbow-ball
Fra:16 Mem:31.46M (Peak 31.46M) | Time:00:00.08 | Mem:0.00M, Peak:0.00M | Scene, ViewLayer | Synchronizing object | left-ankle-ball
Fra:16 Mem:31.49M (Peak 31.49M) | Time:00:00.08 | Mem:0.00M, Peak:0.00M | Scene, ViewLayer | Synchronizing object | right-upper-arm-shell
Fra:16 Mem:31.53M (Peak 31.53M) | Time:00:00.08 | Mem:0.00M, Peak:0.00M | Scene, ViewLayer | Synchronizing object | right-foot-shell
Fra:16 Mem:31.61M (Peak 31.61M) | Time:00:00.08 | Mem:0.00M, Peak:0.00M | Scene, ViewLayer | Synchronizing object | right-shoulder-ball
Fra:16 Mem:31.68M (Peak 31.68M) | Time:00:00.08 | Mem:0.00M, Peak:0.00M | Scene, ViewLayer | Synchronizing object | right-elbow-ball
Fra:16 Mem:31.71M (Peak 31.71M) | Time:00:00.08 | Mem:0.00M, Peak:0.00M | Scene, ViewLayer | Synchronizing object | right-hip-ball
Fra:16 Mem:34.25M (Peak 34.25M) | Time:00:00.08 | Mem:0.00M, Peak:0.00M | Scene, ViewLayer | Initializing
Fra:16 Mem:30.83M (Peak 34.25M) | Time:00:00.08 | Mem:0.00M, Peak:0.00M | Scene, ViewLayer | Waiting for render to start
Fra:16 Mem:30.83M (Peak 34.25M) | Time:00:00.08 | Mem:0.00M, Peak:0.00M | Scene, ViewLayer | Updating Scene
Fra:16 Mem:30.83M (Peak 34.25M) | Time:00:00.08 | Mem:0.00M, Peak:0.00M | Scene, ViewLayer | Updating Shaders
Fra:16 Mem:30.83M (Peak 34.25M) | Time:00:00.08 | Mem:0.00M, Peak:0.00M | Scene, ViewLayer | Loading render kernels (may take a few minutes the first time)
Fra:16 Mem:30.91M (Peak 58.93M) | Time:00:00.13 | Mem:0.00M, Peak:0.00M | Scene, ViewLayer | Updating Procedurals
Fra:16 Mem:30.91M (Peak 58.93M) | Time:00:00.13 | Mem:0.00M, Peak:0.00M | Scene, ViewLayer | Updating Background
Fra:16 Mem:30.91M (Peak 58.93M) | Time:00:00.13 | Mem:0.00M, Peak:0.00M | Scene, ViewLayer | Updating Camera
Fra:16 Mem:30.91M (Peak 58.93M) | Time:00:00.13 | Mem:0.00M, Peak:0.00M | Scene, ViewLayer | Updating Meshes Flags
Fra:16 Mem:30.91M (Peak 58.93M) | Time:00:00.13 | Mem:0.00M, Peak:0.00M | Scene, ViewLayer | Updating Objects
Fra:16 Mem:30.91M (Peak 58.93M) | Time:00:00.13 | Mem:0.00M, Peak:0.00M | Scene, ViewLayer | Updating Objects | Copying Transformations to device
Fra:16 Mem:30.92M (Peak 58.93M) | Time:00:00.13 | Mem:0.01M, Peak:0.01M | Scene, ViewLayer | Updating Particle Systems
Fra:16 Mem:30.92M (Peak 58.93M) | Time:00:00.13 | Mem:0.01M, Peak:0.01M | Scene, ViewLayer | Updating Particle Systems | Copying Particles to device
Fra:16 Mem:30.92M (Peak 58.93M) | Time:00:00.13 | Mem:0.01M, Peak:0.01M | Scene, ViewLayer | Updating Meshes
Fra:16 Mem:30.92M (Peak 58.93M) | Time:00:00.13 | Mem:0.01M, Peak:0.01M | Scene, ViewLayer | Updating Objects | Applying Static Transformations
Fra:16 Mem:30.92M (Peak 58.93M) | Time:00:00.13 | Mem:0.01M, Peak:0.01M | Scene, ViewLayer | Updating Mesh | Computing attributes
Fra:16 Mem:31.32M (Peak 58.93M) | Time:00:00.13 | Mem:0.01M, Peak:0.01M | Scene, ViewLayer | Updating Mesh | Copying Attributes to device
Fra:16 Mem:31.32M (Peak 58.93M) | Time:00:00.13 | Mem:0.41M, Peak:0.41M | Scene, ViewLayer | Updating Scene BVH | Building
Fra:16 Mem:31.32M (Peak 58.93M) | Time:00:00.13 | Mem:0.41M, Peak:0.41M | Scene, ViewLayer | Updating Scene BVH | Building BVH
Fra:16 Mem:34.69M (Peak 58.93M) | Time:00:00.13 | Mem:0.41M, Peak:0.41M | Scene, ViewLayer | Updating Scene BVH | Packing BVH triangles and strands
Fra:16 Mem:34.92M (Peak 58.93M) | Time:00:00.13 | Mem:0.41M, Peak:0.41M | Scene, ViewLayer | Updating Scene BVH | Packing BVH nodes
Fra:16 Mem:34.85M (Peak 58.93M) | Time:00:00.13 | Mem:0.41M, Peak:0.41M | Scene, ViewLayer | Updating Scene BVH | Copying BVH to device
Fra:16 Mem:34.85M (Peak 58.93M) | Time:00:00.14 | Mem:2.17M, Peak:2.17M | Scene, ViewLayer | Updating Mesh | Computing normals
Fra:16 Mem:36.54M (Peak 58.93M) | Time:00:00.14 | Mem:2.17M, Peak:2.17M | Scene, ViewLayer | Updating Mesh | Copying Mesh to device
Fra:16 Mem:36.54M (Peak 58.93M) | Time:00:00.14 | Mem:3.86M, Peak:3.86M | Scene, ViewLayer | Updating Objects Flags
Fra:16 Mem:36.54M (Peak 58.93M) | Time:00:00.14 | Mem:3.86M, Peak:3.86M | Scene, ViewLayer | Updating Primitive Offsets
Fra:16 Mem:36.54M (Peak 58.93M) | Time:00:00.14 | Mem:3.86M, Peak:3.86M | Scene, ViewLayer | Updating Images
Fra:16 Mem:36.54M (Peak 58.93M) | Time:00:00.14 | Mem:3.86M, Peak:3.86M | Scene, ViewLayer | Updating Camera Volume
Fra:16 Mem:36.54M (Peak 58.93M) | Time:00:00.14 | Mem:3.86M, Peak:3.86M | Scene, ViewLayer | Updating Lookup Tables
Fra:16 Mem:36.54M (Peak 58.93M) | Time:00:00.14 | Mem:3.94M, Peak:3.94M | Scene, ViewLayer | Updating Lights
Fra:16 Mem:36.54M (Peak 58.93M) | Time:00:00.14 | Mem:3.95M, Peak:3.95M | Scene, ViewLayer | Updating Lights | Computing tree
Fra:16 Mem:36.54M (Peak 58.93M) | Time:00:00.14 | Mem:3.95M, Peak:3.95M | Scene, ViewLayer | Updating Integrator
Fra:16 Mem:36.54M (Peak 58.93M) | Time:00:00.14 | Mem:3.95M, Peak:3.95M | Scene, ViewLayer | Updating Film
Fra:16 Mem:36.54M (Peak 58.93M) | Time:00:00.14 | Mem:3.86M, Peak:3.95M | Scene, ViewLayer | Updating Lookup Tables
Fra:16 Mem:36.54M (Peak 58.93M) | Time:00:00.14 | Mem:3.95M, Peak:3.95M | Scene, ViewLayer | Updating Baking
Fra:16 Mem:36.54M (Peak 58.93M) | Time:00:00.14 | Mem:3.95M, Peak:3.95M | Scene, ViewLayer | Updating Device | Writing constant memory
Fra:16 Mem:36.55M (Peak 58.93M) | Time:00:00.14 | Mem:3.95M, Peak:3.95M | Scene, ViewLayer | Loading denoising kernels (may take a few minutes the first time)
Fra:16 Mem:40.55M (Peak 58.93M) | Time:00:00.14 | Mem:355.95M, Peak:355.95M | Scene, ViewLayer | Sample 0/24
Fra:16 Mem:83.30M (Peak 83.30M) | Time:00:00.15 | Remaining:00:00.13 | Mem:398.70M, Peak:398.70M | Scene, ViewLayer | Sample 1/24
Fra:16 Mem:101.31M (Peak 128.31M) | Time:00:01.66 | Mem:398.70M, Peak:398.70M | Scene, ViewLayer | Sample 24/24
Fra:16 Mem:101.31M (Peak 128.31M) | Time:00:01.66 | Mem:398.70M, Peak:398.70M | Scene, ViewLayer | Finished
Saved: '/home/cbsim/ws/slime-workflow/.tmp/2026-09-23_06-25-15/up_right-06.png'
Time: 00:01.78 (Saving: 00:00.03)

Fra:19 Mem:31.33M (Peak 31.33M) | Time:00:00.08 | Mem:0.00M, Peak:0.00M | Scene, ViewLayer | Synchronizing object | fill
Fra:19 Mem:31.33M (Peak 31.33M) | Time:00:00.08 | Mem:0.00M, Peak:0.00M | Scene, ViewLayer | Synchronizing object | head-shell-part
Fra:19 Mem:31.33M (Peak 31.33M) | Time:00:00.08 | Mem:0.00M, Peak:0.00M | Scene, ViewLayer | Synchronizing object | pelvis-shell-part
Fra:19 Mem:31.35M (Peak 31.35M) | Time:00:00.08 | Mem:0.00M, Peak:0.00M | Scene, ViewLayer | Synchronizing object | waist-internal-core
Fra:19 Mem:31.46M (Peak 31.46M) | Time:00:00.08 | Mem:0.00M, Peak:0.00M | Scene, ViewLayer | Synchronizing object | left-upper-arm-shell
Fra:19 Mem:31.56M (Peak 31.56M) | Time:00:00.08 | Mem:0.00M, Peak:0.00M | Scene, ViewLayer | Synchronizing object | left-shoulder-ball
Fra:19 Mem:31.60M (Peak 31.60M) | Time:00:00.08 | Mem:0.00M, Peak:0.00M | Scene, ViewLayer | Synchronizing object | left-knee-ball
Fra:19 Mem:31.61M (Peak 31.61M) | Time:00:00.08 | Mem:0.00M, Peak:0.00M | Scene, ViewLayer | Synchronizing object | right-upper-arm-shell
Fra:19 Mem:31.72M (Peak 31.72M) | Time:00:00.08 | Mem:0.00M, Peak:0.00M | Scene, ViewLayer | Synchronizing object | right-hand-shell
Fra:19 Mem:31.73M (Peak 31.73M) | Time:00:00.08 | Mem:0.00M, Peak:0.00M | Scene, ViewLayer | Synchronizing object | right-shin-shell
Fra:19 Mem:31.78M (Peak 31.78M) | Time:00:00.08 | Mem:0.00M, Peak:0.00M | Scene, ViewLayer | Synchronizing object | right-shoulder-ball
Fra:19 Mem:31.86M (Peak 31.86M) | Time:00:00.08 | Mem:0.00M, Peak:0.00M | Scene, ViewLayer | Synchronizing object | right-elbow-ball
Fra:19 Mem:32.15M (Peak 32.15M) | Time:00:00.08 | Mem:0.00M, Peak:0.00M | Scene, ViewLayer | Synchronizing object | right-wrist-ball
Fra:19 Mem:32.42M (Peak 32.42M) | Time:00:00.08 | Mem:0.00M, Peak:0.00M | Scene, ViewLayer | Synchronizing object | right-hip-ball
Fra:19 Mem:32.89M (Peak 32.89M) | Time:00:00.08 | Mem:0.00M, Peak:0.00M | Scene, ViewLayer | Synchronizing object | right-knee-ball
Fra:19 Mem:34.25M (Peak 34.25M) | Time:00:00.08 | Mem:0.00M, Peak:0.00M | Scene, ViewLayer | Initializing
Fra:19 Mem:30.83M (Peak 34.25M) | Time:00:00.08 | Mem:0.00M, Peak:0.00M | Scene, ViewLayer | Waiting for render to start
Fra:19 Mem:30.83M (Peak 34.25M) | Time:00:00.08 | Mem:0.00M, Peak:0.00M | Scene, ViewLayer | Updating Scene
Fra:19 Mem:30.83M (Peak 34.25M) | Time:00:00.08 | Mem:0.00M, Peak:0.00M | Scene, ViewLayer | Updating Shaders
Fra:19 Mem:30.83M (Peak 34.25M) | Time:00:00.08 | Mem:0.00M, Peak:0.00M | Scene, ViewLayer | Loading render kernels (may take a few minutes the first time)
Fra:19 Mem:30.91M (Peak 58.93M) | Time:00:00.12 | Mem:0.00M, Peak:0.00M | Scene, ViewLayer | Updating Procedurals
Fra:19 Mem:30.91M (Peak 58.93M) | Time:00:00.12 | Mem:0.00M, Peak:0.00M | Scene, ViewLayer | Updating Background
Fra:19 Mem:30.91M (Peak 58.93M) | Time:00:00.12 | Mem:0.00M, Peak:0.00M | Scene, ViewLayer | Updating Camera
Fra:19 Mem:30.91M (Peak 58.93M) | Time:00:00.12 | Mem:0.00M, Peak:0.00M | Scene, ViewLayer | Updating Meshes Flags
Fra:19 Mem:30.91M (Peak 58.93M) | Time:00:00.12 | Mem:0.00M, Peak:0.00M | Scene, ViewLayer | Updating Objects
Fra:19 Mem:30.91M (Peak 58.93M) | Time:00:00.12 | Mem:0.00M, Peak:0.00M | Scene, ViewLayer | Updating Objects | Copying Transformations to device
Fra:19 Mem:30.92M (Peak 58.93M) | Time:00:00.12 | Mem:0.01M, Peak:0.01M | Scene, ViewLayer | Updating Particle Systems
Fra:19 Mem:30.92M (Peak 58.93M) | Time:00:00.12 | Mem:0.01M, Peak:0.01M | Scene, ViewLayer | Updating Particle Systems | Copying Particles to device
Fra:19 Mem:30.92M (Peak 58.93M) | Time:00:00.12 | Mem:0.01M, Peak:0.01M | Scene, ViewLayer | Updating Meshes
Fra:19 Mem:30.92M (Peak 58.93M) | Time:00:00.12 | Mem:0.01M, Peak:0.01M | Scene, ViewLayer | Updating Objects | Applying Static Transformations
Fra:19 Mem:30.92M (Peak 58.93M) | Time:00:00.12 | Mem:0.01M, Peak:0.01M | Scene, ViewLayer | Updating Mesh | Computing attributes
Fra:19 Mem:31.32M (Peak 58.93M) | Time:00:00.12 | Mem:0.01M, Peak:0.01M | Scene, ViewLayer | Updating Mesh | Copying Attributes to device
Fra:19 Mem:31.32M (Peak 58.93M) | Time:00:00.13 | Mem:0.41M, Peak:0.41M | Scene, ViewLayer | Updating Scene BVH | Building
Fra:19 Mem:31.32M (Peak 58.93M) | Time:00:00.13 | Mem:0.41M, Peak:0.41M | Scene, ViewLayer | Updating Scene BVH | Building BVH
Fra:19 Mem:34.69M (Peak 58.93M) | Time:00:00.13 | Mem:0.41M, Peak:0.41M | Scene, ViewLayer | Updating Scene BVH | Packing BVH triangles and strands
Fra:19 Mem:34.92M (Peak 58.93M) | Time:00:00.13 | Mem:0.41M, Peak:0.41M | Scene, ViewLayer | Updating Scene BVH | Packing BVH nodes
Fra:19 Mem:34.84M (Peak 58.93M) | Time:00:00.13 | Mem:0.41M, Peak:0.41M | Scene, ViewLayer | Updating Scene BVH | Copying BVH to device
Fra:19 Mem:34.84M (Peak 58.93M) | Time:00:00.13 | Mem:2.17M, Peak:2.17M | Scene, ViewLayer | Updating Mesh | Computing normals
Fra:19 Mem:36.53M (Peak 58.93M) | Time:00:00.13 | Mem:2.17M, Peak:2.17M | Scene, ViewLayer | Updating Mesh | Copying Mesh to device
Fra:19 Mem:36.53M (Peak 58.93M) | Time:00:00.13 | Mem:3.86M, Peak:3.86M | Scene, ViewLayer | Updating Objects Flags
Fra:19 Mem:36.53M (Peak 58.93M) | Time:00:00.13 | Mem:3.86M, Peak:3.86M | Scene, ViewLayer | Updating Primitive Offsets
Fra:19 Mem:36.53M (Peak 58.93M) | Time:00:00.13 | Mem:3.86M, Peak:3.86M | Scene, ViewLayer | Updating Images
Fra:19 Mem:36.53M (Peak 58.93M) | Time:00:00.13 | Mem:3.86M, Peak:3.86M | Scene, ViewLayer | Updating Camera Volume
Fra:19 Mem:36.53M (Peak 58.93M) | Time:00:00.13 | Mem:3.86M, Peak:3.86M | Scene, ViewLayer | Updating Lookup Tables
Fra:19 Mem:36.53M (Peak 58.93M) | Time:00:00.13 | Mem:3.94M, Peak:3.94M | Scene, ViewLayer | Updating Lights
Fra:19 Mem:36.53M (Peak 58.93M) | Time:00:00.13 | Mem:3.94M, Peak:3.94M | Scene, ViewLayer | Updating Lights | Computing tree
Fra:19 Mem:36.53M (Peak 58.93M) | Time:00:00.13 | Mem:3.94M, Peak:3.94M | Scene, ViewLayer | Updating Integrator
Fra:19 Mem:36.53M (Peak 58.93M) | Time:00:00.13 | Mem:3.94M, Peak:3.94M | Scene, ViewLayer | Updating Film
Fra:19 Mem:36.53M (Peak 58.93M) | Time:00:00.13 | Mem:3.86M, Peak:3.94M | Scene, ViewLayer | Updating Lookup Tables
Fra:19 Mem:36.53M (Peak 58.93M) | Time:00:00.13 | Mem:3.94M, Peak:3.94M | Scene, ViewLayer | Updating Baking
Fra:19 Mem:36.53M (Peak 58.93M) | Time:00:00.13 | Mem:3.94M, Peak:3.94M | Scene, ViewLayer | Updating Device | Writing constant memory
Fra:19 Mem:36.54M (Peak 58.93M) | Time:00:00.13 | Mem:3.94M, Peak:3.94M | Scene, ViewLayer | Loading denoising kernels (may take a few minutes the first time)
Fra:19 Mem:40.54M (Peak 58.93M) | Time:00:00.14 | Mem:355.95M, Peak:355.95M | Scene, ViewLayer | Sample 0/24
Fra:19 Mem:83.29M (Peak 83.29M) | Time:00:00.14 | Remaining:00:00.13 | Mem:398.70M, Peak:398.70M | Scene, ViewLayer | Sample 1/24
Fra:19 Mem:101.30M (Peak 128.30M) | Time:00:01.59 | Mem:398.70M, Peak:398.70M | Scene, ViewLayer | Sample 24/24
Fra:19 Mem:101.30M (Peak 128.30M) | Time:00:01.59 | Mem:398.70M, Peak:398.70M | Scene, ViewLayer | Finished
Saved: '/home/cbsim/ws/slime-workflow/.tmp/2026-09-23_06-25-15/up_right-07.png'
Time: 00:01.71 (Saving: 00:00.03)

Fra:22 Mem:31.33M (Peak 31.33M) | Time:00:00.08 | Mem:0.00M, Peak:0.00M | Scene, ViewLayer | Synchronizing object | key
Fra:22 Mem:31.33M (Peak 31.33M) | Time:00:00.08 | Mem:0.00M, Peak:0.00M | Scene, ViewLayer | Synchronizing object | right-ankle-ball
Fra:22 Mem:31.34M (Peak 31.33M) | Time:00:00.08 | Mem:0.00M, Peak:0.00M | Scene, ViewLayer | Synchronizing object | head-shell-part
Fra:22 Mem:31.37M (Peak 31.37M) | Time:00:00.08 | Mem:0.00M, Peak:0.00M | Scene, ViewLayer | Synchronizing object | neck-shell-part
Fra:22 Mem:31.39M (Peak 31.39M) | Time:00:00.08 | Mem:0.00M, Peak:0.00M | Scene, ViewLayer | Synchronizing object | right-knee-ball
Fra:22 Mem:31.44M (Peak 31.44M) | Time:00:00.08 | Mem:0.00M, Peak:0.00M | Scene, ViewLayer | Synchronizing object | chest-shell-part
Fra:22 Mem:31.54M (Peak 31.54M) | Time:00:00.08 | Mem:0.00M, Peak:0.00M | Scene, ViewLayer | Synchronizing object | right-hip-ball
Fra:22 Mem:31.66M (Peak 31.66M) | Time:00:00.08 | Mem:0.00M, Peak:0.00M | Scene, ViewLayer | Synchronizing object | left-shoulder-ball
Fra:22 Mem:31.68M (Peak 31.68M) | Time:00:00.08 | Mem:0.00M, Peak:0.00M | Scene, ViewLayer | Synchronizing object | left-wrist-ball
Fra:22 Mem:31.73M (Peak 31.73M) | Time:00:00.08 | Mem:0.00M, Peak:0.00M | Scene, ViewLayer | Synchronizing object | right-upper-arm-shell
Fra:22 Mem:31.76M (Peak 31.76M) | Time:00:00.08 | Mem:0.00M, Peak:0.00M | Scene, ViewLayer | Synchronizing object | right-shin-shell
Fra:22 Mem:31.81M (Peak 31.81M) | Time:00:00.08 | Mem:0.00M, Peak:0.00M | Scene, ViewLayer | Synchronizing object | right-foot-shell
Fra:22 Mem:31.87M (Peak 31.87M) | Time:00:00.08 | Mem:0.00M, Peak:0.00M | Scene, ViewLayer | Synchronizing object | right-shoulder-ball
Fra:22 Mem:31.89M (Peak 31.91M) | Time:00:00.08 | Mem:0.00M, Peak:0.00M | Scene, ViewLayer | Synchronizing object | right-elbow-ball
Fra:22 Mem:32.04M (Peak 32.04M) | Time:00:00.08 | Mem:0.00M, Peak:0.00M | Scene, ViewLayer | Synchronizing object | right-wrist-ball
Fra:22 Mem:34.25M (Peak 36.00M) | Time:00:00.08 | Mem:0.00M, Peak:0.00M | Scene, ViewLayer | Initializing
Fra:22 Mem:30.83M (Peak 36.00M) | Time:00:00.08 | Mem:0.00M, Peak:0.00M | Scene, ViewLayer | Waiting for render to start
Fra:22 Mem:30.83M (Peak 36.00M) | Time:00:00.08 | Mem:0.00M, Peak:0.00M | Scene, ViewLayer | Updating Scene
Fra:22 Mem:30.83M (Peak 36.00M) | Time:00:00.08 | Mem:0.00M, Peak:0.00M | Scene, ViewLayer | Updating Shaders
Fra:22 Mem:30.83M (Peak 36.00M) | Time:00:00.08 | Mem:0.00M, Peak:0.00M | Scene, ViewLayer | Loading render kernels (may take a few minutes the first time)
Fra:22 Mem:30.91M (Peak 58.93M) | Time:00:00.12 | Mem:0.00M, Peak:0.00M | Scene, ViewLayer | Updating Procedurals
Fra:22 Mem:30.91M (Peak 58.93M) | Time:00:00.12 | Mem:0.00M, Peak:0.00M | Scene, ViewLayer | Updating Background
Fra:22 Mem:30.91M (Peak 58.93M) | Time:00:00.12 | Mem:0.00M, Peak:0.00M | Scene, ViewLayer | Updating Camera
Fra:22 Mem:30.91M (Peak 58.93M) | Time:00:00.12 | Mem:0.00M, Peak:0.00M | Scene, ViewLayer | Updating Meshes Flags
Fra:22 Mem:30.91M (Peak 58.93M) | Time:00:00.12 | Mem:0.00M, Peak:0.00M | Scene, ViewLayer | Updating Objects
Fra:22 Mem:30.91M (Peak 58.93M) | Time:00:00.12 | Mem:0.00M, Peak:0.00M | Scene, ViewLayer | Updating Objects | Copying Transformations to device
Fra:22 Mem:30.92M (Peak 58.93M) | Time:00:00.12 | Mem:0.01M, Peak:0.01M | Scene, ViewLayer | Updating Particle Systems
Fra:22 Mem:30.92M (Peak 58.93M) | Time:00:00.12 | Mem:0.01M, Peak:0.01M | Scene, ViewLayer | Updating Particle Systems | Copying Particles to device
Fra:22 Mem:30.92M (Peak 58.93M) | Time:00:00.12 | Mem:0.01M, Peak:0.01M | Scene, ViewLayer | Updating Meshes
Fra:22 Mem:30.92M (Peak 58.93M) | Time:00:00.12 | Mem:0.01M, Peak:0.01M | Scene, ViewLayer | Updating Objects | Applying Static Transformations
Fra:22 Mem:30.92M (Peak 58.93M) | Time:00:00.12 | Mem:0.01M, Peak:0.01M | Scene, ViewLayer | Updating Mesh | Computing attributes
Fra:22 Mem:31.32M (Peak 58.93M) | Time:00:00.12 | Mem:0.01M, Peak:0.01M | Scene, ViewLayer | Updating Mesh | Copying Attributes to device
Fra:22 Mem:31.32M (Peak 58.93M) | Time:00:00.12 | Mem:0.41M, Peak:0.41M | Scene, ViewLayer | Updating Scene BVH | Building
Fra:22 Mem:31.32M (Peak 58.93M) | Time:00:00.12 | Mem:0.41M, Peak:0.41M | Scene, ViewLayer | Updating Scene BVH | Building BVH
Fra:22 Mem:34.69M (Peak 58.93M) | Time:00:00.13 | Mem:0.41M, Peak:0.41M | Scene, ViewLayer | Updating Scene BVH | Packing BVH triangles and strands
Fra:22 Mem:34.92M (Peak 58.93M) | Time:00:00.13 | Mem:0.41M, Peak:0.41M | Scene, ViewLayer | Updating Scene BVH | Packing BVH nodes
Fra:22 Mem:34.84M (Peak 58.93M) | Time:00:00.13 | Mem:0.41M, Peak:0.41M | Scene, ViewLayer | Updating Scene BVH | Copying BVH to device
Fra:22 Mem:34.84M (Peak 58.93M) | Time:00:00.13 | Mem:2.17M, Peak:2.17M | Scene, ViewLayer | Updating Mesh | Computing normals
Fra:22 Mem:36.53M (Peak 58.93M) | Time:00:00.13 | Mem:2.17M, Peak:2.17M | Scene, ViewLayer | Updating Mesh | Copying Mesh to device
Fra:22 Mem:36.53M (Peak 58.93M) | Time:00:00.13 | Mem:3.86M, Peak:3.86M | Scene, ViewLayer | Updating Objects Flags
Fra:22 Mem:36.53M (Peak 58.93M) | Time:00:00.13 | Mem:3.86M, Peak:3.86M | Scene, ViewLayer | Updating Primitive Offsets
Fra:22 Mem:36.53M (Peak 58.93M) | Time:00:00.13 | Mem:3.86M, Peak:3.86M | Scene, ViewLayer | Updating Images
Fra:22 Mem:36.53M (Peak 58.93M) | Time:00:00.13 | Mem:3.86M, Peak:3.86M | Scene, ViewLayer | Updating Camera Volume
Fra:22 Mem:36.53M (Peak 58.93M) | Time:00:00.13 | Mem:3.86M, Peak:3.86M | Scene, ViewLayer | Updating Lookup Tables
Fra:22 Mem:36.53M (Peak 58.93M) | Time:00:00.13 | Mem:3.94M, Peak:3.94M | Scene, ViewLayer | Updating Lights
Fra:22 Mem:36.53M (Peak 58.93M) | Time:00:00.13 | Mem:3.94M, Peak:3.94M | Scene, ViewLayer | Updating Lights | Computing tree
Fra:22 Mem:36.54M (Peak 58.93M) | Time:00:00.13 | Mem:3.94M, Peak:3.94M | Scene, ViewLayer | Updating Integrator
Fra:22 Mem:36.54M (Peak 58.93M) | Time:00:00.13 | Mem:3.94M, Peak:3.94M | Scene, ViewLayer | Updating Film
Fra:22 Mem:36.54M (Peak 58.93M) | Time:00:00.13 | Mem:3.86M, Peak:3.94M | Scene, ViewLayer | Updating Lookup Tables
Fra:22 Mem:36.54M (Peak 58.93M) | Time:00:00.13 | Mem:3.95M, Peak:3.95M | Scene, ViewLayer | Updating Baking
Fra:22 Mem:36.54M (Peak 58.93M) | Time:00:00.13 | Mem:3.95M, Peak:3.95M | Scene, ViewLayer | Updating Device | Writing constant memory
Fra:22 Mem:36.54M (Peak 58.93M) | Time:00:00.13 | Mem:3.95M, Peak:3.95M | Scene, ViewLayer | Loading denoising kernels (may take a few minutes the first time)
Fra:22 Mem:40.54M (Peak 58.93M) | Time:00:00.14 | Mem:355.95M, Peak:355.95M | Scene, ViewLayer | Sample 0/24
Fra:22 Mem:83.30M (Peak 83.30M) | Time:00:00.14 | Remaining:00:00.13 | Mem:398.70M, Peak:398.70M | Scene, ViewLayer | Sample 1/24
2026-09-23T06:36:43+0900/hunyuan-rig/heartbeat {'stage': 'up_right', 'frame': 22} images=60
Fra:22 Mem:101.30M (Peak 128.30M) | Time:00:01.59 | Mem:398.70M, Peak:398.70M | Scene, ViewLayer | Sample 24/24
Fra:22 Mem:101.30M (Peak 128.30M) | Time:00:01.59 | Mem:398.70M, Peak:398.70M | Scene, ViewLayer | Finished
Saved: '/home/cbsim/ws/slime-workflow/.tmp/2026-09-23_06-25-15/up_right-08.png'
Time: 00:01.71 (Saving: 00:00.03)

2026-09-23T06:36:44+0900/hunyuan-rig/complete {'status': 'rigged_ball_joint_candidate', 'source_mesh_sha256': 'c7d203381d12221945b9d6a7483ab2ef10dc6216295232e8827c77f6a0be8310', 'source_motion_id': 'mannequin-walk/v1', 'source_motion_sha256': '5ab353ed313a2395c00389f2f94ed3dff9a5d2187dd3f3f4d0f08862ad1866d6', 'bones': 24, 'parts': [{'name': 'head-shell-part', 'bone': 'joint-15', 'kind': 'shell', 'triangles': 5818}, {'name': 'neck-shell-part', 'bone': 'joint-12', 'kind': 'shell', 'triangles': 495}, {'name': 'chest-shell-part', 'bone': 'joint-09', 'kind': 'shell', 'triangles': 3671}, {'name': 'abdomen-shell-part', 'bone': 'joint-06', 'kind': 'shell', 'triangles': 1945}, {'name': 'pelvis-shell-part', 'bone': 'body-root-control', 'kind': 'shell', 'triangles': 5052}, {'name': 'head-pivot-ball', 'bone': 'joint-15', 'kind': 'ball', 'triangles': 720}, {'name': 'waist-internal-core', 'bone': 'joint-06', 'kind': 'ball', 'triangles': 720}, {'name': 'chest-internal-core', 'bone': 'joint-09', 'kind': 'ball', 'triangles': 720}, {'name': 'left-upper-arm-shell', 'bone': 'joint-18', 'kind': 'shell', 'triangles': 2524}, {'name': 'left-forearm-shell', 'bone': 'joint-20', 'kind': 'shell', 'triangles': 2539}, {'name': 'left-hand-shell', 'bone': 'hand-20-deform', 'kind': 'shell', 'triangles': 1752}, {'name': 'left-thigh-shell', 'bone': 'joint-04', 'kind': 'shell', 'triangles': 3690}, {'name': 'left-shin-shell', 'bone': 'joint-07', 'kind': 'shell', 'triangles': 2626}, {'name': 'left-foot-shell', 'bone': 'joint-10', 'kind': 'shell', 'triangles': 2352}, {'name': 'left-shoulder-ball', 'bone': 'joint-18', 'kind': 'ball', 'triangles': 720}, {'name': 'left-elbow-ball', 'bone': 'joint-20', 'kind': 'ball', 'triangles': 720}, {'name': 'left-wrist-ball', 'bone': 'hand-20-deform', 'kind': 'ball', 'triangles': 720}, {'name': 'left-hip-ball', 'bone': 'joint-04', 'kind': 'ball', 'triangles': 720}, {'name': 'left-knee-ball', 'bone': 'joint-07', 'kind': 'ball', 'triangles': 720}, {'name': 'left-ankle-ball', 'bone': 'joint-10', 'kind': 'ball', 'triangles': 720}, {'name': 'right-upper-arm-shell', 'bone': 'joint-19', 'kind': 'shell', 'triangles': 2679}, {'name': 'right-forearm-shell', 'bone': 'joint-21', 'kind': 'shell', 'triangles': 2513}, {'name': 'right-hand-shell', 'bone': 'hand-21-deform', 'kind': 'shell', 'triangles': 1750}, {'name': 'right-thigh-shell', 'bone': 'joint-05', 'kind': 'shell', 'triangles': 3723}, {'name': 'right-shin-shell', 'bone': 'joint-08', 'kind': 'shell', 'triangles': 2674}, {'name': 'right-foot-shell', 'bone': 'joint-11', 'kind': 'shell', 'triangles': 2346}, {'name': 'right-shoulder-ball', 'bone': 'joint-19', 'kind': 'ball', 'triangles': 720}, {'name': 'right-elbow-ball', 'bone': 'joint-21', 'kind': 'ball', 'triangles': 720}, {'name': 'right-wrist-ball', 'bone': 'hand-21-deform', 'kind': 'ball', 'triangles': 720}, {'name': 'right-hip-ball', 'bone': 'joint-05', 'kind': 'ball', 'triangles': 720}, {'name': 'right-knee-ball', 'bone': 'joint-08', 'kind': 'ball', 'triangles': 720}, {'name': 'right-ankle-ball', 'bone': 'joint-11', 'kind': 'ball', 'triangles': 720}], 'weight_method': '내부 구체 강체 고정 + 외곽 연결부 최대 두 본 혼합', 'unweighted_vertices': 0, 'fps': 20, 'cycle_seconds': 1.2, 'ground_offsets': [-0.024669693782925606, -0.02158254198729992, -0.02381104603409767, -0.03219566121697426, -0.04390759393572807, -0.06553639471530914, -0.06967870891094208, -0.06729169189929962, -0.06391546875238419, -0.06386199593544006, -0.050963204354047775, -0.035547345876693726, -0.023149199783802032, -0.01885116845369339, -0.023060718551278114, -0.010730074718594551, -0.02683456987142563, -0.029597869142889977, -0.04277795925736427, -0.0419960618019104, -0.03767009824514389, -0.05626875162124634, -0.04881254956126213, -0.03290306031703949, -0.024669693782925606], 'render_sample_frames': [1, 4, 7, 10, 13, 16, 19, 22], 'quality_warnings': ['디지털 모션 검수용이며 실물 조립용 공차·내부 고정 구조 미설계', '손가락 개별 리그 없음', '극단 각도에서 셸 간 충돌은 추가 검수 필요']}
Freeing memory after the leak detector has run. This can happen when using static variables in C++ that are defined outside of functions. To fix this error, use the 'construct on first use' idiom.
Freeing memory after the leak detector has run. This can happen when using static variables in C++ that are defined outside of functions. To fix this error, use the 'construct on first use' idiom.
Freeing memory after the leak detector has run. This can happen when using static variables in C++ that are defined outside of functions. To fix this error, use the 'construct on first use' idiom.
Freeing memory after the leak detector has run. This can happen when using static variables in C++ that are defined outside of functions. To fix this error, use the 'construct on first use' idiom.
Freeing memory after the leak detector has run. This can happen when using static variables in C++ that are defined outside of functions. To fix this error, use the 'construct on first use' idiom.
Freeing memory after the leak detector has run. This can happen when using static variables in C++ that are defined outside of functions. To fix this error, use the 'construct on first use' idiom.
Freeing memory after the leak detector has run. This can happen when using static variables in C++ that are defined outside of functions. To fix this error, use the 'construct on first use' idiom.
Freeing memory after the leak detector has run. This can happen when using static variables in C++ that are defined outside of functions. To fix this error, use the 'construct on first use' idiom.
Freeing memory after the leak detector has run. This can happen when using static variables in C++ that are defined outside of functions. To fix this error, use the 'construct on first use' idiom.
